field_loss,acoustic_loss,temperature_loss,smoothness_loss,physics_residual_loss,epoch,training_mode,mean_epoch_loss,total_loss
0.0,35.966400146484375,10147.629150390625,0.014241557102650404,0.0,1.0,normal,1021.9569244384766,1021.9569244384766
0.0,35.82292175292969,10077.767578125,0.011921767611056566,0.0,2.0,normal,1014.9419555664062,1014.9419555664062
0.0,35.80927276611328,10029.031494140625,0.010122931562364101,0.0,3.0,normal,1010.0656127929688,1010.0656127929688
0.0,35.50395393371582,9976.33203125,0.009191266261041164,0.0,4.0,normal,1004.7344970703125,1004.7344970703125
0.0,35.06081199645996,9885.83154296875,0.01011156802996993,0.0,5.0,normal,995.5958557128906,995.5958557128906
0.0,34.05487060546875,9973.4423828125,0.013917461037635803,0.0,6.0,normal,1004.1558837890625,1004.1558837890625
0.0,31.82388401031494,9770.2666015625,0.02431472297757864,0.0,7.0,normal,983.3926391601562,983.3926391601562
0.0,26.491661071777344,9400.470703125,0.047352975234389305,0.0,8.0,normal,945.3477783203125,945.3477783203125
0.0,18.913267135620117,9058.32763671875,0.0657254122197628,0.0,9.0,normal,909.6187133789062,909.6187133789062
0.0,10.892958164215088,8571.994140625,0.07448729127645493,0.0,10.0,normal,859.3817138671875,859.3817138671875
0.0,5.247665643692017,7860.05419921875,0.0818849578499794,0.0,11.0,normal,787.05908203125,787.05908203125
0.0,13.851598262786865,7011.3515625,0.08992945775389671,0.0,12.0,normal,703.9099731445312,703.9099731445312
0.0,41.78095817565918,5872.53759765625,0.09638197347521782,0.0,13.0,normal,595.6148071289062,595.6148071289062
0.0,97.06455993652344,4541.407958984375,0.09886819124221802,0.0,14.0,normal,473.5586700439453,473.5586700439453
0.0,173.8563995361328,3185.9537353515625,0.10663154721260071,0.0,15.0,normal,353.3719787597656,353.3719787597656
0.0,249.39862060546875,2645.8260498046875,0.10487481579184532,0.0,16.0,normal,314.4675750732422,314.4675750732422
0.0,207.20269775390625,2353.2868041992188,0.09577414393424988,0.0,17.0,normal,276.7740173339844,276.7740173339844
0.0,75.33661842346191,2509.26806640625,0.0869041383266449,0.0,18.0,normal,265.9984817504883,265.9984817504883
0.0,9.604742765426636,2388.0093994140625,0.08113732561469078,0.0,19.0,normal,240.72594451904297,240.72594451904297
0.0,47.68326759338379,2486.1161499023438,0.07806219160556793,0.0,20.0,normal,258.1521759033203,258.1521759033203
0.0,91.15444564819336,2403.8303833007812,0.06560270860791206,0.0,21.0,normal,258.6172103881836,258.6172103881836
0.0,84.07341003417969,2391.5741577148438,0.06154445558786392,0.0,22.0,normal,255.9751968383789,255.9751968383789
0.0,46.77442741394043,2403.9725341796875,0.05519355274736881,0.0,23.0,normal,249.75489807128906,249.75489807128906
0.0,15.018052577972412,2361.2347412109375,0.047689858824014664,0.0,24.0,normal,239.12947845458984,239.12947845458984
0.0,7.762632846832275,2375.2130737304688,0.041163528338074684,0.0,25.0,normal,239.07588958740234,239.07588958740234
0.0,18.4356632232666,2334.748291015625,0.03719125688076019,0.0,26.0,normal,237.16382598876953,237.16382598876953
0.0,26.947404861450195,2350.918701171875,0.0358183141797781,0.0,27.0,normal,240.48314666748047,240.48314666748047
0.0,21.470812797546387,2358.1922607421875,0.03470931574702263,0.0,28.0,normal,240.1151351928711,240.1151351928711
0.0,11.064425945281982,2341.08935546875,0.033853160217404366,0.0,29.0,normal,236.32351684570312,236.32351684570312
0.0,5.836996793746948,2317.1124267578125,0.03343547135591507,0.0,30.0,normal,232.88031005859375,232.88031005859375
0.0,8.417495727539062,2346.0609130859375,0.03321715444326401,0.0,31.0,normal,236.29125213623047,236.29125213623047
0.0,11.53149127960205,2365.067626953125,0.03304529748857021,0.0,32.0,normal,238.81471252441406,238.81471252441406
0.0,11.090228080749512,2328.5402221679688,0.03294885903596878,0.0,33.0,normal,235.07372283935547,235.07372283935547
0.0,8.02135968208313,2286.539306640625,0.03285737335681915,0.0,34.0,normal,230.25985717773438,230.25985717773438
0.0,6.720270872116089,2339.961181640625,0.03283640183508396,0.0,35.0,normal,235.34183502197266,235.34183502197266
0.0,6.258145570755005,2360.0126953125,0.03283069655299187,0.0,36.0,normal,237.25455474853516,237.25455474853516
0.0,7.666659593582153,2380.8557739257812,0.03277376852929592,0.0,37.0,normal,239.6205596923828,239.6205596923828
0.0,8.073622226715088,2293.4525146484375,0.03273685276508331,0.0,38.0,normal,230.96160888671875,230.96160888671875
0.0,7.352682828903198,2364.30810546875,0.03274192661046982,0.0,39.0,normal,237.90299224853516,237.90299224853516
0.0,6.015805959701538,2451.6184692382812,0.032700689509510994,0.0,40.0,normal,246.36666107177734,246.36666107177734
0.0,5.879882097244263,2329.10546875,0.03268158808350563,0.0,41.0,normal,234.0881576538086,234.0881576538086
0.0,6.528043270111084,2293.3901977539062,0.032687095925211906,0.0,42.0,normal,230.6462631225586,230.6462631225586
0.0,7.1882288455963135,2295.3599853515625,0.0326765812933445,0.0,43.0,normal,230.97528076171875,230.97528076171875
0.0,6.781304836273193,2318.1824951171875,0.0326709970831871,0.0,44.0,normal,233.17613983154297,233.17613983154297
0.0,6.126636505126953,2288.0096435546875,0.032665031030774117,0.0,45.0,normal,230.02793884277344,230.02793884277344
0.0,5.879243612289429,2311.290283203125,0.0326534528285265,0.0,46.0,normal,232.30651092529297,232.30651092529297
0.0,6.166122913360596,2296.0958251953125,0.03263499401509762,0.0,47.0,normal,230.84442901611328,230.84442901611328
0.0,6.462212800979614,2323.2811889648438,0.03261644206941128,0.0,48.0,normal,233.6221923828125,233.6221923828125
0.0,6.38003945350647,2307.1278686523438,0.03257913328707218,0.0,49.0,normal,231.99042510986328,231.99042510986328
0.0,6.083289861679077,2296.344970703125,0.03251088410615921,0.0,50.0,normal,230.852783203125,230.852783203125
0.0,6.023439645767212,2324.515625,0.03264603577554226,0.0,51.0,normal,233.65789031982422,233.65789031982422
0.0,6.013524055480957,2302.23974609375,0.0326154250651598,0.0,52.0,normal,231.42830657958984,231.42830657958984
0.0,6.06849217414856,2315.0888671875,0.03244982473552227,0.0,53.0,normal,232.72420501708984,232.72420501708984
0.0,6.041931867599487,2323.4400634765625,0.032547805458307266,0.0,54.0,normal,233.5540313720703,233.5540313720703
0.0,5.987811803817749,2306.9832763671875,0.03254416584968567,0.0,55.0,normal,231.89752960205078,231.89752960205078
0.0,5.975464105606079,2302.6741943359375,0.03246619366109371,0.0,56.0,normal,231.46414184570312,231.46414184570312
0.0,5.932814359664917,2270.63720703125,0.03208903409540653,0.0,57.0,normal,228.25188446044922,228.25188446044922
0.0,5.987112283706665,2288.501953125,0.03114416915923357,0.0,58.0,normal,230.0491714477539,230.0491714477539
0.0,5.944504022598267,2302.594970703125,0.03090344648808241,0.0,59.0,normal,231.449951171875,231.449951171875
0.0,5.965669870376587,2285.3111572265625,0.030887532979249954,0.0,60.0,normal,229.72579193115234,229.72579193115234
0.0,5.991835832595825,2308.70947265625,0.03086381033062935,0.0,61.0,normal,232.07086181640625,232.07086181640625
0.0,5.96181058883667,2277.014892578125,0.030849427916109562,0.0,62.0,normal,228.89540100097656,228.89540100097656
0.0,5.9996514320373535,2279.938720703125,0.03084130585193634,0.0,63.0,normal,229.19534301757812,229.19534301757812
0.0,5.993135452270508,2308.9036865234375,0.0308363139629364,0.0,64.0,normal,232.09053802490234,232.09053802490234
0.0,5.972342491149902,2310.845703125,0.03083269391208887,0.0,65.0,normal,232.28060150146484,232.28060150146484
0.0,5.969899654388428,2274.7060546875,0.030828798189759254,0.0,66.0,normal,228.66614532470703,228.66614532470703
0.0,5.95436954498291,2271.0745239257812,0.03082424309104681,0.0,67.0,normal,228.29986572265625,228.29986572265625
0.0,5.9102606773376465,2281.8182373046875,0.030821974389255047,0.0,68.0,normal,229.36541748046875,229.36541748046875
0.0,5.920316934585571,2268.65771484375,0.030819165520370007,0.0,69.0,normal,228.05137634277344,228.05137634277344
0.0,5.997944355010986,2282.3658447265625,0.03081501927226782,0.0,70.0,normal,229.43771362304688,229.43771362304688
0.0,5.9549195766448975,2280.2650146484375,0.03080942016094923,0.0,71.0,normal,229.21903228759766,229.21903228759766
0.0,5.999336004257202,2268.0641479492188,0.030805095098912716,0.0,72.0,normal,228.00782775878906,228.00782775878906
0.0,5.974288702011108,2276.7542724609375,0.030799034982919693,0.0,73.0,normal,228.871826171875,228.871826171875
0.0,5.975156784057617,2267.7218017578125,0.030802453868091106,0.0,74.0,normal,227.96875762939453,227.96875762939453
0.0,5.995007514953613,2261.4217529296875,0.030775905586779118,0.0,75.0,normal,227.34272003173828,227.34272003173828
0.0,5.939778804779053,2261.6687622070312,0.03077375330030918,0.0,76.0,normal,227.35637664794922,227.35637664794922
0.0,5.904282569885254,2269.2178344726562,0.030853884294629097,0.0,77.0,normal,228.10418701171875,228.10418701171875
0.0,5.996291160583496,2299.2110595703125,0.030881770886480808,0.0,78.0,normal,231.12191772460938,231.12191772460938
0.0,5.971141815185547,2264.413330078125,0.030869529582560062,0.0,79.0,normal,227.63710021972656,227.63710021972656
0.0,6.019369840621948,2275.7967529296875,0.030821744352579117,0.0,80.0,normal,228.7850799560547,228.7850799560547
0.0,5.962467193603516,2256.2091064453125,0.03108860645443201,0.0,81.0,normal,226.81494903564453,226.81494903564453
0.0,6.06060528755188,2252.8377685546875,0.030811323784291744,0.0,82.0,normal,226.49744415283203,226.49744415283203
0.0,5.984795331954956,2245.8302001953125,0.030865687876939774,0.0,83.0,normal,225.78152465820312,225.78152465820312
0.0,6.046313047409058,2268.6752319335938,0.030923998914659023,0.0,84.0,normal,228.0783462524414,228.0783462524414
0.0,6.0308098793029785,2250.492431640625,0.030847638845443726,0.0,85.0,normal,226.25695037841797,226.25695037841797
0.0,6.005180597305298,2253.51904296875,0.030837648548185825,0.0,86.0,normal,226.55448150634766,226.55448150634766
0.0,5.993643045425415,2254.3455810546875,0.03082821797579527,0.0,87.0,normal,226.63484954833984,226.63484954833984
0.0,6.145324945449829,2248.41943359375,0.03082791529595852,0.0,88.0,normal,226.0725555419922,226.0725555419922
0.0,6.052254676818848,2241.111083984375,0.030831754207611084,0.0,89.0,normal,225.32311248779297,225.32311248779297
0.0,6.011280536651611,2264.2200927734375,0.030832267366349697,0.0,90.0,normal,227.6258087158203,227.6258087158203
0.0,5.988936185836792,2267.2206420898438,0.030831065960228443,0.0,91.0,normal,227.92140197753906,227.92140197753906
0.0,6.138132095336914,2272.79541015625,0.030833718366920948,0.0,92.0,normal,228.50872039794922,228.50872039794922
0.0,6.069521427154541,2264.228515625,0.030825664289295673,0.0,93.0,normal,227.63831329345703,227.63831329345703
0.0,6.008480787277222,2245.66943359375,0.030825035646557808,0.0,94.0,normal,225.77017974853516,225.77017974853516
0.0,6.118648052215576,2234.960205078125,0.030825487338006496,0.0,95.0,normal,224.72129821777344,224.72129821777344
0.0,6.041745901107788,2243.1055908203125,0.030819439329206944,0.0,96.0,normal,225.52044677734375,225.52044677734375
0.0,6.060131788253784,2266.8209228515625,0.03081807680428028,0.0,97.0,normal,227.89566802978516,227.89566802978516
0.0,6.0505897998809814,2210.4071044921875,0.030819411389529705,0.0,98.0,normal,222.25237274169922,222.25237274169922
0.0,6.033812522888184,2205.8171997070312,0.03081251960247755,0.0,99.0,normal,221.79003143310547,221.79003143310547
0.0,6.1074981689453125,2233.77783203125,0.030806968919932842,0.0,100.0,normal,224.600830078125,224.600830078125
0.0,5.969112157821655,2198.26220703125,0.03079706523567438,0.0,101.0,normal,221.02157592773438,221.02157592773438
0.0,6.031341075897217,2186.7517700195312,0.030780639499425888,0.0,102.0,normal,219.8829803466797,219.8829803466797
0.0,6.017493963241577,2230.1522827148438,0.030763682909309864,0.0,103.0,normal,224.22027587890625,224.22027587890625
0.0,5.997696399688721,2196.6205444335938,0.030734434723854065,0.0,104.0,normal,220.86312866210938,220.86312866210938
0.0,6.022570371627808,2230.682861328125,0.030691366642713547,0.0,105.0,normal,224.2743377685547,224.2743377685547
0.0,6.004333019256592,2211.3245849609375,0.030708935111761093,0.0,106.0,normal,222.33486938476562,222.33486938476562
0.0,6.017205715179443,2211.3975219726562,0.030818515457212925,0.0,107.0,normal,222.34474182128906,222.34474182128906
0.0,6.032537460327148,2221.2300415039062,0.030673430301249027,0.0,108.0,normal,223.3310546875,223.3310546875
0.0,6.220003366470337,2203.6133422851562,0.03075877856463194,0.0,109.0,normal,221.6068878173828,221.6068878173828
0.0,6.12373161315918,2231.49462890625,0.030790692195296288,0.0,110.0,normal,224.3757553100586,224.3757553100586
0.0,6.111823320388794,2221.5234375,0.030836211517453194,0.0,111.0,normal,223.37623596191406,223.37623596191406
0.0,6.064815998077393,2204.832763671875,0.030775600112974644,0.0,112.0,normal,221.6977767944336,221.6977767944336
0.0,6.14419150352478,2177.0574951171875,0.030758123844861984,0.0,113.0,normal,218.93611907958984,218.93611907958984
0.0,6.153631687164307,2219.2230224609375,0.030791115947067738,0.0,114.0,normal,223.15457916259766,223.15457916259766
0.0,6.133224725723267,2191.2275390625,0.030737600289285183,0.0,115.0,normal,220.35094451904297,220.35094451904297
0.0,6.0810770988464355,2176.2301025390625,0.03070744965225458,0.0,116.0,normal,218.8407745361328,218.8407745361328
0.0,6.121719598770142,2162.5379638671875,0.030632734298706055,0.0,117.0,normal,217.47966766357422,217.47966766357422
0.0,6.237433433532715,2167.2474365234375,0.030437598004937172,0.0,118.0,normal,217.97374725341797,217.97374725341797
0.0,6.108522176742554,2164.9517822265625,0.02937872614711523,0.0,119.0,normal,217.7183609008789,217.7183609008789
0.0,6.111687898635864,2199.9381103515625,0.028132854960858822,0.0,120.0,normal,221.21755981445312,221.21755981445312
0.0,6.20853853225708,2162.098388671875,0.02747346553951502,0.0,121.0,normal,217.4529266357422,217.4529266357422
0.0,6.29277777671814,2181.9061889648438,0.02725236676633358,0.0,122.0,normal,219.4505386352539,219.4505386352539
0.0,6.159966945648193,2138.6261596679688,0.02724690455943346,0.0,123.0,normal,215.09597778320312,215.09597778320312
0.0,6.125761270523071,2136.9102783203125,0.027242904528975487,0.0,124.0,normal,214.91754913330078,214.91754913330078
0.0,6.080262660980225,2163.0361938476562,0.027241005562245846,0.0,125.0,normal,217.52102661132812,217.52102661132812
0.0,6.165221452713013,2192.9852294921875,0.02724143024533987,0.0,126.0,normal,220.53294372558594,220.53294372558594
0.0,6.152522802352905,2120.9948120117188,0.027236977592110634,0.0,127.0,normal,213.33135223388672,213.33135223388672
0.0,6.275749206542969,2122.3211059570312,0.027236287482082844,0.0,128.0,normal,213.4886245727539,213.4886245727539
0.0,6.1958606243133545,2144.913818359375,0.027241066098213196,0.0,129.0,normal,215.73191833496094,215.73191833496094
0.0,6.166719913482666,2142.466064453125,0.027238608337938786,0.0,130.0,normal,215.48130798339844,215.48130798339844
0.0,6.161796808242798,2125.7793579101562,0.02723532821983099,0.0,131.0,normal,213.8116683959961,213.8116683959961
0.0,6.246118783950806,2155.2442626953125,0.027237222529947758,0.0,132.0,normal,216.7750244140625,216.7750244140625
0.0,6.14946985244751,2092.6460571289062,0.027237393893301487,0.0,133.0,normal,210.4958724975586,210.4958724975586
0.0,6.293638467788696,2080.4814453125,0.02723964862525463,0.0,134.0,normal,209.30823516845703,209.30823516845703
0.0,6.240966558456421,2092.3240966796875,0.027242726646363735,0.0,135.0,normal,210.48196411132812,210.48196411132812
0.0,6.240896463394165,2083.4613037109375,0.027244003489613533,0.0,136.0,normal,209.5956802368164,209.5956802368164
0.0,6.4200966358184814,2114.3170776367188,0.02724649105221033,0.0,137.0,normal,212.7170867919922,212.7170867919922
0.0,6.2676637172698975,2081.5277709960938,0.02724623028188944,0.0,138.0,normal,209.40768432617188,209.40768432617188
0.0,6.328018665313721,2030.486328125,0.027249266393482685,0.0,139.0,normal,204.3155975341797,204.3155975341797
0.0,6.380849599838257,2037.3363037109375,0.02724979817867279,0.0,140.0,normal,205.01116180419922,205.01116180419922
0.0,6.347539663314819,2038.8032836914062,0.02725364826619625,0.0,141.0,normal,205.1511993408203,205.1511993408203
0.0,6.307236433029175,2010.5264282226562,0.027257071807980537,0.0,142.0,normal,202.31544494628906,202.31544494628906
0.0,6.316915035247803,1993.7460327148438,0.02725675143301487,0.0,143.0,normal,200.63934326171875,200.63934326171875
0.0,6.416414737701416,1999.7667846679688,0.02726378943771124,0.0,144.0,normal,201.2613296508789,201.2613296508789
0.0,6.446933746337891,1976.3319702148438,0.02726529724895954,0.0,145.0,normal,198.92393493652344,198.92393493652344
0.0,6.339067220687866,1973.6061401367188,0.02726652007550001,0.0,146.0,normal,198.62979125976562,198.62979125976562
0.0,6.287330389022827,2005.9761962890625,0.02727126982063055,0.0,147.0,normal,201.8564453125,201.8564453125
0.0,6.387399196624756,2002.8477172851562,0.02728084195405245,0.0,148.0,normal,201.56361389160156,201.56361389160156
0.0,6.3645851612091064,1930.666748046875,0.027278656139969826,0.0,149.0,normal,194.34095001220703,194.34095001220703
0.0,6.289985179901123,2046.4984130859375,0.027287672273814678,0.0,150.0,normal,205.90921020507812,205.90921020507812
0.0,6.42354679107666,2087.520263671875,0.027287939563393593,0.0,151.0,normal,210.03809356689453,210.03809356689453
0.0,6.415977954864502,1900.2166748046875,0.027288525365293026,0.0,152.0,normal,191.3062286376953,191.3062286376953
0.0,6.353931188583374,1908.3259887695312,0.027290161699056625,0.0,153.0,normal,192.10475158691406,192.10475158691406
0.0,6.368727684020996,1904.8468627929688,0.027292086742818356,0.0,154.0,normal,191.75979614257812,191.75979614257812
0.0,6.368139028549194,1871.46923828125,0.027284513227641582,0.0,155.0,normal,188.42191314697266,188.42191314697266
0.0,6.435733079910278,1854.6812744140625,0.027286728844046593,0.0,156.0,normal,186.75662994384766,186.75662994384766
0.0,6.448077917098999,1864.1680908203125,0.02728383243083954,0.0,157.0,normal,187.7077865600586,187.7077865600586
0.0,6.273289918899536,1929.936279296875,0.027269665151834488,0.0,158.0,normal,194.24964904785156,194.24964904785156
0.0,6.363945245742798,1825.986572265625,0.027280233800411224,0.0,159.0,normal,183.872802734375,183.872802734375
0.0,6.368060350418091,1812.842529296875,0.027270758524537086,0.0,160.0,normal,182.5592269897461,182.5592269897461
0.0,6.371058464050293,1777.5742797851562,0.02726439293473959,0.0,161.0,normal,179.03299713134766,179.03299713134766
0.0,6.4329633712768555,1793.8299560546875,0.027255521155893803,0.0,162.0,normal,180.6709442138672,180.6709442138672
0.0,6.316614389419556,1760.2554321289062,0.02723983582109213,0.0,163.0,normal,177.29022979736328,177.29022979736328
0.0,6.460354804992676,1758.22119140625,0.02723575383424759,0.0,164.0,normal,177.1155548095703,177.1155548095703
0.0,6.346036911010742,1732.2374267578125,0.027195822447538376,0.0,165.0,normal,174.49431610107422,174.49431610107422
0.0,6.384707689285278,1741.1297607421875,0.027302810922265053,0.0,166.0,normal,175.39129638671875,175.39129638671875
0.0,6.326249599456787,1721.441650390625,0.02733900211751461,0.0,167.0,normal,173.4107894897461,173.4107894897461
0.0,6.3595616817474365,1672.4679565429688,0.027393466793000698,0.0,168.0,normal,168.52007293701172,168.52007293701172
0.0,6.30672550201416,1666.9075927734375,0.027258175425231457,0.0,169.0,normal,167.9534683227539,167.9534683227539
0.0,6.330971002578735,1661.5689697265625,0.027322381734848022,0.0,170.0,normal,167.4244613647461,167.4244613647461
0.0,6.344431638717651,1629.8043212890625,0.027295194566249847,0.0,171.0,normal,164.25067901611328,164.25067901611328
0.0,6.294034004211426,1614.1129150390625,0.027311927638947964,0.0,172.0,normal,162.6714630126953,162.6714630126953
0.0,6.261292457580566,1604.5928344726562,0.02733783982694149,0.0,173.0,normal,161.7129135131836,161.7129135131836
0.0,6.250957727432251,1561.904541015625,0.027324034832417965,0.0,174.0,normal,157.4420166015625,157.4420166015625
0.0,6.193984746932983,1629.9603271484375,0.027282943949103355,0.0,175.0,normal,164.2361831665039,164.2361831665039
0.0,6.1751930713653564,1536.4715576171875,0.027290095575153828,0.0,176.0,normal,154.88355255126953,154.88355255126953
0.0,6.149579048156738,1492.2581787109375,0.02731229178607464,0.0,177.0,normal,150.4571075439453,150.4571075439453
0.0,6.083643436431885,1477.8329467773438,0.027338064275681973,0.0,178.0,normal,149.00139617919922,149.00139617919922
0.0,6.036300420761108,1440.5676879882812,0.027323400601744652,0.0,179.0,normal,145.2653923034668,145.2653923034668
0.0,5.99663519859314,1490.0785522460938,0.027305064722895622,0.0,180.0,normal,150.20854568481445,150.20854568481445
0.0,5.931006669998169,1570.0181274414062,0.027347154915332794,0.0,181.0,normal,158.1893768310547,158.1893768310547
0.0,5.912498950958252,1451.2174682617188,0.027332700788974762,0.0,182.0,normal,146.3056182861328,146.3056182861328
0.0,5.960656642913818,1387.3055419921875,0.027315495535731316,0.0,183.0,normal,139.9240608215332,139.9240608215332
0.0,5.890713691711426,1356.49267578125,0.027322838082909584,0.0,184.0,normal,136.8287696838379,136.8287696838379
0.0,5.772442579269409,1345.621337890625,0.027328147552907467,0.0,185.0,normal,135.71798706054688,135.71798706054688
0.0,5.651683568954468,1310.54833984375,0.027316450141370296,0.0,186.0,normal,132.18654251098633,132.18654251098633
0.0,5.56884503364563,1312.3573608398438,0.027326753363013268,0.0,187.0,normal,132.35087203979492,132.35087203979492
0.0,5.528916597366333,1264.289306640625,0.02733251266181469,0.0,188.0,normal,127.53608703613281,127.53608703613281
0.0,5.476854085922241,1279.0948486328125,0.02742358297109604,0.0,189.0,normal,129.0062255859375,129.0062255859375
0.0,5.387040853500366,1280.4049682617188,0.02740234136581421,0.0,190.0,normal,129.1192855834961,129.1192855834961
0.0,5.371845245361328,1245.1911010742188,0.027650360949337482,0.0,191.0,normal,125.59486770629883,125.59486770629883
0.0,5.275500059127808,1206.6218872070312,0.027389999479055405,0.0,192.0,normal,121.71865844726562,121.71865844726562
0.0,5.196058392524719,1162.88232421875,0.0274528656154871,0.0,193.0,normal,117.32881546020508,117.32881546020508
0.0,5.133884429931641,1160.86328125,0.02740172017365694,0.0,194.0,normal,117.11448287963867,117.11448287963867
0.0,5.090989589691162,1134.9701538085938,0.027361243031919003,0.0,195.0,normal,114.51658630371094,114.51658630371094
0.0,5.055006504058838,1084.7005004882812,0.027381221763789654,0.0,196.0,normal,109.48242378234863,109.48242378234863
0.0,5.015749931335449,1138.3203735351562,0.027499514631927013,0.0,197.0,normal,114.83656692504883,114.83656692504883
0.0,4.916927099227905,1092.5069580078125,0.027414017356932163,0.0,198.0,normal,110.23545455932617,110.23545455932617
0.0,4.90874719619751,1140.1665649414062,0.02736761886626482,0.0,199.0,normal,114.99977493286133,114.99977493286133
0.0,4.949687242507935,1049.4976806640625,0.027350357733666897,0.0,200.0,normal,105.94107818603516,105.94107818603516
0.0,4.994378566741943,1022.3308715820312,0.02732272818684578,0.0,201.0,normal,103.23332595825195,103.23332595825195
0.0,4.913011074066162,990.0712280273438,0.02734584640711546,0.0,202.0,normal,99.99109268188477,99.99109268188477
0.0,4.881463170051575,967.3095092773438,0.02730649709701538,0.0,203.0,normal,97.7086067199707,97.7086067199707
0.0,4.926852464675903,958.9374389648438,0.027285396121442318,0.0,204.0,normal,96.8804817199707,96.8804817199707
0.0,4.947412967681885,911.8837280273438,0.027295260690152645,0.0,205.0,normal,92.1792221069336,92.1792221069336
0.0,4.9075950384140015,934.8984985351562,0.02735871449112892,0.0,206.0,normal,94.47273635864258,94.47273635864258
0.0,4.9351911544799805,875.1513671875,0.027287675999104977,0.0,207.0,normal,88.50354766845703,88.50354766845703
0.0,5.101700067520142,967.9938354492188,0.027256532572209835,0.0,208.0,normal,97.82109069824219,97.82109069824219
0.0,5.14138650894165,848.2626953125,0.027276143431663513,0.0,209.0,normal,85.85591125488281,85.85591125488281
0.0,5.1199328899383545,906.7998962402344,0.027286377735435963,0.0,210.0,normal,91.7053451538086,91.7053451538086
0.0,5.20797872543335,862.12744140625,0.02721591480076313,0.0,211.0,normal,87.25570297241211,87.25570297241211
0.0,5.100672483444214,875.4907836914062,0.02717050537467003,0.0,212.0,normal,88.57057189941406,88.57057189941406
0.0,5.060547828674316,875.7713623046875,0.027025802060961723,0.0,213.0,normal,88.59060287475586,88.59060287475586
0.0,5.116113901138306,752.3873901367188,0.026999414898455143,0.0,214.0,normal,76.26331329345703,76.26331329345703
0.0,5.196865081787109,821.5940551757812,0.02701218891888857,0.0,215.0,normal,83.20013046264648,83.20013046264648
0.0,4.943271636962891,870.56005859375,0.02647558692842722,0.0,216.0,normal,88.04598617553711,88.04598617553711
0.0,5.119548320770264,777.2196655273438,0.026347879320383072,0.0,217.0,normal,78.7471923828125,78.7471923828125
0.0,5.1969313621521,774.251708984375,0.026210068725049496,0.0,218.0,normal,78.46586799621582,78.46586799621582
0.0,5.173469066619873,690.8770751953125,0.02534956019371748,0.0,219.0,normal,70.1236686706543,70.1236686706543
0.0,5.133660793304443,710.3074951171875,0.024802472442388535,0.0,220.0,normal,72.05872344970703,72.05872344970703
0.0,5.206729888916016,667.7041931152344,0.02435276098549366,0.0,221.0,normal,67.81298828125,67.81298828125
0.0,5.213810920715332,649.8399047851562,0.023784047923982143,0.0,222.0,normal,66.0279426574707,66.0279426574707
0.0,5.194913625717163,676.1914672851562,0.02275077812373638,0.0,223.0,normal,68.65926742553711,68.65926742553711
0.0,5.267706394195557,618.0246276855469,0.022115841507911682,0.0,224.0,normal,62.85710906982422,62.85710906982422
0.0,5.2457215785980225,632.3553771972656,0.021763830445706844,0.0,225.0,normal,64.28576850891113,64.28576850891113
0.0,5.204300880432129,699.787353515625,0.021477267146110535,0.0,226.0,normal,71.02066993713379,71.02066993713379
0.0,5.454160213470459,598.707763671875,0.021208197809755802,0.0,227.0,normal,60.962669372558594,60.962669372558594
0.0,5.256399631500244,619.2821655273438,0.020775328390300274,0.0,228.0,normal,62.98053550720215,62.98053550720215
0.0,5.331911087036133,549.2835845947266,0.020621657371520996,0.0,229.0,normal,55.995768547058105,55.995768547058105
0.0,5.341361045837402,529.9281768798828,0.0202775364741683,0.0,230.0,normal,54.06210708618164,54.06210708618164
0.0,5.347797155380249,539.17236328125,0.020144449546933174,0.0,231.0,normal,54.9878044128418,54.9878044128418
0.0,5.353933572769165,518.9523620605469,0.02009054645895958,0.0,232.0,normal,52.96702766418457,52.96702766418457
0.0,5.365065097808838,503.86036682128906,0.020090753212571144,0.0,233.0,normal,51.46005439758301,51.46005439758301
0.0,5.403179883956909,489.4842834472656,0.020058023743331432,0.0,234.0,normal,50.030067443847656,50.030067443847656
0.0,5.307171821594238,482.1261291503906,0.02004388254135847,0.0,235.0,normal,49.27505302429199,49.27505302429199
0.0,5.392144203186035,468.7032470703125,0.020042303949594498,0.0,236.0,normal,47.94975662231445,47.94975662231445
0.0,5.391845703125,442.45465087890625,0.02003264520317316,0.0,237.0,normal,45.32483673095703,45.32483673095703
0.0,5.460597276687622,429.1534729003906,0.020035245455801487,0.0,238.0,normal,44.00847053527832,44.00847053527832
0.0,5.467752695083618,446.752685546875,0.020050805062055588,0.0,239.0,normal,45.76982116699219,45.76982116699219
0.0,5.5282487869262695,505.04779052734375,0.02002432942390442,0.0,240.0,normal,51.61143112182617,51.61143112182617
0.0,5.3128135204315186,495.2426452636719,0.020022076554596424,0.0,241.0,normal,50.58782958984375,50.58782958984375
0.0,5.3599183559417725,431.0131530761719,0.02005372941493988,0.0,242.0,normal,44.17430305480957,44.17430305480957
0.0,5.706137657165527,591.5052795410156,0.02001962997019291,0.0,243.0,normal,60.292755126953125,60.292755126953125
0.0,5.356431722640991,331.12005615234375,0.02005298249423504,0.0,244.0,normal,34.18429470062256,34.18429470062256
0.0,5.337222099304199,524.0500946044922,0.0201046671718359,0.0,245.0,normal,53.473459243774414,53.473459243774414
0.0,5.482933521270752,399.11061096191406,0.020015248097479343,0.0,246.0,normal,41.00864601135254,41.00864601135254
0.0,5.5375659465789795,329.3151092529297,0.020019739866256714,0.0,247.0,normal,34.040024757385254,34.040024757385254
0.0,5.420656442642212,419.5788269042969,0.020049704238772392,0.0,248.0,normal,43.04301834106445,43.04301834106445
0.0,5.566973924636841,345.5829162597656,0.020008668303489685,0.0,249.0,normal,35.672685623168945,35.672685623168945
0.0,5.522212266921997,342.06148529052734,0.020006402395665646,0.0,250.0,normal,35.31159162521362,35.31159162521362
0.0,5.43119740486145,344.1652069091797,0.020023643970489502,0.0,251.0,normal,35.50376319885254,35.50376319885254
0.0,5.493476867675781,324.9456024169922,0.020013021305203438,0.0,252.0,normal,33.59425640106201,33.59425640106201
0.0,5.5049028396606445,296.01830291748047,0.020003794692456722,0.0,253.0,normal,30.703811645507812,30.703811645507812
0.0,5.482513904571533,306.5550994873047,0.020008481107652187,0.0,254.0,normal,31.75301456451416,31.75301456451416
0.0,5.523367166519165,274.2833786010742,0.02000444382429123,0.0,255.0,normal,28.534011840820312,28.534011840820312
0.0,5.499538898468018,265.3728942871094,0.020001704804599285,0.0,256.0,normal,27.63819694519043,27.63819694519043
0.0,5.52877950668335,284.5235900878906,0.020000473596155643,0.0,257.0,normal,29.559117317199707,29.559117317199707
0.0,5.526057004928589,254.83316802978516,0.02000235952436924,0.0,258.0,normal,26.589529037475586,26.589529037475586
0.0,5.51758337020874,254.67431640625,0.02000498306006193,0.0,259.0,normal,26.571949005126953,26.571949005126953
0.0,5.6559741497039795,265.0958557128906,0.020000608637928963,0.0,260.0,normal,27.641780853271484,27.641780853271484
0.0,5.53838849067688,263.2317657470703,0.020012907683849335,0.0,261.0,normal,27.431856155395508,27.431856155395508
0.0,5.571969509124756,245.99667358398438,0.01999666728079319,0.0,262.0,normal,25.71506118774414,25.71506118774414
0.0,5.595917463302612,251.9768829345703,0.02000209130346775,0.0,263.0,normal,26.317873001098633,26.317873001098633
0.0,5.517797231674194,234.5012969970703,0.020002122037112713,0.0,264.0,normal,24.55469036102295,24.55469036102295
0.0,5.628556966781616,318.38145446777344,0.019999396987259388,0.0,265.0,normal,32.96485614776611,32.96485614776611
0.0,5.532694101333618,299.65099334716797,0.019998589530587196,0.0,266.0,normal,31.07263946533203,31.07263946533203
0.0,5.5862815380096436,227.60840606689453,0.020003081299364567,0.0,267.0,normal,23.879097938537598,23.879097938537598
0.0,5.787161588668823,270.58312225341797,0.019991202279925346,0.0,268.0,normal,28.216744422912598,28.216744422912598
0.0,5.485249280929565,310.14232635498047,0.019991159439086914,0.0,269.0,normal,32.112281799316406,32.112281799316406
0.0,5.620309591293335,202.9857635498047,0.019985399208962917,0.0,270.0,normal,21.423637866973877,21.423637866973877
0.0,5.778283357620239,266.3783721923828,0.019986258819699287,0.0,271.0,normal,27.794493675231934,27.794493675231934
0.0,5.4296183586120605,366.92747497558594,0.020029619336128235,0.0,272.0,normal,37.779672622680664,37.779672622680664
0.0,5.646673917770386,234.71727752685547,0.019980624318122864,0.0,273.0,normal,24.602062225341797,24.602062225341797
0.0,5.7573065757751465,284.93379974365234,0.019984767772257328,0.0,274.0,normal,29.645840644836426,29.645840644836426
0.0,5.497602224349976,257.5775680541992,0.019983606413006783,0.0,275.0,normal,26.8582763671875,26.8582763671875
0.0,5.720059633255005,225.68087005615234,0.01997752021998167,0.0,276.0,normal,23.71309757232666,23.71309757232666
0.0,5.685961723327637,205.29558563232422,0.019985978491604328,0.0,277.0,normal,21.667749404907227,21.667749404907227
0.0,5.510639667510986,214.43295288085938,0.019982529804110527,0.0,278.0,normal,22.546422958374023,22.546422958374023
0.0,5.6065592765808105,167.63837051391602,0.019966439343988895,0.0,279.0,normal,17.886147499084473,17.886147499084473
0.0,5.630682945251465,186.28844451904297,0.019970090128481388,0.0,280.0,normal,19.755980491638184,19.755980491638184
0.0,5.54963231086731,168.16737365722656,0.019960038363933563,0.0,281.0,normal,17.927661895751953,17.927661895751953
0.0,5.5492589473724365,162.67247772216797,0.019963866099715233,0.0,282.0,normal,17.378098487854004,17.378098487854004
0.0,5.5612969398498535,162.09676361083984,0.01995226088911295,0.0,283.0,normal,17.3229341506958,17.3229341506958
0.0,5.535841703414917,157.09961700439453,0.019950173795223236,0.0,284.0,normal,16.818127632141113,16.818127632141113
0.0,5.530760049819946,158.8897476196289,0.019946284592151642,0.0,285.0,normal,16.996124267578125,16.996124267578125
0.0,5.533559560775757,162.0207290649414,0.0199444480240345,0.0,286.0,normal,17.30978298187256,17.30978298187256
0.0,5.567442893981934,147.31493759155273,0.019943589344620705,0.0,287.0,normal,15.845979690551758,15.845979690551758
0.0,5.536109447479248,154.34217071533203,0.019940273836255074,0.0,288.0,normal,16.542436599731445,16.542436599731445
0.0,5.516173362731934,145.6213836669922,0.01993395760655403,0.0,289.0,normal,15.666369438171387,15.666369438171387
0.0,5.563499212265015,142.23555755615234,0.019932393915951252,0.0,290.0,normal,15.337251663208008,15.337251663208008
0.0,5.5456202030181885,141.43280029296875,0.019930945709347725,0.0,291.0,normal,15.253401279449463,15.253401279449463
0.0,5.553301572799683,142.80393981933594,0.01993308775126934,0.0,292.0,normal,15.392051696777344,15.392051696777344
0.0,5.569278717041016,135.7631378173828,0.01994652021676302,0.0,293.0,normal,14.691166877746582,14.691166877746582
0.0,5.522616147994995,131.20532608032227,0.019938379526138306,0.0,294.0,normal,14.226053237915039,14.226053237915039
0.0,5.463641166687012,138.9760513305664,0.01992200408130884,0.0,295.0,normal,14.991329669952393,14.991329669952393
0.0,5.4805588722229,131.30603790283203,0.01991730835288763,0.0,296.0,normal,14.22771167755127,14.22771167755127
0.0,5.601824522018433,139.42667770385742,0.0199500834569335,0.0,297.0,normal,15.064030170440674,15.064030170440674
0.0,5.453014135360718,148.66450881958008,0.01994973048567772,0.0,298.0,normal,15.958050727844238,15.958050727844238
0.0,5.509064435958862,119.15190124511719,0.01992396917194128,0.0,299.0,normal,13.017999172210693,13.017999172210693
0.0,5.498072862625122,136.69546127319336,0.01996317971497774,0.0,300.0,normal,14.770159721374512,14.770159721374512
0.0,5.536943435668945,136.17366790771484,0.01992483902722597,0.0,301.0,normal,14.725752353668213,14.725752353668213
0.0,5.593088388442993,127.6329574584961,0.01997492555528879,0.0,302.0,normal,13.882912635803223,13.882912635803223
0.0,5.455292701721191,124.8836898803711,0.019934477284550667,0.0,303.0,normal,13.580423831939697,13.580423831939697
0.0,5.465870380401611,131.39967727661133,0.019927354529500008,0.0,304.0,normal,14.234138011932373,14.234138011932373
0.0,5.444114923477173,140.57667541503906,0.01993767824023962,0.0,305.0,normal,15.14748764038086,15.14748764038086
0.0,5.453445196151733,133.60987091064453,0.019928916357457638,0.0,306.0,normal,14.452672481536865,14.452672481536865
0.0,5.427572011947632,103.58787727355957,0.019921770319342613,0.0,307.0,normal,11.445298194885254,11.445298194885254
0.0,5.404898166656494,113.99137878417969,0.019917023368179798,0.0,308.0,normal,12.481114387512207,12.481114387512207
0.0,5.499926805496216,117.40932083129883,0.019934004172682762,0.0,309.0,normal,12.841914176940918,12.841914176940918
0.0,5.448733806610107,105.25647735595703,0.01993219181895256,0.0,310.0,normal,11.6163911819458,11.6163911819458
0.0,5.35664701461792,116.59703063964844,0.019916091114282608,0.0,311.0,normal,12.73202896118164,12.73202896118164
0.0,5.489060163497925,109.4344253540039,0.019936785101890564,0.0,312.0,normal,12.04225206375122,12.04225206375122
0.0,5.382144212722778,106.71377563476562,0.01991144474595785,0.0,313.0,normal,11.748802185058594,11.748802185058594
0.0,5.404196262359619,96.85502243041992,0.019905980676412582,0.0,314.0,normal,10.76733684539795,10.76733684539795
0.0,5.463724374771118,96.52275466918945,0.019912324845790863,0.0,315.0,normal,10.746016025543213,10.746016025543213
0.0,5.423302412033081,92.01458740234375,0.019902192056179047,0.0,316.0,normal,10.28711462020874,10.28711462020874
0.0,5.428349018096924,114.30219078063965,0.019894739612936974,0.0,317.0,normal,12.516883850097656,12.516883850097656
0.0,5.342122554779053,85.66089630126953,0.019900323823094368,0.0,318.0,normal,9.635509729385376,9.635509729385376
0.0,5.3200671672821045,96.94171142578125,0.01990103628486395,0.0,319.0,normal,10.759179592132568,10.759179592132568
0.0,5.426148891448975,92.75315475463867,0.01989203691482544,0.0,320.0,normal,10.3615403175354,10.3615403175354
0.0,5.274679183959961,95.64994049072266,0.019866506569087505,0.0,321.0,normal,10.620923519134521,10.620923519134521
0.0,5.364202260971069,83.75081825256348,0.01988414116203785,0.0,322.0,normal,9.448916912078857,9.448916912078857
0.0,5.3100985288619995,89.88956451416016,0.019901255145668983,0.0,323.0,normal,10.051971435546875,10.051971435546875
0.0,5.279370546340942,79.15516662597656,0.019981713965535164,0.0,324.0,normal,8.97239065170288,8.97239065170288
0.0,5.479351997375488,90.72119140625,0.019944993779063225,0.0,325.0,normal,10.168986797332764,10.168986797332764
0.0,5.283619403839111,114.85139274597168,0.01988181285560131,0.0,326.0,normal,12.54285740852356,12.54285740852356
0.0,5.282527685165405,86.72141647338867,0.01988751534372568,0.0,327.0,normal,9.729641914367676,9.729641914367676
0.0,5.308711767196655,85.31166458129883,0.01987356599420309,0.0,328.0,normal,9.593902587890625,9.593902587890625
0.0,5.227125406265259,99.35811996459961,0.01986230444163084,0.0,329.0,normal,10.982230186462402,10.982230186462402
0.0,5.333939552307129,93.8148193359375,0.019899342209100723,0.0,330.0,normal,10.449265241622925,10.449265241622925
0.0,5.2437903881073,77.49832153320312,0.019899960607290268,0.0,331.0,normal,8.799585103988647,8.799585103988647
0.0,5.225491523742676,76.60951232910156,0.01979118026793003,0.0,332.0,normal,8.707038879394531,8.707038879394531
0.0,5.322612047195435,80.03157424926758,0.019695546478033066,0.0,333.0,normal,9.068665027618408,9.068665027618408
0.0,5.25597882270813,75.90044784545898,0.01981977839022875,0.0,334.0,normal,8.642231464385986,8.642231464385986
0.0,5.263903617858887,66.66543006896973,0.0194570729508996,0.0,335.0,normal,7.720296859741211,7.720296859741211
0.0,5.267197608947754,65.66727447509766,0.01942778192460537,0.0,336.0,normal,7.621138334274292,7.621138334274292
0.0,5.306432723999023,67.5737133026123,0.01912561897188425,0.0,337.0,normal,7.8196141719818115,7.8196141719818115
0.0,5.223725080490112,63.90842819213867,0.019004154950380325,0.0,338.0,normal,7.436538457870483,7.436538457870483
0.0,5.229151248931885,72.12767791748047,0.018769780173897743,0.0,339.0,normal,8.259536743164062,8.259536743164062
0.0,5.219045400619507,57.894758224487305,0.018259148113429546,0.0,340.0,normal,6.834197759628296,6.834197759628296
0.0,5.160349607467651,65.53777122497559,0.018010908737778664,0.0,341.0,normal,7.586747646331787,7.586747646331787
0.0,5.216472148895264,65.10357284545898,0.0176248699426651,0.0,342.0,normal,7.554533004760742,7.554533004760742
0.0,5.184273719787598,63.78618240356445,0.017908559180796146,0.0,343.0,normal,7.41636848449707,7.41636848449707
0.0,5.164743900299072,67.67983627319336,0.01741233840584755,0.0,344.0,normal,7.801803827285767,7.801803827285767
0.0,5.159306287765503,54.358985900878906,0.017586538568139076,0.0,345.0,normal,6.468639373779297,6.468639373779297
0.0,5.080299139022827,62.65030097961426,0.017286110669374466,0.0,346.0,normal,7.281954526901245,7.281954526901245
0.0,5.157958745956421,64.09394836425781,0.01709441002458334,0.0,347.0,normal,7.4418416023254395,7.4418416023254395
0.0,5.102848291397095,59.19740295410156,0.01677680481225252,0.0,348.0,normal,6.9411492347717285,6.9411492347717285
0.0,5.113946914672852,52.033905029296875,0.016451111063361168,0.0,349.0,normal,6.2270026206970215,6.2270026206970215
0.0,5.142786502838135,56.722646713256836,0.016535714268684387,0.0,350.0,normal,6.701648950576782,6.701648950576782
0.0,5.094721794128418,54.58419227600098,0.01633670087903738,0.0,351.0,normal,6.478180408477783,6.478180408477783
0.0,5.310274124145508,57.034671783447266,0.0163550628349185,0.0,352.0,normal,6.766340017318726,6.766340017318726
0.0,5.10087513923645,49.232648849487305,0.016372794285416603,0.0,353.0,normal,5.944258689880371,5.944258689880371
0.0,5.078457832336426,54.59271240234375,0.016343760304152966,0.0,354.0,normal,6.475780248641968,6.475780248641968
0.0,5.162567377090454,65.46299362182617,0.016296664252877235,0.0,355.0,normal,7.579627752304077,7.579627752304077
0.0,5.0788893699646,50.00036430358887,0.016276123002171516,0.0,356.0,normal,6.016628265380859,6.016628265380859
0.0,5.0137646198272705,51.05692481994629,0.016300981864333153,0.0,357.0,normal,6.10926079750061,6.10926079750061
0.0,5.106786489486694,57.86000061035156,0.01631202269345522,0.0,358.0,normal,6.808173179626465,6.808173179626465
0.0,5.01779043674469,73.42666816711426,0.016284609213471413,0.0,359.0,normal,8.347039699554443,8.347039699554443
0.0,5.013833045959473,81.0648078918457,0.016304067336022854,0.0,360.0,normal,9.110062837600708,9.110062837600708
0.0,5.086181163787842,54.30324935913086,0.01637456752359867,0.0,361.0,normal,6.448379993438721,6.448379993438721
0.0,5.007024049758911,65.93125534057617,0.016370664350688457,0.0,362.0,normal,7.595349073410034,7.595349073410034
0.0,5.093276262283325,79.39648818969727,0.01639905758202076,0.0,363.0,normal,8.959123849868774,8.959123849868774
0.0,4.9650328159332275,61.53422737121582,0.016382118687033653,0.0,364.0,normal,7.1472485065460205,7.1472485065460205
0.0,5.004572629928589,44.579267501831055,0.016315222717821598,0.0,365.0,normal,5.459657192230225,5.459657192230225
0.0,5.038083791732788,47.98464775085449,0.01631317473948002,0.0,366.0,normal,5.806897163391113,5.806897163391113
0.0,4.94126296043396,49.020402908325195,0.016312153078615665,0.0,367.0,normal,5.891108512878418,5.891108512878418
0.0,4.9971325397491455,47.59092330932617,0.016309795901179314,0.0,368.0,normal,5.759334564208984,5.759334564208984
0.0,5.003329277038574,67.89628219604492,0.016305595636367798,0.0,369.0,normal,7.791109800338745,7.791109800338745
0.0,4.988114833831787,41.059011459350586,0.01630477514117956,0.0,370.0,normal,5.104339599609375,5.104339599609375
0.0,4.961840391159058,46.66954040527344,0.016304572112858295,0.0,371.0,normal,5.660137414932251,5.660137414932251
0.0,4.972852945327759,49.604753494262695,0.016301937401294708,0.0,372.0,normal,5.955861330032349,5.955861330032349
0.0,4.972439765930176,46.86214828491211,0.016302552074193954,0.0,373.0,normal,5.681518077850342,5.681518077850342
0.0,5.0114476680755615,46.38369178771973,0.016298511065542698,0.0,374.0,normal,5.641474008560181,5.641474008560181
0.0,4.934544801712036,38.60688018798828,0.01629807334393263,0.0,375.0,normal,4.848411798477173,4.848411798477173
0.0,4.962588787078857,39.78852653503418,0.016295619308948517,0.0,376.0,normal,4.972185254096985,4.972185254096985
0.0,4.9201648235321045,42.51315116882324,0.01629110984504223,0.0,377.0,normal,5.236162900924683,5.236162900924683
0.0,4.887643575668335,38.553138732910156,0.01628990564495325,0.0,378.0,normal,4.8336570262908936,4.8336570262908936
0.0,4.959137201309204,37.506821632385254,0.016285517252981663,0.0,379.0,normal,4.743324160575867,4.743324160575867
0.0,4.9262354373931885,43.5806941986084,0.016284175217151642,0.0,380.0,normal,5.344130754470825,5.344130754470825
0.0,4.849798202514648,41.76828575134277,0.01627263519912958,0.0,381.0,normal,5.147602081298828,5.147602081298828
0.0,4.890556573867798,39.49826526641846,0.016273408196866512,0.0,382.0,normal,4.928751587867737,4.928751587867737
0.0,4.9086843729019165,35.42906188964844,0.016267500817775726,0.0,383.0,normal,4.525456428527832,4.525456428527832
0.0,4.837006568908691,46.394039154052734,0.01624747086316347,0.0,384.0,normal,5.6076178550720215,5.6076178550720215
0.0,4.945349931716919,42.54335403442383,0.01626196876168251,0.0,385.0,normal,5.244218349456787,5.244218349456787
0.0,4.808109283447266,44.791032791137695,0.016226799227297306,0.0,386.0,normal,5.441536784172058,5.441536784172058
0.0,4.83984375,33.17259693145752,0.0162272360175848,0.0,387.0,normal,4.28603982925415,4.28603982925415
0.0,4.854304552078247,40.30905818939209,0.016204124316573143,0.0,388.0,normal,5.002577066421509,5.002577066421509
0.0,4.854719877243042,40.65360641479492,0.016169888898730278,0.0,389.0,normal,5.0371129512786865,5.0371129512786865
0.0,4.93222451210022,35.39996337890625,0.016211291775107384,0.0,390.0,normal,4.527251958847046,4.527251958847046
0.0,4.800769090652466,47.70020866394043,0.01611159835010767,0.0,391.0,normal,5.730980396270752,5.730980396270752
0.0,4.870124101638794,43.766313552856445,0.01614014431834221,0.0,392.0,normal,5.351463556289673,5.351463556289673
0.0,4.776284456253052,44.10511016845703,0.015934105962514877,0.0,393.0,normal,5.366564750671387,5.366564750671387
0.0,4.7742462158203125,38.66994857788086,0.015980050899088383,0.0,394.0,normal,4.822643280029297,4.822643280029297
0.0,4.860070466995239,31.92717742919922,0.015709678642451763,0.0,395.0,normal,4.165517449378967,4.165517449378967
0.0,4.756860733032227,35.1426887512207,0.015496899839490652,0.0,396.0,normal,4.466416120529175,4.466416120529175
0.0,4.798443555831909,40.39929389953613,0.015504343900829554,0.0,397.0,normal,5.0003931522369385,5.0003931522369385
0.0,4.793414115905762,42.86180114746094,0.015247282572090626,0.0,398.0,normal,5.2456254959106445,5.2456254959106445
0.0,4.8070337772369385,40.25432014465332,0.015141296200454235,0.0,399.0,normal,4.987596035003662,4.987596035003662
0.0,4.788257122039795,38.923879623413086,0.014961639884859324,0.0,400.0,normal,4.850787878036499,4.850787878036499
0.0,4.738910913467407,29.75490093231201,0.014781135134398937,0.0,401.0,normal,3.924011468887329,3.924011468887329
0.0,4.8369386196136475,36.212374687194824,0.014583680778741837,0.0,402.0,normal,4.589354634284973,4.589354634284973
0.0,4.701967477798462,40.4979190826416,0.014446628279983997,0.0,403.0,normal,4.990907907485962,4.990907907485962
0.0,4.811822414398193,51.47433662414551,0.014478280209004879,0.0,404.0,normal,6.110522270202637,6.110522270202637
0.0,4.7218828201293945,48.1781120300293,0.01447891304269433,0.0,405.0,normal,5.762912034988403,5.762912034988403
0.0,4.784542560577393,38.98818016052246,0.014442332554608583,0.0,406.0,normal,4.8564488887786865,4.8564488887786865
0.0,4.696157932281494,32.13811492919922,0.01446223258972168,0.0,407.0,normal,4.15376615524292,4.15376615524292
0.0,4.687818288803101,36.57063007354736,0.014472839888185263,0.0,408.0,normal,4.595350384712219,4.595350384712219
0.0,4.856132507324219,35.38422203063965,0.014478868804872036,0.0,409.0,normal,4.510372638702393,4.510372638702393
0.0,4.746025800704956,50.71437072753906,0.014453796204179525,0.0,410.0,normal,6.021365165710449,6.021365165710449
0.0,4.667535305023193,30.950532913208008,0.014434777200222015,0.0,411.0,normal,4.029282093048096,4.029282093048096
0.0,4.6621153354644775,27.89515781402588,0.014366149436682463,0.0,412.0,normal,3.722657084465027,3.722657084465027
0.0,4.664516925811768,29.735897064208984,0.014292168896645308,0.0,413.0,normal,3.9072076082229614,3.9072076082229614
0.0,4.604269742965698,29.007150650024414,0.014068267308175564,0.0,414.0,normal,3.822272300720215,3.822272300720215
0.0,4.638762712478638,26.394545555114746,0.013731610495597124,0.0,415.0,normal,3.5678937435150146,3.5678937435150146
0.0,4.6174538135528564,32.75186729431152,0.013736565131694078,0.0,416.0,normal,4.199364542961121,4.199364542961121
0.0,4.719961643218994,41.336347579956055,0.013731575105339289,0.0,417.0,normal,5.078313708305359,5.078313708305359
0.0,4.707223653793335,52.45528793334961,0.012927925679832697,0.0,418.0,normal,6.187619924545288,6.187619924545288
0.0,4.779987812042236,54.9456901550293,0.01335105812177062,0.0,419.0,normal,6.451234579086304,6.451234579086304
0.0,4.589975118637085,43.12663650512695,0.012579880189150572,0.0,420.0,normal,5.231287717819214,5.231287717819214
0.0,4.583742380142212,38.64081001281738,0.013297031633555889,0.0,421.0,normal,4.781494498252869,4.781494498252869
0.0,4.645408391952515,40.15899467468262,0.012484523002058268,0.0,422.0,normal,4.945605278015137,4.945605278015137
0.0,4.592731237411499,34.19140434265137,0.012502132449299097,0.0,423.0,normal,4.338311791419983,4.338311791419983
0.0,4.7713024616241455,61.98332405090332,0.012464238330721855,0.0,424.0,normal,7.153216123580933,7.153216123580933
0.0,4.559199333190918,50.67520713806152,0.011744816321879625,0.0,425.0,normal,5.979947805404663,5.979947805404663
0.0,4.658517360687256,46.970481872558594,0.01164622139185667,0.0,426.0,normal,5.629334092140198,5.629334092140198
0.0,4.660405397415161,40.639397621154785,0.011094842106103897,0.0,427.0,normal,4.996575951576233,4.996575951576233
0.0,4.638156175613403,50.40961265563965,0.010958113707602024,0.0,428.0,normal,5.969140291213989,5.969140291213989
0.0,4.764049768447876,48.497371673583984,0.010919238440692425,0.0,429.0,normal,5.803093433380127,5.803093433380127
0.0,4.59648585319519,50.30120658874512,0.010900545865297318,0.0,430.0,normal,5.949962735176086,5.949962735176086
0.0,4.7465715408325195,49.98625373840332,0.010887634940445423,0.0,431.0,normal,5.948484182357788,5.948484182357788
0.0,4.58252477645874,66.95375633239746,0.01087959948927164,0.0,432.0,normal,7.612424850463867,7.612424850463867
0.0,4.647391676902771,86.55287075042725,0.010881538037210703,0.0,433.0,normal,9.585309982299805,9.585309982299805
0.0,4.601491212844849,77.50985336303711,0.010889865458011627,0.0,434.0,normal,8.671828269958496,8.671828269958496
0.0,4.6638689041137695,36.2531623840332,0.010880157351493835,0.0,435.0,normal,4.558634161949158,4.558634161949158
0.0,4.663503646850586,54.31851100921631,0.010916353669017553,0.0,436.0,normal,6.3650981187820435,6.3650981187820435
0.0,4.729270696640015,45.29221725463867,0.01088170986622572,0.0,437.0,normal,5.475619792938232,5.475619792938232
0.0,4.717416763305664,43.31893348693848,0.010889991652220488,0.0,438.0,normal,5.27592134475708,5.27592134475708
0.0,4.564337491989136,38.925222396850586,0.01088703516870737,0.0,439.0,normal,4.805934190750122,4.805934190750122
0.0,4.69913649559021,75.32284736633301,0.010876842774450779,0.0,440.0,normal,8.47265613079071,8.47265613079071
0.0,4.657835006713867,59.88632297515869,0.010866314638406038,0.0,441.0,normal,6.920743107795715,6.920743107795715
0.0,4.551660776138306,41.3965482711792,0.010871827136725187,0.0,442.0,normal,5.050530910491943,5.050530910491943
0.0,4.552801847457886,45.27618980407715,0.010868953075259924,0.0,443.0,normal,5.438722848892212,5.438722848892212
0.0,4.563664555549622,43.16534233093262,0.010854323394596577,0.0,444.0,normal,5.229809761047363,5.229809761047363
0.0,4.559201955795288,42.19157123565674,0.010867294855415821,0.0,445.0,normal,5.131540775299072,5.131540775299072
0.0,4.603816747665405,41.357513427734375,0.010897118598222733,0.0,446.0,normal,5.057059645652771,5.057059645652771
0.0,4.467942714691162,48.446845054626465,0.01087955804541707,0.0,447.0,normal,5.738817095756531,5.738817095756531
0.0,4.478683948516846,36.933082580566406,0.010907859541475773,0.0,448.0,normal,4.589590668678284,4.589590668678284
0.0,4.559768915176392,30.44002914428711,0.010888827964663506,0.0,449.0,normal,3.9565013647079468,3.9565013647079468
0.0,4.565295934677124,38.70420455932617,0.010869940742850304,0.0,450.0,normal,4.78402304649353,4.78402304649353
0.0,4.515114784240723,52.02789115905762,0.01087134424597025,0.0,451.0,normal,6.106355667114258,6.106355667114258
0.0,4.579858779907227,55.008193016052246,0.010866410564631224,0.0,452.0,normal,6.41733455657959,6.41733455657959
0.0,4.48879337310791,48.73958110809326,0.010932769626379013,0.0,453.0,normal,5.772263407707214,5.772263407707214
0.0,4.520602464675903,47.96831703186035,0.010873940773308277,0.0,454.0,normal,5.701495885848999,5.701495885848999
0.0,4.4798407554626465,29.603084087371826,0.010867259930819273,0.0,455.0,normal,3.8568198680877686,3.8568198680877686
0.0,4.530676245689392,48.98507881164551,0.010861863847821951,0.0,456.0,normal,5.8051862716674805,5.8051862716674805
0.0,4.544774413108826,54.40458297729492,0.010869818739593029,0.0,457.0,normal,6.349956750869751,6.349956750869751
0.0,4.45421290397644,33.137160301208496,0.010852483101189137,0.0,458.0,normal,4.205101251602173,4.205101251602173
0.0,4.404059886932373,21.82144832611084,0.01084832288324833,0.0,459.0,normal,3.0634992122650146,3.0634992122650146
0.0,4.516196250915527,41.645965576171875,0.010872830171138048,0.0,460.0,normal,5.0683794021606445,5.0683794021606445
0.0,4.444499850273132,43.70815086364746,0.010833279695361853,0.0,461.0,normal,5.260257005691528,5.260257005691528
0.0,4.582457780838013,32.1136531829834,0.010920590721070766,0.0,462.0,normal,4.128402948379517,4.128402948379517
0.0,4.43266236782074,35.27276802062988,0.010923606343567371,0.0,463.0,normal,4.414355516433716,4.414355516433716
0.0,4.3643317222595215,20.028727531433105,0.010856216307729483,0.0,464.0,normal,2.8762818574905396,2.8762818574905396
0.0,4.402423620223999,30.29178524017334,0.010872717015445232,0.0,465.0,normal,3.9102070331573486,3.9102070331573486
0.0,4.369667053222656,24.504539966583252,0.010864902753382921,0.0,466.0,normal,3.3249306082725525,3.3249306082725525
0.0,4.290670871734619,17.97266674041748,0.010864907409995794,0.0,467.0,normal,2.6559442281723022,2.6559442281723022
0.0,4.286738276481628,21.73835277557373,0.01086769299581647,0.0,468.0,normal,3.031726360321045,3.031726360321045
0.0,4.422772169113159,33.15485954284668,0.010859154630452394,0.0,469.0,normal,4.200583457946777,4.200583457946777
0.0,4.365712404251099,25.120593070983887,0.010861328337341547,0.0,470.0,normal,3.3857447504997253,3.3857447504997253
0.0,4.322742462158203,19.279335975646973,0.010853417217731476,0.0,471.0,normal,2.793024778366089,2.793024778366089
0.0,4.297368764877319,21.921330451965332,0.01085069589316845,0.0,472.0,normal,3.0521491169929504,3.0521491169929504
0.0,4.2544602155685425,22.59507179260254,0.010861284099519253,0.0,473.0,normal,3.110942244529724,3.110942244529724
0.0,4.3823401927948,19.23680591583252,0.010839860420674086,0.0,474.0,normal,2.8006906509399414,2.8006906509399414
0.0,4.269379138946533,17.301122426986694,0.010859961155802011,0.0,475.0,normal,2.5845311284065247,2.5845311284065247
0.0,4.291356325149536,20.722471714019775,0.010825697798281908,0.0,476.0,normal,2.9310598373413086,2.9310598373413086
0.0,4.225325584411621,23.628873825073242,0.010813562665134668,0.0,477.0,normal,3.2084933519363403,3.2084933519363403
0.0,4.219402074813843,16.690635681152344,0.010825732722878456,0.0,478.0,normal,2.513485312461853,2.513485312461853
0.0,4.223290324211121,19.093788146972656,0.010775485076010227,0.0,479.0,normal,2.7545756101608276,2.7545756101608276
0.0,4.170908212661743,23.205739974975586,0.010725791566073895,0.0,480.0,normal,3.15529203414917,3.15529203414917
0.0,4.189930200576782,18.96819019317627,0.010740633588284254,0.0,481.0,normal,2.7353421449661255,2.7353421449661255
0.0,4.203462839126587,16.255996704101562,0.010658624581992626,0.0,482.0,normal,2.466825306415558,2.466825306415558
0.0,4.129944205284119,18.4055495262146,0.010510163381695747,0.0,483.0,normal,2.6670692563056946,2.6670692563056946
0.0,4.171306729316711,17.55597972869873,0.010468375403434038,0.0,484.0,normal,2.5903828144073486,2.5903828144073486
0.0,4.116161942481995,21.627742767333984,0.010347366333007812,0.0,485.0,normal,2.986523985862732,2.986523985862732
0.0,4.172023057937622,21.05287742614746,0.009963093791157007,0.0,486.0,normal,2.940190553665161,2.940190553665161
0.0,4.0558741092681885,16.84550428390503,0.00984747800976038,0.0,487.0,normal,2.496217727661133,2.496217727661133
0.0,4.2122650146484375,18.978317260742188,0.00973068317398429,0.0,488.0,normal,2.7407714128494263,2.7407714128494263
0.0,4.174307227134705,17.763463973999023,0.009569945745170116,0.0,489.0,normal,2.6116864681243896,2.6116864681243896
0.0,4.13426411151886,19.00002670288086,0.009150456171482801,0.0,490.0,normal,2.7273131608963013,2.7273131608963013
0.0,4.104422569274902,17.590445518493652,0.009078834671527147,0.0,491.0,normal,2.580383062362671,2.580383062362671
0.0,4.089923620223999,19.33253574371338,0.009074801113456488,0.0,492.0,normal,2.751692056655884,2.751692056655884
0.0,4.025059819221497,19.18731689453125,0.009072081185877323,0.0,493.0,normal,2.724197268486023,2.724197268486023
0.0,4.020303010940552,20.077991485595703,0.00906869163736701,0.0,494.0,normal,2.812313199043274,2.812313199043274
0.0,4.076667547225952,15.527742862701416,0.009069450665265322,0.0,495.0,normal,2.368561267852783,2.368561267852783
0.0,4.003609299659729,15.856379985809326,0.009068499319255352,0.0,496.0,normal,2.3868132829666138,2.3868132829666138
0.0,4.040600538253784,24.45490550994873,0.009069300722330809,0.0,497.0,normal,3.254064202308655,3.254064202308655
0.0,4.013996839523315,16.252347469329834,0.009065592661499977,0.0,498.0,normal,2.4284874200820923,2.4284874200820923
0.0,4.009021282196045,17.490943908691406,0.00906990934163332,0.0,499.0,normal,2.5513521432876587,2.5513521432876587
0.0,4.008811116218567,15.279972553253174,0.009067028760910034,0.0,500.0,normal,2.330212712287903,2.330212712287903
0.0,3.9970831871032715,18.415898323059082,0.009072082117199898,0.0,501.0,normal,2.6414600610733032,2.6414600610733032
0.0,4.052401185035706,15.527979850769043,0.00907452218234539,0.0,502.0,normal,2.3637319803237915,2.3637319803237915
0.0,3.9653977155685425,13.872798919677734,0.00906849792227149,0.0,503.0,normal,2.180812895298004,2.180812895298004
0.0,4.060789227485657,16.282787799835205,0.009065066929906607,0.0,504.0,normal,2.440889835357666,2.440889835357666
0.0,3.9602041244506836,21.01751708984375,0.009067413862794638,0.0,505.0,normal,2.8942458629608154,2.8942458629608154
0.0,3.975538730621338,17.24097442626953,0.009064344689249992,0.0,506.0,normal,2.5196584463119507,2.5196584463119507
0.0,4.051101922988892,17.7406063079834,0.009066901169717312,0.0,507.0,normal,2.584734320640564,2.584734320640564
0.0,3.921989679336548,13.565729141235352,0.009066896978765726,0.0,508.0,normal,2.1414241790771484,2.1414241790771484
0.0,3.901945114135742,15.467840194702148,0.009064513258635998,0.0,509.0,normal,2.327626347541809,2.327626347541809
0.0,4.004470586776733,18.615954875946045,0.009064482524991035,0.0,510.0,normal,2.6629427671432495,2.6629427671432495
0.0,3.8816518783569336,26.79135227203369,0.009063350036740303,0.0,511.0,normal,3.4559189081192017,3.4559189081192017
0.0,3.987347364425659,23.92220115661621,0.009064697194844484,0.0,512.0,normal,3.190142869949341,3.190142869949341
0.0,3.976456046104431,29.638879776000977,0.009064366109669209,0.0,513.0,normal,3.7596323490142822,3.7596323490142822
0.0,3.9388233423233032,15.49185848236084,0.009065297897905111,0.0,514.0,normal,2.3374038338661194,2.3374038338661194
0.0,4.061987280845642,19.28456974029541,0.009068505372852087,0.0,515.0,normal,2.7413079142570496,2.7413079142570496
0.0,3.878850221633911,24.342026233673096,0.009066055528819561,0.0,516.0,normal,3.2104262709617615,3.2104262709617615
0.0,3.8680338859558105,17.51774024963379,0.00906374305486679,0.0,517.0,normal,2.525834083557129,2.525834083557129
0.0,3.84377384185791,22.29834270477295,0.009062235709279776,0.0,518.0,normal,2.999042272567749,2.999042272567749
0.0,3.929923892021179,25.00633716583252,0.009063885547220707,0.0,519.0,normal,3.287071943283081,3.287071943283081
0.0,3.8589447736740112,16.847420692443848,0.00906554888933897,0.0,520.0,normal,2.456984281539917,2.456984281539917
0.0,3.860825777053833,16.945009231567383,0.00906306179240346,0.0,521.0,normal,2.467119336128235,2.467119336128235
0.0,3.9039740562438965,14.63171672821045,0.009061391931027174,0.0,522.0,normal,2.2444196939468384,2.2444196939468384
0.0,3.8253674507141113,13.653088569641113,0.009060885291546583,0.0,523.0,normal,2.1308353543281555,2.1308353543281555
0.0,3.8720316886901855,15.599838733673096,0.009061521384865046,0.0,524.0,normal,2.3348432779312134,2.3348432779312134
0.0,3.8085827827453613,14.54783821105957,0.00906152930110693,0.0,525.0,normal,2.21695339679718,2.21695339679718
0.0,3.7912241220474243,11.802044868469238,0.009064417332410812,0.0,526.0,normal,1.9389025568962097,1.9389025568962097
0.0,3.75654935836792,12.412187099456787,0.009061623364686966,0.0,527.0,normal,1.992981731891632,1.992981731891632
0.0,3.744581460952759,14.097098350524902,0.00906388508155942,0.0,528.0,normal,2.159079432487488,2.159079432487488
0.0,3.8085051774978638,15.24499797821045,0.009067336097359657,0.0,529.0,normal,2.286654233932495,2.286654233932495
0.0,3.857519268989563,22.30367660522461,0.00906342500820756,0.0,530.0,normal,3.00232470035553,3.00232470035553
0.0,3.769926428794861,27.519837379455566,0.009066579397767782,0.0,531.0,normal,3.506422519683838,3.506422519683838
0.0,3.964774966239929,30.648178100585938,0.0090665053576231,0.0,532.0,normal,3.8582260608673096,3.8582260608673096
0.0,3.7863343954086304,19.835925579071045,0.009065195452421904,0.0,533.0,normal,2.7413127422332764,2.7413127422332764
0.0,3.821638584136963,19.589584350585938,0.009064181707799435,0.0,534.0,normal,2.7237393856048584,2.7237393856048584
0.0,3.859463930130005,23.23260498046875,0.009068233892321587,0.0,535.0,normal,3.095606565475464,3.095606565475464
0.0,3.7841453552246094,20.497193336486816,0.009065420366823673,0.0,536.0,normal,2.807001829147339,2.807001829147339
0.0,3.8017194271087646,23.680787086486816,0.009065814316272736,0.0,537.0,normal,3.128875970840454,3.128875970840454
0.0,3.8036839962005615,14.422473907470703,0.009064019192010164,0.0,538.0,normal,2.2034374475479126,2.2034374475479126
0.0,3.739018201828003,17.25759506225586,0.009067831560969353,0.0,539.0,normal,2.4740166664123535,2.4740166664123535
0.0,3.780988335609436,20.10943031311035,0.009064104873687029,0.0,540.0,normal,2.7675939798355103,2.7675939798355103
0.0,3.9606692790985107,28.37337589263916,0.00906874192878604,0.0,541.0,normal,3.6299248933792114,3.6299248933792114
0.0,3.6610532999038696,30.178539276123047,0.009080297313630581,0.0,542.0,normal,3.750518560409546,3.750518560409546
0.0,3.7105727195739746,22.639416694641113,0.009064031299203634,0.0,543.0,normal,3.00650954246521,3.00650954246521
0.0,3.7879278659820557,32.43973255157471,0.009065968450158834,0.0,544.0,normal,4.002012252807617,4.002012252807617
0.0,3.642158031463623,18.223469257354736,0.009064966812729836,0.0,545.0,normal,2.551231861114502,2.551231861114502
0.0,3.826404333114624,20.855195999145508,0.009064783807843924,0.0,546.0,normal,2.8512537479400635,2.8512537479400635
0.0,3.8042521476745605,16.365652561187744,0.009064775425940752,0.0,547.0,normal,2.3978689908981323,2.3978689908981323
0.0,3.6928658485412598,12.843942165374756,0.009062734432518482,0.0,548.0,normal,2.023420572280884,2.023420572280884
0.0,3.575541377067566,19.559277534484863,0.00906255841255188,0.0,549.0,normal,2.671489119529724,2.671489119529724
0.0,3.5511951446533203,14.3245267868042,0.009061952587217093,0.0,550.0,normal,2.1431448459625244,2.1431448459625244
0.0,3.5837827920913696,14.217936515808105,0.009061183780431747,0.0,551.0,normal,2.1390033960342407,2.1390033960342407
0.0,3.606208920478821,13.082010746002197,0.009061296004801989,0.0,552.0,normal,2.0298959016799927,2.0298959016799927
0.0,3.541715383529663,12.88329267501831,0.009060102980583906,0.0,553.0,normal,1.9971253275871277,1.9971253275871277
0.0,3.60896372795105,12.604585647583008,0.009060441982001066,0.0,554.0,normal,1.9827044010162354,1.9827044010162354
0.0,3.6761499643325806,12.569914817810059,0.009059557225555182,0.0,555.0,normal,1.992674469947815,1.992674469947815
0.0,3.6169958114624023,9.96999740600586,0.009059155359864235,0.0,556.0,normal,1.7208518385887146,1.7208518385887146
0.0,3.628297209739685,11.918509721755981,0.009058972354978323,0.0,557.0,normal,1.9179633855819702,1.9179633855819702
0.0,3.676920175552368,12.961048603057861,0.009058409836143255,0.0,558.0,normal,2.0319418907165527,2.0319418907165527
0.0,3.5464653968811035,10.835740566253662,0.009059031493961811,0.0,559.0,normal,1.793320119380951,1.793320119380951
0.0,3.6096493005752563,10.193005800247192,0.009058150928467512,0.0,560.0,normal,1.7416834235191345,1.7416834235191345
0.0,3.542308211326599,11.793114185333252,0.009058595634996891,0.0,561.0,normal,1.88822603225708,1.88822603225708
0.0,3.570908546447754,10.072932958602905,0.009058159310370684,0.0,562.0,normal,1.7219279408454895,1.7219279408454895
0.0,3.552901029586792,10.710794448852539,0.00905728293582797,0.0,563.0,normal,1.7821124792099,1.7821124792099
0.0,3.6186106204986572,13.182032585144043,0.009057683404535055,0.0,564.0,normal,2.0423783659934998,2.0423783659934998
0.0,3.5728055238723755,16.820730924606323,0.00905547384172678,0.0,565.0,normal,2.397086977958679,2.397086977958679
0.0,3.5445910692214966,10.493884086608887,0.009057347197085619,0.0,566.0,normal,1.7587595582008362,1.7587595582008362
0.0,3.556159496307373,10.290336608886719,0.009056854527443647,0.0,567.0,normal,1.7407183647155762,1.7407183647155762
0.0,3.5800641775131226,10.879397869110107,0.009054765570908785,0.0,568.0,normal,1.8044055104255676,1.8044055104255676
0.0,3.5259854793548584,11.323381900787354,0.009060414042323828,0.0,569.0,normal,1.8379884362220764,1.8379884362220764
0.0,3.50036358833313,10.116683959960938,0.009058079216629267,0.0,570.0,normal,1.71219402551651,1.71219402551651
0.0,3.491211175918579,10.773489713668823,0.009058134630322456,0.0,571.0,normal,1.7760441899299622,1.7760441899299622
0.0,3.489643931388855,10.826838731765747,0.009055821690708399,0.0,572.0,normal,1.7810655236244202,1.7810655236244202
0.0,3.481693744659424,10.374125480651855,0.009058425668627024,0.0,573.0,normal,1.7342042326927185,1.7342042326927185
0.0,3.4730695486068726,9.540780067443848,0.009127757512032986,0.0,574.0,normal,1.6491483449935913,1.6491483449935913
0.0,3.5355523824691772,10.333781719207764,0.00908501772210002,0.0,575.0,normal,1.7409429550170898,1.7409429550170898
0.0,3.582609534263611,10.455998420715332,0.009072050917893648,0.0,576.0,normal,1.7625752687454224,1.7625752687454224
0.0,3.5247721672058105,13.991016864776611,0.009078492876142263,0.0,577.0,normal,2.104510188102722,2.104510188102722
0.0,3.520097851753235,10.73128080368042,0.009068260435014963,0.0,578.0,normal,1.7776011228561401,1.7776011228561401
0.0,3.453502655029297,8.430388689041138,0.009071718901395798,0.0,579.0,normal,1.534192979335785,1.534192979335785
0.0,3.4334367513656616,9.947094440460205,0.009083740413188934,0.0,580.0,normal,1.6818510293960571,1.6818510293960571
0.0,3.476157784461975,10.516874313354492,0.009072154760360718,0.0,581.0,normal,1.7473726272583008,1.7473726272583008
0.0,3.4620472192764282,11.075606346130371,0.009070843923836946,0.0,582.0,normal,1.8004237413406372,1.8004237413406372
0.0,3.6146697998046875,14.330851316452026,0.00906700873747468,0.0,583.0,normal,2.1564725041389465,2.1564725041389465
0.0,3.3560928106307983,17.742212772369385,0.009066944476217031,0.0,584.0,normal,2.445893168449402,2.445893168449402
0.0,3.5516189336776733,19.62018871307373,0.009065266698598862,0.0,585.0,normal,2.6727960109710693,2.6727960109710693
0.0,3.6280473470687866,17.071271419525146,0.009065008256584406,0.0,586.0,normal,2.433189868927002,2.433189868927002
0.0,3.482479214668274,11.790399551391602,0.009063806850463152,0.0,587.0,normal,1.875989019870758,1.875989019870758
0.0,3.480211019515991,9.428470611572266,0.009064898360520601,0.0,588.0,normal,1.6393425464630127,1.6393425464630127
0.0,3.4240386486053467,11.883031845092773,0.009062227793037891,0.0,589.0,normal,1.873564064502716,1.873564064502716
0.0,3.4138591289520264,11.46512222290039,0.009063292760401964,0.0,590.0,normal,1.8297373056411743,1.8297373056411743
0.0,3.5926228761672974,19.993118286132812,0.009064297191798687,0.0,591.0,normal,2.7182897329330444,2.7182897329330444
0.0,3.6192673444747925,24.7226619720459,0.009061498567461967,0.0,592.0,normal,3.1965728998184204,3.1965728998184204
0.0,3.3664029836654663,15.83859372138977,0.009060155134648085,0.0,593.0,normal,2.257593035697937,2.257593035697937
0.0,3.491459012031555,14.500340938568115,0.009061471559107304,0.0,594.0,normal,2.148778975009918,2.148778975009918
0.0,3.341901421546936,9.699527740478516,0.009060330223292112,0.0,595.0,normal,1.6387860774993896,1.6387860774993896
0.0,3.4527530670166016,19.86194086074829,0.009060750715434551,0.0,596.0,normal,2.6771976947784424,2.6771976947784424
0.0,3.5196653604507446,23.787173748016357,0.009063506498932838,0.0,597.0,normal,3.0831037759780884,3.0831037759780884
0.0,3.5059409141540527,18.140101432800293,0.009062116034328938,0.0,598.0,normal,2.5156514644622803,2.5156514644622803
0.0,3.4298731088638306,16.60879421234131,0.009060644078999758,0.0,599.0,normal,2.3473070561885834,2.3473070561885834
0.0,3.471487879753113,19.532537937164307,0.009060855954885483,0.0,600.0,normal,2.648004412651062,2.648004412651062
0.0,3.409968137741089,11.754360675811768,0.009063445497304201,0.0,601.0,normal,1.857882797718048,1.857882797718048
0.0,3.277577042579651,15.768450736999512,0.009061585646122694,0.0,602.0,normal,2.2328134775161743,2.2328134775161743
0.0,3.2074782848358154,11.530556678771973,0.009064407553523779,0.0,603.0,normal,1.7950046062469482,1.7950046062469482
0.0,3.2394720315933228,9.609544277191162,0.009063413366675377,0.0,604.0,normal,1.609302043914795,1.609302043914795
0.0,3.377391815185547,11.307305812835693,0.009064753539860249,0.0,605.0,normal,1.8066622018814087,1.8066622018814087
0.0,3.29207980632782,11.659405708312988,0.009069499559700489,0.0,606.0,normal,1.8248100280761719,1.8248100280761719
0.0,3.376084566116333,11.19495153427124,0.009069491643458605,0.0,607.0,normal,1.7951655387878418,1.7951655387878418
0.0,3.300218343734741,8.966947555541992,0.009063228964805603,0.0,608.0,normal,1.557191550731659,1.557191550731659
0.0,3.2322957515716553,8.517140865325928,0.009062055964022875,0.0,609.0,normal,1.4986263513565063,1.4986263513565063
0.0,3.280066132545471,9.791709899902344,0.009061119984835386,0.0,610.0,normal,1.63563734292984,1.63563734292984
0.0,3.261936664581299,8.372182846069336,0.009060625918209553,0.0,611.0,normal,1.4900586009025574,1.4900586009025574
0.0,3.239254355430603,9.763951539993286,0.009059869218617678,0.0,612.0,normal,1.624699056148529,1.624699056148529
0.0,3.2194117307662964,9.850905418395996,0.009059083182364702,0.0,613.0,normal,1.6294258832931519,1.6294258832931519
0.0,3.233784556388855,8.742607593536377,0.009058712981641293,0.0,614.0,normal,1.5214706063270569,1.5214706063270569
0.0,3.3005013465881348,7.7695465087890625,0.009058930911123753,0.0,615.0,normal,1.4375078678131104,1.4375078678131104
0.0,3.2983081340789795,8.025875568389893,0.009058082941919565,0.0,616.0,normal,1.4627020955085754,1.4627020955085754
0.0,3.2168235778808594,11.242836952209473,0.009055767208337784,0.0,617.0,normal,1.7681012153625488,1.7681012153625488
0.0,3.205140471458435,8.218616962432861,0.009056172799319029,0.0,618.0,normal,1.4633426666259766,1.4633426666259766
0.0,3.189260721206665,7.81770658493042,0.009055154398083687,0.0,619.0,normal,1.4200755655765533,1.4200755655765533
0.0,3.1791847944259644,8.034786224365234,0.009061815682798624,0.0,620.0,normal,1.4397687315940857,1.4397687315940857
0.0,3.223265767097473,7.2749574184417725,0.009058815892785788,0.0,621.0,normal,1.3726018071174622,1.3726018071174622
0.0,3.2347863912582397,10.884572267532349,0.009061917196959257,0.0,622.0,normal,1.73586767911911,1.73586767911911
0.0,3.191641330718994,12.47536015510559,0.009058545809239149,0.0,623.0,normal,1.886317253112793,1.886317253112793
0.0,3.2707135677337646,13.068705558776855,0.00906149996444583,0.0,624.0,normal,1.9614663124084473,1.9614663124084473
0.0,3.2091134786605835,13.474015712738037,0.00905766524374485,0.0,625.0,normal,1.9896771311759949,1.9896771311759949
0.0,3.23080313205719,9.703855037689209,0.009058407042175531,0.0,626.0,normal,1.616999089717865,1.616999089717865
0.0,3.1389065980911255,10.34765338897705,0.009056569542735815,0.0,627.0,normal,1.662999451160431,1.662999451160431
0.0,3.1834806203842163,6.395256280899048,0.009056086651980877,0.0,628.0,normal,1.2766746282577515,1.2766746282577515
0.0,3.163022994995117,10.832414627075195,0.009055734146386385,0.0,629.0,normal,1.7162988781929016,1.7162988781929016
0.0,3.151450991630554,7.522082567214966,0.009055213071405888,0.0,630.0,normal,1.3829513192176819,1.3829513192176819
0.0,3.1219680309295654,7.141804218292236,0.009055472444742918,0.0,631.0,normal,1.3390268683433533,1.3390268683433533
0.0,3.1385685205459595,11.026962280273438,0.009054978843778372,0.0,632.0,normal,1.73086279630661,1.73086279630661
0.0,3.365170955657959,23.06527614593506,0.00905759446322918,0.0,633.0,normal,2.980014741420746,2.980014741420746
0.0,3.192425847053528,33.20258903503418,0.00905347103253007,0.0,634.0,normal,3.9591968059539795,3.9591968059539795
0.0,3.4932795763015747,30.64378070831299,0.009072849527001381,0.0,635.0,normal,3.7634875774383545,3.7634875774383545
0.0,3.0585001707077026,22.18815326690674,0.009071778506040573,0.0,636.0,normal,2.830968976020813,2.830968976020813
0.0,3.1754719018936157,16.14435386657715,0.009063903708010912,0.0,637.0,normal,2.249983012676239,2.249983012676239
0.0,3.1307485103607178,8.446218490600586,0.009063259698450565,0.0,638.0,normal,1.4712247252464294,1.4712247252464294
0.0,3.401570439338684,10.870594501495361,0.009063062723726034,0.0,639.0,normal,1.7678267359733582,1.7678267359733582
0.0,3.1608091592788696,8.388991117477417,0.009064813144505024,0.0,640.0,normal,1.4715142250061035,1.4715142250061035
0.0,3.0372003316879272,18.2443265914917,0.009060179814696312,0.0,641.0,normal,2.4323256611824036,2.4323256611824036
0.0,3.2135921716690063,12.111853122711182,0.00905971648171544,0.0,642.0,normal,1.854356825351715,1.854356825351715
0.0,3.2319740056991577,7.5118396282196045,0.009061646182090044,0.0,643.0,normal,1.3980318903923035,1.3980318903923035
0.0,3.2234020233154297,12.214776754379272,0.00905750272795558,0.0,644.0,normal,1.866611123085022,1.866611123085022
0.0,3.059394359588623,11.84066390991211,0.00905629713088274,0.0,645.0,normal,1.7963981628417969,1.7963981628417969
0.0,3.1197121143341064,16.27702832221985,0.009058199357241392,0.0,646.0,normal,2.2520981431007385,2.2520981431007385
0.0,2.996196985244751,8.235794305801392,0.00905664637684822,0.0,647.0,normal,1.423271656036377,1.423271656036377
0.0,3.0929222106933594,8.479987144470215,0.009057234041392803,0.0,648.0,normal,1.4670360684394836,1.4670360684394836
0.0,3.1094967126846313,11.12855863571167,0.009056827519088984,0.0,649.0,normal,1.7352081537246704,1.7352081537246704
0.0,3.0416877269744873,9.099754571914673,0.009056580252945423,0.0,650.0,normal,1.5187658667564392,1.5187658667564392
0.0,3.1547677516937256,9.757855892181396,0.009055948350578547,0.0,651.0,normal,1.6071919798851013,1.6071919798851013
0.0,3.020973563194275,9.102749824523926,0.009054590482264757,0.0,652.0,normal,1.5149224996566772,1.5149224996566772
0.0,3.0145509839057922,14.510249376296997,0.009056488517671824,0.0,653.0,normal,2.0543880462646484,2.0543880462646484
0.0,3.110788106918335,10.891554355621338,0.009054753463715315,0.0,654.0,normal,1.7117658853530884,1.7117658853530884
0.0,3.019417464733124,8.424170732498169,0.009057083632797003,0.0,655.0,normal,1.4467535018920898,1.4467535018920898
0.0,3.008548378944397,11.552699208259583,0.009057117626070976,0.0,656.0,normal,1.7574325501918793,1.7574325501918793
0.0,3.1130884885787964,10.835657596588135,0.009055424947291613,0.0,657.0,normal,1.706636369228363,1.706636369228363
0.0,2.966817617416382,15.452849388122559,0.009054080583155155,0.0,658.0,normal,2.139101207256317,2.139101207256317
0.0,3.058590054512024,12.725783824920654,0.00905426824465394,0.0,659.0,normal,1.884749174118042,1.884749174118042
0.0,3.1232616901397705,14.693114757537842,0.009053418412804604,0.0,660.0,normal,2.094416558742523,2.094416558742523
0.0,3.0543497800827026,14.305985450744629,0.009057879913598299,0.0,661.0,normal,2.041921377182007,2.041921377182007
0.0,3.015268564224243,9.978980541229248,0.009058640338480473,0.0,662.0,normal,1.6014047265052795,1.6014047265052795
0.0,3.022271990776062,8.296307563781738,0.009057431947439909,0.0,663.0,normal,1.4345380663871765,1.4345380663871765
0.0,2.9287798404693604,8.270202159881592,0.00906057981774211,0.0,664.0,normal,1.41322922706604,1.41322922706604
0.0,2.870452880859375,8.668379783630371,0.009054495487362146,0.0,665.0,normal,1.4413813352584839,1.4413813352584839
0.0,3.0110124349594116,7.316949844360352,0.009055535774677992,0.0,666.0,normal,1.3343502283096313,1.3343502283096313
0.0,3.1311899423599243,10.522249698638916,0.009062322322279215,0.0,667.0,normal,1.678916096687317,1.678916096687317
0.0,3.047222375869751,5.637846350669861,0.009076780173927546,0.0,668.0,normal,1.1736829280853271,1.1736829280853271
0.0,2.9884798526763916,11.550453186035156,0.009064764715731144,0.0,669.0,normal,1.7531946301460266,1.7531946301460266
0.0,3.033727288246155,5.853016138076782,0.009061222430318594,0.0,670.0,normal,1.1925001740455627,1.1925001740455627
0.0,2.9754559993743896,8.629612445831299,0.009074094239622355,0.0,671.0,normal,1.4585062265396118,1.4585062265396118
0.0,2.937364339828491,6.777007341384888,0.009065022226423025,0.0,672.0,normal,1.2656269073486328,1.2656269073486328
0.0,2.992169499397278,6.56934380531311,0.009064068552106619,0.0,673.0,normal,1.2558215260505676,1.2558215260505676
0.0,2.9295088052749634,12.761151313781738,0.009070691652595997,0.0,674.0,normal,1.8624705076217651,1.8624705076217651
0.0,2.964362621307373,9.482753038406372,0.009178170934319496,0.0,675.0,normal,1.5416067838668823,1.5416067838668823
0.0,2.7925941348075867,8.84204912185669,0.009099956136196852,0.0,676.0,normal,1.4431787729263306,1.4431787729263306
0.0,2.8661251068115234,6.309035062789917,0.009076600428670645,0.0,677.0,normal,1.204582393169403,1.204582393169403
0.0,2.8766770362854004,9.175700902938843,0.009071577340364456,0.0,678.0,normal,1.493359088897705,1.493359088897705
0.0,2.913330316543579,6.688607692718506,0.009080566000193357,0.0,679.0,normal,1.2519809007644653,1.2519809007644653
0.0,2.8612184524536133,5.912554502487183,0.009078849107027054,0.0,680.0,normal,1.163953185081482,1.163953185081482
0.0,2.8702070713043213,6.45323634147644,0.009072893764823675,0.0,681.0,normal,1.2198187112808228,1.2198187112808228
0.0,2.854494869709015,7.3458411693573,0.009069416206330061,0.0,682.0,normal,1.305936574935913,1.305936574935913
0.0,2.8663500547409058,8.577120780944824,0.009072335436940193,0.0,683.0,normal,1.4314357042312622,1.4314357042312622
0.0,2.8411844968795776,7.360252380371094,0.009068481158465147,0.0,684.0,normal,1.3047155737876892,1.3047155737876892
0.0,2.861997127532959,6.282352924346924,0.009075119625777006,0.0,685.0,normal,1.2010884881019592,1.2010884881019592
0.0,2.8692351579666138,7.88825798034668,0.009067417588084936,0.0,686.0,normal,1.363126277923584,1.363126277923584
0.0,2.8905296325683594,6.579315900802612,0.009067008271813393,0.0,687.0,normal,1.2364909648895264,1.2364909648895264
0.0,2.9281169176101685,6.69124436378479,0.009069420862942934,0.0,688.0,normal,1.255201280117035,1.255201280117035
0.0,2.82913476228714,6.320294380187988,0.00906871585175395,0.0,689.0,normal,1.19830983877182,1.19830983877182
0.0,2.878037929534912,5.724440336227417,0.009065414778888226,0.0,690.0,normal,1.1485048830509186,1.1485048830509186
0.0,2.859317660331726,7.417577266693115,0.009065553545951843,0.0,691.0,normal,1.3140745162963867,1.3140745162963867
0.0,2.8338780403137207,10.05217456817627,0.009066440630704165,0.0,692.0,normal,1.572446346282959,1.572446346282959
0.0,2.7871073484420776,12.196980953216553,0.009065135382115841,0.0,693.0,normal,1.7775728702545166,1.7775728702545166
0.0,2.8519729375839233,10.820021629333496,0.009062863420695066,0.0,694.0,normal,1.6528499722480774,1.6528499722480774
0.0,2.6966885328292847,10.98853588104248,0.009063716046512127,0.0,695.0,normal,1.638644516468048,1.638644516468048
0.0,2.891910195350647,11.913466930389404,0.009063169825822115,0.0,696.0,normal,1.7701820135116577,1.7701820135116577
0.0,2.8519253730773926,13.09895133972168,0.009077305905520916,0.0,697.0,normal,1.8807340264320374,1.8807340264320374
0.0,2.8185619115829468,12.165860652923584,0.009095198474824429,0.0,698.0,normal,1.7807533144950867,1.7807533144950867
0.0,2.7815102338790894,9.640974998474121,0.009108818136155605,0.0,699.0,normal,1.5208550095558167,1.5208550095558167
0.0,2.9492037296295166,8.452607154846191,0.009073401801288128,0.0,700.0,normal,1.4355552196502686,1.4355552196502686
0.0,2.6589571833610535,9.228377342224121,0.00909748999401927,0.0,701.0,normal,1.4550840854644775,1.4550840854644775
0.0,2.8813908100128174,9.699418544769287,0.009082848206162453,0.0,702.0,normal,1.5466741919517517,1.5466741919517517
0.0,2.747524857521057,9.145292282104492,0.009081585332751274,0.0,703.0,normal,1.4644883275032043,1.4644883275032043
0.0,2.7679009437561035,11.59294080734253,0.009067742619663477,0.0,704.0,normal,1.713327705860138,1.713327705860138
0.0,2.728443741798401,12.520999431610107,0.009073581080883741,0.0,705.0,normal,1.798242449760437,1.798242449760437
0.0,2.8680918216705322,15.748282432556152,0.009069255087524652,0.0,706.0,normal,2.1488999724388123,2.1488999724388123
0.0,2.709473490715027,19.006086349487305,0.00907595967873931,0.0,707.0,normal,2.4429572224617004,2.4429572224617004
0.0,2.8728089332580566,15.025930881500244,0.009088383987545967,0.0,708.0,normal,2.077609360218048,2.077609360218048
0.0,2.7251696586608887,20.06189775466919,0.009068114683032036,0.0,709.0,normal,2.5516770780086517,2.5516770780086517
0.0,3.2464635372161865,33.347121238708496,0.009139530826359987,0.0,710.0,normal,3.984461784362793,3.984461784362793
0.0,2.81194269657135,31.897786140441895,0.00909591419622302,0.0,711.0,normal,3.752622127532959,3.752622127532959
0.0,3.0633873343467712,17.631054878234863,0.009064159821718931,0.0,712.0,normal,2.376236081123352,2.376236081123352
0.0,2.6699016094207764,12.060805320739746,0.009080196265131235,0.0,713.0,normal,1.7405149340629578,1.7405149340629578
0.0,2.7710999250411987,9.942523002624512,0.009067906066775322,0.0,714.0,normal,1.548925757408142,1.548925757408142
0.0,2.909445881843567,18.863092184066772,0.009064394980669022,0.0,715.0,normal,2.4686517417430878,2.4686517417430878
0.0,2.706259846687317,13.736490726470947,0.00906260497868061,0.0,716.0,normal,1.9153541922569275,1.9153541922569275
0.0,2.667319595813751,9.743514060974121,0.009063550271093845,0.0,717.0,normal,1.5082685351371765,1.5082685351371765
0.0,2.669686198234558,10.913454532623291,0.009063744451850653,0.0,718.0,normal,1.6257359385490417,1.6257359385490417
0.0,2.6562452912330627,7.331577777862549,0.009064031299203634,0.0,719.0,normal,1.264860063791275,1.264860063791275
0.0,2.628127336502075,8.396395444869995,0.009063987527042627,0.0,720.0,normal,1.3657183051109314,1.3657183051109314
0.0,2.5972050428390503,9.094366550445557,0.009063594974577427,0.0,721.0,normal,1.4293308854103088,1.4293308854103088
0.0,2.860652804374695,11.365904808044434,0.009063135832548141,0.0,722.0,normal,1.7091742157936096,1.7091742157936096
0.0,2.6284531354904175,6.636697053909302,0.00906301336362958,0.0,723.0,normal,1.1898135542869568,1.1898135542869568
0.0,2.7690569162368774,11.844738006591797,0.009062585886567831,0.0,724.0,normal,1.7387383580207825,1.7387383580207825
0.0,2.6885902881622314,6.508692502975464,0.009062481578439474,0.0,725.0,normal,1.1890404224395752,1.1890404224395752
0.0,2.7334331274032593,10.210699081420898,0.009062359109520912,0.0,726.0,normal,1.5682096481323242,1.5682096481323242
0.0,2.6826488971710205,9.777104377746582,0.009062123950570822,0.0,727.0,normal,1.5146933794021606,1.5146933794021606
0.0,2.813185930252075,11.496175050735474,0.009062061551958323,0.0,728.0,normal,1.7127078771591187,1.7127078771591187
0.0,2.6731820106506348,10.788381576538086,0.009062305558472872,0.0,729.0,normal,1.6139276623725891,1.6139276623725891
0.0,2.7654147148132324,12.00763750076294,0.009061914402991533,0.0,730.0,normal,1.754299819469452,1.754299819469452
0.0,2.5567147731781006,17.104875087738037,0.009061339311301708,0.0,731.0,normal,2.2222835421562195,2.2222835421562195
0.0,2.9660271406173706,18.492618322372437,0.009061736054718494,0.0,732.0,normal,2.4429202675819397,2.4429202675819397
0.0,2.6975373029708862,13.362339973449707,0.009061299730092287,0.0,733.0,normal,1.8761945366859436,1.8761945366859436
0.0,2.768622636795044,7.711774826049805,0.009061337448656559,0.0,734.0,normal,1.3253551721572876,1.3253551721572876
0.0,2.70600426197052,9.091059923171997,0.009060986340045929,0.0,735.0,normal,1.4507598876953125,1.4507598876953125
0.0,2.6559914350509644,4.381817877292633,0.009060987271368504,0.0,736.0,normal,0.969833105802536,0.969833105802536
0.0,2.7040867805480957,12.210963726043701,0.00906091881915927,0.0,737.0,normal,1.762366771697998,1.762366771697998
0.0,2.586894392967224,8.373511791229248,0.009060612879693508,0.0,738.0,normal,1.3551830649375916,1.3551830649375916
0.0,2.5996392965316772,6.980053901672363,0.009060525335371494,0.0,739.0,normal,1.2183863520622253,1.2183863520622253
0.0,2.6664879322052,6.2989262342453,0.0090607819147408,0.0,740.0,normal,1.1636432707309723,1.1636432707309723
0.0,2.6540361642837524,6.214519739151001,0.009060427080839872,0.0,741.0,normal,1.1527122855186462,1.1527122855186462
0.0,2.539898157119751,5.520016670227051,0.009060528129339218,0.0,742.0,normal,1.0604343712329865,1.0604343712329865
0.0,2.532958507537842,5.173689126968384,0.009060652926564217,0.0,743.0,normal,1.0244137048721313,1.0244137048721313
0.0,2.573828935623169,7.141814708709717,0.009060310199856758,0.0,744.0,normal,1.2294003069400787,1.2294003069400787
0.0,2.5884870290756226,6.85661506652832,0.009060436859726906,0.0,745.0,normal,1.2038119435310364,1.2038119435310364
0.0,2.5973293781280518,7.53130030632019,0.009059878531843424,0.0,746.0,normal,1.2730489671230316,1.2730489671230316
0.0,2.588069796562195,4.838665723800659,0.009060143027454615,0.0,747.0,normal,1.0019335746765137,1.0019335746765137
0.0,2.6246455907821655,4.736077308654785,0.00905971135944128,0.0,748.0,normal,0.9989897906780243,0.9989897906780243
0.0,2.5551233291625977,5.171515583992004,0.009060364682227373,0.0,749.0,normal,1.0286292433738708,1.0286292433738708
0.0,2.6379237174987793,5.2822346687316895,0.009059714153409004,0.0,750.0,normal,1.0562612414360046,1.0562612414360046
0.0,2.520370602607727,4.669580459594727,0.009060447104275227,0.0,751.0,normal,0.9714851975440979,0.9714851975440979
0.0,2.5356398820877075,6.120646953582764,0.009059702046215534,0.0,752.0,normal,1.1196456849575043,1.1196456849575043
0.0,2.6065295934677124,6.450845003128052,0.00905932579189539,0.0,753.0,normal,1.166843444108963,1.166843444108963
0.0,2.527117669582367,7.469078302383423,0.009059510193765163,0.0,754.0,normal,1.2527843713760376,1.2527843713760376
0.0,2.604092001914978,6.887725234031677,0.009059468284249306,0.0,755.0,normal,1.2100439071655273,1.2100439071655273
0.0,2.491933763027191,4.69041895866394,0.009059400297701359,0.0,756.0,normal,0.967881590127945,0.967881590127945
0.0,2.5305296182632446,4.786056041717529,0.009059330448508263,0.0,757.0,normal,0.9851645529270172,0.9851645529270172
0.0,2.5108805894851685,5.079021573066711,0.00905880518257618,0.0,758.0,normal,1.0105312168598175,1.0105312168598175
0.0,2.5027248859405518,5.216150164604187,0.009059323463588953,0.0,759.0,normal,1.022612988948822,1.022612988948822
0.0,2.522852897644043,5.012524127960205,0.009058661293238401,0.0,760.0,normal,1.0062758922576904,1.0062758922576904
0.0,2.4926986694335938,6.06978303194046,0.009058515075594187,0.0,761.0,normal,1.1059710383415222,1.1059710383415222
0.0,2.5331904888153076,5.810995697975159,0.00905962847173214,0.0,762.0,normal,1.0881906747817993,1.0881906747817993
0.0,2.4831156730651855,5.17421281337738,0.009058685973286629,0.0,763.0,normal,1.0144973695278168,1.0144973695278168
0.0,2.481593668460846,4.669976592063904,0.009059443138539791,0.0,764.0,normal,0.9637693464756012,0.9637693464756012
0.0,2.464553117752075,5.257770776748657,0.00905857514590025,0.0,765.0,normal,1.0191406309604645,1.0191406309604645
0.0,2.5911530256271362,6.5259108543396,0.009058832190930843,0.0,766.0,normal,1.1712746620178223,1.1712746620178223
0.0,2.5693151354789734,6.6508166790008545,0.009059000294655561,0.0,767.0,normal,1.1793976426124573,1.1793976426124573
0.0,2.527060389518738,6.3195319175720215,0.00905931694433093,0.0,768.0,normal,1.1378182768821716,1.1378182768821716
0.0,2.5114104747772217,8.121970176696777,0.009061221033334732,0.0,769.0,normal,1.3149321675300598,1.3149321675300598
0.0,2.6012543439865112,8.203206539154053,0.009063005913048983,0.0,770.0,normal,1.3410247266292572,1.3410247266292572
0.0,2.511865973472595,6.963370680809021,0.009060187730938196,0.0,771.0,normal,1.1991633176803589,1.1991633176803589
0.0,2.6160587072372437,6.132812976837158,0.009061345364898443,0.0,772.0,normal,1.136946201324463,1.136946201324463
0.0,2.7192479372024536,5.513025403022766,0.009060027077794075,0.0,773.0,normal,1.095605194568634,1.095605194568634
0.0,2.4897654056549072,5.551219940185547,0.009058721829205751,0.0,774.0,normal,1.0535281002521515,1.0535281002521515
0.0,2.4753127098083496,5.97594678401947,0.009059115778654814,0.0,775.0,normal,1.0931102335453033,1.0931102335453033
0.0,2.5813480615615845,5.108416557312012,0.009058841038495302,0.0,776.0,normal,1.0275642573833466,1.0275642573833466
0.0,2.5992562770843506,4.694664001464844,0.009058475028723478,0.0,777.0,normal,0.9897705912590027,0.9897705912590027
0.0,2.495726466178894,4.017512679100037,0.009057834278792143,0.0,778.0,normal,0.9013495147228241,0.9013495147228241
0.0,2.4817307591438293,4.174493432044983,0.009056494571268559,0.0,779.0,normal,0.9142483472824097,0.9142483472824097
0.0,2.494226813316345,4.402258396148682,0.009057173505425453,0.0,780.0,normal,0.9395240545272827,0.9395240545272827
0.0,2.4360408782958984,4.613932371139526,0.009056515991687775,0.0,781.0,normal,0.9490542411804199,0.9490542411804199
0.0,2.522512435913086,4.853358745574951,0.009056741371750832,0.0,782.0,normal,0.990291178226471,0.990291178226471
0.0,2.4751769304275513,3.994201183319092,0.009058597963303328,0.0,783.0,normal,0.8949084579944611,0.8949084579944611
0.0,2.491337537765503,4.223992347717285,0.00906172301620245,0.0,784.0,normal,0.9211198389530182,0.9211198389530182
0.0,2.4681904315948486,3.8718181848526,0.009066998027265072,0.0,785.0,normal,0.8812732696533203,0.8812732696533203
0.0,2.455036997795105,4.115291357040405,0.009128468576818705,0.0,786.0,normal,0.9029929935932159,0.9029929935932159
0.0,2.458386242389679,4.753982186317444,0.009063403122127056,0.0,787.0,normal,0.9675287306308746,0.9675287306308746
0.0,2.432646334171295,5.152936220169067,0.009095568675547838,0.0,788.0,normal,1.002277672290802,1.002277672290802
0.0,2.4222469329833984,4.918182849884033,0.009088492952287197,0.0,789.0,normal,0.9767221510410309,0.9767221510410309
0.0,2.4714603424072266,4.229158282279968,0.009073364548385143,0.0,790.0,normal,0.9176616072654724,0.9176616072654724
0.0,2.500492811203003,4.268144130706787,0.009072030428797007,0.0,791.0,normal,0.9273666441440582,0.9273666441440582
0.0,2.5072434544563293,5.134768962860107,0.009062257595360279,0.0,792.0,normal,1.0153786838054657,1.0153786838054657
0.0,2.435434341430664,5.749535381793976,0.009062453638762236,0.0,793.0,normal,1.0624935328960419,1.0624935328960419
0.0,2.4988389015197754,4.7819905281066895,0.00906037027016282,0.0,794.0,normal,0.9784198701381683,0.9784198701381683
0.0,2.510068893432617,5.419849395751953,0.009060217067599297,0.0,795.0,normal,1.044451743364334,1.044451743364334
0.0,2.3983458280563354,4.144930839538574,0.009061010554432869,0.0,796.0,normal,0.8946152627468109,0.8946152627468109
0.0,2.3895307779312134,6.077055215835571,0.009060990065336227,0.0,797.0,normal,1.0860647857189178,1.0860647857189178
0.0,2.483786106109619,6.865107774734497,0.009059466887265444,0.0,798.0,normal,1.1837210059165955,1.1837210059165955
0.0,2.434273600578308,3.9469188451766968,0.00905914418399334,0.0,799.0,normal,0.8819996118545532,0.8819996118545532
0.0,2.4652148485183716,4.291095495223999,0.009059172123670578,0.0,800.0,normal,0.9226054847240448,0.9226054847240448
0.0,2.52868390083313,7.041101694107056,0.009058956522494555,0.0,801.0,normal,1.2102999091148376,1.2102999091148376
0.0,2.510772705078125,7.728707790374756,0.009058434050530195,0.0,802.0,normal,1.2754782438278198,1.2754782438278198
0.0,2.4739540815353394,8.461158275604248,0.009058504365384579,0.0,803.0,normal,1.3413596153259277,1.3413596153259277
0.0,2.450746178627014,7.4194886684417725,0.009056536946445704,0.0,804.0,normal,1.2325509786605835,1.2325509786605835
0.0,2.53696608543396,5.967571496963501,0.009057685267180204,0.0,805.0,normal,1.1046032309532166,1.1046032309532166
0.0,2.4583349227905273,6.699353218078613,0.009055193047970533,0.0,806.0,normal,1.1620550751686096,1.1620550751686096
0.0,2.5455063581466675,7.031143426895142,0.009052540175616741,0.0,807.0,normal,1.2126682996749878,1.2126682996749878
0.0,2.3999226093292236,4.905590057373047,0.009050856810063124,0.0,808.0,normal,0.9709960520267487,0.9709960520267487
0.0,2.445056200027466,5.005492806434631,0.00904505094513297,0.0,809.0,normal,0.9900127947330475,0.9900127947330475
0.0,2.3923898935317993,4.537065029144287,0.009032105561345816,0.0,810.0,normal,0.9326361119747162,0.9326361119747162
0.0,2.387823224067688,3.668815851211548,0.009048097766935825,0.0,811.0,normal,0.8448986411094666,0.8448986411094666
0.0,2.3820329904556274,3.796668291091919,0.009096196386963129,0.0,812.0,normal,0.8565282821655273,0.8565282821655273
0.0,2.3982142210006714,3.5293660759925842,0.009021203499287367,0.0,813.0,normal,0.8330305516719818,0.8330305516719818
0.0,2.397313356399536,3.6967421770095825,0.009087865706533194,0.0,814.0,normal,0.8495912849903107,0.8495912849903107
0.0,2.3649024963378906,4.172891736030579,0.009069946128875017,0.0,815.0,normal,0.8907231688499451,0.8907231688499451
0.0,2.454994320869446,4.872912883758545,0.009061629418283701,0.0,816.0,normal,0.9787431955337524,0.9787431955337524
0.0,2.41685950756073,5.4714295864105225,0.009056846145540476,0.0,817.0,normal,1.0309677124023438,1.0309677124023438
0.0,2.377949357032776,5.304341077804565,0.009061270859092474,0.0,818.0,normal,1.0064770877361298,1.0064770877361298
0.0,2.38772189617157,4.220781326293945,0.009060585405677557,0.0,819.0,normal,0.9000755846500397,0.9000755846500397
0.0,2.4789624214172363,4.207205176353455,0.009060711599886417,0.0,820.0,normal,0.916966050863266,0.916966050863266
0.0,2.334847927093506,4.988420009613037,0.009060514159500599,0.0,821.0,normal,0.9662646055221558,0.9662646055221558
0.0,2.3972896337509155,3.4116528034210205,0.009060378652065992,0.0,822.0,normal,0.8210762441158295,0.8210762441158295
0.0,2.3647764921188354,5.850953102111816,0.009064214769750834,0.0,823.0,normal,1.0585038661956787,1.0585038661956787
0.0,2.548533797264099,8.109772682189941,0.00906432420015335,0.0,824.0,normal,1.3211371898651123,1.3211371898651123
0.0,2.5243396759033203,7.137281894683838,0.009064049925655127,0.0,825.0,normal,1.219049334526062,1.219049334526062
0.0,2.6784404516220093,6.883866786956787,0.009062775876373053,0.0,826.0,normal,1.224527895450592,1.224527895450592
0.0,2.5033199191093445,14.19258975982666,0.009062928147614002,0.0,827.0,normal,1.9203761219978333,1.9203761219978333
0.0,2.4139275550842285,10.147295951843262,0.009063557256013155,0.0,828.0,normal,1.497968316078186,1.497968316078186
0.0,2.4819042682647705,7.037110805511475,0.009062496479600668,0.0,829.0,normal,1.200545072555542,1.200545072555542
0.0,2.3266860246658325,5.534231781959534,0.00906275724992156,0.0,830.0,normal,1.0192135274410248,1.0192135274410248
0.0,2.447457790374756,6.1548895835876465,0.009061919990926981,0.0,831.0,normal,1.1054336428642273,1.1054336428642273
0.0,2.343454122543335,8.229053497314453,0.009060577489435673,0.0,832.0,normal,1.2920491695404053,1.2920491695404053
0.0,2.461256504058838,9.499471664428711,0.00906053651124239,0.0,833.0,normal,1.4426515102386475,1.4426515102386475
0.0,2.5038684606552124,10.226855278015137,0.009062227327376604,0.0,834.0,normal,1.5239123702049255,1.5239123702049255
0.0,2.604678511619568,12.143890380859375,0.00906761223450303,0.0,835.0,normal,1.7357781529426575,1.7357781529426575
0.0,2.377529501914978,17.602429389953613,0.009065408259630203,0.0,836.0,normal,2.2362022399902344,2.2362022399902344
0.0,2.792443871498108,25.263856887817383,0.009064466692507267,0.0,837.0,normal,3.085327625274658,3.085327625274658
0.0,2.518327832221985,29.174771904945374,0.009062906261533499,0.0,838.0,normal,3.42159566283226,3.42159566283226
0.0,2.886003017425537,22.416749477386475,0.009066412225365639,0.0,839.0,normal,2.819328874349594,2.819328874349594
0.0,2.5359866619110107,13.375702857971191,0.009065131656825542,0.0,840.0,normal,1.8452209532260895,1.8452209532260895
0.0,2.5272070169448853,17.71088218688965,0.009060235228389502,0.0,841.0,normal,2.276982545852661,2.276982545852661
0.0,2.6384817361831665,26.943950176239014,0.009061291813850403,0.0,842.0,normal,3.2225444316864014,3.2225444316864014
0.0,2.762956202030182,26.89772593975067,0.00906024919822812,0.0,843.0,normal,3.242816835641861,3.242816835641861
0.0,2.2398297786712646,21.99097204208374,0.009059852454811335,0.0,844.0,normal,2.647516131401062,2.647516131401062
0.0,2.68863844871521,11.847956418991089,0.00905997445806861,0.0,845.0,normal,1.7229763269424438,1.7229763269424438
0.0,2.4978885650634766,13.892635464668274,0.009060855023562908,0.0,846.0,normal,1.8892943859100342,1.8892943859100342
0.0,2.493428349494934,14.038139462471008,0.009059679228812456,0.0,847.0,normal,1.9029525816440582,1.9029525816440582
0.0,2.6594775319099426,20.69180703163147,0.009060455951839685,0.0,848.0,normal,2.6015291810035706,2.6015291810035706
0.0,2.5674452781677246,11.075196981430054,0.00905965594574809,0.0,849.0,normal,1.6214617490768433,1.6214617490768433
0.0,2.5773528814315796,7.662752151489258,0.009062724653631449,0.0,850.0,normal,1.282198965549469,1.282198965549469
0.0,2.392686367034912,7.486157655715942,0.009059392847120762,0.0,851.0,normal,1.2276060581207275,1.2276060581207275
0.0,2.3685942888259888,6.32835841178894,0.009058960247784853,0.0,852.0,normal,1.1070076823234558,1.1070076823234558
0.0,2.4721568822860718,9.710834503173828,0.009059650357812643,0.0,853.0,normal,1.4659677743911743,1.4659677743911743
0.0,2.3650052547454834,8.3858060836792,0.009059176314622164,0.0,854.0,normal,1.3120346069335938,1.3120346069335938
0.0,2.328208804130554,7.594714879989624,0.009059286676347256,0.0,855.0,normal,1.225566178560257,1.225566178560257
0.0,2.5782957077026367,9.677047491073608,0.009059397969394922,0.0,856.0,normal,1.4838168323040009,1.4838168323040009
0.0,2.371986508369446,8.544562935829163,0.009059098549187183,0.0,857.0,normal,1.3293064832687378,1.3293064832687378
0.0,2.633498191833496,9.7665433883667,0.009059523697942495,0.0,858.0,normal,1.5038069486618042,1.5038069486618042
0.0,2.3807931542396545,9.884587287902832,0.009061047807335854,0.0,859.0,normal,1.4650704860687256,1.4650704860687256
0.0,2.4161912202835083,10.468115329742432,0.009061063174158335,0.0,860.0,normal,1.5305029153823853,1.5305029153823853
0.0,2.288009285926819,12.65512466430664,0.00905942590907216,0.0,861.0,normal,1.7235672771930695,1.7235672771930695
0.0,2.3333123922348022,3.803379774093628,0.009058354422450066,0.0,862.0,normal,0.8474534153938293,0.8474534153938293
0.0,2.267180323600769,5.862558603286743,0.009061485528945923,0.0,863.0,normal,1.0401450395584106,1.0401450395584106
0.0,2.340852379798889,3.0266778469085693,0.009058466646820307,0.0,864.0,normal,0.771291196346283,0.771291196346283
0.0,2.350203275680542,3.732917308807373,0.009058836847543716,0.0,865.0,normal,0.8437853455543518,0.8437853455543518
0.0,2.341066539287567,3.8462928533554077,0.009059674572199583,0.0,866.0,normal,0.8532955944538116,0.8532955944538116
0.0,2.4512003660202026,6.9446446895599365,0.009060789365321398,0.0,867.0,normal,1.1851575374603271,1.1851575374603271
0.0,2.3556119203567505,3.244706630706787,0.009060518350452185,0.0,868.0,normal,0.7960460782051086,0.7960460782051086
0.0,2.37284779548645,3.1428563594818115,0.009061093907803297,0.0,869.0,normal,0.7893082797527313,0.7893082797527313
0.0,2.3675567507743835,3.4577040672302246,0.009059169329702854,0.0,870.0,normal,0.8197347223758698,0.8197347223758698
0.0,2.3275346755981445,4.994493007659912,0.0090596922673285,0.0,871.0,normal,0.9654092192649841,0.9654092192649841
0.0,2.469836175441742,6.701597332954407,0.009060026612132788,0.0,872.0,normal,1.16457998752594,1.16457998752594
0.0,2.4035233855247498,6.2655463218688965,0.009059942793101072,0.0,873.0,normal,1.1077122688293457,1.1077122688293457
0.0,2.3738393783569336,3.274489641189575,0.009058437775820494,0.0,874.0,normal,0.8026697635650635,0.8026697635650635
0.0,2.3584622144699097,4.6788105964660645,0.009058850817382336,0.0,875.0,normal,0.9400264322757721,0.9400264322757721
0.0,2.2559983134269714,6.505295276641846,0.009059385396540165,0.0,876.0,normal,1.1021822094917297,1.1021822094917297
0.0,2.322957694530487,7.767086029052734,0.009060066193342209,0.0,877.0,normal,1.2417531311511993,1.2417531311511993
0.0,2.365967035293579,7.135966062545776,0.009059224743396044,0.0,878.0,normal,1.1872430443763733,1.1872430443763733
0.0,2.395877480506897,6.303049802780151,0.009058848023414612,0.0,879.0,normal,1.1099334955215454,1.1099334955215454
0.0,2.2536951899528503,5.344797611236572,0.0090596335940063,0.0,880.0,normal,0.9856717586517334,0.9856717586517334
0.0,2.417473316192627,4.024601697921753,0.009062012657523155,0.0,881.0,normal,0.8864079713821411,0.8864079713821411
0.0,2.294000744819641,3.9199084043502808,0.009058611001819372,0.0,882.0,normal,0.8512439429759979,0.8512439429759979
0.0,2.376454710960388,3.5875370502471924,0.009059725794941187,0.0,883.0,normal,0.8344976603984833,0.8344976603984833
0.0,2.290061116218567,2.7861671447753906,0.00905938446521759,0.0,884.0,normal,0.7370818853378296,0.7370818853378296
0.0,2.288826823234558,2.7810614109039307,0.00905927736312151,0.0,885.0,normal,0.7363244891166687,0.7363244891166687
0.0,2.272788166999817,3.597504138946533,0.009058808907866478,0.0,886.0,normal,0.8147609829902649,0.8147609829902649
0.0,2.317489981651306,4.373637795448303,0.00905899703502655,0.0,887.0,normal,0.9013147354125977,0.9013147354125977
0.0,2.262841582298279,4.0807260274887085,0.009058381896466017,0.0,888.0,normal,0.8610938489437103,0.8610938489437103
0.0,2.310352146625519,5.9522545337677,0.009058570489287376,0.0,889.0,normal,1.0577488541603088,1.0577488541603088
0.0,2.4630022048950195,10.539808988571167,0.009058884810656309,0.0,890.0,normal,1.547034353017807,1.547034353017807
0.0,2.295421838760376,6.258429765701294,0.009058269672095776,0.0,891.0,normal,1.0853802263736725,1.0853802263736725
0.0,2.24308180809021,6.601606130599976,0.009057957213371992,0.0,892.0,normal,1.1092298924922943,1.1092298924922943
0.0,2.2367634177207947,2.726756513118744,0.009058072231709957,0.0,893.0,normal,0.7204812467098236,0.7204812467098236
0.0,2.3585673570632935,4.5167810916900635,0.009058207273483276,0.0,894.0,normal,0.9238444864749908,0.9238444864749908
0.0,2.394726514816284,3.562708020210266,0.009057828690856695,0.0,895.0,normal,0.8356690406799316,0.8356690406799316
0.0,2.320720076560974,2.954893469810486,0.009058874100446701,0.0,896.0,normal,0.7600863575935364,0.7600863575935364
0.0,2.23848032951355,4.391199111938477,0.009058278519660234,0.0,897.0,normal,0.8872689008712769,0.8872689008712769
0.0,2.284356117248535,4.28593897819519,0.009059508796781301,0.0,898.0,normal,0.8859181106090546,0.8859181106090546
0.0,2.361659288406372,4.337282657623291,0.00905824126675725,0.0,899.0,normal,0.9065130650997162,0.9065130650997162
0.0,2.2451654076576233,2.992663264274597,0.009060129057615995,0.0,900.0,normal,0.7487524449825287,0.7487524449825287
0.0,2.2623599767684937,2.747130274772644,0.00905896769836545,0.0,901.0,normal,0.727637991309166,0.727637991309166
0.0,2.2850363850593567,2.9467270970344543,0.009062747936695814,0.0,902.0,normal,0.7521331608295441,0.7521331608295441
0.0,2.2294376492500305,4.616795897483826,0.009059435687959194,0.0,903.0,normal,0.9080201089382172,0.9080201089382172
0.0,2.463862419128418,7.687926769256592,0.009061446413397789,0.0,904.0,normal,1.2620182633399963,1.2620182633399963
0.0,2.3557558059692383,4.63072395324707,0.00906106224283576,0.0,905.0,normal,0.9346765875816345,0.9346765875816345
0.0,2.2824116945266724,5.3546775579452515,0.009061758872121572,0.0,906.0,normal,0.9924032390117645,0.9924032390117645
0.0,2.2962542176246643,8.906940221786499,0.009059784468263388,0.0,907.0,normal,1.3503978848457336,1.3503978848457336
0.0,2.506158232688904,9.72844409942627,0.00906178867444396,0.0,908.0,normal,1.474529206752777,1.474529206752777
0.0,2.4468348026275635,14.357896327972412,0.009060437325388193,0.0,909.0,normal,1.9256095886230469,1.9256095886230469
0.0,2.4276117086410522,16.188934564590454,0.009061687160283327,0.0,910.0,normal,2.1048688888549805,2.1048688888549805
0.0,2.493306875228882,6.250356435775757,0.009062172845005989,0.0,911.0,normal,1.1241500973701477,1.1241500973701477
0.0,2.463541030883789,9.564236164093018,0.009059438481926918,0.0,912.0,normal,1.449584811925888,1.449584811925888
0.0,2.4451311826705933,12.311253190040588,0.009060368873178959,0.0,913.0,normal,1.7206045985221863,1.7206045985221863
0.0,2.6024482250213623,7.72953474521637,0.009060387499630451,0.0,914.0,normal,1.293896198272705,1.293896198272705
0.0,2.3308794498443604,5.803892374038696,0.009067744016647339,0.0,915.0,normal,1.0470184981822968,1.0470184981822968
0.0,2.443408489227295,10.24007773399353,0.009062640368938446,0.0,916.0,normal,1.5131425857543945,1.5131425857543945
0.0,2.360685348510742,6.863667130470276,0.009066060185432434,0.0,917.0,normal,1.158957064151764,1.158957064151764
0.0,2.2679768800735474,11.61415719985962,0.009062101598829031,0.0,918.0,normal,1.6154642701148987,1.6154642701148987
0.0,2.560193657875061,3.9318788051605225,0.009063989389687777,0.0,919.0,normal,0.9056798219680786,0.9056798219680786
0.0,2.5433040857315063,6.847533464431763,0.00906251510605216,0.0,920.0,normal,1.1938673555850983,1.1938673555850983
0.0,2.202146530151367,7.1441755294799805,0.009060392621904612,0.0,921.0,normal,1.1552999317646027,1.1552999317646027
0.0,2.1496514081954956,5.985235214233398,0.009062489960342646,0.0,922.0,normal,1.0289069414138794,1.0289069414138794
0.0,2.2266701459884644,3.5115853548049927,0.009061107411980629,0.0,923.0,normal,0.7969456315040588,0.7969456315040588
0.0,2.4278148412704468,4.769560515880585,0.009060224052518606,0.0,924.0,normal,0.9629720449447632,0.9629720449447632
0.0,2.2719900012016296,7.074213981628418,0.009061054792255163,0.0,925.0,normal,1.1622724831104279,1.1622724831104279
0.0,2.3913156986236572,6.515828967094421,0.009060207288712263,0.0,926.0,normal,1.1302990913391113,1.1302990913391113
0.0,2.4353238940238953,9.051008224487305,0.009059420321136713,0.0,927.0,normal,1.3926185965538025,1.3926185965538025
0.0,2.0136020183563232,9.629402160644531,0.009059805423021317,0.0,928.0,normal,1.3661136031150818,1.3661136031150818
0.0,2.1810319423675537,8.370368719100952,0.009059004485607147,0.0,929.0,normal,1.2736962139606476,1.2736962139606476
0.0,2.3350256085395813,6.231180191040039,0.009059747215360403,0.0,930.0,normal,1.0905761420726776,1.0905761420726776
0.0,2.266465127468109,4.930477142333984,0.009059762582182884,0.0,931.0,normal,0.9467937350273132,0.9467937350273132
0.0,2.218205213546753,4.005459904670715,0.009059361182153225,0.0,932.0,normal,0.8446400463581085,0.8446400463581085
0.0,2.439227521419525,3.388394355773926,0.009058827068656683,0.0,933.0,normal,0.8271378874778748,0.8271378874778748
0.0,2.365496516227722,3.9473960399627686,0.009058774914592505,0.0,934.0,normal,0.8682918846607208,0.8682918846607208
0.0,2.31299489736557,4.3765727281570435,0.009058849886059761,0.0,935.0,normal,0.9007092118263245,0.9007092118263245
0.0,2.3075153827667236,2.8917694091796875,0.009058407973498106,0.0,936.0,normal,0.7511329650878906,0.7511329650878906
0.0,2.241179645061493,4.379227995872498,0.009058498311787844,0.0,937.0,normal,0.8866117000579834,0.8866117000579834
0.0,2.1765304803848267,5.407776594161987,0.009058398194611073,0.0,938.0,normal,0.9765366315841675,0.9765366315841675
0.0,2.432550072669983,8.055631041526794,0.009058446623384953,0.0,939.0,normal,1.2925260961055756,1.2925260961055756
0.0,2.258626341819763,8.136691331863403,0.00905805779621005,0.0,940.0,normal,1.2658473253250122,1.2658473253250122
0.0,2.377057909965515,10.534419059753418,0.009058773051947355,0.0,941.0,normal,1.5293065011501312,1.5293065011501312
0.0,2.5037745237350464,12.210741758346558,0.00905898679047823,0.0,942.0,normal,1.7222820520401,1.7222820520401
0.0,2.318780541419983,12.662785768508911,0.0090589364990592,0.0,943.0,normal,1.7304876148700714,1.7304876148700714
0.0,2.4286333322525024,8.673581004142761,0.009058431722223759,0.0,944.0,normal,1.3535377085208893,1.3535377085208893
0.0,2.5893216133117676,8.61276364326477,0.009058503434062004,0.0,945.0,normal,1.3795935809612274,1.3795935809612274
0.0,2.2103371024131775,6.580717921257019,0.009058641735464334,0.0,946.0,normal,1.1005921363830566,1.1005921363830566
0.0,2.1940186619758606,10.710923433303833,0.009058991447091103,0.0,947.0,normal,1.510349154472351,1.510349154472351
0.0,2.2190016508102417,6.356922268867493,0.009057761169970036,0.0,948.0,normal,1.07994544506073,1.07994544506073
0.0,2.6441425681114197,16.26926040649414,0.009058136027306318,0.0,949.0,normal,2.15620756149292,2.15620756149292
0.0,2.4238495230674744,16.642232418060303,0.009058104828000069,0.0,950.0,normal,2.1494460701942444,2.1494460701942444
0.0,2.209216356277466,8.430903673171997,0.009057390037924051,0.0,951.0,normal,1.2853865027427673,1.2853865027427673
0.0,2.450565457344055,9.471035122871399,0.00905766012147069,0.0,952.0,normal,1.437669575214386,1.437669575214386
0.0,2.2981987595558167,8.867826461791992,0.009057382587343454,0.0,953.0,normal,1.3468753099441528,1.3468753099441528
0.0,2.2749297618865967,5.5121989250183105,0.009057651739567518,0.0,954.0,normal,1.0066587030887604,1.0066587030887604
0.0,2.4608652591705322,8.50792670249939,0.009061037562787533,0.0,955.0,normal,1.3434188067913055,1.3434188067913055
0.0,2.3796865940093994,8.904625177383423,0.009057889226824045,0.0,956.0,normal,1.3668527007102966,1.3668527007102966
0.0,2.1974462270736694,5.79874449968338,0.009061044082045555,0.0,957.0,normal,1.0198167264461517,1.0198167264461517
0.0,2.289594531059265,5.5788750648498535,0.009086512960493565,0.0,958.0,normal,1.0162607729434967,1.0162607729434967
0.0,2.2953845858573914,3.2962796688079834,0.0090599674731493,0.0,959.0,normal,0.789157897233963,0.789157897233963
0.0,2.244691491127014,5.54511833190918,0.009060627780854702,0.0,960.0,normal,1.003903180360794,1.003903180360794
0.0,2.2368597388267517,4.880660057067871,0.009075121954083443,0.0,961.0,normal,0.935891717672348,0.935891717672348
0.0,2.2894699573516846,3.9048644304275513,0.009071885142475367,0.0,962.0,normal,0.8488340526819229,0.8488340526819229
0.0,2.2380370497703552,4.2650346755981445,0.00906734960153699,0.0,963.0,normal,0.8745642602443695,0.8745642602443695
0.0,2.29643177986145,3.234847068786621,0.009065083228051662,0.0,964.0,normal,0.78322434425354,0.78322434425354
0.0,2.207533597946167,3.3630558252334595,0.009067478589713573,0.0,965.0,normal,0.7782656848430634,0.7782656848430634
0.0,2.208438754081726,2.972491145133972,0.009064555633813143,0.0,966.0,normal,0.7393900752067566,0.7393900752067566
0.0,2.150852859020233,2.6665875911712646,0.009065255057066679,0.0,967.0,normal,0.6972826272249222,0.6972826272249222
0.0,2.2524598836898804,2.6945109367370605,0.009064385201781988,0.0,968.0,normal,0.7203963100910187,0.7203963100910187
0.0,2.184301018714905,2.8446035981178284,0.009064506739377975,0.0,969.0,normal,0.721773773431778,0.721773773431778
0.0,2.283449709415436,2.9621496200561523,0.009062220342457294,0.0,970.0,normal,0.7533580362796783,0.7533580362796783
0.0,2.2265963554382324,2.6753674745559692,0.009061302524060011,0.0,971.0,normal,0.713309109210968,0.713309109210968
0.0,2.2103241086006165,2.6928528547286987,0.009060586802661419,0.0,972.0,normal,0.711803138256073,0.711803138256073
0.0,2.241719365119934,4.404468417167664,0.009059760253876448,0.0,973.0,normal,0.8892436623573303,0.8892436623573303
0.0,2.2864030599594116,3.5528303384780884,0.009060460142791271,0.0,974.0,normal,0.8130166828632355,0.8130166828632355
0.0,2.2165544629096985,2.1495527625083923,0.009060260374099016,0.0,975.0,normal,0.6587191820144653,0.6587191820144653
0.0,2.2277283668518066,3.4495588541030884,0.009060361422598362,0.0,976.0,normal,0.79095458984375,0.79095458984375
0.0,2.1581448316574097,4.548290967941284,0.009059689473360777,0.0,977.0,normal,0.8869110643863678,0.8869110643863678
0.0,2.2101552486419678,2.79913866519928,0.009059423115104437,0.0,978.0,normal,0.7223978936672211,0.7223978936672211
0.0,2.3113664388656616,2.394736111164093,0.00905900215730071,0.0,979.0,normal,0.7021999061107635,0.7021999061107635
0.0,2.2255489826202393,2.209931969642639,0.009058935102075338,0.0,980.0,normal,0.6665559411048889,0.6665559411048889
0.0,2.126126915216446,2.3021143674850464,0.00905829994007945,0.0,981.0,normal,0.6558897495269775,0.6558897495269775
0.0,2.19287109375,3.2364861965179443,0.009058387018740177,0.0,982.0,normal,0.7626757621765137,0.7626757621765137
0.0,2.2784950733184814,2.622434616088867,0.009058593306690454,0.0,983.0,normal,0.7183953821659088,0.7183953821659088
0.0,2.2182955741882324,2.5511659681797028,0.009058345574885607,0.0,984.0,normal,0.6992286741733551,0.6992286741733551
0.0,2.26373553276062,2.2353458404541016,0.009058662224560976,0.0,985.0,normal,0.6767346411943436,0.6767346411943436
0.0,2.272914469242096,2.1923155188560486,0.009058705531060696,0.0,986.0,normal,0.6742673963308334,0.6742673963308334
0.0,2.202555239200592,2.040578782558441,0.009058521129190922,0.0,987.0,normal,0.645021840929985,0.645021840929985
0.0,2.1811636686325073,2.0810335874557495,0.00905844522640109,0.0,988.0,normal,0.6447890400886536,0.6447890400886536
0.0,2.352679967880249,2.160670518875122,0.009058444760739803,0.0,989.0,normal,0.6870559453964233,0.6870559453964233
0.0,2.1728063821792603,2.2576518058776855,0.009058402851223946,0.0,990.0,normal,0.6607794165611267,0.6607794165611267
0.0,2.4366692304611206,2.4861316680908203,0.00905831390991807,0.0,991.0,normal,0.736399918794632,0.736399918794632
0.0,2.2395240664482117,2.1438404321670532,0.009058475960046053,0.0,992.0,normal,0.6627417951822281,0.6627417951822281
0.0,2.26010924577713,2.7351155281066895,0.009057980962097645,0.0,993.0,normal,0.7259863018989563,0.7259863018989563
0.0,2.3912700414657593,2.3417556285858154,0.009058236610144377,0.0,994.0,normal,0.7128825187683105,0.7128825187683105
0.0,2.216506004333496,3.417612373828888,0.009058092720806599,0.0,995.0,normal,0.7855153381824493,0.7855153381824493
0.0,2.3155364990234375,2.4162055253982544,0.009058060590177774,0.0,996.0,normal,0.7051807641983032,0.7051807641983032
0.0,2.3025519251823425,3.1329516172409058,0.009057950228452682,0.0,997.0,normal,0.7742584943771362,0.7742584943771362
0.0,2.1269237995147705,4.828511834144592,0.009058032650500536,0.0,998.0,normal,0.908688873052597,0.908688873052597
0.0,2.3037363290786743,3.1233900785446167,0.009057916700839996,0.0,999.0,normal,0.7735391855239868,0.7735391855239868
0.0,2.2387673258781433,2.9187891483306885,0.00905759260058403,0.0,1000.0,normal,0.7400853335857391,0.7400853335857391
0.0,2.2528258562088013,3.5624324083328247,0.009058039635419846,0.0,1001.0,normal,0.8072613477706909,0.8072613477706909
0.0,2.2210617661476135,4.243892073631287,0.009058260824531317,0.0,1002.0,normal,0.869054526090622,0.869054526090622
0.0,2.203054189682007,4.9861814975738525,0.009058152791112661,0.0,1003.0,normal,0.9396819472312927,0.9396819472312927
0.0,2.2265456318855286,8.36593234539032,0.00905779143795371,0.0,1004.0,normal,1.2823553085327148,1.2823553085327148
0.0,2.2557002305984497,5.609949350357056,0.009058167692273855,0.0,1005.0,normal,1.01258784532547,1.01258784532547
0.0,2.204003691673279,4.296856880187988,0.009057900868356228,0.0,1006.0,normal,0.8709393739700317,0.8709393739700317
0.0,2.19538015127182,3.128551721572876,0.009058819152414799,0.0,1007.0,normal,0.7523841261863708,0.7523841261863708
0.0,2.3510016798973083,4.982040464878082,0.009057735558599234,0.0,1008.0,normal,0.9688572883605957,0.9688572883605957
0.0,2.4076738357543945,4.4581732749938965,0.009058441035449505,0.0,1009.0,normal,0.9278050363063812,0.9278050363063812
0.0,2.274237275123596,3.331884026527405,0.009059237316250801,0.0,1010.0,normal,0.7884888052940369,0.7884888052940369
0.0,2.2260247468948364,3.1602463722229004,0.009059649892151356,0.0,1011.0,normal,0.7616825997829437,0.7616825997829437
0.0,2.1992181539535522,4.154068470001221,0.009058783296495676,0.0,1012.0,normal,0.8557034134864807,0.8557034134864807
0.0,2.2919870018959045,5.714639484882355,0.009058498777449131,0.0,1013.0,normal,1.0303142815828323,1.0303142815828323
0.0,2.23799467086792,4.396015763282776,0.009058792144060135,0.0,1014.0,normal,0.8876534700393677,0.8876534700393677
0.0,2.150089979171753,5.271127939224243,0.009058700408786535,0.0,1015.0,normal,0.9575837850570679,0.9575837850570679
0.0,2.175447940826416,4.182366371154785,0.009058291092514992,0.0,1016.0,normal,0.8537791073322296,0.8537791073322296
0.0,2.3235403299331665,5.424141824245453,0.009058576077222824,0.0,1017.0,normal,1.0075751841068268,1.0075751841068268
0.0,2.2716272473335266,5.890065431594849,0.009058568626642227,0.0,1018.0,normal,1.043784886598587,1.043784886598587
0.0,2.204210877418518,3.8421469926834106,0.009058841038495302,0.0,1019.0,normal,0.8255098164081573,0.8255098164081573
0.0,2.3826098442077637,5.536043405532837,0.009058217518031597,0.0,1020.0,normal,1.0305792689323425,1.0305792689323425
0.0,2.2851704359054565,4.841113090515137,0.009058322291821241,0.0,1021.0,normal,0.9415983557701111,0.9415983557701111
0.0,2.2937563061714172,4.637028276920319,0.009057746734470129,0.0,1022.0,normal,0.9229070246219635,0.9229070246219635
0.0,2.1705516576766968,5.206862092018127,0.0090580889955163,0.0,1023.0,normal,0.9552494585514069,0.9552494585514069
0.0,2.3226370811462402,5.008406400680542,0.009058290626853704,0.0,1024.0,normal,0.9658209979534149,0.9658209979534149
0.0,2.1835623383522034,5.234203577041626,0.009057653602212667,0.0,1025.0,normal,0.9605857133865356,0.9605857133865356
0.0,2.2249748706817627,9.482941627502441,0.009058619383722544,0.0,1026.0,normal,1.393742173910141,1.393742173910141
0.0,2.234278440475464,4.015344142913818,0.00905748549848795,0.0,1027.0,normal,0.848842978477478,0.848842978477478
0.0,2.3755431175231934,6.992289781570435,0.009057468734681606,0.0,1028.0,normal,1.1747905015945435,1.1747905015945435
0.0,2.3569321632385254,4.076915740966797,0.009058384224772453,0.0,1029.0,normal,0.8795309364795685,0.8795309364795685
0.0,2.2699055075645447,2.5779922008514404,0.009057389572262764,0.0,1030.0,normal,0.7122332155704498,0.7122332155704498
0.0,2.1806602478027344,3.0744619369506836,0.009057584684342146,0.0,1031.0,normal,0.7440311014652252,0.7440311014652252
0.0,2.146109104156494,3.2882230281829834,0.009057726711034775,0.0,1032.0,normal,0.758497029542923,0.758497029542923
0.0,2.1516883969306946,4.18518191576004,0.009057387709617615,0.0,1033.0,normal,0.8493087589740753,0.8493087589740753
0.0,2.323335647583008,1.8508278131484985,0.009057565592229366,0.0,1034.0,normal,0.6502027809619904,0.6502027809619904
0.0,2.1522088646888733,1.8304649591445923,0.009057560935616493,0.0,1035.0,normal,0.6139411628246307,0.6139411628246307
0.0,2.1613852977752686,2.2576264142990112,0.00905750971287489,0.0,1036.0,normal,0.6584925949573517,0.6584925949573517
0.0,2.1900323629379272,2.145280599594116,0.009057286661118269,0.0,1037.0,normal,0.6529873907566071,0.6529873907566071
0.0,2.2677321434020996,2.7882124185562134,0.009057625196874142,0.0,1038.0,normal,0.7328205704689026,0.7328205704689026
0.0,2.233279824256897,5.038820862770081,0.00905698211863637,0.0,1039.0,normal,0.9509909152984619,0.9509909152984619
0.0,2.1225590109825134,6.405196666717529,0.009056716691702604,0.0,1040.0,normal,1.0654844045639038,1.0654844045639038
0.0,2.392001509666443,8.95777690410614,0.009057283867150545,0.0,1041.0,normal,1.3746308386325836,1.3746308386325836
0.0,2.2720056772232056,7.503891468048096,0.009056521579623222,0.0,1042.0,normal,1.205243080854416,1.205243080854416
0.0,2.1859790086746216,4.9000877141952515,0.009057523217052221,0.0,1043.0,normal,0.927657425403595,0.927657425403595
0.0,2.3418009281158447,2.4360746145248413,0.009057684801518917,0.0,1044.0,normal,0.7124205231666565,0.7124205231666565
0.0,2.043274462223053,3.705160140991211,0.009057308547198772,0.0,1045.0,normal,0.779623806476593,0.779623806476593
0.0,2.14905321598053,2.3774070143699646,0.009056692011654377,0.0,1046.0,normal,0.6680042147636414,0.6680042147636414
0.0,2.1341134309768677,4.198350429534912,0.00905798189342022,0.0,1047.0,normal,0.8471106588840485,0.8471106588840485
0.0,2.176700234413147,4.857587575912476,0.009058274794369936,0.0,1048.0,normal,0.9215517044067383,0.9215517044067383
0.0,2.284516930580139,6.336846590042114,0.009057418908923864,0.0,1049.0,normal,1.0910409092903137,1.0910409092903137
0.0,2.30182546377182,6.067102551460266,0.009057744406163692,0.0,1050.0,normal,1.0675282776355743,1.0675282776355743
0.0,2.087531328201294,7.493879318237305,0.009058427065610886,0.0,1051.0,normal,1.1673471331596375,1.1673471331596375
0.0,2.238850474357605,2.3454822301864624,0.009058322757482529,0.0,1052.0,normal,0.6827712506055832,0.6827712506055832
0.0,2.323531150817871,6.1478118896484375,0.009057215414941311,0.0,1053.0,normal,1.0799403190612793,1.0799403190612793
0.0,2.14876788854599,1.683025598526001,0.009058374911546707,0.0,1054.0,normal,0.5985090434551239,0.5985090434551239
0.0,2.273488163948059,7.080163478851318,0.009060317650437355,0.0,1055.0,normal,1.163167029619217,1.163167029619217
0.0,2.19096040725708,4.78431510925293,0.009056721813976765,0.0,1056.0,normal,0.9170764684677124,0.9170764684677124
0.0,2.232318103313446,4.421975016593933,0.009059080854058266,0.0,1057.0,normal,0.889114111661911,0.889114111661911
0.0,2.085182249546051,5.317697525024414,0.00906011089682579,0.0,1058.0,normal,0.9492592215538025,0.9492592215538025
0.0,2.3060936331748962,7.925611257553101,0.009058767929673195,0.0,1059.0,normal,1.2542328536510468,1.2542328536510468
0.0,2.330337166786194,2.9600141644477844,0.00906019564718008,0.0,1060.0,normal,0.762521892786026,0.762521892786026
0.0,2.448595881462097,5.262030243873596,0.009059439413249493,0.0,1061.0,normal,1.0163752138614655,1.0163752138614655
0.0,2.0874743461608887,8.955079555511475,0.009067255072295666,0.0,1062.0,normal,1.3134561777114868,1.3134561777114868
0.0,2.214314579963684,6.5275962352752686,0.009064525831490755,0.0,1063.0,normal,1.0960758328437805,1.0960758328437805
0.0,2.2826201915740967,2.623311996459961,0.009061275515705347,0.0,1064.0,normal,0.7193083167076111,0.7193083167076111
0.0,2.1152803897857666,5.515229344367981,0.009058244526386261,0.0,1065.0,normal,0.9750319123268127,0.9750319123268127
0.0,2.42236590385437,5.115087509155273,0.009058613330125809,0.0,1066.0,normal,0.9964348673820496,0.9964348673820496
0.0,2.2411292791366577,6.160834789276123,0.009058857802301645,0.0,1067.0,normal,1.06476229429245,1.06476229429245
0.0,2.345310091972351,7.38852459192276,0.009058635216206312,0.0,1068.0,normal,1.2083674669265747,1.2083674669265747
0.0,2.1812130212783813,4.029151678085327,0.009060569573193789,0.0,1069.0,normal,0.8396107852458954,0.8396107852458954
0.0,2.2661365270614624,7.27714991569519,0.009059392381459475,0.0,1070.0,normal,1.1813953220844269,1.1813953220844269
0.0,2.161666452884674,3.7349531650543213,0.009057677816599607,0.0,1071.0,normal,0.8062815219163895,0.8062815219163895
0.0,2.483357548713684,3.778823733329773,0.009059389121830463,0.0,1072.0,normal,0.875006914138794,0.875006914138794
0.0,2.16900497674942,3.751603126525879,0.009058631490916014,0.0,1073.0,normal,0.809414267539978,0.809414267539978
0.0,2.189027786254883,2.4573253393173218,0.009058136027306318,0.0,1074.0,normal,0.6839909851551056,0.6839909851551056
0.0,2.238463044166565,3.3839685916900635,0.009058128576725721,0.0,1075.0,normal,0.7865423858165741,0.7865423858165741
0.0,2.1258700788021088,4.293018966913223,0.009057887364178896,0.0,1076.0,normal,0.8549288362264633,0.8549288362264633
0.0,2.1014732718467712,2.70935320854187,0.009057626128196716,0.0,1077.0,normal,0.6916828751564026,0.6916828751564026
0.0,2.1960341930389404,3.6028746366500854,0.009057669900357723,0.0,1078.0,normal,0.7999471724033356,0.7999471724033356
0.0,2.272176444530487,2.4197146892547607,0.009057505521923304,0.0,1079.0,normal,0.6968596279621124,0.6968596279621124
0.0,2.1393869519233704,3.488802909851074,0.009057382121682167,0.0,1080.0,normal,0.7772105932235718,0.7772105932235718
0.0,2.168947160243988,2.1170403957366943,0.009057389572262764,0.0,1081.0,normal,0.6459463834762573,0.6459463834762573
0.0,2.1304789781570435,2.00076025724411,0.009057384915649891,0.0,1082.0,normal,0.6266246885061264,0.6266246885061264
0.0,2.2386248111724854,3.6215240955352783,0.009057792369276285,0.0,1083.0,normal,0.8103302717208862,0.8103302717208862
0.0,2.187147855758667,3.310822010040283,0.0090576047077775,0.0,1084.0,normal,0.7689646780490875,0.7689646780490875
0.0,2.2287357449531555,2.1253114342689514,0.009057450108230114,0.0,1085.0,normal,0.6587311923503876,0.6587311923503876
0.0,2.212799608707428,2.236736834049225,0.009057048242539167,0.0,1086.0,normal,0.6666864901781082,0.6666864901781082
0.0,2.1081778407096863,2.5349717140197754,0.0090565737336874,0.0,1087.0,normal,0.6755856275558472,0.6755856275558472
0.0,2.3143606185913086,3.3844988346099854,0.009056627284735441,0.0,1088.0,normal,0.8017748892307281,0.8017748892307281
0.0,2.1702080368995667,4.410050749778748,0.009056563023477793,0.0,1089.0,normal,0.8754995763301849,0.8754995763301849
0.0,2.1888145804405212,2.495566427707672,0.009056929033249617,0.0,1090.0,normal,0.6877724230289459,0.6877724230289459
0.0,2.4736169576644897,7.369181871414185,0.009056780021637678,0.0,1091.0,normal,1.232094407081604,1.232094407081604
0.0,2.1817665696144104,3.8339970111846924,0.009056487586349249,0.0,1092.0,normal,0.820205807685852,0.820205807685852
0.0,2.228532314300537,3.49784255027771,0.009057084564119577,0.0,1093.0,normal,0.795943558216095,0.795943558216095
0.0,2.2788227796554565,2.1033430099487305,0.009056172333657742,0.0,1094.0,normal,0.6665516793727875,0.6665516793727875
0.0,2.3200851678848267,5.2053269147872925,0.00905679864808917,0.0,1095.0,normal,0.9850026369094849,0.9850026369094849
0.0,2.1844696402549744,2.2785390615463257,0.009056488517671824,0.0,1096.0,normal,0.6652006804943085,0.6652006804943085
0.0,2.2362582683563232,6.418505430221558,0.009056836366653442,0.0,1097.0,normal,1.0895550847053528,1.0895550847053528
0.0,2.167960286140442,2.6227670907974243,0.009056628681719303,0.0,1098.0,normal,0.6963216364383698,0.6963216364383698
0.0,2.1997212171554565,2.54620361328125,0.009055853355675936,0.0,1099.0,normal,0.6950174272060394,0.6950174272060394
0.0,2.222691535949707,2.5749740600585938,0.009056481532752514,0.0,1100.0,normal,0.7024885416030884,0.7024885416030884
0.0,2.1316585540771484,2.952025532722473,0.009056353010237217,0.0,1101.0,normal,0.7219870686531067,0.7219870686531067
0.0,2.0993842482566833,2.294450044631958,0.009059116709977388,0.0,1102.0,normal,0.6497748494148254,0.6497748494148254
0.0,2.159711182117462,1.6275363564491272,0.009058052208274603,0.0,1103.0,normal,0.5951488018035889,0.5951488018035889
0.0,2.276113986968994,1.9401965141296387,0.009057037066668272,0.0,1104.0,normal,0.6496953070163727,0.6496953070163727
0.0,2.159476637840271,2.1476868987083435,0.009057330898940563,0.0,1105.0,normal,0.6471168696880341,0.6471168696880341
0.0,2.18233323097229,4.372564077377319,0.00905725546181202,0.0,1106.0,normal,0.8741759657859802,0.8741759657859802
0.0,2.1865882873535156,3.184646487236023,0.009056986775249243,0.0,1107.0,normal,0.7562351524829865,0.7562351524829865
0.0,2.0662882328033447,4.393334865570068,0.009055939968675375,0.0,1108.0,normal,0.85304394364357,0.85304394364357
0.0,2.1798256635665894,2.624318778514862,0.009056647308170795,0.0,1109.0,normal,0.6988498568534851,0.6988498568534851
0.0,2.183722734451294,2.8218972384929657,0.009056401439011097,0.0,1110.0,normal,0.7193870842456818,0.7193870842456818
0.0,2.182220935821533,2.928462028503418,0.009056865237653255,0.0,1111.0,normal,0.729743242263794,0.729743242263794
0.0,2.2936280965805054,2.8807554244995117,0.009056530427187681,0.0,1112.0,normal,0.7472540140151978,0.7472540140151978
0.0,2.148285210132599,1.8545951843261719,0.009056258015334606,0.0,1113.0,normal,0.6155693829059601,0.6155693829059601
0.0,2.23369437456131,2.363923966884613,0.009058182593435049,0.0,1114.0,normal,0.6835842132568359,0.6835842132568359
0.0,2.2079317569732666,5.6746649742126465,0.009060299955308437,0.0,1115.0,normal,1.0095058381557465,1.0095058381557465
0.0,2.0989084243774414,2.618977665901184,0.009058086201548576,0.0,1116.0,normal,0.682132363319397,0.682132363319397
0.0,2.0822339057922363,3.672122538089752,0.009060889482498169,0.0,1117.0,normal,0.7841120660305023,0.7841120660305023
0.0,2.2130576372146606,4.254522085189819,0.009058264084160328,0.0,1118.0,normal,0.8685166835784912,0.8685166835784912
0.0,2.1653851866722107,7.031692862510681,0.00905694393441081,0.0,1119.0,normal,1.1366991698741913,1.1366991698741913
0.0,2.367169141769409,6.554198741912842,0.009057615883648396,0.0,1120.0,normal,1.129306584596634,1.129306584596634
0.0,1.9979785084724426,11.289899826049805,0.009056666865944862,0.0,1121.0,normal,1.5290385484695435,1.5290385484695435
0.0,2.0905436277389526,4.287733197212219,0.009056763723492622,0.0,1122.0,normal,0.8473348915576935,0.8473348915576935
0.0,2.3270408511161804,8.358602285385132,0.0090576047077775,0.0,1123.0,normal,1.301721304655075,1.301721304655075
0.0,2.1207094192504883,4.834032297134399,0.00905974442139268,0.0,1124.0,normal,0.907998114824295,0.907998114824295
0.0,2.237496793270111,2.535660743713379,0.00905977888032794,0.0,1125.0,normal,0.7015184462070465,0.7015184462070465
0.0,2.123050093650818,1.9282219409942627,0.009060257580131292,0.0,1126.0,normal,0.6178852319717407,0.6178852319717407
0.0,2.1807557940483093,2.5691384971141815,0.00906387623399496,0.0,1127.0,normal,0.6935182213783264,0.6935182213783264
0.0,2.1461610794067383,5.2560893297195435,0.009062184020876884,0.0,1128.0,normal,0.9552942216396332,0.9552942216396332
0.0,2.3483471870422363,10.971928119659424,0.009057940915226936,0.0,1129.0,normal,1.5673152208328247,1.5673152208328247
0.0,2.3202210068702698,9.925386190414429,0.009060260374099016,0.0,1130.0,normal,1.4570358991622925,1.4570358991622925
0.0,2.1701687574386597,4.544552147388458,0.009064742363989353,0.0,1131.0,normal,0.8889422118663788,0.8889422118663788
0.0,2.2511420249938965,2.593431234359741,0.009100690484046936,0.0,1132.0,normal,0.7100265920162201,0.7100265920162201
0.0,2.2374351024627686,3.3977835178375244,0.009078846778720617,0.0,1133.0,normal,0.7877193689346313,0.7877193689346313
0.0,2.28460693359375,5.26695191860199,0.009064564481377602,0.0,1134.0,normal,0.9840697944164276,0.9840697944164276
0.0,2.2150397896766663,6.068511962890625,0.009069662541151047,0.0,1135.0,normal,1.0503126680850983,1.0503126680850983
0.0,2.203946113586426,4.486184120178223,0.009062308352440596,0.0,1136.0,normal,0.8898607492446899,0.8898607492446899
0.0,2.293475031852722,2.3336336612701416,0.009063319768756628,0.0,1137.0,normal,0.6925115585327148,0.6925115585327148
0.0,2.402859091758728,7.71382999420166,0.009063810110092163,0.0,1138.0,normal,1.2524080276489258,1.2524080276489258
0.0,2.2178829312324524,2.878809869289398,0.009062058757990599,0.0,1139.0,normal,0.7319106757640839,0.7319106757640839
0.0,2.0936522483825684,6.828289449214935,0.00906170392408967,0.0,1140.0,normal,1.1020125150680542,1.1020125150680542
0.0,2.233904778957367,5.316047310829163,0.009061384946107864,0.0,1141.0,normal,0.9788388013839722,0.9788388013839722
0.0,2.084473729133606,2.407393366098404,0.009062699507921934,0.0,1142.0,normal,0.6580872237682343,0.6580872237682343
0.0,2.171482563018799,4.704732656478882,0.009062855038791895,0.0,1143.0,normal,0.9052229225635529,0.9052229225635529
0.0,2.159122049808502,4.51089334487915,0.009061478078365326,0.0,1144.0,normal,0.8833668082952499,0.8833668082952499
0.0,2.0373670756816864,4.185591101646423,0.009061700664460659,0.0,1145.0,normal,0.8264855742454529,0.8264855742454529
0.0,2.2026620507240295,3.755470037460327,0.009059770498424768,0.0,1146.0,normal,0.8165324330329895,0.8165324330329895
0.0,2.2236130237579346,6.244723439216614,0.009059242904186249,0.0,1147.0,normal,1.0696479380130768,1.0696479380130768
0.0,2.1794607639312744,5.560666799545288,0.009059085976332426,0.0,1148.0,normal,0.9924118220806122,0.9924118220806122
0.0,2.1339409351348877,5.849551677703857,0.009058621246367693,0.0,1149.0,normal,1.012196272611618,1.012196272611618
0.0,2.257100999355316,6.881473422050476,0.009058485273271799,0.0,1150.0,normal,1.140020489692688,1.140020489692688
0.0,2.2457034587860107,6.982866406440735,0.009058527182787657,0.0,1151.0,normal,1.1478802859783173,1.1478802859783173
0.0,2.302956461906433,7.7825493812561035,0.009057791903614998,0.0,1152.0,normal,1.2392991185188293,1.2392991185188293
0.0,2.3625081181526184,11.29581069946289,0.009057978633791208,0.0,1153.0,normal,1.6025356650352478,1.6025356650352478
0.0,2.3406496047973633,10.745251893997192,0.009057723451405764,0.0,1154.0,normal,1.5431079864501953,1.5431079864501953
0.0,2.182192802429199,8.38226580619812,0.009057130198925734,0.0,1155.0,normal,1.2751179933547974,1.2751179933547974
0.0,2.248929262161255,8.175900936126709,0.009058001916855574,0.0,1156.0,normal,1.26782888174057,1.26782888174057
0.0,2.2554015517234802,7.801709532737732,0.009057176299393177,0.0,1157.0,normal,1.2317041158676147,1.2317041158676147
0.0,2.2669748663902283,8.6757972240448,0.009057630319148302,0.0,1158.0,normal,1.321427583694458,1.321427583694458
0.0,2.3968842029571533,6.025263786315918,0.009057781659066677,0.0,1159.0,normal,1.0823561549186707,1.0823561549186707
0.0,2.1684117913246155,4.416477680206299,0.009057924151420593,0.0,1160.0,normal,0.8757830560207367,0.8757830560207367
0.0,2.203505039215088,3.066420257091522,0.009058364666998386,0.0,1161.0,normal,0.747795969247818,0.747795969247818
0.0,2.11983585357666,2.8316272497177124,0.009057983756065369,0.0,1162.0,normal,0.7075828015804291,0.7075828015804291
0.0,2.074301302433014,3.031874418258667,0.009058473631739616,0.0,1163.0,normal,0.7185006439685822,0.7185006439685822
0.0,2.115615427494049,5.677599787712097,0.009058193303644657,0.0,1164.0,normal,0.9913359880447388,0.9913359880447388
0.0,2.210379421710968,6.177159070968628,0.009058428462594748,0.0,1165.0,normal,1.0602446794509888,1.0602446794509888
0.0,2.1620156168937683,7.20812463760376,0.009058101568371058,0.0,1166.0,normal,1.1536685228347778,1.1536685228347778
0.0,2.1115407943725586,1.4517616033554077,0.00905767222866416,0.0,1167.0,normal,0.5679371953010559,0.5679371953010559
0.0,2.139585494995117,2.2479182481765747,0.009058086201548576,0.0,1168.0,normal,0.6531618535518646,0.6531618535518646
0.0,2.1080704629421234,5.396246671676636,0.009057801682502031,0.0,1169.0,normal,0.9616916477680206,0.9616916477680206
0.0,2.271307587623596,3.636352777481079,0.00905774487182498,0.0,1170.0,normal,0.8183496594429016,0.8183496594429016
0.0,2.108439564704895,2.811212658882141,0.00905770668759942,0.0,1171.0,normal,0.7032620906829834,0.7032620906829834
0.0,2.19942045211792,2.005567789077759,0.009057821240276098,0.0,1172.0,normal,0.6408937871456146,0.6408937871456146
0.0,2.1551331281661987,1.5384592413902283,0.009057717863470316,0.0,1173.0,normal,0.5853254348039627,0.5853254348039627
0.0,2.041132390499115,1.9153512716293335,0.009057758376002312,0.0,1174.0,normal,0.600214496254921,0.600214496254921
0.0,2.25821852684021,4.453081130981445,0.009057559538632631,0.0,1175.0,normal,0.8974047601222992,0.8974047601222992
0.0,2.2654951214790344,2.1742143630981445,0.009057655930519104,0.0,1176.0,normal,0.6709733605384827,0.6709733605384827
0.0,2.1270620822906494,7.097398042678833,0.009057356044650078,0.0,1177.0,normal,1.1356050968170166,1.1356050968170166
0.0,2.634325861930847,12.78543758392334,0.009057433810085058,0.0,1178.0,normal,1.8058618307113647,1.8058618307113647
0.0,2.4622879028320312,14.726208686828613,0.009057578165084124,0.0,1179.0,normal,1.9655313193798065,1.9655313193798065
0.0,2.405039221048355,12.167383253574371,0.009057075250893831,0.0,1180.0,normal,1.6981989741325378,1.6981989741325378
0.0,2.17045259475708,16.221741676330566,0.009057671763002872,0.0,1181.0,normal,2.056717574596405,2.056717574596405
0.0,2.698750615119934,27.497958660125732,0.009056630078703165,0.0,1182.0,normal,3.289998948574066,3.289998948574066
0.0,2.1853073835372925,20.38066577911377,0.009056778158992529,0.0,1183.0,normal,2.4755810499191284,2.4755810499191284
0.0,3.0527666807174683,29.450029373168945,0.009056599345058203,0.0,1184.0,normal,3.5560091733932495,3.5560091733932495
0.0,2.2080127596855164,10.614445686340332,0.009056213311851025,0.0,1185.0,normal,1.5034999251365662,1.5034999251365662
0.0,2.4528101682662964,10.473022937774658,0.00905740400776267,0.0,1186.0,normal,1.5383172631263733,1.5383172631263733
0.0,2.433926224708557,12.246611833572388,0.009056412614881992,0.0,1187.0,normal,1.711899310350418,1.711899310350418
0.0,2.1923120617866516,14.192285180091858,0.009058603551238775,0.0,1188.0,normal,1.858143925666809,1.858143925666809
0.0,2.531861186027527,12.43651568889618,0.009057615883648396,0.0,1189.0,normal,1.7504767179489136,1.7504767179489136
0.0,2.400691032409668,7.11735212802887,0.00905767921358347,0.0,1190.0,normal,1.1923263370990753,1.1923263370990753
0.0,2.5920321941375732,9.6868896484375,0.00905714463442564,0.0,1191.0,normal,1.487548291683197,1.487548291683197
0.0,2.1745078563690186,5.223768711090088,0.00905658584088087,0.0,1192.0,normal,0.9577312469482422,0.9577312469482422
0.0,2.2696697115898132,7.355969429016113,0.009058375842869282,0.0,1193.0,normal,1.1899838149547577,1.1899838149547577
0.0,2.357309937477112,6.4121153354644775,0.009056932292878628,0.0,1194.0,normal,1.1131263971328735,1.1131263971328735
0.0,2.283693552017212,5.033446311950684,0.009057160466909409,0.0,1195.0,normal,0.9605361819267273,0.9605361819267273
0.0,2.414691209793091,4.6055076122283936,0.009057450573891401,0.0,1196.0,normal,0.9439418911933899,0.9439418911933899
0.0,2.3687820434570312,6.7040979862213135,0.00905662914738059,0.0,1197.0,normal,1.1446190476417542,1.1446190476417542
0.0,2.2506672143936157,4.355924367904663,0.009057105053216219,0.0,1198.0,normal,0.886178731918335,0.886178731918335
0.0,2.279087781906128,2.741476893424988,0.009056969545781612,0.0,1199.0,normal,0.7304181158542633,0.7304181158542633
0.0,2.1550633907318115,2.835951089859009,0.009056984446942806,0.0,1200.0,normal,0.7150606513023376,0.7150606513023376
0.0,2.1532117128372192,2.896789312362671,0.009056680835783482,0.0,1201.0,normal,0.7207741439342499,0.7207741439342499
0.0,2.208706021308899,3.1617982983589172,0.009056902956217527,0.0,1202.0,normal,0.758373886346817,0.758373886346817
0.0,2.3637308478355408,3.5756229162216187,0.009056215640157461,0.0,1203.0,normal,0.8307613134384155,0.8307613134384155
0.0,1.9894246459007263,3.5253958702087402,0.009056178387254477,0.0,1204.0,normal,0.750877320766449,0.750877320766449
0.0,2.309942364692688,2.572937846183777,0.009055902250111103,0.0,1205.0,normal,0.7197350859642029,0.7197350859642029
0.0,2.1545480489730835,1.403254121541977,0.009055732283741236,0.0,1206.0,normal,0.5716878175735474,0.5716878175735474
0.0,2.18986976146698,2.660194993019104,0.00905559491366148,0.0,1207.0,normal,0.7044462263584137,0.7044462263584137
0.0,2.135035991668701,1.621476650238037,0.009055715054273605,0.0,1208.0,normal,0.5896076560020447,0.5896076560020447
0.0,2.112501800060272,1.5706782937049866,0.009056288283318281,0.0,1209.0,normal,0.580021008849144,0.580021008849144
0.0,2.1817983388900757,3.6936980485916138,0.009058129508048296,0.0,1210.0,normal,0.8061823844909668,0.8061823844909668
0.0,2.14745432138443,2.163091480731964,0.0090564526617527,0.0,1211.0,normal,0.64625284075737,0.64625284075737
0.0,2.105629026889801,3.66042023897171,0.009057403542101383,0.0,1212.0,normal,0.7876207530498505,0.7876207530498505
0.0,2.439219355583191,4.374182939529419,0.00905681774020195,0.0,1213.0,normal,0.9257150590419769,0.9257150590419769
0.0,2.202462136745453,4.405282735824585,0.00905675208196044,0.0,1214.0,normal,0.881473571062088,0.881473571062088
0.0,2.064134359359741,4.640644550323486,0.009059141390025616,0.0,1215.0,normal,0.8773442506790161,0.8773442506790161
0.0,2.144150972366333,7.297726511955261,0.009056571405380964,0.0,1216.0,normal,1.1590557396411896,1.1590557396411896
0.0,2.102470099925995,5.326869487762451,0.009058339986950159,0.0,1217.0,normal,0.9536339044570923,0.9536339044570923
0.0,2.1234806776046753,5.4838707447052,0.009057517629116774,0.0,1218.0,normal,0.9735361337661743,0.9735361337661743
0.0,2.1809926629066467,3.5017768144607544,0.009056635666638613,0.0,1219.0,normal,0.7868290543556213,0.7868290543556213
0.0,2.2274069786071777,3.3384125232696533,0.009056984912604094,0.0,1220.0,normal,0.7797755002975464,0.7797755002975464
0.0,2.0954054594039917,3.364901125431061,0.00905633345246315,0.0,1221.0,normal,0.756024032831192,0.756024032831192
0.0,2.053463578224182,4.346688210964203,0.009056681301444769,0.0,1222.0,normal,0.8458144068717957,0.8458144068717957
0.0,2.313967227935791,2.752513885498047,0.00905631622299552,0.0,1223.0,normal,0.7384977042675018,0.7384977042675018
0.0,2.0948514342308044,4.068918526172638,0.009056058712303638,0.0,1224.0,normal,0.8263149112462997,0.8263149112462997
0.0,2.2491973638534546,6.720026612281799,0.009056210052222013,0.0,1225.0,normal,1.1222949922084808,1.1222949922084808
0.0,2.127756416797638,6.062703609466553,0.009056673850864172,0.0,1226.0,normal,1.0322744846343994,1.0322744846343994
0.0,2.133803367614746,6.613478660583496,0.009057562332600355,0.0,1227.0,normal,1.088561475276947,1.088561475276947
0.0,2.5231120586395264,9.811981320381165,0.009057082235813141,0.0,1228.0,normal,1.4862734079360962,1.4862734079360962
0.0,2.1494333744049072,8.157190322875977,0.00905741611495614,0.0,1229.0,normal,1.2460585832595825,1.2460585832595825
0.0,2.1380207538604736,6.883955240249634,0.009057625662535429,0.0,1230.0,normal,1.1164525747299194,1.1164525747299194
0.0,2.193774402141571,6.5315693616867065,0.009058151859790087,0.0,1231.0,normal,1.0923647284507751,1.0923647284507751
0.0,2.2122746109962463,6.218981504440308,0.009056880604475737,0.0,1232.0,normal,1.0648060142993927,1.0648060142993927
0.0,2.1223456859588623,7.461049914360046,0.009056971874088049,0.0,1233.0,normal,1.1710270047187805,1.1710270047187805
0.0,2.433167278766632,7.123857736587524,0.00905658258125186,0.0,1234.0,normal,1.1994720697402954,1.1994720697402954
0.0,2.1172869205474854,2.923874855041504,0.009056756272912025,0.0,1235.0,normal,0.7162977159023285,0.7162977159023285
0.0,2.1628928184509277,2.1295015811920166,0.00905786594375968,0.0,1236.0,normal,0.645981639623642,0.645981639623642
0.0,2.0581411719322205,1.7644877433776855,0.009056131821125746,0.0,1237.0,normal,0.5885298550128937,0.5885298550128937
0.0,2.109866499900818,1.3405601978302002,0.009058448020368814,0.0,1238.0,normal,0.5564822405576706,0.5564822405576706
0.0,2.044312000274658,1.9206699132919312,0.009057581890374422,0.0,1239.0,normal,0.6013822853565216,0.6013822853565216
0.0,2.0772324800491333,2.3801918029785156,0.00905620027333498,0.0,1240.0,normal,0.653918445110321,0.653918445110321
0.0,2.0400325059890747,3.422672927379608,0.00905660493299365,0.0,1241.0,normal,0.7507266402244568,0.7507266402244568
0.0,2.0544273853302,2.3264087438583374,0.009055808652192354,0.0,1242.0,normal,0.6439792066812515,0.6439792066812515
0.0,2.1672184467315674,3.6109403371810913,0.009056787937879562,0.0,1243.0,normal,0.7949905693531036,0.7949905693531036
0.0,2.1653894186019897,2.345813751220703,0.009055427741259336,0.0,1244.0,normal,0.6681120544672012,0.6681120544672012
0.0,2.3661964535713196,6.093453407287598,0.009056191425770521,0.0,1245.0,normal,1.0830374658107758,1.0830374658107758
0.0,2.342010200023651,5.428868651390076,0.009055966045707464,0.0,1246.0,normal,1.0117417573928833,1.0117417573928833
0.0,2.0855603218078613,5.071476936340332,0.009055028669536114,0.0,1247.0,normal,0.9247125387191772,0.9247125387191772
0.0,2.18793123960495,5.978536427021027,0.009055890142917633,0.0,1248.0,normal,1.0358926653862,1.0358926653862
0.0,2.045791983604431,6.502032995223999,0.009057180490344763,0.0,1249.0,normal,1.0598145723342896,1.0598145723342896
0.0,2.1235883235931396,3.268889009952545,0.009061417542397976,0.0,1250.0,normal,0.7520596086978912,0.7520596086978912
0.0,2.18372118473053,2.080379366874695,0.009059221483767033,0.0,1251.0,normal,0.6452351212501526,0.6452351212501526
0.0,2.0616520643234253,2.4806571006774902,0.009057213552296162,0.0,1252.0,normal,0.6608489453792572,0.6608489453792572
0.0,2.0724040865898132,3.4587634801864624,0.009060790296643972,0.0,1253.0,normal,0.7608101963996887,0.7608101963996887
0.0,2.218044638633728,4.877543091773987,0.00905926013365388,0.0,1254.0,normal,0.9318162798881531,0.9318162798881531
0.0,2.2733399271965027,8.188840866088867,0.009060489479452372,0.0,1255.0,normal,1.2740051746368408,1.2740051746368408
0.0,2.0563493967056274,9.819146156311035,0.009058519266545773,0.0,1256.0,normal,1.3936374187469482,1.3936374187469482
0.0,1.9640852212905884,4.671525835990906,0.009057719726115465,0.0,1257.0,normal,0.8604225516319275,0.8604225516319275
0.0,2.224612593650818,4.685597538948059,0.009059345349669456,0.0,1258.0,normal,0.9139352738857269,0.9139352738857269
0.0,2.2166913747787476,4.380228757858276,0.009057088755071163,0.0,1259.0,normal,0.8818139731884003,0.8818139731884003
0.0,2.2564148902893066,4.320227682590485,0.009059069212526083,0.0,1260.0,normal,0.8837586939334869,0.8837586939334869
0.0,2.1170634627342224,3.753898859024048,0.009057394228875637,0.0,1261.0,normal,0.7992554306983948,0.7992554306983948
0.0,2.3801586031913757,4.43274712562561,0.00906072836369276,0.0,1262.0,normal,0.9197594523429871,0.9197594523429871
0.0,2.012713670730591,5.340035915374756,0.009059893898665905,0.0,1263.0,normal,0.9369993209838867,0.9369993209838867
0.0,2.6289985179901123,10.679327487945557,0.009058402851223946,0.0,1264.0,normal,1.5941854417324066,1.5941854417324066
0.0,2.29060161113739,5.440239608287811,0.00905829994007945,0.0,1265.0,normal,1.0025972127914429,1.0025972127914429
0.0,2.242719352245331,6.268635392189026,0.009057853370904922,0.0,1266.0,normal,1.0758603662252426,1.0758603662252426
0.0,2.07915598154068,5.417817234992981,0.009058007039129734,0.0,1267.0,normal,0.9580658078193665,0.9580658078193665
0.0,2.113232731819153,4.791747331619263,0.009058058261871338,0.0,1268.0,normal,0.9022741615772247,0.9022741615772247
0.0,2.1804014444351196,2.9411882162094116,0.009057347662746906,0.0,1269.0,normal,0.7306520044803619,0.7306520044803619
0.0,2.059855043888092,4.510172605514526,0.009057087358087301,0.0,1270.0,normal,0.8634411990642548,0.8634411990642548
0.0,2.113033950328827,7.559215843677521,0.009057090617716312,0.0,1271.0,normal,1.1789813041687012,1.1789813041687012
0.0,2.0887073278427124,12.11718225479126,0.009057011920958757,0.0,1272.0,normal,1.6299126148223877,1.6299126148223877
0.0,2.0766109228134155,10.6787691116333,0.009056934155523777,0.0,1273.0,normal,1.4836519360542297,1.4836519360542297
0.0,2.2521190643310547,4.0009801387786865,0.009057014714926481,0.0,1274.0,normal,0.8509747385978699,0.8509747385978699
0.0,2.0384207367897034,3.808289051055908,0.00905671389773488,0.0,1275.0,normal,0.7889658808708191,0.7889658808708191
0.0,2.0836163759231567,3.3870033621788025,0.009056971874088049,0.0,1276.0,normal,0.7558764666318893,0.7558764666318893
0.0,2.233441472053528,2.3292161524295807,0.009056980721652508,0.0,1277.0,normal,0.6800627708435059,0.6800627708435059
0.0,2.05158931016922,1.7127438187599182,0.009056300390511751,0.0,1278.0,normal,0.5820450782775879,0.5820450782775879
0.0,2.0766544342041016,3.210802674293518,0.009056974668055773,0.0,1279.0,normal,0.7368640303611755,0.7368640303611755
0.0,1.9669474959373474,2.417111814022064,0.009056821465492249,0.0,1280.0,normal,0.6355535537004471,0.6355535537004471
0.0,2.0140916109085083,1.5385346412658691,0.009057892486453056,0.0,1281.0,normal,0.557124674320221,0.557124674320221
0.0,2.0257848501205444,1.2413509488105774,0.00905677117407322,0.0,1282.0,normal,0.5297448933124542,0.5297448933124542
0.0,2.039464771747589,2.0178577303886414,0.009056282229721546,0.0,1283.0,normal,0.610131561756134,0.610131561756134
0.0,2.0370471477508545,2.753647208213806,0.009056339040398598,0.0,1284.0,normal,0.6832269728183746,0.6832269728183746
0.0,2.2672308683395386,2.6306989192962646,0.00905653927475214,0.0,1285.0,normal,0.7169688642024994,0.7169688642024994
0.0,2.100218415260315,4.92999529838562,0.00905635766685009,0.0,1286.0,normal,0.9134960472583771,0.9134960472583771
0.0,2.1395347118377686,1.3709316849708557,0.009056038223206997,0.0,1287.0,normal,0.56545290350914,0.56545290350914
0.0,2.0319430828094482,1.44111829996109,0.009056730195879936,0.0,1288.0,normal,0.5509532988071442,0.5509532988071442
0.0,2.0586462020874023,1.4419179856777191,0.009059203322976828,0.0,1289.0,normal,0.5563739985227585,0.5563739985227585
0.0,2.174656629562378,1.3307139873504639,0.009060156997293234,0.0,1290.0,normal,0.5684557259082794,0.5684557259082794
0.0,2.031191885471344,1.4336775839328766,0.009061258286237717,0.0,1291.0,normal,0.5500591993331909,0.5500591993331909
0.0,2.118018686771393,2.217753529548645,0.00905746454373002,0.0,1292.0,normal,0.6458319574594498,0.6458319574594498
0.0,2.083635926246643,1.1208004355430603,0.00905676418915391,0.0,1293.0,normal,0.5292600691318512,0.5292600691318512
0.0,2.093818724155426,2.514534115791321,0.009059237781912088,0.0,1294.0,normal,0.6706701219081879,0.6706701219081879
0.0,2.048547863960266,2.0921435952186584,0.009058516472578049,0.0,1295.0,normal,0.6193768680095673,0.6193768680095673
0.0,2.1109492778778076,2.1034002900123596,0.009056790266185999,0.0,1296.0,normal,0.6329827457666397,0.6329827457666397
0.0,2.1767526268959045,2.4929768443107605,0.00905702356249094,0.0,1297.0,normal,0.6851010620594025,0.6851010620594025
0.0,1.8594829440116882,5.480553150177002,0.009056271519511938,0.0,1298.0,normal,0.9204047620296478,0.9204047620296478
0.0,2.1182270646095276,3.13754665851593,0.00905837956815958,0.0,1299.0,normal,0.7378529608249664,0.7378529608249664
0.0,2.0371910333633423,2.393749415874481,0.009056034497916698,0.0,1300.0,normal,0.6472659707069397,0.6472659707069397
0.0,2.1058483719825745,2.3547812700271606,0.009056896436959505,0.0,1301.0,normal,0.6571006774902344,0.6571006774902344
0.0,2.105008602142334,2.5415124893188477,0.009057070128619671,0.0,1302.0,normal,0.675605833530426,0.675605833530426
0.0,2.0218812823295593,2.9703289270401,0.009056726470589638,0.0,1303.0,normal,0.7018620073795319,0.7018620073795319
0.0,2.129586696624756,4.00816798210144,0.009057578630745411,0.0,1304.0,normal,0.8271870613098145,0.8271870613098145
0.0,2.03125661611557,2.795577645301819,0.00905718607828021,0.0,1305.0,normal,0.686261922121048,0.686261922121048
0.0,2.1256646513938904,4.4287145137786865,0.009057341143488884,0.0,1306.0,normal,0.8684572279453278,0.8684572279453278
0.0,2.0898768305778503,3.0137410163879395,0.00905663101002574,0.0,1307.0,normal,0.7198023200035095,0.7198023200035095
0.0,2.021849572658539,3.2438489198684692,0.009057271759957075,0.0,1308.0,normal,0.7292076647281647,0.7292076647281647
0.0,2.1187111139297485,3.819081723690033,0.009058516472578049,0.0,1309.0,normal,0.8061032891273499,0.8061032891273499
0.0,1.9428507089614868,9.590348243713379,0.009057451970875263,0.0,1310.0,normal,1.3480577766895294,1.3480577766895294
0.0,1.9563975930213928,9.142022609710693,0.009055910632014275,0.0,1311.0,normal,1.3059346079826355,1.3059346079826355
0.0,2.2145512104034424,12.016261577606201,0.00905678840354085,0.0,1312.0,normal,1.6449892818927765,1.6449892818927765
0.0,2.261996030807495,9.544706881046295,0.009056662674993277,0.0,1313.0,normal,1.4073227643966675,1.4073227643966675
0.0,2.187529981136322,6.9673885107040405,0.009056295733898878,0.0,1314.0,normal,1.1346977353096008,1.1346977353096008
0.0,2.0436373949050903,7.907501935958862,0.009055685717612505,0.0,1315.0,normal,1.1999304294586182,1.1999304294586182
0.0,2.2374554872512817,10.33867359161377,0.009056818671524525,0.0,1316.0,normal,1.4818114042282104,1.4818114042282104
0.0,2.778733015060425,20.879467964172363,0.009056884329766035,0.0,1317.0,normal,2.644146502017975,2.644146502017975
0.0,2.3930736780166626,22.06016206741333,0.009056147187948227,0.0,1318.0,normal,2.685083746910095,2.685083746910095
0.0,2.3266650438308716,18.822270393371582,0.009057360235601664,0.0,1319.0,normal,2.3480129837989807,2.3480129837989807
0.0,1.9319772720336914,16.64821994304657,0.009054766967892647,0.0,1320.0,normal,2.0516702234745026,2.0516702234745026
0.0,2.4236234426498413,8.772359371185303,0.009062102064490318,0.0,1321.0,normal,1.362413763999939,1.362413763999939
0.0,2.2556365728378296,6.911437034606934,0.00908308569341898,0.0,1322.0,normal,1.1427251696586609,1.1427251696586609
0.0,2.0552953481674194,5.997535228729248,0.009244876448065042,0.0,1323.0,normal,1.01127490401268,1.01127490401268
0.0,2.132488965988159,7.025935530662537,0.009063375182449818,0.0,1324.0,normal,1.1295445561408997,1.1295445561408997
0.0,2.2287590503692627,10.247063636779785,0.00910251634195447,0.0,1325.0,normal,1.4709133505821228,1.4709133505821228
0.0,2.178845167160034,8.939208507537842,0.009082619566470385,0.0,1326.0,normal,1.3301440477371216,1.3301440477371216
0.0,2.3646528124809265,6.0088618993759155,0.009071712382137775,0.0,1327.0,normal,1.0742703676223755,1.0742703676223755
0.0,2.079264521598816,3.7849560976028442,0.009068800136446953,0.0,1328.0,normal,0.7948019802570343,0.7948019802570343
0.0,2.0520384907722473,3.5678584575653076,0.00906632887199521,0.0,1329.0,normal,0.7676468938589096,0.7676468938589096
0.0,2.28830087184906,3.002933144569397,0.009065389167517424,0.0,1330.0,normal,0.7584067583084106,0.7584067583084106
0.0,2.112939178943634,3.0829049348831177,0.00906414957717061,0.0,1331.0,normal,0.7313315272331238,0.7313315272331238
0.0,2.0096232891082764,2.201891005039215,0.009063424542546272,0.0,1332.0,normal,0.6225669384002686,0.6225669384002686
0.0,2.152102768421173,1.4695584774017334,0.009061715099960566,0.0,1333.0,normal,0.5778294801712036,0.5778294801712036
0.0,1.9581046104431152,1.747532308101654,0.009061207063496113,0.0,1334.0,normal,0.5668272376060486,0.5668272376060486
0.0,2.028172194957733,3.2427613735198975,0.009059544652700424,0.0,1335.0,normal,0.7303635478019714,0.7303635478019714
0.0,2.1455947160720825,3.0610641837120056,0.009062754921615124,0.0,1336.0,normal,0.7356785237789154,0.7356785237789154
0.0,1.944094717502594,5.804611921310425,0.009061627089977264,0.0,1337.0,normal,0.9697332382202148,0.9697332382202148
0.0,2.421518921852112,2.7935341596603394,0.009065885096788406,0.0,1338.0,normal,0.7641105353832245,0.7641105353832245
0.0,2.0946736931800842,3.9889888167381287,0.009065695106983185,0.0,1339.0,normal,0.8182869255542755,0.8182869255542755
0.0,1.9576094150543213,2.946569800376892,0.009043333120644093,0.0,1340.0,normal,0.686631053686142,0.686631053686142
0.0,2.0471432209014893,2.4366061687469482,0.00904185650870204,0.0,1341.0,normal,0.6535413563251495,0.6535413563251495
0.0,1.9415110349655151,1.590404897928238,0.009047756902873516,0.0,1342.0,normal,0.5477950870990753,0.5477950870990753
0.0,1.9889967739582062,3.2698826789855957,0.00900206295773387,0.0,1343.0,normal,0.7252377569675446,0.7252377569675446
0.0,2.044566810131073,2.2965378761291504,0.009020381141453981,0.0,1344.0,normal,0.6390181630849838,0.6390181630849838
0.0,2.0142147541046143,2.3763315081596375,0.00889541208744049,0.0,1345.0,normal,0.6409208923578262,0.6409208923578262
0.0,2.0388153791427612,2.3872979879379272,0.008548324927687645,0.0,1346.0,normal,0.6469203233718872,0.6469203233718872
0.0,1.9398407638072968,1.3144580721855164,0.00862503843382001,0.0,1347.0,normal,0.5198452025651932,0.5198452025651932
0.0,1.951899230480194,1.088445246219635,0.008495476562529802,0.0,1348.0,normal,0.49964915215969086,0.49964915215969086
0.0,1.994198739528656,1.3252063989639282,0.008253777865320444,0.0,1349.0,normal,0.5317730754613876,0.5317730754613876
0.0,2.0510759353637695,1.3076674938201904,0.008141872007399797,0.0,1350.0,normal,0.5413890182971954,0.5413890182971954
0.0,1.9218237400054932,1.154165506362915,0.008020524401217699,0.0,1351.0,normal,0.5001823306083679,0.5001823306083679
0.0,2.0381259322166443,1.1904916167259216,0.008031013887375593,0.0,1352.0,normal,0.5270759016275406,0.5270759016275406
0.0,2.0691081285476685,1.119565725326538,0.008045235183089972,0.0,1353.0,normal,0.5261805057525635,0.5261805057525635
0.0,1.9366624355316162,1.8612068891525269,0.007996601983904839,0.0,1354.0,normal,0.573853000998497,0.573853000998497
0.0,2.1808364391326904,1.9846384525299072,0.007890780456364155,0.0,1355.0,normal,0.6350256502628326,0.6350256502628326
0.0,1.9717856645584106,3.802945613861084,0.007752994308248162,0.0,1356.0,normal,0.7750393450260162,0.7750393450260162
0.0,2.099421799182892,2.117555618286133,0.00746073666960001,0.0,1357.0,normal,0.6320129930973053,0.6320129930973053
0.0,2.2171167731285095,2.8852102756500244,0.00726721528917551,0.0,1358.0,normal,0.7323077619075775,0.7323077619075775
0.0,2.205835521221161,6.610867261886597,0.007251229370012879,0.0,1359.0,normal,1.1026163697242737,1.1026163697242737
0.0,2.1606526374816895,2.554573953151703,0.007249900605529547,0.0,1360.0,normal,0.6879504173994064,0.6879504173994064
0.0,1.9914652109146118,2.0967180132865906,0.007249862654134631,0.0,1361.0,normal,0.6083273440599442,0.6083273440599442
0.0,1.917761504650116,3.156942129135132,0.0072498193476349115,0.0,1362.0,normal,0.6996090114116669,0.6996090114116669
0.0,2.0839582681655884,2.298909068107605,0.00724936299957335,0.0,1363.0,normal,0.6470450460910797,0.6470450460910797
0.0,2.029383957386017,2.422246992588043,0.0072492866311222315,0.0,1364.0,normal,0.6484639644622803,0.6484639644622803
0.0,1.8649094700813293,1.8521800637245178,0.007249384885653853,0.0,1365.0,normal,0.5585623979568481,0.5585623979568481
0.0,1.9199628233909607,1.3750783801078796,0.007249030051752925,0.0,1366.0,normal,0.5218628793954849,0.5218628793954849
0.0,1.8782281279563904,1.4125034809112549,0.007249081740155816,0.0,1367.0,normal,0.5172584354877472,0.5172584354877472
0.0,1.9155443906784058,1.147219866514206,0.007248942041769624,0.0,1368.0,normal,0.49819333851337433,0.49819333851337433
0.0,1.8894951045513153,1.5657154321670532,0.007248906884342432,0.0,1369.0,normal,0.5348330438137054,0.5348330438137054
0.0,1.958177387714386,2.2510372400283813,0.00724866078235209,0.0,1370.0,normal,0.617101639509201,0.617101639509201
0.0,1.9423432350158691,2.682415008544922,0.007248660316690803,0.0,1371.0,normal,0.6570726037025452,0.6570726037025452
0.0,2.031178116798401,1.1964809894561768,0.007248422829434276,0.0,1372.0,normal,0.5262461304664612,0.5262461304664612
0.0,1.8457078337669373,1.945069134235382,0.007248602341860533,0.0,1373.0,normal,0.5640109181404114,0.5640109181404114
0.0,1.9455738067626953,1.135276198387146,0.007248359732329845,0.0,1374.0,normal,0.5030048042535782,0.5030048042535782
0.0,1.9640580415725708,1.1178929209709167,0.007248243084177375,0.0,1375.0,normal,0.5049633234739304,0.5049633234739304
0.0,1.9452884793281555,1.0905662775039673,0.007248164853081107,0.0,1376.0,normal,0.4984767585992813,0.4984767585992813
0.0,1.964782178401947,0.9171885251998901,0.007248174399137497,0.0,1377.0,normal,0.485037699341774,0.485037699341774
0.0,1.8747162818908691,0.989641934633255,0.007248631911352277,0.0,1378.0,normal,0.47426989674568176,0.47426989674568176
0.0,1.9426372647285461,0.9811444282531738,0.007248433772474527,0.0,1379.0,normal,0.4870043247938156,0.4870043247938156
0.0,1.9061376452445984,1.4466363787651062,0.007248333189636469,0.0,1380.0,normal,0.5262535810470581,0.5262535810470581
0.0,1.9575571417808533,2.3730438202619553,0.007248283829540014,0.0,1381.0,normal,0.6291782185435295,0.6291782185435295
0.0,2.0787943601608276,3.9792791604995728,0.007248155772686005,0.0,1382.0,normal,0.8140492141246796,0.8140492141246796
0.0,1.9930839538574219,1.7036691904067993,0.007248208159580827,0.0,1383.0,normal,0.5693461298942566,0.5693461298942566
0.0,1.9802493453025818,3.109442710876465,0.0072481827810406685,0.0,1384.0,normal,0.7073565423488617,0.7073565423488617
0.0,1.9357811212539673,1.2585088312625885,0.007248120382428169,0.0,1385.0,normal,0.5133695006370544,0.5133695006370544
0.0,1.9659953117370605,1.0448216497898102,0.007247936213389039,0.0,1386.0,normal,0.49804362654685974,0.49804362654685974
0.0,1.97307550907135,1.3460264801979065,0.007247881963849068,0.0,1387.0,normal,0.529580146074295,0.529580146074295
0.0,2.00000536441803,0.9878226220607758,0.007248873356729746,0.0,1388.0,normal,0.4991457909345627,0.4991457909345627
0.0,1.909255564212799,1.1206658780574799,0.007249081507325172,0.0,1389.0,normal,0.4942801892757416,0.4942801892757416
0.0,1.9329959154129028,1.0451367795467377,0.007248630514368415,0.0,1390.0,normal,0.49147532880306244,0.49147532880306244
0.0,1.9716122150421143,0.9594703614711761,0.007248623995110393,0.0,1391.0,normal,0.4906318932771683,0.4906318932771683
0.0,1.965105414390564,1.0969635844230652,0.007248545065522194,0.0,1392.0,normal,0.5030798614025116,0.5030798614025116
0.0,1.918098270893097,1.420055627822876,0.007248025154694915,0.0,1393.0,normal,0.5259876102209091,0.5259876102209091
0.0,1.8998672366142273,0.928894430398941,0.007248081034049392,0.0,1394.0,normal,0.47322528064250946,0.47322528064250946
0.0,1.9869941473007202,1.399126946926117,0.007248122477903962,0.0,1395.0,normal,0.5376739203929901,0.5376739203929901
0.0,1.9342646598815918,1.0751153826713562,0.007248018868267536,0.0,1396.0,normal,0.49472686648368835,0.49472686648368835
0.0,1.9634799361228943,1.0117893815040588,0.007248124573379755,0.0,1397.0,normal,0.49423734843730927,0.49423734843730927
0.0,1.9609708189964294,1.0617939680814743,0.007247853558510542,0.0,1398.0,normal,0.4987359493970871,0.4987359493970871
0.0,1.9046124815940857,1.0154272317886353,0.0072477757930755615,0.0,1399.0,normal,0.4828276187181473,0.4828276187181473
0.0,1.9149261713027954,2.253369927406311,0.007247726432979107,0.0,1400.0,normal,0.608684629201889,0.608684629201889
0.0,1.8809048533439636,0.8672875314950943,0.007247715489938855,0.0,1401.0,normal,0.4632721096277237,0.4632721096277237
0.0,1.9263665080070496,1.227022409439087,0.00724789802916348,0.0,1402.0,normal,0.5083379447460175,0.5083379447460175
0.0,1.8335554599761963,1.9723945260047913,0.007247659610584378,0.0,1403.0,normal,0.5643129497766495,0.5643129497766495
0.0,1.830863356590271,2.6702866554260254,0.007247822359204292,0.0,1404.0,normal,0.6335637271404266,0.6335637271404266
0.0,1.8649485111236572,1.5865944027900696,0.007247633999213576,0.0,1405.0,normal,0.5320115089416504,0.5320115089416504
0.0,1.8982433080673218,1.6634605824947357,0.007247781613841653,0.0,1406.0,normal,0.546357125043869,0.546357125043869
0.0,1.9673606157302856,1.0343466401100159,0.007248617708683014,0.0,1407.0,normal,0.4972692131996155,0.4972692131996155
0.0,1.9801661968231201,3.6185669898986816,0.007247823057696223,0.0,1408.0,normal,0.7582523226737976,0.7582523226737976
0.0,1.8831376433372498,1.7732526659965515,0.007248497102409601,0.0,1409.0,normal,0.5543152391910553,0.5543152391910553
0.0,1.939622163772583,1.9421225190162659,0.007248105248436332,0.0,1410.0,normal,0.582499086856842,0.582499086856842
0.0,1.9116960167884827,4.1951518058776855,0.0072481639217585325,0.0,1411.0,normal,0.8022168427705765,0.8022168427705765
0.0,1.8963158130645752,1.5785967707633972,0.007247676374390721,0.0,1412.0,normal,0.537485271692276,0.537485271692276
0.0,1.9837536811828613,2.097272604703903,0.0072480738162994385,0.0,1413.0,normal,0.6068403869867325,0.6068403869867325
0.0,1.97249436378479,3.0482354164123535,0.007247959962114692,0.0,1414.0,normal,0.6996848583221436,0.6996848583221436
0.0,1.908020555973053,3.37399822473526,0.007247840519994497,0.0,1415.0,normal,0.7193663418292999,0.7193663418292999
0.0,1.8479737639427185,5.9665487408638,0.007248222129419446,0.0,1416.0,normal,0.9666120409965515,0.9666120409965515
0.0,2.298663318157196,5.562224626541138,0.007247542962431908,0.0,1417.0,normal,1.0163175165653229,1.0163175165653229
0.0,1.8370067477226257,2.7665642499923706,0.007247841684147716,0.0,1418.0,normal,0.6444201767444611,0.6444201767444611
0.0,1.994863510131836,2.6266911029815674,0.007247771602123976,0.0,1419.0,normal,0.6620042324066162,0.6620042324066162
0.0,1.9156988859176636,3.1137006282806396,0.007247692905366421,0.0,1420.0,normal,0.694872260093689,0.694872260093689
0.0,2.08400160074234,4.372519910335541,0.007248037727549672,0.0,1421.0,normal,0.8544147461652756,0.8544147461652756
0.0,2.1821518540382385,9.959484815597534,0.007247595116496086,0.0,1422.0,normal,1.4327412843704224,1.4327412843704224
0.0,2.053844690322876,8.008153200149536,0.0072480314411222935,0.0,1423.0,normal,1.2119466662406921,1.2119466662406921
0.0,2.0200738310813904,4.490490436553955,0.007247369037941098,0.0,1424.0,normal,0.8534261882305145,0.8534261882305145
0.0,1.9473454356193542,4.402067542076111,0.007247603964060545,0.0,1425.0,normal,0.8300382196903229,0.8300382196903229
0.0,2.0331069827079773,8.690033435821533,0.007247382076457143,0.0,1426.0,normal,1.275987148284912,1.275987148284912
0.0,1.9894272089004517,7.281006813049316,0.007247264729812741,0.0,1427.0,normal,1.1263484954833984,1.1263484954833984
0.0,1.9741071462631226,2.116358757019043,0.0072474405169487,0.0,1428.0,normal,0.6068196594715118,0.6068196594715118
0.0,1.8407820463180542,2.1158711910247803,0.007247809087857604,0.0,1429.0,normal,0.5801059603691101,0.5801059603691101
0.0,1.917327880859375,2.7005460262298584,0.00724759534932673,0.0,1430.0,normal,0.6538825631141663,0.6538825631141663
0.0,1.8816242814064026,1.5462056398391724,0.007247599307447672,0.0,1431.0,normal,0.5313078314065933,0.5313078314065933
0.0,1.8737908601760864,1.654457151889801,0.007247536210343242,0.0,1432.0,normal,0.5405662953853607,0.5405662953853607
0.0,2.0548354387283325,3.3735417127609253,0.007247488480061293,0.0,1433.0,normal,0.7486836612224579,0.7486836612224579
0.0,1.910352647304535,2.2490828037261963,0.007247688481584191,0.0,1434.0,normal,0.6073412150144577,0.6073412150144577
0.0,1.9445725083351135,2.2489591240882874,0.007247519912198186,0.0,1435.0,normal,0.6141728013753891,0.6141728013753891
0.0,1.9574236273765564,4.188676238059998,0.0072473823092877865,0.0,1436.0,normal,0.8107147216796875,0.8107147216796875
0.0,2.103974223136902,3.8032331466674805,0.007247385568916798,0.0,1437.0,normal,0.8014805614948273,0.8014805614948273
0.0,1.8322322964668274,3.5308876633644104,0.0072472309693694115,0.0,1438.0,normal,0.7198976129293442,0.7198976129293442
0.0,2.009484589099884,3.229110598564148,0.007247446104884148,0.0,1439.0,normal,0.725170373916626,0.725170373916626
0.0,2.1937801837921143,6.478801727294922,0.0072473157197237015,0.0,1440.0,normal,1.0869985818862915,1.0869985818862915
0.0,1.8926067352294922,5.5739734172821045,0.007247732020914555,0.0,1441.0,normal,0.9362810850143433,0.9362810850143433
0.0,2.011166751384735,3.185805082321167,0.007247372763231397,0.0,1442.0,normal,0.7211762219667435,0.7211762219667435
0.0,1.803895115852356,3.6225041151046753,0.007247438188642263,0.0,1443.0,normal,0.7233918309211731,0.7233918309211731
0.0,1.984054446220398,3.588160455226898,0.0072474004700779915,0.0,1444.0,normal,0.7559893727302551,0.7559893727302551
0.0,1.9356639981269836,4.844233512878418,0.007247854955494404,0.0,1445.0,normal,0.8719185292720795,0.8719185292720795
0.0,1.8508159518241882,2.211342513561249,0.007247840287163854,0.0,1446.0,normal,0.5916598439216614,0.5916598439216614
0.0,1.8803320527076721,4.7099257707595825,0.007247686851769686,0.0,1447.0,normal,0.847421407699585,0.847421407699585
0.0,1.8526405096054077,3.531969368457794,0.007248411187902093,0.0,1448.0,normal,0.7240874767303467,0.7240874767303467
0.0,1.9080497026443481,3.4480106830596924,0.007247688248753548,0.0,1449.0,normal,0.7267733812332153,0.7267733812332153
0.0,1.9510338306427002,4.713543772697449,0.007247577887028456,0.0,1450.0,normal,0.8619235455989838,0.8619235455989838
0.0,2.0307146310806274,13.581719875335693,0.00724755460396409,0.0,1451.0,normal,1.7646772861480713,1.7646772861480713
0.0,1.9617658853530884,14.279335260391235,0.0072472800966352224,0.0,1452.0,normal,1.820649117231369,1.820649117231369
0.0,1.7271963953971863,6.366051077842712,0.007247999543324113,0.0,1453.0,normal,0.9824067950248718,0.9824067950248718
0.0,1.9620351195335388,6.194995403289795,0.0072476963978260756,0.0,1454.0,normal,1.0122690200805664,1.0122690200805664
0.0,2.0002214312553406,10.031573668122292,0.0072478370275348425,0.0,1455.0,normal,1.4035640358924866,1.4035640358924866
0.0,1.893401861190796,7.872483611106873,0.007247359957545996,0.0,1456.0,normal,1.1662911176681519,1.1662911176681519
0.0,2.130121409893036,10.197364807128906,0.00724808732047677,0.0,1457.0,normal,1.44612318277359,1.44612318277359
0.0,1.9425901174545288,5.8057757914066315,0.00724757881835103,0.0,1458.0,normal,0.9694579988718033,0.9694579988718033
0.0,2.0660271644592285,5.675951421260834,0.007247415371239185,0.0,1459.0,normal,0.981162965297699,0.981162965297699
0.0,1.9498609900474548,6.548559337854385,0.007247651927173138,0.0,1460.0,normal,1.0451906025409698,1.0451906025409698
0.0,1.870043694972992,9.77822232246399,0.007247403729707003,0.0,1461.0,normal,1.3521933853626251,1.3521933853626251
0.0,1.816949337720871,10.49756383895874,0.007247369270771742,0.0,1462.0,normal,1.413508653640747,1.413508653640747
0.0,1.8480029106140137,5.674319624900818,0.007247594650834799,0.0,1463.0,normal,0.9373949319124222,0.9373949319124222
0.0,2.0833446979522705,7.276299476623535,0.007247813977301121,0.0,1464.0,normal,1.1446613073349,1.1446613073349
0.0,1.9920744895935059,13.299711644649506,0.007247642381116748,0.0,1465.0,normal,1.7287484407424927,1.7287484407424927
0.0,2.396059513092041,15.53739881515503,0.007247221190482378,0.0,1466.0,normal,2.0333142280578613,2.0333142280578613
0.0,2.0617323517799377,18.15277910232544,0.007247089641168714,0.0,1467.0,normal,2.227986752986908,2.227986752986908
0.0,1.989237904548645,15.64818024635315,0.007246965076774359,0.0,1468.0,normal,1.9630279690027237,1.9630279690027237
0.0,2.243270516395569,9.680440425872803,0.007246980909258127,0.0,1469.0,normal,1.4170605540275574,1.4170605540275574
0.0,2.1315133571624756,8.742942452430725,0.007247239351272583,0.0,1470.0,normal,1.300959289073944,1.300959289073944
0.0,2.100598305463791,10.15523362159729,0.007247749948874116,0.0,1471.0,normal,1.4360054433345795,1.4360054433345795
0.0,1.973583996295929,13.753942012786865,0.007247388828545809,0.0,1472.0,normal,1.7704734206199646,1.7704734206199646
0.0,1.7454965114593506,10.021890997886658,0.007248014211654663,0.0,1473.0,normal,1.3516508340835571,1.3516508340835571
0.0,2.237800419330597,11.673548936843872,0.007247180910781026,0.0,1474.0,normal,1.6152774393558502,1.6152774393558502
0.0,1.97604501247406,11.098728060722351,0.007247334811836481,0.0,1475.0,normal,1.505444198846817,1.505444198846817
0.0,2.0993775129318237,11.664651572704315,0.007247773231938481,0.0,1476.0,normal,1.5867030918598175,1.5867030918598175
0.0,1.7535572052001953,10.99375593662262,0.007247240981087089,0.0,1477.0,normal,1.4504494667053223,1.4504494667053223
0.0,1.9357505440711975,11.26287841796875,0.007248971378430724,0.0,1478.0,normal,1.5138004422187805,1.5138004422187805
0.0,1.8232728242874146,9.912862300872803,0.007247714791446924,0.0,1479.0,normal,1.356303185224533,1.356303185224533
0.0,1.841249167919159,6.877219378948212,0.007248585345223546,0.0,1480.0,normal,1.0563341975212097,1.0563341975212097
0.0,2.065363109111786,5.84366512298584,0.00724774575792253,0.0,1481.0,normal,0.9978015422821045,0.9978015422821045
0.0,1.7725483179092407,6.48701012134552,0.007248172536492348,0.0,1482.0,normal,1.003573089838028,1.003573089838028
0.0,1.8911333084106445,4.350828468799591,0.0072477273643016815,0.0,1483.0,normal,0.8136719167232513,0.8136719167232513
0.0,2.008328080177307,5.695765495300293,0.007247789762914181,0.0,1484.0,normal,0.9716045558452606,0.9716045558452606
0.0,1.8529216647148132,8.465351581573486,0.007248024921864271,0.0,1485.0,normal,1.2174818813800812,1.2174818813800812
0.0,1.913212776184082,5.309424877166748,0.007247589295729995,0.0,1486.0,normal,0.9139474630355835,0.9139474630355835
0.0,1.8764349818229675,4.2566399574279785,0.007248159730806947,0.0,1487.0,normal,0.8013134002685547,0.8013134002685547
0.0,2.0892101526260376,8.701794862747192,0.007247276604175568,0.0,1488.0,normal,1.2883839309215546,1.2883839309215546
0.0,2.099787712097168,6.857269704341888,0.0072474428452551365,0.0,1489.0,normal,1.1060469150543213,1.1060469150543213
0.0,1.9864683747291565,4.284893274307251,0.007247301051393151,0.0,1490.0,normal,0.826145350933075,0.826145350933075
0.0,1.8694962859153748,3.8110623359680176,0.007247413974255323,0.0,1491.0,normal,0.7553679049015045,0.7553679049015045
0.0,1.8511705994606018,3.508315086364746,0.007247227942571044,0.0,1492.0,normal,0.7214280068874359,0.7214280068874359
0.0,1.7514850497245789,4.65157163143158,0.007247220259159803,0.0,1493.0,normal,0.8158165812492371,0.8158165812492371
0.0,1.8042374849319458,2.0907031893730164,0.007247285917401314,0.0,1494.0,normal,0.5702801942825317,0.5702801942825317
0.0,2.019955575466156,4.914117813110352,0.007247119909152389,0.0,1495.0,normal,0.8957652747631073,0.8957652747631073
0.0,1.9804059267044067,5.77557373046875,0.007247108267620206,0.0,1496.0,normal,0.9740009605884552,0.9740009605884552
0.0,1.7881226539611816,7.506840944290161,0.007247141562402248,0.0,1497.0,normal,1.1086709797382355,1.1086709797382355
0.0,1.8970298171043396,3.5227229595184326,0.007247347617521882,0.0,1498.0,normal,0.7320406436920166,0.7320406436920166
0.0,2.118678867816925,3.8487991094589233,0.007247144356369972,0.0,1499.0,normal,0.8089780509471893,0.8089780509471893
0.0,1.862957239151001,5.6078245639801025,0.007247274275869131,0.0,1500.0,normal,0.9337362945079803,0.9337362945079803
0.0,2.4679521322250366,7.924133121967316,0.00724723213352263,0.0,1501.0,normal,1.2863661348819733,1.2863661348819733
0.0,1.709640622138977,11.637253284454346,0.007247040281072259,0.0,1502.0,normal,1.5060158371925354,1.5060158371925354
0.0,2.0498061776161194,8.581395626068115,0.007247477304190397,0.0,1503.0,normal,1.2684632241725922,1.2684632241725922
0.0,2.005474865436554,7.106104910373688,0.00724699511192739,0.0,1504.0,normal,1.1120677888393402,1.1120677888393402
0.0,2.0112871527671814,4.134698748588562,0.007247483124956489,0.0,1505.0,normal,0.8160896599292755,0.8160896599292755
0.0,1.7667977213859558,4.009955823421478,0.007247143657878041,0.0,1506.0,normal,0.7547174990177155,0.7547174990177155
0.0,1.7751285433769226,3.13312029838562,0.0072470426093786955,0.0,1507.0,normal,0.6687000691890717,0.6687000691890717
0.0,2.003756284713745,8.513246536254883,0.007247179746627808,0.0,1508.0,normal,1.2524383068084717,1.2524383068084717
0.0,2.1836283206939697,4.742564558982849,0.007246851921081543,0.0,1509.0,normal,0.9113444685935974,0.9113444685935974
0.0,2.0184292793273926,6.759299278259277,0.007246936904266477,0.0,1510.0,normal,1.0799781680107117,1.0799781680107117
0.0,1.6667585968971252,3.0001083612442017,0.007246957626193762,0.0,1511.0,normal,0.6337248980998993,0.6337248980998993
0.0,1.888520359992981,3.696135997772217,0.007246928522363305,0.0,1512.0,normal,0.7476800680160522,0.7476800680160522
0.0,1.8738881349563599,3.5278327465057373,0.007247062865644693,0.0,1513.0,normal,0.7279232740402222,0.7279232740402222
0.0,1.883385181427002,3.385004222393036,0.007246746448799968,0.0,1514.0,normal,0.715539813041687,0.715539813041687
0.0,1.8511580228805542,2.3734395503997803,0.007246855646371841,0.0,1515.0,normal,0.6079379022121429,0.6079379022121429
0.0,1.9439570307731628,4.564538240432739,0.007246604422107339,0.0,1516.0,normal,0.8456076085567474,0.8456076085567474
0.0,1.7369405627250671,6.22171425819397,0.007246841210871935,0.0,1517.0,normal,0.9699219167232513,0.9699219167232513
0.0,1.756471335887909,3.846529185771942,0.00724668032489717,0.0,1518.0,normal,0.7363095432519913,0.7363095432519913
0.0,1.7666890025138855,2.6872156858444214,0.0072470130398869514,0.0,1519.0,normal,0.6224217563867569,0.6224217563867569
0.0,1.8342040181159973,2.0382148027420044,0.007247242843732238,0.0,1520.0,normal,0.5710246562957764,0.5710246562957764
0.0,1.7577555179595947,4.51850426197052,0.007246954832226038,0.0,1521.0,normal,0.8037639260292053,0.8037639260292053
0.0,1.9613552689552307,4.72833788394928,0.007247358560562134,0.0,1522.0,normal,0.8654672503471375,0.8654672503471375
0.0,1.8067734837532043,2.7852983474731445,0.007246591616421938,0.0,1523.0,normal,0.6402468979358673,0.6402468979358673
0.0,1.719584882259369,4.019133269786835,0.00724770431406796,0.0,1524.0,normal,0.7461927086114883,0.7461927086114883
0.0,1.838024377822876,2.772405505180359,0.0072472491301596165,0.0,1525.0,normal,0.6452077776193619,0.6452077776193619
0.0,1.7375306487083435,2.844422459602356,0.007247366709634662,0.0,1526.0,normal,0.6323108077049255,0.6323108077049255
0.0,1.8476178050041199,3.5972365140914917,0.0072467324789613485,0.0,1527.0,normal,0.7296095490455627,0.7296095490455627
0.0,1.8381975293159485,2.4578567147254944,0.007246898720040917,0.0,1528.0,normal,0.6137875318527222,0.6137875318527222
0.0,1.770649254322052,2.6442023515701294,0.007246649591252208,0.0,1529.0,normal,0.6189124584197998,0.6189124584197998
0.0,1.7697734832763672,3.341001033782959,0.007246670546010137,0.0,1530.0,normal,0.6884171366691589,0.6884171366691589
0.0,1.7777266800403595,3.094700187444687,0.007246779976412654,0.0,1531.0,normal,0.6653777062892914,0.6653777062892914
0.0,1.81027352809906,2.1307379007339478,0.007246627239510417,0.0,1532.0,normal,0.5754908621311188,0.5754908621311188
0.0,1.7506532073020935,2.7063231468200684,0.007246388820931315,0.0,1533.0,normal,0.6211252808570862,0.6211252808570862
0.0,1.7821757793426514,3.785858631134033,0.007246568566188216,0.0,1534.0,normal,0.7353833168745041,0.7353833168745041
0.0,1.9725602865219116,5.7472705245018005,0.007246442837640643,0.0,1535.0,normal,0.9696014821529388,0.9696014821529388
0.0,1.7925273180007935,4.741249322891235,0.007247212575748563,0.0,1536.0,normal,0.8329927623271942,0.8329927623271942
0.0,1.8254635334014893,6.34179949760437,0.007246186723932624,0.0,1537.0,normal,0.9996349513530731,0.9996349513530731
0.0,1.9555821418762207,2.585579574108124,0.007246502209454775,0.0,1538.0,normal,0.6500367224216461,0.6500367224216461
0.0,1.7618093490600586,3.3137969076633453,0.00724687147885561,0.0,1539.0,normal,0.6841039061546326,0.6841039061546326
0.0,1.7797715067863464,2.843504309654236,0.007246971130371094,0.0,1540.0,normal,0.6406670808792114,0.6406670808792114
0.0,1.757931649684906,2.7786275446414948,0.007247204659506679,0.0,1541.0,normal,0.6298114359378815,0.6298114359378815
0.0,1.7149342894554138,1.5346809923648834,0.007247043075039983,0.0,1542.0,normal,0.49681729078292847,0.49681729078292847
0.0,1.7655717134475708,1.1744647324085236,0.00724734365940094,0.0,1543.0,normal,0.47092320024967194,0.47092320024967194
0.0,1.897142231464386,1.4832761585712433,0.007247299887239933,0.0,1544.0,normal,0.5281184166669846,0.5281184166669846
0.0,1.798912227153778,3.053762435913086,0.0072503285482525826,0.0,1545.0,normal,0.6655212342739105,0.6655212342739105
0.0,1.7448319792747498,2.5392701625823975,0.007248458685353398,0.0,1546.0,normal,0.6032558530569077,0.6032558530569077
0.0,1.6708329916000366,1.5608521103858948,0.007251170231029391,0.0,1547.0,normal,0.4906143695116043,0.4906143695116043
0.0,1.8842459917068481,3.065626233816147,0.007247743429616094,0.0,1548.0,normal,0.6837742477655411,0.6837742477655411
0.0,1.8673814535140991,3.006290778517723,0.007249746238812804,0.0,1549.0,normal,0.6744678616523743,0.6744678616523743
0.0,1.7435482740402222,1.7885496616363525,0.007247758097946644,0.0,1550.0,normal,0.5279270112514496,0.5279270112514496
0.0,1.736462950706482,2.03288334608078,0.007247976027429104,0.0,1551.0,normal,0.5509433448314667,0.5509433448314667
0.0,1.7964745163917542,5.44758939743042,0.007248125737532973,0.0,1552.0,normal,0.9044162034988403,0.9044162034988403
0.0,1.7396484017372131,2.8597332239151,0.007247270317748189,0.0,1553.0,normal,0.6342653781175613,0.6342653781175613
0.0,1.7285287380218506,2.8492640256881714,0.007247712230309844,0.0,1554.0,normal,0.6309945583343506,0.6309945583343506
0.0,1.779415249824524,3.405681073665619,0.00724721048027277,0.0,1555.0,normal,0.6968135088682175,0.6968135088682175
0.0,1.7665577232837677,5.188150107860565,0.0072471327148377895,0.0,1556.0,normal,0.8724889010190964,0.8724889010190964
0.0,1.7117432355880737,3.3388341665267944,0.007246889406815171,0.0,1557.0,normal,0.6765944063663483,0.6765944063663483
0.0,1.7659299969673157,1.2689954936504364,0.007247100118547678,0.0,1558.0,normal,0.4804479032754898,0.4804479032754898
0.0,1.821959137916565,3.109223484992981,0.007247214671224356,0.0,1559.0,normal,0.6756765246391296,0.6756765246391296
0.0,1.8664286732673645,1.4456803798675537,0.007247131783515215,0.0,1560.0,normal,0.5182161331176758,0.5182161331176758
0.0,1.6540741622447968,1.5507153272628784,0.007247207220643759,0.0,1561.0,normal,0.486248716711998,0.486248716711998
0.0,1.7198416590690613,1.711436152458191,0.007246966706588864,0.0,1562.0,normal,0.515474334359169,0.515474334359169
0.0,1.7267131209373474,1.1761317253112793,0.007246984401717782,0.0,1563.0,normal,0.4633181542158127,0.4633181542158127
0.0,1.6746911406517029,1.381535291671753,0.007246989058330655,0.0,1564.0,normal,0.4734541028738022,0.4734541028738022
0.0,1.6950985193252563,2.152398467063904,0.0072469706647098064,0.0,1565.0,normal,0.5546219050884247,0.5546219050884247
0.0,1.8044908046722412,4.192535877227783,0.007246969034895301,0.0,1566.0,normal,0.7805141508579254,0.7805141508579254
0.0,1.8680014610290527,2.917410135269165,0.007246918277814984,0.0,1567.0,normal,0.6657036542892456,0.6657036542892456
0.0,1.5572074055671692,4.704478740692139,0.007246892899274826,0.0,1568.0,normal,0.7822517454624176,0.7822517454624176
0.0,1.6646384000778198,3.6366867423057556,0.007246870780363679,0.0,1569.0,normal,0.6969587206840515,0.6969587206840515
0.0,1.703667551279068,3.143552780151367,0.007247024215757847,0.0,1570.0,normal,0.6554511487483978,0.6554511487483978
0.0,1.6885303258895874,4.2582672238349915,0.007246818859130144,0.0,1571.0,normal,0.7638951241970062,0.7638951241970062
0.0,1.7807034850120544,4.890287131071091,0.007247111992910504,0.0,1572.0,normal,0.8455317914485931,0.8455317914485931
0.0,1.7604419589042664,9.690576076507568,0.007246729917824268,0.0,1573.0,normal,1.321508377790451,1.321508377790451
0.0,2.1060699224472046,8.278204679489136,0.007246748777106404,0.0,1574.0,normal,1.2493968307971954,1.2493968307971954
0.0,1.857511043548584,9.74437403678894,0.007246683584526181,0.0,1575.0,normal,1.3463020324707031,1.3463020324707031
0.0,1.862308382987976,7.217190504074097,0.007246784633025527,0.0,1576.0,normal,1.0945430994033813,1.0945430994033813
0.0,1.7313875555992126,9.451830804347992,0.007246671477332711,0.0,1577.0,normal,1.291822999715805,1.291822999715805
0.0,2.0789316296577454,8.598815441131592,0.007247023517265916,0.0,1578.0,normal,1.2760302424430847,1.2760302424430847
0.0,1.8663173913955688,9.33803641796112,0.0072466854471713305,0.0,1579.0,normal,1.3074295222759247,1.3074295222759247
0.0,1.7917793989181519,4.928711891174316,0.007246533175930381,0.0,1580.0,normal,0.8515894114971161,0.8515894114971161
0.0,1.6768598556518555,5.492006182670593,0.007246632128953934,0.0,1581.0,normal,0.8849349915981293,0.8849349915981293
0.0,1.6484179496765137,9.30231249332428,0.00724645284935832,0.0,1582.0,normal,1.2602771818637848,1.2602771818637848
0.0,1.7770368456840515,6.851405382156372,0.007246697088703513,0.0,1583.0,normal,1.0409103035926819,1.0409103035926819
0.0,1.6124117970466614,2.514692783355713,0.007246796041727066,0.0,1584.0,normal,0.5743139982223511,0.5743139982223511
0.0,1.530474066734314,2.0359671115875244,0.007246405817568302,0.0,1585.0,normal,0.5100538581609726,0.5100538581609726
0.0,1.6486688554286957,3.0365242958068848,0.007246349239721894,0.0,1586.0,normal,0.6337485015392303,0.6337485015392303
0.0,1.608758419752121,2.6160010397434235,0.007246481953188777,0.0,1587.0,normal,0.5837141275405884,0.5837141275405884
0.0,1.6433503031730652,1.919730544090271,0.007246203254908323,0.0,1588.0,normal,0.5210054516792297,0.5210054516792297
0.0,1.6533008217811584,2.3833982944488525,0.007246366236358881,0.0,1589.0,normal,0.5693623423576355,0.5693623423576355
0.0,1.6495943069458008,1.971325159072876,0.0072464479599148035,0.0,1590.0,normal,0.5274136811494827,0.5274136811494827
0.0,1.6117826998233795,3.56362646818161,0.0072469685692340136,0.0,1591.0,normal,0.6790815144777298,0.6790815144777298
0.0,1.6690102815628052,3.4093247652053833,0.007249647285789251,0.0,1592.0,normal,0.6750970631837845,0.6750970631837845
0.0,1.6808375120162964,2.575662612915039,0.007247403729707003,0.0,1593.0,normal,0.5940961241722107,0.5940961241722107
0.0,1.638877034187317,3.024835169315338,0.007247115485370159,0.0,1594.0,normal,0.6306212544441223,0.6306212544441223
0.0,1.7252875566482544,3.204835534095764,0.0072476365603506565,0.0,1595.0,normal,0.6659034937620163,0.6659034937620163
0.0,1.6509982347488403,2.991004168987274,0.007246819790452719,0.0,1596.0,normal,0.629662424325943,0.629662424325943
0.0,1.652674674987793,1.3519673347473145,0.0072469080332666636,0.0,1597.0,normal,0.4660940170288086,0.4660940170288086
0.0,1.7065331935882568,1.1491624116897583,0.007246701512485743,0.0,1598.0,normal,0.45658519864082336,0.45658519864082336
0.0,1.6418273746967316,1.5793069005012512,0.007246881024912,0.0,1599.0,normal,0.48665851354599,0.48665851354599
0.0,1.6763361096382141,1.000391662120819,0.00724686193279922,0.0,1600.0,normal,0.4356687217950821,0.4356687217950821
0.0,1.6184824705123901,0.8116544783115387,0.007246920373290777,0.0,1601.0,normal,0.4052242785692215,0.4052242785692215
0.0,1.7159228324890137,0.9330781698226929,0.007246801164001226,0.0,1602.0,normal,0.436854749917984,0.436854749917984
0.0,1.5480684638023376,0.9634147882461548,0.007246650755405426,0.0,1603.0,normal,0.4063175171613693,0.4063175171613693
0.0,1.5587587356567383,1.3800634741783142,0.007246749708428979,0.0,1604.0,normal,0.4501204341650009,0.4501204341650009
0.0,1.6123539209365845,2.1509681046009064,0.007246756460517645,0.0,1605.0,normal,0.5379299372434616,0.5379299372434616
0.0,1.5895150005817413,2.4415618181228638,0.007246643537655473,0.0,1606.0,normal,0.5624215006828308,0.5624215006828308
0.0,1.634036809206009,2.6404286324977875,0.007246633991599083,0.0,1607.0,normal,0.591212585568428,0.591212585568428
0.0,1.6459282636642456,3.293790638446808,0.007246795110404491,0.0,1608.0,normal,0.6589270681142807,0.6589270681142807
0.0,1.609279453754425,5.369263410568237,0.007247186498716474,0.0,1609.0,normal,0.8591445684432983,0.8591445684432983
0.0,1.671156108379364,5.335022330284119,0.007247650297358632,0.0,1610.0,normal,0.8680958449840546,0.8680958449840546
0.0,1.4809840321540833,2.8341044783592224,0.007247661706060171,0.0,1611.0,normal,0.5799696296453476,0.5799696296453476
0.0,1.5317904353141785,2.769138842821121,0.0072472249157726765,0.0,1612.0,normal,0.5836343169212341,0.5836343169212341
0.0,1.597212314605713,3.0705270767211914,0.007248094072565436,0.0,1613.0,normal,0.626857578754425,0.626857578754425
0.0,1.5789246559143066,4.518636047840118,0.007247642846778035,0.0,1614.0,normal,0.7680109143257141,0.7680109143257141
0.0,1.5563051104545593,6.3458757400512695,0.007247412111610174,0.0,1615.0,normal,0.9462109506130219,0.9462109506130219
0.0,1.5284442901611328,3.062745213508606,0.007246806286275387,0.0,1616.0,normal,0.6123256981372833,0.6123256981372833
0.0,1.557420551776886,1.0576472282409668,0.007247202564030886,0.0,1617.0,normal,0.4176111966371536,0.4176111966371536
0.0,1.6595323383808136,1.9466009736061096,0.007246992085129023,0.0,1618.0,normal,0.5269289314746857,0.5269289314746857
0.0,1.5172640681266785,1.1651178300380707,0.007247082190588117,0.0,1619.0,normal,0.42032694071531296,0.42032694071531296
0.0,1.5825446248054504,0.9299471378326416,0.007247119909152389,0.0,1620.0,normal,0.40986599028110504,0.40986599028110504
0.0,1.6462054252624512,1.1389616429805756,0.007247057277709246,0.0,1621.0,normal,0.4434995949268341,0.4434995949268341
0.0,1.51670503616333,2.6018521785736084,0.007246942725032568,0.0,1622.0,normal,0.5638885498046875,0.5638885498046875
0.0,1.5263308882713318,1.6201262176036835,0.007246892200782895,0.0,1623.0,normal,0.4676411598920822,0.4676411598920822
0.0,1.5423570573329926,1.2974594831466675,0.007247059140354395,0.0,1624.0,normal,0.4385797083377838,0.4385797083377838
0.0,1.5737428963184357,1.245617926120758,0.007247001864016056,0.0,1625.0,normal,0.43967272341251373,0.43967272341251373
0.0,1.5756759643554688,1.8559833765029907,0.007247034227475524,0.0,1626.0,normal,0.5010958909988403,0.5010958909988403
0.0,1.5475512742996216,4.580665171146393,0.0072470314335078,0.0,1627.0,normal,0.7679391503334045,0.7679391503334045
0.0,1.6684882044792175,8.016969203948975,0.00724694924429059,0.0,1628.0,normal,1.135756939649582,1.135756939649582
0.0,1.6205207109451294,5.898737132549286,0.007246960885822773,0.0,1629.0,normal,0.9143402725458145,0.9143402725458145
0.0,1.6215806603431702,3.6367413997650146,0.007246822817251086,0.0,1630.0,normal,0.688352644443512,0.688352644443512
0.0,1.7318740487098694,4.285977780818939,0.007246938766911626,0.0,1631.0,normal,0.7753350138664246,0.7753350138664246
0.0,1.8118901252746582,4.979617714881897,0.007246674271300435,0.0,1632.0,normal,0.8607021570205688,0.8607021570205688
0.0,1.6695225238800049,3.6221200227737427,0.007246651453897357,0.0,1633.0,normal,0.6964788734912872,0.6964788734912872
0.0,1.836010456085205,1.6392716765403748,0.007246451918035746,0.0,1634.0,normal,0.531491607427597,0.531491607427597
0.0,1.6709341406822205,1.3202828764915466,0.007246395107358694,0.0,1635.0,normal,0.4665774554014206,0.4665774554014206
0.0,1.6316823959350586,1.208007425069809,0.007246184162795544,0.0,1636.0,normal,0.4474995583295822,0.4474995583295822
0.0,1.6301553845405579,1.224681317806244,0.007246373221278191,0.0,1637.0,normal,0.4488615393638611,0.4488615393638611
0.0,1.6366065442562103,1.2763544917106628,0.007246231427416205,0.0,1638.0,normal,0.4553190767765045,0.4553190767765045
0.0,1.6760228872299194,1.9132529497146606,0.007246017921715975,0.0,1639.0,normal,0.5268921852111816,0.5268921852111816
0.0,1.6477375626564026,1.9338752925395966,0.007246195804327726,0.0,1640.0,normal,0.5232973545789719,0.5232973545789719
0.0,1.6007335186004639,2.4000605940818787,0.007246184395626187,0.0,1641.0,normal,0.5605150908231735,0.5605150908231735
0.0,1.7160219550132751,3.3183253407478333,0.007246156223118305,0.0,1642.0,normal,0.6753992587327957,0.6753992587327957
0.0,1.7457391023635864,3.5569517612457275,0.0072462777607142925,0.0,1643.0,normal,0.7052053213119507,0.7052053213119507
0.0,1.5449883043766022,4.4058791399002075,0.007246689172461629,0.0,1644.0,normal,0.7499479204416275,0.7499479204416275
0.0,1.6271865367889404,3.9101290702819824,0.007246913621202111,0.0,1645.0,normal,0.7168126106262207,0.7168126106262207
0.0,1.4901162385940552,5.066852271556854,0.007247041445225477,0.0,1646.0,normal,0.8050708621740341,0.8050708621740341
0.0,1.8096176385879517,7.562896251678467,0.007246829103678465,0.0,1647.0,normal,1.1185754537582397,1.1185754537582397
0.0,1.5977144837379456,3.9431774616241455,0.007246451918035746,0.0,1648.0,normal,0.7142229676246643,0.7142229676246643
0.0,1.4159042239189148,9.119590759277344,0.007246794179081917,0.0,1649.0,normal,1.1955023407936096,1.1955023407936096
0.0,1.4987581372261047,4.238123774528503,0.0072464600671082735,0.0,1650.0,normal,0.7239263355731964,0.7239263355731964
0.0,1.5538305044174194,2.852753221988678,0.007246042601764202,0.0,1651.0,normal,0.5964037328958511,0.5964037328958511
0.0,1.6166510581970215,2.2678188383579254,0.007247118512168527,0.0,1652.0,normal,0.5504744648933411,0.5504744648933411
0.0,1.6059556007385254,2.924574553966522,0.007246999302878976,0.0,1653.0,normal,0.6140109002590179,0.6140109002590179
0.0,1.525610089302063,5.614309549331665,0.0072474731132388115,0.0,1654.0,normal,0.8669153451919556,0.8669153451919556
0.0,1.5204598903656006,1.219813734292984,0.007247674744576216,0.0,1655.0,normal,0.42643575370311737,0.42643575370311737
0.0,1.5783156752586365,1.003543496131897,0.007248436566442251,0.0,1656.0,normal,0.416379913687706,0.416379913687706
0.0,1.5587238371372223,1.278400406241417,0.007251143921166658,0.0,1657.0,normal,0.43994736671447754,0.43994736671447754
0.0,1.6194474697113037,2.2277994751930237,0.0072495711501687765,0.0,1658.0,normal,0.5470319390296936,0.5470319390296936
0.0,1.530740112066269,0.9383698105812073,0.007258000085130334,0.0,1659.0,normal,0.40034790337085724,0.40034790337085724
0.0,1.4654641151428223,1.4402094781398773,0.007254454772919416,0.0,1660.0,normal,0.4374765008687973,0.4374765008687973
0.0,1.5483810901641846,1.2780854105949402,0.0072488123551011086,0.0,1661.0,normal,0.43784721195697784,0.43784721195697784
0.0,1.5341914892196655,1.4833709597587585,0.007248835870996118,0.0,1662.0,normal,0.4555378556251526,0.4555378556251526
0.0,1.4880346655845642,2.128246545791626,0.007252022624015808,0.0,1663.0,normal,0.5107942223548889,0.5107942223548889
0.0,1.5237086117267609,1.5549054741859436,0.007258540252223611,0.0,1664.0,normal,0.4605952128767967,0.4605952128767967
0.0,1.6153875589370728,1.068868488073349,0.007247992558404803,0.0,1665.0,normal,0.43032675981521606,0.43032675981521606
0.0,1.5134811401367188,1.1070238947868347,0.007247403496876359,0.0,1666.0,normal,0.4137610048055649,0.4137610048055649
0.0,1.7436318099498749,1.2359359562397003,0.007249336456879973,0.0,1667.0,normal,0.4726824015378952,0.4726824015378952
0.0,1.4844859540462494,0.9381645917892456,0.0072507259901613,0.0,1668.0,normal,0.3910761922597885,0.3910761922597885
0.0,1.5581234097480774,1.9599868953227997,0.00725015252828598,0.0,1669.0,normal,0.5079858899116516,0.5079858899116516
0.0,1.4498172849416733,1.4724802374839783,0.007249290589243174,0.0,1670.0,normal,0.43757395446300507,0.43757395446300507
0.0,1.4840944409370422,2.2952986359596252,0.007248568348586559,0.0,1671.0,normal,0.52671118080616,0.52671118080616
0.0,1.4609980583190918,4.469780445098877,0.007248078705742955,0.0,1672.0,normal,0.7395400404930115,0.7395400404930115
0.0,1.489615559577942,1.9615890979766846,0.007247671252116561,0.0,1673.0,normal,0.4944444000720978,0.4944444000720978
0.0,1.4976813793182373,1.8069614171981812,0.007247485686093569,0.0,1674.0,normal,0.48059479892253876,0.48059479892253876
0.0,1.4930860996246338,4.124943017959595,0.007247763918712735,0.0,1675.0,normal,0.7114739418029785,0.7114739418029785
0.0,1.5215339958667755,0.9060273170471191,0.007247533183544874,0.0,1676.0,normal,0.3952719122171402,0.3952719122171402
0.0,1.4496729373931885,1.887117862701416,0.007247540866956115,0.0,1677.0,normal,0.4790087789297104,0.4790087789297104
0.0,1.5311148166656494,2.6773008704185486,0.007247309433296323,0.0,1678.0,normal,0.5743154436349869,0.5743154436349869
0.0,1.5450481176376343,5.84342634677887,0.007247265661135316,0.0,1679.0,normal,0.8937146663665771,0.8937146663665771
0.0,1.5375330746173859,5.198207139968872,0.00724730035290122,0.0,1680.0,normal,0.8276897072792053,0.8276897072792053
0.0,1.5956286787986755,5.770108938217163,0.007247168337926269,0.0,1681.0,normal,0.8964989930391312,0.8964989930391312
0.0,1.5195133686065674,4.412501215934753,0.007247153436765075,0.0,1682.0,normal,0.7455151081085205,0.7455151081085205
0.0,1.505923181772232,6.147305369377136,0.007247058441862464,0.0,1683.0,normal,0.9162775278091431,0.9162775278091431
0.0,1.6479501724243164,12.736711978912354,0.007247216999530792,0.0,1684.0,normal,1.6036236882209778,1.6036236882209778
0.0,1.4414585828781128,11.536019086837769,0.007247223285958171,0.0,1685.0,normal,1.4422560036182404,1.4422560036182404
0.0,1.7303763628005981,3.9516711831092834,0.007247155997902155,0.0,1686.0,normal,0.741604819893837,0.741604819893837
0.0,1.4947414994239807,2.9099983274936676,0.0072471636813133955,0.0,1687.0,normal,0.5903104990720749,0.5903104990720749
0.0,1.7231597304344177,3.5883322954177856,0.007247241213917732,0.0,1688.0,normal,0.7038275301456451,0.7038275301456451
0.0,1.567019522190094,4.357002526521683,0.007247151806950569,0.0,1689.0,normal,0.7494665831327438,0.7494665831327438
0.0,1.5031022131443024,2.6447595357894897,0.007247135974466801,0.0,1690.0,normal,0.5654587149620056,0.5654587149620056
0.0,1.5257061123847961,2.938706248998642,0.007247084518894553,0.0,1691.0,normal,0.5993742048740387,0.5993742048740387
0.0,1.476391851902008,6.409067273139954,0.007247004425153136,0.0,1692.0,normal,0.9365475326776505,0.9365475326776505
0.0,1.599711835384369,5.6206841468811035,0.007247037487104535,0.0,1693.0,normal,0.8823731243610382,0.8823731243610382
0.0,1.5853029489517212,5.625464618206024,0.007246977416798472,0.0,1694.0,normal,0.8799694180488586,0.8799694180488586
0.0,1.6299003958702087,5.768719494342804,0.007246966008096933,0.0,1695.0,normal,0.9032143950462341,0.9032143950462341
0.0,1.6875666975975037,7.336453557014465,0.007246957393363118,0.0,1696.0,normal,1.071521133184433,1.071521133184433
0.0,1.6065220832824707,17.769890308380127,0.00724692945368588,0.0,1697.0,normal,2.0986558198928833,2.0986558198928833
0.0,1.5878975987434387,10.94662618637085,0.0072469019796699286,0.0,1698.0,normal,1.4126045107841492,1.4126045107841492
0.0,1.804760456085205,5.324632883071899,0.007246920373290777,0.0,1699.0,normal,0.8937777578830719,0.8937777578830719
0.0,1.491268664598465,5.706321477890015,0.007246969733387232,0.0,1700.0,normal,0.869248241186142,0.869248241186142
0.0,1.6794999241828918,5.1075626611709595,0.007246990455314517,0.0,1701.0,normal,0.8470186293125153,0.8470186293125153
0.0,1.6963041424751282,10.169609308242798,0.007246929919347167,0.0,1702.0,normal,1.3565841615200043,1.3565841615200043
0.0,1.822509229183197,9.338103771209717,0.007247062399983406,0.0,1703.0,normal,1.2986745834350586,1.2986745834350586
0.0,1.675581932067871,5.800470232963562,0.007246937369927764,0.0,1704.0,normal,0.9155257940292358,0.9155257940292358
0.0,1.6370213627815247,4.3999940156936646,0.007246877066791058,0.0,1705.0,normal,0.7677660584449768,0.7677660584449768
0.0,1.6335820853710175,4.589017391204834,0.007246864959597588,0.0,1706.0,normal,0.7859805226325989,0.7859805226325989
0.0,1.6294146180152893,3.1606310606002808,0.007246816763654351,0.0,1707.0,normal,0.6423083543777466,0.6423083543777466
0.0,1.5826496183872223,2.0910998582839966,0.007246806053444743,0.0,1708.0,normal,0.5260022580623627,0.5260022580623627
0.0,1.590564250946045,2.498420476913452,0.007246812339872122,0.0,1709.0,normal,0.5683172643184662,0.5683172643184662
0.0,1.600758045911789,1.4768096208572388,0.007246873807162046,0.0,1710.0,normal,0.468194916844368,0.468194916844368
0.0,1.6611860990524292,1.2421936988830566,0.007246846333146095,0.0,1711.0,normal,0.45681893825531006,0.45681893825531006
0.0,1.510674774646759,1.5389252603054047,0.00724684726446867,0.0,1712.0,normal,0.4563898295164108,0.4563898295164108
0.0,1.5096144676208496,1.905705988407135,0.007246857974678278,0.0,1713.0,normal,0.49285581707954407,0.49285581707954407
0.0,1.8873541355133057,1.1471655070781708,0.007246850756928325,0.0,1714.0,normal,0.49254971742630005,0.49254971742630005
0.0,1.4804803431034088,0.8502675294876099,0.0072468474972993135,0.0,1715.0,normal,0.3814851641654968,0.3814851641654968
0.0,1.640355408191681,2.252540111541748,0.007246781140565872,0.0,1716.0,normal,0.5536874532699585,0.5536874532699585
0.0,1.6562621593475342,1.337525114417076,0.007246748311445117,0.0,1717.0,normal,0.46536725759506226,0.46536725759506226
0.0,1.5773149728775024,0.9866909086704254,0.007246733643114567,0.0,1718.0,normal,0.4144944101572037,0.4144944101572037
0.0,1.5140360593795776,1.1862848997116089,0.0072467089630663395,0.0,1719.0,normal,0.42179805040359497,0.42179805040359497
0.0,1.5727337300777435,1.125531792640686,0.007246787426993251,0.0,1720.0,normal,0.42746224999427795,0.42746224999427795
0.0,1.53799706697464,1.494050920009613,0.007246760651469231,0.0,1721.0,normal,0.45736685395240784,0.45736685395240784
0.0,1.5314667224884033,1.6510237753391266,0.007246938766911626,0.0,1722.0,normal,0.47175803780555725,0.47175803780555725
0.0,1.6523118019104004,3.435994267463684,0.0072468239814043045,0.0,1723.0,normal,0.6744241416454315,0.6744241416454315
0.0,1.51731538772583,1.6192530691623688,0.007246705004945397,0.0,1724.0,normal,0.46575072407722473,0.46575072407722473
0.0,1.5941347479820251,2.39193594455719,0.007246779277920723,0.0,1725.0,normal,0.5583828687667847,0.5583828687667847
0.0,1.4877774119377136,2.8663614988327026,0.007246697787195444,0.0,1726.0,normal,0.5845539569854736,0.5845539569854736
0.0,1.6082869172096252,1.732288271188736,0.0072467210702598095,0.0,1727.0,normal,0.49524857103824615,0.49524857103824615
0.0,1.4789370894432068,1.5533925294876099,0.007246657507494092,0.0,1728.0,normal,0.45148900151252747,0.45148900151252747
0.0,1.4632671475410461,1.1384639739990234,0.007246674038469791,0.0,1729.0,normal,0.40686216950416565,0.40686216950416565
0.0,1.475494146347046,0.8453878164291382,0.007246627006679773,0.0,1730.0,normal,0.37999993562698364,0.37999993562698364
0.0,1.5149682760238647,0.7628406584262848,0.007246599532663822,0.0,1731.0,normal,0.37964005023241043,0.37964005023241043
0.0,1.5397681593894958,0.7830553650856018,0.007246616994962096,0.0,1732.0,normal,0.38662153482437134,0.38662153482437134
0.0,1.4573760032653809,0.7016945481300354,0.007246613735333085,0.0,1733.0,normal,0.3620069921016693,0.3620069921016693
0.0,1.4691124558448792,0.8211920857429504,0.007246657274663448,0.0,1734.0,normal,0.376304030418396,0.376304030418396
0.0,1.4680113196372986,0.6299441158771515,0.0072467143181711435,0.0,1735.0,normal,0.3569590151309967,0.3569590151309967
0.0,1.5261799097061157,0.7639670372009277,0.00724667520262301,0.0,1736.0,normal,0.3819950371980667,0.3819950371980667
0.0,1.4959782361984253,0.7732898443937302,0.007246681489050388,0.0,1737.0,normal,0.3768869712948799,0.3768869712948799
0.0,1.46935373544693,0.9780957251787186,0.007246716180816293,0.0,1738.0,normal,0.3920426517724991,0.3920426517724991
0.0,1.5285871624946594,0.8278996646404266,0.0072466295678168535,0.0,1739.0,normal,0.3888697475194931,0.3888697475194931
0.0,1.4673656821250916,0.6436123922467232,0.007246607448905706,0.0,1740.0,normal,0.3581967204809189,0.3581967204809189
0.0,1.4684832692146301,0.6427828967571259,0.007246584864333272,0.0,1741.0,normal,0.35833725333213806,0.35833725333213806
0.0,1.5062400102615356,0.7251638323068619,0.007246655412018299,0.0,1742.0,normal,0.37412672489881516,0.37412672489881516
0.0,1.430220127105713,0.8393187522888184,0.007246545050293207,0.0,1743.0,normal,0.37033823132514954,0.37033823132514954
0.0,1.4984682202339172,0.9111498296260834,0.007246571127325296,0.0,1744.0,normal,0.3911709487438202,0.3911709487438202
0.0,1.5844950675964355,0.6826357543468475,0.007246661931276321,0.0,1745.0,normal,0.3855249285697937,0.3855249285697937
0.0,1.4930249154567719,0.9875356554985046,0.007246554596349597,0.0,1746.0,normal,0.3977208733558655,0.3977208733558655
0.0,1.4960103034973145,0.9690061211585999,0.007246580207720399,0.0,1747.0,normal,0.396465003490448,0.396465003490448
0.0,1.409435212612152,1.5332766473293304,0.007246515015140176,0.0,1748.0,normal,0.43557700514793396,0.43557700514793396
0.0,1.5382572710514069,1.1591458022594452,0.007246597437188029,0.0,1749.0,normal,0.4239283800125122,0.4239283800125122
0.0,1.5485937893390656,2.0376519560813904,0.007246452150866389,0.0,1750.0,normal,0.5138463079929352,0.5138463079929352
0.0,1.4981852173805237,1.1146033108234406,0.0072466658893972635,0.0,1751.0,normal,0.4114597290754318,0.4114597290754318
0.0,1.4450755715370178,0.9041492342948914,0.0072464540135115385,0.0,1752.0,normal,0.37979237735271454,0.37979237735271454
0.0,1.499379187822342,0.7914232313632965,0.007246661698445678,0.0,1753.0,normal,0.3793804943561554,0.3793804943561554
0.0,1.530052125453949,0.9460667222738266,0.007246476830914617,0.0,1754.0,normal,0.4009794294834137,0.4009794294834137
0.0,1.4700761437416077,0.8460604250431061,0.0072466416750103235,0.0,1755.0,normal,0.37898358702659607,0.37898358702659607
0.0,1.4294411540031433,1.6924848556518555,0.007246775785461068,0.0,1756.0,normal,0.455499067902565,0.455499067902565
0.0,1.452638328075409,2.3789079189300537,0.007246905006468296,0.0,1757.0,normal,0.5287808328866959,0.5287808328866959
0.0,1.5268834233283997,1.2504435181617737,0.007246612571179867,0.0,1758.0,normal,0.43078337609767914,0.43078337609767914
0.0,1.4922795295715332,1.4570966958999634,0.007246987195685506,0.0,1759.0,normal,0.4445279389619827,0.4445279389619827
0.0,1.5422321557998657,1.9305119514465332,0.007246622582897544,0.0,1760.0,normal,0.5018599778413773,0.5018599778413773
0.0,1.6207920461893082,2.025516152381897,0.007246567634865642,0.0,1761.0,normal,0.527072362601757,0.527072362601757
0.0,1.4371084570884705,1.529955118894577,0.007246658205986023,0.0,1762.0,normal,0.44077953696250916,0.44077953696250916
0.0,1.530029058456421,3.5751246213912964,0.007246521534398198,0.0,1763.0,normal,0.6638806164264679,0.6638806164264679
0.0,1.4981619715690613,1.3199888169765472,0.007246776483952999,0.0,1764.0,normal,0.43199363350868225,0.43199363350868225
0.0,1.4623391032218933,1.0312368869781494,0.007246545050293207,0.0,1765.0,normal,0.39595384895801544,0.39595384895801544
0.0,1.452290952205658,0.8163392245769501,0.007246507331728935,0.0,1766.0,normal,0.3724544644355774,0.3724544644355774
0.0,1.476665198802948,2.0604180693626404,0.007246427936479449,0.0,1767.0,normal,0.5017371624708176,0.5017371624708176
0.0,1.4530068635940552,2.391230046749115,0.007246538298204541,0.0,1768.0,normal,0.5300867110490799,0.5300867110490799
0.0,1.4160819351673126,1.69557686150074,0.007246376248076558,0.0,1769.0,normal,0.453136395663023,0.453136395663023
0.0,1.4523917436599731,1.686975121498108,0.0072464109398424625,0.0,1770.0,normal,0.45953817665576935,0.45953817665576935
0.0,1.4542322158813477,0.9766713976860046,0.007246348541229963,0.0,1771.0,normal,0.38887590169906616,0.38887590169906616
0.0,1.4744375944137573,0.491984024643898,0.007246198831126094,0.0,1772.0,normal,0.3444482386112213,0.3444482386112213
0.0,1.4534228444099426,0.5906433761119843,0.0072461196687072515,0.0,1773.0,normal,0.3501112163066864,0.3501112163066864
0.0,1.4376226365566254,0.9415742754936218,0.007246004417538643,0.0,1774.0,normal,0.3820442408323288,0.3820442408323288
0.0,1.5671975016593933,0.6575751602649689,0.007245961111038923,0.0,1775.0,normal,0.37955930829048157,0.37955930829048157
0.0,1.4920846819877625,0.5942443609237671,0.007246245397254825,0.0,1776.0,normal,0.3582036942243576,0.3582036942243576
0.0,1.4788830876350403,0.6143997758626938,0.007246144814416766,0.0,1777.0,normal,0.35757889598608017,0.35757889598608017
0.0,1.5299712419509888,1.3807011842727661,0.007246178109198809,0.0,1778.0,normal,0.44442668557167053,0.44442668557167053
0.0,1.4161600470542908,2.6155780255794525,0.007246432360261679,0.0,1779.0,normal,0.5451521426439285,0.5451521426439285
0.0,1.4672397375106812,6.769151568412781,0.007247564848512411,0.0,1780.0,normal,0.9707255363464355,0.9707255363464355
0.0,1.513829082250595,2.837302565574646,0.007246915251016617,0.0,1781.0,normal,0.5868584215641022,0.5868584215641022
0.0,1.5508862733840942,3.667807459831238,0.0072472922038286924,0.0,1782.0,normal,0.6773203760385513,0.6773203760385513
0.0,1.4910140633583069,5.709165573120117,0.007248107111081481,0.0,1783.0,normal,0.8694818317890167,0.8694818317890167
0.0,1.6052542924880981,6.23160719871521,0.007247203029692173,0.0,1784.0,normal,0.9445739388465881,0.9445739388465881
0.0,1.4413381218910217,2.8596385419368744,0.00724741374142468,0.0,1785.0,normal,0.5745938271284103,0.5745938271284103
0.0,1.5898655652999878,2.1515942215919495,0.007246938068419695,0.0,1786.0,normal,0.5334948897361755,0.5334948897361755
0.0,1.4790631532669067,2.573935329914093,0.007248083828017116,0.0,1787.0,normal,0.553568571805954,0.553568571805954
0.0,1.4674884676933289,2.39954149723053,0.007247613742947578,0.0,1788.0,normal,0.5338142365217209,0.5338142365217209
0.0,1.5182586014270782,1.6452955901622772,0.00724718370474875,0.0,1789.0,normal,0.4685436338186264,0.4685436338186264
0.0,1.520770788192749,1.3016286194324493,0.007246885448694229,0.0,1790.0,normal,0.43467937409877777,0.43467937409877777
0.0,1.4472967386245728,1.4540935754776,0.0072469443548470736,0.0,1791.0,normal,0.4352310597896576,0.4352310597896576
0.0,1.4117908477783203,1.4455424547195435,0.007246843073517084,0.0,1792.0,normal,0.42727476358413696,0.42727476358413696
0.0,1.4206340312957764,1.3793989717960358,0.007246731081977487,0.0,1793.0,normal,0.42242905497550964,0.42242905497550964
0.0,1.5213162302970886,1.3202869296073914,0.007246580673381686,0.0,1794.0,normal,0.436654269695282,0.436654269695282
0.0,1.6221683621406555,1.1010065376758575,0.0072466901037842035,0.0,1795.0,normal,0.43489667773246765,0.43489667773246765
0.0,1.5068962574005127,1.8060972690582275,0.007246565772220492,0.0,1796.0,normal,0.48235131800174713,0.48235131800174713
0.0,1.462798833847046,1.4182080030441284,0.007246553897857666,0.0,1797.0,normal,0.43474291265010834,0.43474291265010834
0.0,1.5799100995063782,0.8353976905345917,0.007246676133945584,0.0,1798.0,normal,0.3998841345310211,0.3998841345310211
0.0,1.3987676203250885,0.9248944073915482,0.007246542954817414,0.0,1799.0,normal,0.3726053088903427,0.3726053088903427
0.0,1.4604442715644836,0.6469680368900299,0.0072466591373085976,0.0,1800.0,normal,0.3571479916572571,0.3571479916572571
0.0,1.4766866564750671,3.4177039861679077,0.007246722001582384,0.0,1801.0,normal,0.6374700665473938,0.6374700665473938
0.0,1.4753203392028809,1.3729187548160553,0.007246533874422312,0.0,1802.0,normal,0.43271827697753906,0.43271827697753906
0.0,1.5049662590026855,2.413123309612274,0.007246596505865455,0.0,1803.0,normal,0.5426679253578186,0.5426679253578186
0.0,1.4859242141246796,0.9845667481422424,0.00724657834507525,0.0,1804.0,normal,0.396003857254982,0.396003857254982
0.0,1.4552680253982544,1.9725012183189392,0.0072465562261641026,0.0,1805.0,normal,0.4886660873889923,0.4886660873889923
0.0,1.4231783151626587,1.2422371059656143,0.007246434455737472,0.0,1806.0,normal,0.40922169387340546,0.40922169387340546
0.0,1.4665098190307617,1.692678064107895,0.00724642863497138,0.0,1807.0,normal,0.46293210983276367,0.46293210983276367
0.0,1.5031571090221405,0.9525894522666931,0.007246459601446986,0.0,1808.0,normal,0.39625269919633865,0.39625269919633865
0.0,1.458833783864975,0.9677650928497314,0.0072464062832295895,0.0,1809.0,normal,0.3889055848121643,0.3889055848121643
0.0,1.533990740776062,0.5925685539841652,0.007246345514431596,0.0,1810.0,normal,0.366417333483696,0.366417333483696
0.0,1.3954694271087646,0.5996838361024857,0.0072462535463273525,0.0,1811.0,normal,0.33942459523677826,0.33942459523677826
0.0,1.4144773185253143,1.0175434350967407,0.00724608963355422,0.0,1812.0,normal,0.38501212000846863,0.38501212000846863
0.0,1.4561203122138977,0.8567675650119781,0.007246055407449603,0.0,1813.0,normal,0.3772631138563156,0.3772631138563156
0.0,1.4036988615989685,1.2729058414697647,0.007245923858135939,0.0,1814.0,normal,0.40839265286922455,0.40839265286922455
0.0,1.4933981895446777,0.6951377689838409,0.007246046094223857,0.0,1815.0,normal,0.3685557097196579,0.3685557097196579
0.0,1.4995397925376892,0.778353750705719,0.007246320368722081,0.0,1816.0,normal,0.37810565531253815,0.37810565531253815
0.0,1.4700092673301697,0.6712785959243774,0.007245691260322928,0.0,1817.0,normal,0.36149200052022934,0.36149200052022934
0.0,1.3880338668823242,0.693937674164772,0.007245969492942095,0.0,1818.0,normal,0.34736284613609314,0.34736284613609314
0.0,1.3806906193494797,0.8486931771039963,0.0072463820688426495,0.0,1819.0,normal,0.3613697625696659,0.3613697625696659
0.0,1.487209677696228,1.9062475562095642,0.007246043533086777,0.0,1820.0,normal,0.4884290099143982,0.4884290099143982
0.0,1.372651994228363,1.080304116010666,0.007246592780575156,0.0,1821.0,normal,0.3829231411218643,0.3829231411218643
0.0,1.4302014112472534,0.7988408505916595,0.007245853077620268,0.0,1822.0,normal,0.36628667265176773,0.36628667265176773
0.0,1.4399805963039398,0.5710090845823288,0.0072476984933018684,0.0,1823.0,normal,0.345459409058094,0.345459409058094
0.0,1.5469363331794739,1.3596954345703125,0.007246813736855984,0.0,1824.0,normal,0.4457191377878189,0.4457191377878189
0.0,1.4475131630897522,0.956922709941864,0.00724673573859036,0.0,1825.0,normal,0.38555724918842316,0.38555724918842316
0.0,1.4685410857200623,1.1364755481481552,0.007246780442073941,0.0,1826.0,normal,0.40771810710430145,0.40771810710430145
0.0,1.385907530784607,0.8263244926929474,0.007246988359838724,0.0,1827.0,normal,0.36017630994319916,0.36017630994319916
0.0,1.5781785249710083,2.405328631401062,0.007248239824548364,0.0,1828.0,normal,0.5565309822559357,0.5565309822559357
0.0,1.6721162796020508,1.0105039477348328,0.007246534340083599,0.0,1829.0,normal,0.43583597242832184,0.43583597242832184
0.0,1.7052838802337646,1.2627143561840057,0.007246257504448295,0.0,1830.0,normal,0.46769052743911743,0.46769052743911743
0.0,1.2797399163246155,0.8944424092769623,0.007246807916089892,0.0,1831.0,normal,0.34575456380844116,0.34575456380844116
0.0,1.498873233795166,0.8224455416202545,0.00724622025154531,0.0,1832.0,normal,0.38238149881362915,0.38238149881362915
0.0,1.3733277320861816,2.371183931827545,0.007246564142405987,0.0,1833.0,normal,0.5121462494134903,0.5121462494134903
0.0,1.4467575550079346,0.9059450328350067,0.007246264256536961,0.0,1834.0,normal,0.3803083449602127,0.3803083449602127
0.0,1.4597533345222473,1.0901698619127274,0.007246420485898852,0.0,1835.0,normal,0.40133000910282135,0.40133000910282135
0.0,1.524672031402588,2.164185047149658,0.0072462663520127535,0.0,1836.0,normal,0.5217152386903763,0.5217152386903763
0.0,1.4350574612617493,1.191854327917099,0.00724649359472096,0.0,1837.0,normal,0.4065592661499977,0.4065592661499977
0.0,1.4306360483169556,1.2727145999670029,0.007246379274874926,0.0,1838.0,normal,0.4137609899044037,0.4137609899044037
0.0,1.541407287120819,0.5350272357463837,0.007246276363730431,0.0,1839.0,normal,0.3621465042233467,0.3621465042233467
0.0,1.610814094543457,1.665093183517456,0.007246549474075437,0.0,1840.0,normal,0.4890344887971878,0.4890344887971878
0.0,1.501098245382309,1.6849894523620605,0.007246456574648619,0.0,1841.0,normal,0.46908093988895416,0.46908093988895416
0.0,1.3902547955513,0.833231508731842,0.007246333407238126,0.0,1842.0,normal,0.3617364317178726,0.3617364317178726
0.0,1.4626712501049042,0.8855397701263428,0.0072462731041014194,0.0,1843.0,normal,0.3814505487680435,0.3814505487680435
0.0,1.4213461875915527,3.136016607284546,0.007246183697134256,0.0,1844.0,normal,0.598233237862587,0.598233237862587
0.0,1.432612955570221,0.5255259275436401,0.007246250985190272,0.0,1845.0,normal,0.3394375145435333,0.3394375145435333
0.0,1.5435610115528107,1.3663694858551025,0.007246122928336263,0.0,1846.0,normal,0.4457114636898041,0.4457114636898041
0.0,1.495456039905548,1.3488506823778152,0.0072461278177797794,0.0,1847.0,normal,0.43433859944343567,0.43433859944343567
0.0,1.4324383735656738,3.059122323989868,0.0072461694944649935,0.0,1848.0,normal,0.5927621871232986,0.5927621871232986
0.0,1.3811856508255005,1.2896968126296997,0.007246723165735602,0.0,1849.0,normal,0.4055691659450531,0.4055691659450531
0.0,1.426575481891632,0.8216783404350281,0.00724656623788178,0.0,1850.0,normal,0.3678452670574188,0.3678452670574188
0.0,1.3819195926189423,0.8292133808135986,0.007246392080560327,0.0,1851.0,normal,0.3596675843000412,0.3596675843000412
0.0,1.3617762923240662,0.9318148493766785,0.007246374385431409,0.0,1852.0,normal,0.36589905619621277,0.36589905619621277
0.0,1.371499240398407,0.822314977645874,0.007246501045301557,0.0,1853.0,normal,0.3568936735391617,0.3568936735391617
0.0,1.3681842386722565,0.5738058239221573,0.00724631967023015,0.0,1854.0,normal,0.3313797488808632,0.3313797488808632
0.0,1.3763039112091064,0.5453155636787415,0.007246274035423994,0.0,1855.0,normal,0.3301546573638916,0.3301546573638916
0.0,1.407573014497757,0.6168376803398132,0.0072462239768356085,0.0,1856.0,normal,0.34356068074703217,0.34356068074703217
0.0,1.3351982831954956,0.7642746865749359,0.0072461513336747885,0.0,1857.0,normal,0.3438294380903244,0.3438294380903244
0.0,1.3737063705921173,0.6732640862464905,0.007245937595143914,0.0,1858.0,normal,0.342429980635643,0.342429980635643
0.0,1.3976249396800995,0.5083477646112442,0.007246129680424929,0.0,1859.0,normal,0.3307220786809921,0.3307220786809921
0.0,1.4516006708145142,0.691678524017334,0.007245606044307351,0.0,1860.0,normal,0.35985027253627777,0.35985027253627777
0.0,1.4736368656158447,0.830017477273941,0.00724584492854774,0.0,1861.0,normal,0.378091424703598,0.378091424703598
0.0,1.429982841014862,0.4729700833559036,0.007245362736284733,0.0,1862.0,normal,0.33365584164857864,0.33365584164857864
0.0,1.4064257144927979,0.626218318939209,0.0072456717025488615,0.0,1863.0,normal,0.3442692756652832,0.3442692756652832
0.0,1.3691275119781494,0.5916520357131958,0.00724680395796895,0.0,1864.0,normal,0.33335305750370026,0.33335305750370026
0.0,1.4717214703559875,1.634189248085022,0.007247916655614972,0.0,1865.0,normal,0.45812562108039856,0.45812562108039856
0.0,1.3837486505508423,1.7997093796730042,0.007245650747790933,0.0,1866.0,normal,0.45708294212818146,0.45708294212818146
0.0,1.4867631196975708,1.3902503848075867,0.007245936198160052,0.0,1867.0,normal,0.4367399662733078,0.4367399662733078
0.0,1.5544007420539856,2.7443040311336517,0.007247039116919041,0.0,1868.0,normal,0.585672914981842,0.585672914981842
0.0,1.3749922215938568,4.11654257774353,0.007247768342494965,0.0,1869.0,normal,0.6870151460170746,0.6870151460170746
0.0,1.409774124622345,2.0935341119766235,0.007251106668263674,0.0,1870.0,normal,0.49167078733444214,0.49167078733444214
0.0,1.3986675441265106,4.671872973442078,0.00724806496873498,0.0,1871.0,normal,0.7472831755876541,0.7472831755876541
0.0,1.3922579884529114,2.8551894426345825,0.007248903624713421,0.0,1872.0,normal,0.564332976937294,0.564332976937294
0.0,1.4379096627235413,1.697496622800827,0.007247799541801214,0.0,1873.0,normal,0.4576939642429352,0.4576939642429352
0.0,1.4832100570201874,2.4163949489593506,0.007248120149597526,0.0,1874.0,normal,0.5386439114809036,0.5386439114809036
0.0,1.4154265224933624,0.795611560344696,0.007250762078911066,0.0,1875.0,normal,0.3630090057849884,0.3630090057849884
0.0,1.3651337027549744,0.7715693712234497,0.007247039116919041,0.0,1876.0,normal,0.3505460321903229,0.3505460321903229
0.0,1.367127776145935,0.7968221008777618,0.007255403092131019,0.0,1877.0,normal,0.3534705489873886,0.3534705489873886
0.0,1.4432888627052307,1.5357176661491394,0.007256804965436459,0.0,1878.0,normal,0.44259239733219147,0.44259239733219147
0.0,1.3818225264549255,2.193499803543091,0.0072756013832986355,0.0,1879.0,normal,0.4960782378911972,0.4960782378911972
0.0,1.4423132538795471,0.9699448645114899,0.007251117844134569,0.0,1880.0,normal,0.3858196884393692,0.3858196884393692
0.0,1.3204906284809113,3.0395853519439697,0.0072553937789052725,0.0,1881.0,normal,0.5684194266796112,0.5684194266796112
0.0,1.4065089225769043,1.958180457353592,0.00725366803817451,0.0,1882.0,normal,0.47748252749443054,0.47748252749443054
0.0,1.6591423749923706,5.654585361480713,0.007248437497764826,0.0,1883.0,normal,0.8976494073867798,0.8976494073867798
0.0,1.3606387972831726,4.106876522302628,0.007247488014400005,0.0,1884.0,normal,0.6831777989864349,0.6831777989864349
0.0,1.2282735109329224,15.566579818725586,0.007247489178553224,0.0,1885.0,normal,1.802675187587738,1.802675187587738
0.0,1.5830893516540527,6.452738404273987,0.007247447967529297,0.0,1886.0,normal,0.9622541517019272,0.9622541517019272
0.0,1.3828163743019104,2.6233494877815247,0.007247686618939042,0.0,1887.0,normal,0.5392606258392334,0.5392606258392334
0.0,1.508713185787201,4.027109265327454,0.007247448433190584,0.0,1888.0,normal,0.7048159241676331,0.7048159241676331
0.0,1.4815752506256104,9.612334728240967,0.007247235393151641,0.0,1889.0,normal,1.2579108774662018,1.2579108774662018
0.0,1.5262113809585571,5.166878700256348,0.007247168803587556,0.0,1890.0,normal,0.8222924768924713,0.8222924768924713
0.0,1.422603189945221,13.486751556396484,0.007247255649417639,0.0,1891.0,normal,1.633558213710785,1.633558213710785
0.0,1.358950436115265,11.189074516296387,0.007247179513797164,0.0,1892.0,normal,1.3910599052906036,1.3910599052906036
0.0,1.4055680632591248,6.18414705991745,0.007247069384902716,0.0,1893.0,normal,0.8998906686902046,0.8998906686902046
0.0,1.4350724816322327,4.726136684417725,0.00724708684720099,0.0,1894.0,normal,0.7599905133247375,0.7599905133247375
0.0,1.453237533569336,1.7322893738746643,0.007247066590934992,0.0,1895.0,normal,0.4642387926578522,0.4642387926578522
0.0,1.4805688858032227,2.0414831936359406,0.00724698998965323,0.0,1896.0,normal,0.5006244629621506,0.5006244629621506
0.0,1.5174773931503296,2.9158986806869507,0.00724696577526629,0.0,1897.0,normal,0.5954476892948151,0.5954476892948151
0.0,1.3445547223091125,1.448432743549347,0.007246998604387045,0.0,1898.0,normal,0.4141165614128113,0.4141165614128113
0.0,1.360543668270111,3.3651413917541504,0.0072469685692340136,0.0,1899.0,normal,0.6089852154254913,0.6089852154254913
0.0,1.3694563508033752,5.056553840637207,0.007246974390000105,0.0,1900.0,normal,0.7799090147018433,0.7799090147018433
0.0,1.4050322771072388,2.6738110184669495,0.007246939232572913,0.0,1901.0,normal,0.5487498939037323,0.5487498939037323
0.0,1.494434654712677,6.504992961883545,0.00724691292271018,0.0,1902.0,normal,0.9497486352920532,0.9497486352920532
0.0,1.3612374663352966,3.703307867050171,0.007246902910992503,0.0,1903.0,normal,0.6429406106472015,0.6429406106472015
0.0,1.4240922331809998,2.69197541475296,0.007246870314702392,0.0,1904.0,normal,0.5543783456087112,0.5543783456087112
0.0,1.5263338685035706,5.660567045211792,0.0072468656580895185,0.0,1905.0,normal,0.8716858327388763,0.8716858327388763
0.0,1.368985503911972,2.2449412047863007,0.00724685937166214,0.0,1906.0,normal,0.4986535757780075,0.4986535757780075
0.0,1.3369354605674744,4.292580962181091,0.007246857276186347,0.0,1907.0,normal,0.697007566690445,0.697007566690445
0.0,1.387944519519806,4.685474395751953,0.007246844237670302,0.0,1908.0,normal,0.746498703956604,0.746498703956604
0.0,1.43442702293396,1.9429734945297241,0.007246839115396142,0.0,1909.0,normal,0.4815451055765152,0.4815451055765152
0.0,1.4700003266334534,1.086117535829544,0.007246824912726879,0.0,1910.0,normal,0.4029741436243057,0.4029741436243057
0.0,1.3566457629203796,1.9878408908843994,0.007246825844049454,0.0,1911.0,normal,0.47047558426856995,0.47047558426856995
0.0,1.3481840789318085,0.7878664433956146,0.0072468488942831755,0.0,1912.0,normal,0.34878580272197723,0.34878580272197723
0.0,1.3390956819057465,0.7567974030971527,0.007246832828968763,0.0,1913.0,normal,0.3438612222671509,0.3438612222671509
0.0,1.374573290348053,0.6497328877449036,0.007246828638017178,0.0,1914.0,normal,0.34025028347969055,0.34025028347969055
0.0,1.3930382132530212,0.6778574883937836,0.007246822118759155,0.0,1915.0,normal,0.346755713224411,0.346755713224411
0.0,1.3440927863121033,1.9361822605133057,0.007246813969686627,0.0,1916.0,normal,0.4627991318702698,0.4627991318702698
0.0,1.3838624954223633,1.3138073980808258,0.007246800698339939,0.0,1917.0,normal,0.4085155725479126,0.4085155725479126
0.0,1.554578721523285,3.9306461811065674,0.007246794877573848,0.0,1918.0,normal,0.7043426930904388,0.7043426930904388
0.0,1.4003803431987762,4.372889399528503,0.007246785797178745,0.0,1919.0,normal,0.7177273482084274,0.7177273482084274
0.0,1.4564319849014282,2.766343832015991,0.007246774388477206,0.0,1920.0,normal,0.5682831257581711,0.5682831257581711
0.0,1.4063878655433655,5.063742160797119,0.007246743654832244,0.0,1921.0,normal,0.788014143705368,0.788014143705368
0.0,1.3460721373558044,4.485187530517578,0.007246722234413028,0.0,1922.0,normal,0.7180955111980438,0.7180955111980438
0.0,1.4653959274291992,8.057325780391693,0.007246734341606498,0.0,1923.0,normal,1.0991741716861725,1.0991741716861725
0.0,1.6900086998939514,12.903470039367676,0.007246758555993438,0.0,1924.0,normal,1.6287111043930054,1.6287111043930054
0.0,1.4146327078342438,4.392941415309906,0.007246768567711115,0.0,1925.0,normal,0.7225830852985382,0.7225830852985382
0.0,1.4106080383062363,4.241454035043716,0.007246781373396516,0.0,1926.0,normal,0.7066293954849243,0.7066293954849243
0.0,1.304306983947754,7.537013292312622,0.007246762048453093,0.0,1927.0,normal,1.0149250626564026,1.0149250626564026
0.0,1.3186697959899902,11.814040541648865,0.0072467748541384935,0.0,1928.0,normal,1.4455004036426544,1.4455004036426544
0.0,1.4525102376937866,5.7141029834747314,0.007246767403557897,0.0,1929.0,normal,0.862274706363678,0.862274706363678
0.0,1.2946068942546844,16.534485340118408,0.007246714551001787,0.0,1930.0,normal,1.9127323627471924,1.9127323627471924
0.0,1.4031938910484314,7.39745557308197,0.007246683351695538,0.0,1931.0,normal,1.0207466185092926,1.0207466185092926
0.0,1.4358518719673157,5.577067136764526,0.007246709894388914,0.0,1932.0,normal,0.8452394306659698,0.8452394306659698
0.0,1.3967724442481995,7.203840553760529,0.007246677530929446,0.0,1933.0,normal,1.0001008808612823,1.0001008808612823
0.0,1.4049475938081741,7.854329943656921,0.007246663793921471,0.0,1934.0,normal,1.066784843802452,1.066784843802452
0.0,1.3682047724723816,19.43938970565796,0.00724667077884078,0.0,1935.0,normal,2.217942237854004,2.217942237854004
0.0,1.4225903749465942,6.95841908454895,0.007246648194268346,0.0,1936.0,normal,0.9807223975658417,0.9807223975658417
0.0,1.485719621181488,8.756068527698517,0.0072466793935745955,0.0,1937.0,normal,1.173113077878952,1.173113077878952
0.0,1.410470426082611,21.06740951538086,0.007246704306453466,0.0,1938.0,normal,2.38919734954834,2.38919734954834
0.0,1.4157271981239319,7.204200029373169,0.007246627938002348,0.0,1939.0,normal,1.003927767276764,1.003927767276764
0.0,1.4217069149017334,4.339475512504578,0.007246652618050575,0.0,1940.0,normal,0.7186512649059296,0.7186512649059296
0.0,1.3904153108596802,3.0508575439453125,0.007246668683364987,0.0,1941.0,normal,0.5835311412811279,0.5835311412811279
0.0,1.4637314081192017,4.488800525665283,0.007246640743687749,0.0,1942.0,normal,0.7419886887073517,0.7419886887073517
0.0,1.3992699980735779,5.12357360124588,0.0072466356214135885,0.0,1943.0,normal,0.7925737202167511,0.7925737202167511
0.0,1.3543397188186646,4.468656003475189,0.007246600929647684,0.0,1944.0,normal,0.7180958539247513,0.7180958539247513
0.0,1.4617615938186646,7.269678354263306,0.007246622117236257,0.0,1945.0,normal,1.0196824967861176,1.0196824967861176
0.0,1.5509000420570374,5.871649742126465,0.007246618624776602,0.0,1946.0,normal,0.8977073132991791,0.8977073132991791
0.0,1.44816854596138,5.7251198291778564,0.007246584398671985,0.0,1947.0,normal,0.8625080287456512,0.8625080287456512
0.0,1.3845979571342468,7.405132710933685,0.007246610475704074,0.0,1948.0,normal,1.0177952945232391,1.0177952945232391
0.0,1.40343177318573,15.838202476501465,0.007246587425470352,0.0,1949.0,normal,1.8648689985275269,1.8648689985275269
0.0,1.3741827607154846,3.110783815383911,0.007246581371873617,0.0,1950.0,normal,0.5862772464752197,0.5862772464752197
0.0,1.408994972705841,1.6852676272392273,0.0072465992998331785,0.0,1951.0,normal,0.45068810880184174,0.45068810880184174
0.0,1.291090726852417,2.1029281616210938,0.007246519206091762,0.0,1952.0,normal,0.4688732922077179,0.4688732922077179
0.0,1.3521762490272522,1.0005096793174744,0.0072465266566723585,0.0,1953.0,normal,0.37084855884313583,0.37084855884313583
0.0,1.4119178652763367,2.3399993777275085,0.0072465199045836926,0.0,1954.0,normal,0.51674585044384,0.51674585044384
0.0,1.3778880834579468,1.7926326394081116,0.00724648148752749,0.0,1955.0,normal,0.45520320534706116,0.45520320534706116
0.0,1.4150395393371582,3.5498169660568237,0.007246488239616156,0.0,1956.0,normal,0.6383519470691681,0.6383519470691681
0.0,1.3907963037490845,3.8440352082252502,0.007246498018503189,0.0,1957.0,normal,0.662925124168396,0.662925124168396
0.0,1.429711252450943,2.2607421875,0.007246517576277256,0.0,1958.0,normal,0.5123788118362427,0.5123788118362427
0.0,1.3946662545204163,3.6837911009788513,0.007246605819091201,0.0,1959.0,normal,0.6476747393608093,0.6476747393608093
0.0,1.3166227340698242,2.4419946670532227,0.0072465455159544945,0.0,1960.0,normal,0.5078863650560379,0.5078863650560379
0.0,1.4254926443099976,1.3133599162101746,0.007246522232890129,0.0,1961.0,normal,0.41679684817790985,0.41679684817790985
0.0,1.3693710565567017,1.4863079488277435,0.007246474269777536,0.0,1962.0,normal,0.4228673428297043,0.4228673428297043
0.0,1.4463739395141602,3.1004916429519653,0.00724645028822124,0.0,1963.0,normal,0.5996862947940826,0.5996862947940826
0.0,1.3416222929954529,0.6073667109012604,0.007246486842632294,0.0,1964.0,normal,0.3294234573841095,0.3294234573841095
0.0,1.3377520442008972,2.1534115076065063,0.007246485212817788,0.0,1965.0,normal,0.4832538962364197,0.4832538962364197
0.0,1.3441084623336792,0.9520415663719177,0.007246482186019421,0.0,1966.0,normal,0.364388182759285,0.364388182759285
0.0,1.3526279926300049,0.9522605836391449,0.007246495457366109,0.0,1967.0,normal,0.3661140128970146,0.3661140128970146
0.0,1.423526644706726,3.418937087059021,0.007246543420478702,0.0,1968.0,normal,0.6269613802433014,0.6269613802433014
0.0,1.2972353100776672,4.795632243156433,0.007246464258059859,0.0,1969.0,normal,0.7393726408481598,0.7393726408481598
0.0,1.3505187034606934,2.1149988770484924,0.00724646751768887,0.0,1970.0,normal,0.48196595907211304,0.48196595907211304
0.0,1.4795644879341125,4.160487413406372,0.007246462162584066,0.0,1971.0,normal,0.7123239934444427,0.7123239934444427
0.0,1.4105483889579773,4.313340663909912,0.0072464419063180685,0.0,1972.0,normal,0.7138060927391052,0.7138060927391052
0.0,1.3729276657104492,1.7805156111717224,0.007246505934745073,0.0,1973.0,normal,0.45299943536520004,0.45299943536520004
0.0,1.3294832110404968,1.6063328757882118,0.00724648917093873,0.0,1974.0,normal,0.4268922656774521,0.4268922656774521
0.0,1.5076758861541748,2.5085089206695557,0.007246425142511725,0.0,1975.0,normal,0.5527483969926834,0.5527483969926834
0.0,1.337610900402069,1.2154413759708405,0.007246372755616903,0.0,1976.0,normal,0.38942863047122955,0.38942863047122955
0.0,1.3720563650131226,1.088035672903061,0.0072463692631572485,0.0,1977.0,normal,0.3835771679878235,0.3835771679878235
0.0,1.4272937178611755,1.0804439783096313,0.007246381836012006,0.0,1978.0,normal,0.3938654810190201,0.3938654810190201
0.0,1.4455155730247498,0.8710582256317139,0.007246395573019981,0.0,1979.0,normal,0.37657126784324646,0.37657126784324646
0.0,1.425123393535614,0.8616942763328552,0.0072463699616491795,0.0,1980.0,normal,0.37155644595623016,0.37155644595623016
0.0,1.4199256896972656,0.9449027180671692,0.007246351568028331,0.0,1981.0,normal,0.3788377344608307,0.3788377344608307
0.0,1.4463963508605957,0.681430459022522,0.007246313849464059,0.0,1982.0,normal,0.357784628868103,0.357784628868103
0.0,1.3354374766349792,0.6228034198284149,0.007246342720463872,0.0,1983.0,normal,0.32973016798496246,0.32973016798496246
0.0,1.2902346849441528,0.6359214931726456,0.00724631454795599,0.0,1984.0,normal,0.3220014125108719,0.3220014125108719
0.0,1.3628445267677307,0.6424676477909088,0.0072462912648916245,0.0,1985.0,normal,0.3371780067682266,0.3371780067682266
0.0,1.3577221035957336,0.6515482664108276,0.007246310357004404,0.0,1986.0,normal,0.3370615541934967,0.3370615541934967
0.0,1.4464062452316284,0.5847450494766235,0.007246351335197687,0.0,1987.0,normal,0.3481180816888809,0.3481180816888809
0.0,1.3978844285011292,1.5330004692077637,0.007246457971632481,0.0,1988.0,normal,0.43323928117752075,0.43323928117752075
0.0,1.4479630589485168,0.626653641462326,0.007246346911415458,0.0,1989.0,normal,0.35262029618024826,0.35262029618024826
0.0,1.3687347769737244,0.6157474517822266,0.00724648148752749,0.0,1990.0,normal,0.33568401634693146,0.33568401634693146
0.0,1.3457929491996765,0.8846830576658249,0.0072463457472622395,0.0,1991.0,normal,0.35798922181129456,0.35798922181129456
0.0,1.287565290927887,0.89628005027771,0.0072464176919311285,0.0,1992.0,normal,0.3475033938884735,0.3475033938884735
0.0,1.3653831481933594,0.8277640491724014,0.007246407214552164,0.0,1993.0,normal,0.35621534287929535,0.35621534287929535
0.0,1.3177595734596252,1.8364692032337189,0.007246353663504124,0.0,1994.0,normal,0.4475611299276352,0.4475611299276352
0.0,1.7128360867500305,0.7342540770769119,0.00724636553786695,0.0,1995.0,normal,0.4163549691438675,0.4163549691438675
0.0,1.7076736688613892,0.5235788375139236,0.00724638276733458,0.0,1996.0,normal,0.3942549377679825,0.3942549377679825
0.0,1.5563701391220093,0.5203677713871002,0.007246427005156875,0.0,1997.0,normal,0.363673135638237,0.363673135638237
0.0,1.5174670219421387,0.520543098449707,0.0072465622797608376,0.0,1998.0,normal,0.355910062789917,0.355910062789917
0.0,1.487666130065918,0.9742189645767212,0.007246456108987331,0.0,1999.0,normal,0.3953174650669098,0.3953174650669098
0.0,1.465014472603798,0.9456631243228912,0.0072464661207050085,0.0,2000.0,normal,0.38793155550956726,0.38793155550956726
0.0,1.4528342485427856,1.2280056476593018,0.007246651221066713,0.0,2001.0,normal,0.4137297719717026,0.4137297719717026
0.0,1.3811339735984802,0.6662463843822479,0.0072462481912225485,0.0,2002.0,normal,0.3432137370109558,0.3432137370109558
0.0,1.4528501331806183,0.9246754050254822,0.00724656879901886,0.0,2003.0,normal,0.38339992612600327,0.38339992612600327
0.0,1.4138099253177643,0.889037698507309,0.007246318040415645,0.0,2004.0,normal,0.37202807515859604,0.37202807515859604
0.0,1.4150454998016357,1.4471646845340729,0.007246505236253142,0.0,2005.0,normal,0.42808791995048523,0.42808791995048523
0.0,1.5817283391952515,1.336677372455597,0.007246418856084347,0.0,2006.0,normal,0.4503757506608963,0.4503757506608963
0.0,1.3736009001731873,0.6922690570354462,0.007246332010254264,0.0,2007.0,normal,0.34430940449237823,0.34430940449237823
0.0,1.445575773715973,0.7011819183826447,0.007246337831020355,0.0,2008.0,normal,0.3595956787467003,0.3595956787467003
0.0,1.4032297730445862,0.5054758936166763,0.007246288470923901,0.0,2009.0,normal,0.3315558582544327,0.3315558582544327
0.0,1.3897570073604584,0.545307844877243,0.007246309192851186,0.0,2010.0,normal,0.3328445069491863,0.3328445069491863
0.0,1.46475088596344,0.6522409021854401,0.007246252615004778,0.0,2011.0,normal,0.35853658616542816,0.35853658616542816
0.0,1.4667195677757263,0.9939065873622894,0.0072461317759007215,0.0,2012.0,normal,0.3930968791246414,0.3930968791246414
0.0,1.314597725868225,0.7991103231906891,0.007246137363836169,0.0,2013.0,normal,0.3431929051876068,0.3431929051876068
0.0,1.3362528085708618,0.49790096282958984,0.007245992077514529,0.0,2014.0,normal,0.3174029737710953,0.3174029737710953
0.0,1.2988987267017365,0.49698905646800995,0.0072460537776350975,0.0,2015.0,normal,0.30984096229076385,0.30984096229076385
0.0,1.5114571154117584,0.4546780288219452,0.0072459152434021235,0.0,2016.0,normal,0.3481215462088585,0.3481215462088585
0.0,1.308933585882187,0.59098219871521,0.007246003020554781,0.0,2017.0,normal,0.32124724239110947,0.32124724239110947
0.0,1.3427437543869019,0.7824470102787018,0.007245876593515277,0.0,2018.0,normal,0.34715575724840164,0.34715575724840164
0.0,1.4237003326416016,1.7301321625709534,0.007246048655360937,0.0,2019.0,normal,0.4581156224012375,0.4581156224012375
0.0,1.3471094965934753,4.286539435386658,0.007246006280183792,0.0,2020.0,normal,0.6984381377696991,0.6984381377696991
0.0,1.2461567521095276,5.1115869879722595,0.007247536210343242,0.0,2021.0,normal,0.7607524394989014,0.7607524394989014
0.0,1.3836094737052917,6.287231981754303,0.007246762281283736,0.0,2022.0,normal,0.9058074206113815,0.9058074206113815
0.0,1.1791881024837494,12.385821342468262,0.007246636552736163,0.0,2023.0,normal,1.4747821688652039,1.4747821688652039
0.0,1.366998553276062,5.853074133396149,0.007246863562613726,0.0,2024.0,normal,0.8590695261955261,0.8590695261955261
0.0,1.36500883102417,6.632406949996948,0.007247001631185412,0.0,2025.0,normal,0.9366048872470856,0.9366048872470856
0.0,1.4183788895606995,16.66506862640381,0.007246353197842836,0.0,2026.0,normal,1.9505450129508972,1.9505450129508972
0.0,1.6335572302341461,14.314395010471344,0.0072471327148377895,0.0,2027.0,normal,1.7585134133696556,1.7585134133696556
0.0,1.5439404845237732,11.931105881929398,0.007246781140565872,0.0,2028.0,normal,1.5022611320018768,1.5022611320018768
0.0,1.667894184589386,25.4067964553833,0.0072465320117771626,0.0,2029.0,normal,2.8746209144592285,2.8746209144592285
0.0,1.3373674154281616,12.746026575565338,0.007247089175507426,0.0,2030.0,normal,1.5424385070800781,1.5424385070800781
0.0,1.5882213711738586,8.232378959655762,0.0072462225798517466,0.0,2031.0,normal,1.1412445306777954,1.1412445306777954
0.0,1.6512634754180908,28.559112548828125,0.007246336899697781,0.0,2032.0,normal,3.1865264177322388,3.1865264177322388
0.0,1.6487913131713867,30.085875511169434,0.007246880559250712,0.0,2033.0,normal,3.3387083411216736,3.3387083411216736
0.0,1.503365933895111,12.523227214813232,0.007246881956234574,0.0,2034.0,normal,1.5533583164215088,1.5533583164215088
0.0,1.5623931884765625,15.784743547439575,0.007246601628139615,0.0,2035.0,normal,1.891315370798111,1.891315370798111
0.0,1.5040194392204285,16.5178861618042,0.007246897090226412,0.0,2036.0,normal,1.9529549479484558,1.9529549479484558
0.0,1.406196415424347,10.454100847244263,0.0072467338759452105,0.0,2037.0,normal,1.3270117044448853,1.3270117044448853
0.0,1.4127013683319092,7.86686897277832,0.007246624445542693,0.0,2038.0,normal,1.069589525461197,1.069589525461197
0.0,1.2375768423080444,15.72009801864624,0.007246471010148525,0.0,2039.0,normal,1.8198875486850739,1.8198875486850739
0.0,1.2839516401290894,6.193566083908081,0.007246525026857853,0.0,2040.0,normal,0.8765093088150024,0.8765093088150024
0.0,1.4095361232757568,10.071191549301147,0.007246387656778097,0.0,2041.0,normal,1.2893887162208557,1.2893887162208557
0.0,1.344087839126587,8.111834049224854,0.007246544351801276,0.0,2042.0,normal,1.0803633332252502,1.0803633332252502
0.0,1.2843096256256104,10.242572367191315,0.007246570661664009,0.0,2043.0,normal,1.2814814895391464,1.2814814895391464
0.0,1.2528351545333862,17.75715208053589,0.007246478460729122,0.0,2044.0,normal,2.02664452791214,2.02664452791214
0.0,1.5207050442695618,6.849525570869446,0.007246427005156875,0.0,2045.0,normal,0.9894558489322662,0.9894558489322662
0.0,1.3373491168022156,2.2038482427597046,0.007246244931593537,0.0,2046.0,normal,0.48821699619293213,0.48821699619293213
0.0,1.3110856413841248,2.948371410369873,0.007246235152706504,0.0,2047.0,normal,0.5574166178703308,0.5574166178703308
0.0,1.4013934135437012,3.4489381313323975,0.007246142718940973,0.0,2048.0,normal,0.6255348026752472,0.6255348026752472
0.0,1.577049732208252,10.981821060180664,0.007246201392263174,0.0,2049.0,normal,1.4139543175697327,1.4139543175697327
0.0,1.3810113370418549,8.433053255081177,0.007246105466037989,0.0,2050.0,normal,1.1198698580265045,1.1198698580265045
0.0,1.3041790127754211,5.592337131500244,0.007246084278449416,0.0,2051.0,normal,0.8204317986965179,0.8204317986965179
0.0,1.3353777527809143,8.39492654800415,0.007246321998536587,0.0,2052.0,normal,1.1069304943084717,1.1069304943084717
0.0,1.5258175730705261,13.484042167663574,0.0072462724056094885,0.0,2053.0,normal,1.653930127620697,1.653930127620697
0.0,1.162228763103485,13.940619468688965,0.0072469881270080805,0.0,2054.0,normal,1.6268700957298279,1.6268700957298279
0.0,1.6449593901634216,11.964867353439331,0.007246870780363679,0.0,2055.0,normal,1.5258410573005676,1.5258410573005676
0.0,1.3055446147918701,8.516261577606201,0.007246346678584814,0.0,2056.0,normal,1.1130974292755127,1.1130974292755127
0.0,1.3877300024032593,10.60414469242096,0.007247295696288347,0.0,2057.0,normal,1.3383228778839111,1.3383228778839111
0.0,1.6021148264408112,19.192070484161377,0.007246893364936113,0.0,2058.0,normal,2.239992380142212,2.239992380142212
0.0,1.2307323962450027,12.322506189346313,0.007247430505231023,0.0,2059.0,normal,1.478759527206421,1.478759527206421
0.0,1.5505558848381042,6.518115401268005,0.007246934808790684,0.0,2060.0,normal,0.9622850567102432,0.9622850567102432
0.0,1.3422271609306335,5.642386198043823,0.007247695000842214,0.0,2061.0,normal,0.8330464363098145,0.8330464363098145
0.0,1.4544878602027893,7.239165306091309,0.007247109664604068,0.0,2062.0,normal,1.0151765048503876,1.0151765048503876
0.0,1.2434495687484741,6.560934066772461,0.007246842607855797,0.0,2063.0,normal,0.9051457047462463,0.9051457047462463
0.0,1.345803141593933,2.1284621953964233,0.007246442837640643,0.0,2064.0,normal,0.482369139790535,0.482369139790535
0.0,1.295388251543045,3.7459312081336975,0.0072463692631572485,0.0,2065.0,normal,0.6340330988168716,0.6340330988168716
0.0,1.415885478258133,3.729642868041992,0.007246448425576091,0.0,2066.0,normal,0.6565037369728088,0.6565037369728088
0.0,1.3556161522865295,8.342312812805176,0.0072466658893972635,0.0,2067.0,normal,1.1057168543338776,1.1057168543338776
0.0,1.4691686034202576,8.566206693649292,0.007246374152600765,0.0,2068.0,normal,1.1508167088031769,1.1508167088031769
0.0,1.3172388076782227,7.686422109603882,0.007247094763442874,0.0,2069.0,normal,1.0324523150920868,1.0324523150920868
0.0,1.4191745519638062,4.174318313598633,0.007246408145874739,0.0,2070.0,normal,0.701629102230072,0.701629102230072
0.0,1.422899067401886,4.654842734336853,0.0072464600671082735,0.0,2071.0,normal,0.7504264414310455,0.7504264414310455
0.0,1.540098249912262,7.547423720359802,0.007246501045301557,0.0,2072.0,normal,1.0631243288516998,1.0631243288516998
0.0,1.5371005535125732,9.99359941482544,0.007246484514325857,0.0,2073.0,normal,1.3071423768997192,1.3071423768997192
0.0,1.3808540105819702,9.37158489227295,0.00724630244076252,0.0,2074.0,normal,1.2136915922164917,1.2136915922164917
0.0,1.3716514110565186,6.865717768669128,0.0072464230470359325,0.0,2075.0,normal,0.9612643718719482,0.9612643718719482
0.0,1.4687815308570862,3.4488677978515625,0.007246367866173387,0.0,2076.0,normal,0.6390054076910019,0.6390054076910019
0.0,1.3646539449691772,2.9949108362197876,0.007246374152600765,0.0,2077.0,normal,0.5727842152118683,0.5727842152118683
0.0,1.4399438202381134,3.3019112944602966,0.007246354361996055,0.0,2078.0,normal,0.6185422390699387,0.6185422390699387
0.0,1.2554019689559937,3.0489885807037354,0.007246235618367791,0.0,2079.0,normal,0.5563416182994843,0.5563416182994843
0.0,1.3524035811424255,1.1466090083122253,0.007246196735650301,0.0,2080.0,normal,0.38550393283367157,0.38550393283367157
0.0,1.310545027256012,1.0439504981040955,0.007246124325320125,0.0,2081.0,normal,0.3668663650751114,0.3668663650751114
0.0,1.3111831545829773,0.9343726634979248,0.007246325490996242,0.0,2082.0,normal,0.3560362309217453,0.3560362309217453
0.0,1.3173428773880005,1.146489292383194,0.007246317574754357,0.0,2083.0,normal,0.37847982347011566,0.37847982347011566
0.0,1.2890916168689728,0.8466083407402039,0.007246200926601887,0.0,2084.0,normal,0.3428414762020111,0.3428414762020111
0.0,1.4071981310844421,0.6928887069225311,0.007246149703860283,0.0,2085.0,normal,0.35109080374240875,0.35109080374240875
0.0,1.2737834453582764,1.1901788115501404,0.007246396504342556,0.0,2086.0,normal,0.37413689494132996,0.37413689494132996
0.0,1.3046866059303284,0.8198231160640717,0.007246006280183792,0.0,2087.0,normal,0.34328193962574005,0.34328193962574005
0.0,1.3493587970733643,1.0428856909275055,0.007246267748996615,0.0,2088.0,normal,0.3745226413011551,0.3745226413011551
0.0,1.2793403267860413,0.8885672688484192,0.007246035849675536,0.0,2089.0,normal,0.34508708119392395,0.34508708119392395
0.0,1.2196507453918457,1.6289172768592834,0.007246121997013688,0.0,2090.0,normal,0.4071841984987259,0.4071841984987259
0.0,1.3313345909118652,0.7641254663467407,0.007246015360578895,0.0,2091.0,normal,0.3430417478084564,0.3430417478084564
0.0,1.2826821506023407,0.8867466449737549,0.007245885906741023,0.0,2092.0,normal,0.34557339549064636,0.34557339549064636
0.0,1.4782188534736633,0.932928591966629,0.0072461331728845835,0.0,2093.0,normal,0.3892989456653595,0.3892989456653595
0.0,1.2723199725151062,1.0778939127922058,0.0072458540089428425,0.0,2094.0,normal,0.3626156747341156,0.3626156747341156
0.0,1.3483700156211853,1.791671335697174,0.007246068911626935,0.0,2095.0,normal,0.4492034614086151,0.4492034614086151
0.0,1.281376451253891,2.4505627155303955,0.007245810702443123,0.0,2096.0,normal,0.5016938745975494,0.5016938745975494
0.0,1.2772405743598938,1.7722595930099487,0.00724596087820828,0.0,2097.0,normal,0.43303637206554413,0.43303637206554413
0.0,1.3886398077011108,1.2707972079515457,0.007245648885145783,0.0,2098.0,normal,0.4051699638366699,0.4051699638366699
0.0,1.2725809514522552,1.015744835138321,0.007245560409501195,0.0,2099.0,normal,0.35645294934511185,0.35645294934511185
0.0,1.3307474553585052,1.513834223151207,0.007246224908158183,0.0,2100.0,normal,0.41789523512125015,0.41789523512125015
0.0,1.424161672592163,1.2345188558101654,0.007245996501296759,0.0,2101.0,normal,0.40864650905132294,0.40864650905132294
0.0,1.3399937748908997,1.4045980125665665,0.007245931774377823,0.0,2102.0,normal,0.40882085263729095,0.40882085263729095
0.0,1.3544034957885742,3.733561873435974,0.007246323861181736,0.0,2103.0,normal,0.6445992290973663,0.6445992290973663
0.0,1.2939482927322388,1.3361014127731323,0.007246297085657716,0.0,2104.0,normal,0.3927621394395828,0.3927621394395828
0.0,1.3663026094436646,1.2861291766166687,0.0072462831158190966,0.0,2105.0,normal,0.402235746383667,0.402235746383667
0.0,1.3137941360473633,1.9201535284519196,0.00724599976092577,0.0,2106.0,normal,0.4551364928483963,0.4551364928483963
0.0,1.3569208979606628,0.7194120436906815,0.007246835622936487,0.0,2107.0,normal,0.3436877280473709,0.3436877280473709
0.0,1.3476679921150208,0.9375793933868408,0.007246429566293955,0.0,2108.0,normal,0.36365385353565216,0.36365385353565216
0.0,1.2538179159164429,1.1221259832382202,0.007246254477649927,0.0,2109.0,normal,0.36333848536014557,0.36333848536014557
0.0,1.373435914516449,1.12297622859478,0.007246114779263735,0.0,2110.0,normal,0.38734711706638336,0.38734711706638336
0.0,1.3303752839565277,3.0358669757843018,0.007246040739119053,0.0,2111.0,normal,0.5700240582227707,0.5700240582227707
0.0,1.3662525415420532,1.8501675724983215,0.007245812099426985,0.0,2112.0,normal,0.4586295485496521,0.4586295485496521
0.0,1.3002828359603882,2.328811824321747,0.007246009539812803,0.0,2113.0,normal,0.49330005049705505,0.49330005049705505
0.0,1.3664596676826477,1.8043000102043152,0.007246297551319003,0.0,2114.0,normal,0.45408426225185394,0.45408426225185394
0.0,1.3370124697685242,1.3776319324970245,0.007245871936902404,0.0,2115.0,normal,0.4055279791355133,0.4055279791355133
0.0,1.2776482105255127,0.9913634061813354,0.007245439104735851,0.0,2116.0,normal,0.35502827167510986,0.35502827167510986
0.0,1.2634603381156921,0.6555392146110535,0.007247086614370346,0.0,2117.0,normal,0.3186083436012268,0.3186083436012268
0.0,1.3332202434539795,0.6074686050415039,0.007247174857184291,0.0,2118.0,normal,0.32775329053401947,0.32775329053401947
0.0,1.2827913165092468,1.49342679977417,0.00724692246876657,0.0,2119.0,normal,0.4062632918357849,0.4062632918357849
0.0,1.4422667622566223,0.8978663384914398,0.007247281959280372,0.0,2120.0,normal,0.37860235571861267,0.37860235571861267
0.0,1.253040850162506,0.8140988349914551,0.0072462852112948895,0.0,2121.0,normal,0.33238037675619125,0.33238037675619125
0.0,1.4781503677368164,1.1514738500118256,0.007247197441756725,0.0,2122.0,normal,0.4111398160457611,0.4111398160457611
0.0,1.2280848622322083,1.7792519927024841,0.0072466167621314526,0.0,2123.0,normal,0.42390450835227966,0.42390450835227966
0.0,1.3543382287025452,0.9577164053916931,0.007246362278237939,0.0,2124.0,normal,0.36700160801410675,0.36700160801410675
0.0,1.2507718801498413,1.0689749717712402,0.007246510591357946,0.0,2125.0,normal,0.35741421580314636,0.35741421580314636
0.0,1.4214938879013062,1.7537350952625275,0.007247554836794734,0.0,2126.0,normal,0.46003469824790955,0.46003469824790955
0.0,1.2916945219039917,2.773666501045227,0.007248606299981475,0.0,2127.0,normal,0.5360679775476456,0.5360679775476456
0.0,1.3279408514499664,2.5867442190647125,0.0072525879368186,0.0,2128.0,normal,0.5246252417564392,0.5246252417564392
0.0,1.31938898563385,2.643613338470459,0.007249051006510854,0.0,2129.0,normal,0.5286016166210175,0.5286016166210175
0.0,1.3380593061447144,4.694785758852959,0.007256689248606563,0.0,2130.0,normal,0.7374533116817474,0.7374533116817474
0.0,1.3868480920791626,4.978236198425293,0.007251332281157374,0.0,2131.0,normal,0.7755558490753174,0.7755558490753174
0.0,1.4987196326255798,9.027709245681763,0.0072470244485884905,0.0,2132.0,normal,1.202877253293991,1.202877253293991
0.0,1.513662040233612,5.501124739646912,0.00728688295930624,0.0,2133.0,normal,0.8532092571258545,0.8532092571258545
0.0,1.3554874062538147,3.685523569583893,0.007246492896229029,0.0,2134.0,normal,0.6400121748447418,0.6400121748447418
0.0,1.407205045223236,2.775618255138397,0.007274112431332469,0.0,2135.0,normal,0.5593665391206741,0.5593665391206741
0.0,1.419696867465973,3.2878838777542114,0.007256907876580954,0.0,2136.0,normal,0.6130905747413635,0.6130905747413635
0.0,1.3224542140960693,5.411954760551453,0.007252207258716226,0.0,2137.0,normal,0.8060489594936371,0.8060489594936371
0.0,1.366105705499649,2.9190664291381836,0.007249827263876796,0.0,2138.0,normal,0.5654902756214142,0.5654902756214142
0.0,1.3133198618888855,1.1025803685188293,0.007248953217640519,0.0,2139.0,normal,0.3732844591140747,0.3732844591140747
0.0,1.3081784844398499,1.1278330385684967,0.007248950190842152,0.0,2140.0,normal,0.37478144466876984,0.37478144466876984
0.0,1.3516127467155457,1.0364590883255005,0.007248620968312025,0.0,2141.0,normal,0.37433089315891266,0.37433089315891266
0.0,1.2691645622253418,0.7950091660022736,0.0072481276001781225,0.0,2142.0,normal,0.33369623869657516,0.33369623869657516
0.0,1.4811147451400757,0.6178824156522751,0.007247911999002099,0.0,2143.0,normal,0.35837359726428986,0.35837359726428986
0.0,1.2719642519950867,0.7296175360679626,0.007247707340866327,0.0,2144.0,normal,0.32771700620651245,0.32771700620651245
0.0,1.3804031610488892,0.8474381268024445,0.007247653091326356,0.0,2145.0,normal,0.3611868619918823,0.3611868619918823
0.0,1.4444131255149841,0.6783551275730133,0.007247566245496273,0.0,2146.0,normal,0.35708051919937134,0.35708051919937134
0.0,1.2414372563362122,0.6015828251838684,0.007247589062899351,0.0,2147.0,normal,0.3088081106543541,0.3088081106543541
0.0,1.4518266320228577,0.5797513276338577,0.007247573463246226,0.0,2148.0,normal,0.3487028479576111,0.3487028479576111
0.0,1.2212515473365784,0.5789370834827423,0.007247523637488484,0.0,2149.0,normal,0.30250638723373413,0.30250638723373413
0.0,1.3781045079231262,0.5049219578504562,0.007247476605698466,0.0,2150.0,normal,0.32647548615932465,0.32647548615932465
0.0,1.3607115745544434,0.5300210267305374,0.007247475907206535,0.0,2151.0,normal,0.325506791472435,0.325506791472435
0.0,1.3676943182945251,0.4663607180118561,0.007247453089803457,0.0,2152.0,normal,0.3205373138189316,0.3205373138189316
0.0,1.2963445484638214,0.49328838288784027,0.007247427012771368,0.0,2153.0,normal,0.30896013230085373,0.30896013230085373
0.0,1.2661730647087097,0.4462331235408783,0.007247378816828132,0.0,2154.0,normal,0.29822028800845146,0.29822028800845146
0.0,1.2715742886066437,0.4923618882894516,0.007247338304296136,0.0,2155.0,normal,0.303913414478302,0.303913414478302
0.0,1.233447551727295,0.5556863844394684,0.007247300120070577,0.0,2156.0,normal,0.3026205152273178,0.3026205152273178
0.0,1.2447633743286133,0.6364104151725769,0.007247282424941659,0.0,2157.0,normal,0.3129560947418213,0.3129560947418213
0.0,1.23030324280262,0.8795816898345947,0.007247279165312648,0.0,2158.0,normal,0.3343811631202698,0.3343811631202698
0.0,1.2351946234703064,0.9065592288970947,0.007247261935845017,0.0,2159.0,normal,0.3380572125315666,0.3380572125315666
0.0,1.234313428401947,0.8448908627033234,0.007247296394780278,0.0,2160.0,normal,0.33171413838863373,0.33171413838863373
0.0,1.3216923773288727,1.9865654706954956,0.007247233297675848,0.0,2161.0,normal,0.4633574038743973,0.4633574038743973
0.0,1.2237000465393066,1.7407277822494507,0.007247231435030699,0.0,2162.0,normal,0.4191751629114151,0.4191751629114151
0.0,1.227404236793518,0.8785519003868103,0.00724722258746624,0.0,2163.0,normal,0.33369842171669006,0.33369842171669006
0.0,1.2210702896118164,0.971477136015892,0.007247169269248843,0.0,2164.0,normal,0.3417241498827934,0.3417241498827934
0.0,1.1965686082839966,0.9552463293075562,0.007247190224006772,0.0,2165.0,normal,0.3352007269859314,0.3352007269859314
0.0,1.2822316884994507,0.6836189031600952,0.0072471878957003355,0.0,2166.0,normal,0.3251705914735794,0.3251705914735794
0.0,1.2545579969882965,0.7619203329086304,0.007247160887345672,0.0,2167.0,normal,0.3274659886956215,0.3274659886956215
0.0,1.2795344591140747,1.7114146947860718,0.007247153902426362,0.0,2168.0,normal,0.42741070687770844,0.42741070687770844
0.0,1.244553655385971,0.7228250503540039,0.007247165543958545,0.0,2169.0,normal,0.32155561447143555,0.32155561447143555
0.0,1.379028558731079,0.8873521983623505,0.007247173693031073,0.0,2170.0,normal,0.3649033010005951,0.3649033010005951
0.0,1.3038604259490967,0.904869943857193,0.007247163914144039,0.0,2171.0,normal,0.35162144899368286,0.35162144899368286
0.0,1.3031002879142761,0.9067859500646591,0.007247149478644133,0.0,2172.0,normal,0.35166100412607193,0.35166100412607193
0.0,1.24600350856781,0.9692998826503754,0.00724714295938611,0.0,2173.0,normal,0.34649306535720825,0.34649306535720825
0.0,1.2967841625213623,0.6075850427150726,0.007247139699757099,0.0,2174.0,normal,0.3204777091741562,0.3204777091741562
0.0,1.4302875399589539,0.6114033162593842,0.0072471213061362505,0.0,2175.0,normal,0.34756021201610565,0.34756021201610565
0.0,1.2102537155151367,0.6982296407222748,0.007247138535603881,0.0,2176.0,normal,0.31223607063293457,0.31223607063293457
0.0,1.280950129032135,1.6588881611824036,0.007247115718200803,0.0,2177.0,normal,0.4224412143230438,0.4224412143230438
0.0,1.4845536947250366,1.084035336971283,0.007247092435136437,0.0,2178.0,normal,0.40567661821842194,0.40567661821842194
0.0,1.2413630485534668,0.8580080568790436,0.007247130386531353,0.0,2179.0,normal,0.3344357833266258,0.3344357833266258
0.0,1.2840929925441742,1.1047911942005157,0.007247091270983219,0.0,2180.0,normal,0.3676600642502308,0.3676600642502308
0.0,1.3386365175247192,1.6036928296089172,0.00724710407666862,0.0,2181.0,normal,0.42845895886421204,0.42845895886421204
0.0,1.2915933728218079,0.8924131393432617,0.007247104309499264,0.0,2182.0,normal,0.3479223698377609,0.3479223698377609
0.0,1.3026728928089142,0.6897366642951965,0.007247079396620393,0.0,2183.0,normal,0.3298706114292145,0.3298706114292145
0.0,1.3664015531539917,1.1950757503509521,0.007247077999636531,0.0,2184.0,normal,0.3931502550840378,0.3931502550840378
0.0,1.265168011188507,0.6811823397874832,0.007247068220749497,0.0,2185.0,normal,0.32151418924331665,0.32151418924331665
0.0,1.2011929005384445,1.1060582399368286,0.00724706519395113,0.0,2186.0,normal,0.35120677202939987,0.35120677202939987
0.0,1.2642927765846252,0.45420312881469727,0.0072470533195883036,0.0,2187.0,normal,0.29864121973514557,0.29864121973514557
0.0,1.239047110080719,0.5596317313611507,0.007247048430144787,0.0,2188.0,normal,0.30413495004177094,0.30413495004177094
0.0,1.3359016180038452,0.5768980234861374,0.007247043773531914,0.0,2189.0,normal,0.32523246854543686,0.32523246854543686
0.0,1.198303759098053,0.39900992810726166,0.007247061002999544,0.0,2190.0,normal,0.27992409467697144,0.27992409467697144
0.0,1.3224576115608215,1.0303673148155212,0.007247062399983406,0.0,2191.0,normal,0.3678906112909317,0.3678906112909317
0.0,1.2343107759952545,0.8207690566778183,0.0072470533195883036,0.0,2192.0,normal,0.3293014317750931,0.3293014317750931
0.0,1.2072044014930725,1.1403118818998337,0.007247041445225477,0.0,2193.0,normal,0.355834424495697,0.355834424495697
0.0,1.3385221362113953,1.190023958683014,0.0072470486629754305,0.0,2194.0,normal,0.3870691806077957,0.3870691806077957
0.0,1.227656602859497,0.8208722472190857,0.007247056579217315,0.0,2195.0,normal,0.3279809206724167,0.3279809206724167
0.0,1.201617807149887,0.6895208060741425,0.007247037719935179,0.0,2196.0,normal,0.30963800102472305,0.30963800102472305
0.0,1.1986714601516724,0.9791446626186371,0.007247024681419134,0.0,2197.0,normal,0.33801111578941345,0.33801111578941345
0.0,1.297819972038269,0.8735448718070984,0.0072470190934836864,0.0,2198.0,normal,0.347280815243721,0.347280815243721
0.0,1.1782197207212448,1.197157382965088,0.007247015368193388,0.0,2199.0,normal,0.355722039937973,0.355722039937973
0.0,1.2722949087619781,0.7004922032356262,0.0072470048908144236,0.0,2200.0,normal,0.3248705640435219,0.3248705640435219
0.0,1.2210421860218048,1.6651414036750793,0.007247020723298192,0.0,2201.0,normal,0.411084920167923,0.411084920167923
0.0,1.2866880595684052,0.9371522665023804,0.0072470183949917555,0.0,2202.0,normal,0.3514152020215988,0.3514152020215988
0.0,1.2466219365596771,0.8788415789604187,0.00724700721912086,0.0,2203.0,normal,0.3375708907842636,0.3375708907842636
0.0,1.2967217564582825,0.7972184121608734,0.007247013505548239,0.0,2204.0,normal,0.33942854404449463,0.33942854404449463
0.0,1.2766571044921875,0.6201964318752289,0.007247022585943341,0.0,2205.0,normal,0.3177134096622467,0.3177134096622467
0.0,1.2276409566402435,0.4243941158056259,0.0072470251470804214,0.0,2206.0,normal,0.28832995891571045,0.28832995891571045
0.0,1.2347222566604614,0.43813513219356537,0.007247020956128836,0.0,2207.0,normal,0.2911203056573868,0.2911203056573868
0.0,1.2476916015148163,0.5273729264736176,0.007247019791975617,0.0,2208.0,normal,0.302637979388237,0.302637979388237
0.0,1.2384687066078186,0.5843663513660431,0.007247014436870813,0.0,2209.0,normal,0.30649271607398987,0.30649271607398987
0.0,1.2252942323684692,0.5036836266517639,0.0072470009326934814,0.0,2210.0,normal,0.29578956961631775,0.29578956961631775
0.0,1.2163016200065613,0.5257772654294968,0.0072470020968467,0.0,2211.0,normal,0.29620039463043213,0.29620039463043213
0.0,1.203258216381073,0.5685156285762787,0.007246979745104909,0.0,2212.0,normal,0.2978655472397804,0.2978655472397804
0.0,1.1991502344608307,0.4077191948890686,0.007246971596032381,0.0,2213.0,normal,0.28096432983875275,0.28096432983875275
0.0,1.2245778739452362,0.7191964685916901,0.007246970431879163,0.0,2214.0,normal,0.3171975761651993,0.3171975761651993
0.0,1.226385235786438,0.538783997297287,0.007246965076774359,0.0,2215.0,normal,0.29951778054237366,0.29951778054237366
0.0,1.1908756494522095,0.756572425365448,0.007246967870742083,0.0,2216.0,normal,0.3141947239637375,0.3141947239637375
0.0,1.202560007572174,2.346228748559952,0.0072469813749194145,0.0,2217.0,normal,0.47549721598625183,0.47549721598625183
0.0,1.2570067644119263,1.415716901421547,0.0072469699662178755,0.0,2218.0,normal,0.39333538711071014,0.39333538711071014
0.0,1.1677904427051544,2.987831473350525,0.007246981607750058,0.0,2219.0,normal,0.5327035784721375,0.5327035784721375
0.0,1.4073137640953064,1.6852755397558212,0.007246996741741896,0.0,2220.0,normal,0.45035265386104584,0.45035265386104584
0.0,1.4173065423965454,1.472419559955597,0.007246977183967829,0.0,2221.0,normal,0.431065633893013,0.431065633893013
0.0,1.3151380717754364,1.6013080775737762,0.0072469767183065414,0.0,2222.0,normal,0.4235207736492157,0.4235207736492157
0.0,1.223638117313385,6.055533766746521,0.007247047033160925,0.0,2223.0,normal,0.8506433665752411,0.8506433665752411
0.0,1.3750548362731934,4.769827306270599,0.00724698044359684,0.0,2224.0,normal,0.7523560971021652,0.7523560971021652
0.0,1.2054670453071594,12.157479047775269,0.007247029570862651,0.0,2225.0,normal,1.4572037756443024,1.4572037756443024
0.0,1.2713242173194885,8.623247146606445,0.007246989523991942,0.0,2226.0,normal,1.1169520020484924,1.1169520020484924
0.0,1.3437793850898743,4.283653020858765,0.007246942492201924,0.0,2227.0,normal,0.6974835097789764,0.6974835097789764
0.0,1.4028304815292358,10.78222644329071,0.007246990688145161,0.0,2228.0,normal,1.3591510355472565,1.3591510355472565
0.0,1.3719832301139832,10.919346570968628,0.007246951339766383,0.0,2229.0,normal,1.3666937351226807,1.3666937351226807
0.0,1.3584983944892883,2.7068642377853394,0.007246951572597027,0.0,2230.0,normal,0.5427484214305878,0.5427484214305878
0.0,1.3755475282669067,2.734180450439453,0.007246979977935553,0.0,2231.0,normal,0.5488899052143097,0.5488899052143097
0.0,1.332797348499298,1.5131438374519348,0.007246978115290403,0.0,2232.0,normal,0.418236181139946,0.418236181139946
0.0,1.3296127915382385,0.9184862077236176,0.0072469706647098064,0.0,2233.0,normal,0.3581335246562958,0.3581335246562958
0.0,1.1980426013469696,1.9934960007667542,0.00724696833640337,0.0,2234.0,normal,0.4393204599618912,0.4393204599618912
0.0,1.2280873656272888,1.1222590208053589,0.007246945984661579,0.0,2235.0,normal,0.35820572078227997,0.35820572078227997
0.0,1.2618898451328278,1.3524372577667236,0.00724696135148406,0.0,2236.0,normal,0.3879840224981308,0.3879840224981308
0.0,1.2526479363441467,3.2804375886917114,0.0072469464503228664,0.0,2237.0,normal,0.5789356827735901,0.5789356827735901
0.0,1.2561082243919373,1.5708442330360413,0.007246923865750432,0.0,2238.0,normal,0.4086684063076973,0.4086684063076973
0.0,1.1950801312923431,1.2629850804805756,0.007246932480484247,0.0,2239.0,normal,0.3656769022345543,0.3656769022345543
0.0,1.2227362990379333,0.9534896910190582,0.007246921770274639,0.0,2240.0,normal,0.34025856852531433,0.34025856852531433
0.0,1.3405250310897827,0.5702897608280182,0.007246920606121421,0.0,2241.0,normal,0.3254963308572769,0.3254963308572769
0.0,1.19794499874115,0.7386585026979446,0.007246925495564938,0.0,2242.0,normal,0.31381718814373016,0.31381718814373016
0.0,1.237977147102356,0.6024504750967026,0.00724693201482296,0.0,2243.0,normal,0.30820282548666,0.30820282548666
0.0,1.2575490772724152,2.9733669757843018,0.007246923167258501,0.0,2244.0,normal,0.5492088496685028,0.5492088496685028
0.0,1.2435311377048492,0.9162442088127136,0.007246941793709993,0.0,2245.0,normal,0.34069301187992096,0.34069301187992096
0.0,1.2613880634307861,0.8139046728610992,0.007246925495564938,0.0,2246.0,normal,0.3340304046869278,0.3340304046869278
0.0,1.2556954622268677,1.722800850868225,0.007246933178976178,0.0,2247.0,normal,0.42378152906894684,0.42378152906894684
0.0,1.239823430776596,1.4402902126312256,0.007246917579323053,0.0,2248.0,normal,0.3923560529947281,0.3923560529947281
0.0,1.2301430106163025,1.9498594999313354,0.007246900582686067,0.0,2249.0,normal,0.4413769096136093,0.4413769096136093
0.0,1.4481211304664612,0.8544021248817444,0.00724692246876657,0.0,2250.0,normal,0.375426784157753,0.375426784157753
0.0,1.2024807333946228,0.8272667229175568,0.007246918044984341,0.0,2251.0,normal,0.3235851675271988,0.3235851675271988
0.0,1.3932020664215088,1.2049242854118347,0.007246905472129583,0.0,2252.0,normal,0.3994951844215393,0.3994951844215393
0.0,1.4252572059631348,0.653746098279953,0.007246913621202111,0.0,2253.0,normal,0.3507883846759796,0.3507883846759796
0.0,1.3927876949310303,0.6397341191768646,0.007246934808790684,0.0,2254.0,normal,0.3428932875394821,0.3428932875394821
0.0,1.2225686460733414,0.8011988252401352,0.007246926659718156,0.0,2255.0,normal,0.3249959610402584,0.3249959610402584
0.0,1.3455212116241455,1.0310729146003723,0.00724693457596004,0.0,2256.0,normal,0.3725738674402237,0.3725738674402237
0.0,1.1872565150260925,1.1171818375587463,0.007246935740113258,0.0,2257.0,normal,0.3495318442583084,0.3495318442583084
0.0,1.2391353994607925,1.2544553950428963,0.007246912457048893,0.0,2258.0,normal,0.3736349642276764,0.3736349642276764
0.0,1.2011956572532654,1.185853511095047,0.007246912689879537,0.0,2259.0,normal,0.3591868281364441,0.3591868281364441
0.0,1.264324814081192,0.8024625182151794,0.007246903842315078,0.0,2260.0,normal,0.3334735706448555,0.3334735706448555
0.0,1.2305403351783752,1.4918290227651596,0.007246898952871561,0.0,2261.0,normal,0.3956533223390579,0.3956533223390579
0.0,1.3334456086158752,1.631441354751587,0.007246933877468109,0.0,2262.0,normal,0.4301955997943878,0.4301955997943878
0.0,1.3685754537582397,2.9780311584472656,0.007246904540807009,0.0,2263.0,normal,0.571880578994751,0.571880578994751
0.0,1.398813933134079,2.26777645945549,0.007246906636282802,0.0,2264.0,normal,0.5069027915596962,0.5069027915596962
0.0,1.6418161392211914,1.919796109199524,0.007246950641274452,0.0,2265.0,normal,0.5207051932811737,0.5207051932811737
0.0,1.4609955549240112,4.967984199523926,0.007246913388371468,0.0,2266.0,normal,0.7893598675727844,0.7893598675727844
0.0,1.528236746788025,3.0104734003543854,0.0072469275910407305,0.0,2267.0,normal,0.6070570647716522,0.6070570647716522
0.0,1.4140591323375702,2.1083465814590454,0.007246923400089145,0.0,2268.0,normal,0.4940088242292404,0.4940088242292404
0.0,1.410717397928238,2.095659762620926,0.007246898720040917,0.0,2269.0,normal,0.49207181483507156,0.49207181483507156
0.0,1.5570781826972961,5.37443995475769,0.007246920373290777,0.0,2270.0,normal,0.8492219746112823,0.8492219746112823
0.0,1.2098550349473953,1.7555994391441345,0.007246931781992316,0.0,2271.0,normal,0.41789329051971436,0.41789329051971436
0.0,1.2700090408325195,2.266527533531189,0.007246890105307102,0.0,2272.0,normal,0.4810169041156769,0.4810169041156769
0.0,1.3386573791503906,8.886533260345459,0.007246897555887699,0.0,2273.0,normal,1.156747192144394,1.156747192144394
0.0,1.1229950785636902,7.2023831605911255,0.007246912457048893,0.0,2274.0,normal,0.945199728012085,0.945199728012085
0.0,1.2067585811018944,4.778151750564575,0.007246886380016804,0.0,2275.0,normal,0.7195293083786964,0.7195293083786964
0.0,1.2467438578605652,11.369889259338379,0.0072469443548470736,0.0,2276.0,normal,1.38670015335083,1.38670015335083
0.0,1.210902377963066,15.406940221786499,0.007246963446959853,0.0,2277.0,normal,1.7832368910312653,1.7832368910312653
0.0,1.266850471496582,5.269331336021423,0.00724693457596004,0.0,2278.0,normal,0.7806655764579773,0.7806655764579773
0.0,1.249281108379364,4.9654152393341064,0.0072469383012503386,0.0,2279.0,normal,0.7467601299285889,0.7467601299285889
0.0,1.259085774421692,3.2120540142059326,0.007246898952871561,0.0,2280.0,normal,0.5733849108219147,0.5733849108219147
0.0,1.1876269578933716,2.778660774230957,0.007246863562613726,0.0,2281.0,normal,0.5157538056373596,0.5157538056373596
0.0,1.3815594911575317,1.7116574048995972,0.007246863562613726,0.0,2282.0,normal,0.44783997535705566,0.44783997535705566
0.0,0.9954984188079834,11.387549877166748,0.007246849592775106,0.0,2283.0,normal,1.3382170796394348,1.3382170796394348
0.0,1.3352668285369873,2.2656458616256714,0.0072468663565814495,0.0,2284.0,normal,0.493980273604393,0.493980273604393
0.0,1.211998701095581,2.255740597844124,0.007246915716677904,0.0,2285.0,normal,0.46833616495132446,0.46833616495132446
0.0,1.2418938875198364,4.173477411270142,0.0072469147853553295,0.0,2286.0,normal,0.666088879108429,0.666088879108429
0.0,1.2101041227579117,1.9447659254074097,0.007246909895911813,0.0,2287.0,normal,0.43685977160930634,0.43685977160930634
0.0,1.4433961510658264,5.578360080718994,0.00724692502990365,0.0,2288.0,normal,0.8468776047229767,0.8468776047229767
0.0,1.2178199142217636,2.8722214102745056,0.007246925262734294,0.0,2289.0,normal,0.5311484858393669,0.5311484858393669
0.0,1.3484980463981628,1.8215497732162476,0.007246887078508735,0.0,2290.0,normal,0.4522169232368469,0.4522169232368469
0.0,1.2981053590774536,3.2508216500282288,0.007246887777000666,0.0,2291.0,normal,0.5850655734539032,0.5850655734539032
0.0,1.3146018385887146,1.049790382385254,0.00724686193279922,0.0,2292.0,normal,0.36826175451278687,0.36826175451278687
0.0,1.1479480266571045,1.720084935426712,0.007246839348226786,0.0,2293.0,normal,0.40196043252944946,0.40196043252944946
0.0,1.2323906421661377,1.3905907273292542,0.007246843772009015,0.0,2294.0,normal,0.38589954376220703,0.38589954376220703
0.0,1.2279402017593384,2.124609351158142,0.0072468421421945095,0.0,2295.0,normal,0.4584113359451294,0.4584113359451294
0.0,1.3464343547821045,4.5872838497161865,0.00724686891771853,0.0,2296.0,normal,0.728377640247345,0.728377640247345
0.0,1.2168835550546646,1.9275528192520142,0.007246889173984528,0.0,2297.0,normal,0.4364943504333496,0.4364943504333496
0.0,1.2558499574661255,3.223725199699402,0.007246892433613539,0.0,2298.0,normal,0.5739048421382904,0.5739048421382904
0.0,1.1640353500843048,3.6898980736732483,0.007246890803799033,0.0,2299.0,normal,0.6021592319011688,0.6021592319011688
0.0,1.2195622026920319,1.2778480350971222,0.0072468959260731936,0.0,2300.0,normal,0.37205958366394043,0.37205958366394043
0.0,1.1898996829986572,1.5487122535705566,0.007246887777000666,0.0,2301.0,normal,0.39321349561214447,0.39321349561214447
0.0,1.2075884938240051,0.6627767980098724,0.00724688614718616,0.0,2302.0,normal,0.3081577271223068,0.3081577271223068
0.0,1.1731481552124023,0.6600330471992493,0.007246881723403931,0.0,2303.0,normal,0.30099527537822723,0.30099527537822723
0.0,1.3075206279754639,0.6667108535766602,0.007246867287904024,0.0,2304.0,normal,0.32853755354881287,0.32853755354881287
0.0,1.3503608107566833,1.1191128492355347,0.007246877066791058,0.0,2305.0,normal,0.3823457881808281,0.3823457881808281
0.0,1.3469125032424927,0.5234885662794113,0.007246868684887886,0.0,2306.0,normal,0.3220936954021454,0.3220936954021454
0.0,1.40223029255867,0.758426696062088,0.007246861467137933,0.0,2307.0,normal,0.35665106773376465,0.35665106773376465
0.0,1.2301577031612396,0.7453325688838959,0.007246862398460507,0.0,2308.0,normal,0.3209271505475044,0.3209271505475044
0.0,1.2952978610992432,0.5499127358198166,0.007246865425258875,0.0,2309.0,normal,0.3144131898880005,0.3144131898880005
0.0,1.384972095489502,0.6239809691905975,0.007246868219226599,0.0,2310.0,normal,0.3397548496723175,0.3397548496723175
0.0,1.4943544268608093,2.368097722530365,0.007246860535815358,0.0,2311.0,normal,0.5360430032014847,0.5360430032014847
0.0,1.2539706230163574,0.817293107509613,0.007246849127113819,0.0,2312.0,normal,0.3328857719898224,0.3328857719898224
0.0,1.1386545300483704,0.6021911203861237,0.007246850291267037,0.0,2313.0,normal,0.2883123606443405,0.2883123606443405
0.0,1.2070854306221008,0.5112149715423584,0.007246859138831496,0.0,2314.0,normal,0.2929009348154068,0.2929009348154068
0.0,1.1239115297794342,0.776299774646759,0.0072468644939363,0.0,2315.0,normal,0.3027746342122555,0.3027746342122555
0.0,1.198952317237854,0.4450955092906952,0.007246865192428231,0.0,2316.0,normal,0.2846623659133911,0.2846623659133911
0.0,1.2060452699661255,0.40435492992401123,0.007246867520734668,0.0,2317.0,normal,0.2820068970322609,0.2820068970322609
0.0,1.1967206001281738,0.40938907861709595,0.007246874272823334,0.0,2318.0,normal,0.28064537048339844,0.28064537048339844
0.0,1.157608687877655,0.8009283542633057,0.007246873574331403,0.0,2319.0,normal,0.31197690963745117,0.31197690963745117
0.0,1.2047908902168274,0.819509893655777,0.0072468663565814495,0.0,2320.0,normal,0.3232715204358101,0.3232715204358101
0.0,1.249503880739212,0.7780720889568329,0.007246861234307289,0.0,2321.0,normal,0.32807034254074097,0.32807034254074097
0.0,1.1834121346473694,1.2188734114170074,0.007246862165629864,0.0,2322.0,normal,0.35893212258815765,0.35893212258815765
0.0,1.2153303623199463,3.3462839126586914,0.007246861699968576,0.0,2323.0,normal,0.578056812286377,0.578056812286377
0.0,1.35320383310318,1.962821215391159,0.007246834924444556,0.0,2324.0,normal,0.46728523075580597,0.46728523075580597
0.0,1.2434237599372864,3.5409135222434998,0.007246863562613726,0.0,2325.0,normal,0.6031384766101837,0.6031384766101837
0.0,1.1451712250709534,3.6771621704101562,0.007246839348226786,0.0,2326.0,normal,0.5971128046512604,0.5971128046512604
0.0,1.3186836242675781,2.325628489255905,0.007246822817251086,0.0,2327.0,normal,0.4966619312763214,0.4966619312763214
0.0,1.4557912945747375,5.810831785202026,0.007246843772009015,0.0,2328.0,normal,0.8726037740707397,0.8726037740707397
0.0,1.2390255331993103,3.190640762448311,0.007246859837323427,0.0,2329.0,normal,0.5672315210103989,0.5672315210103989
0.0,1.2912925481796265,3.9146600365638733,0.007246852153912187,0.0,2330.0,normal,0.6500868797302246,0.6500868797302246
0.0,1.3275734782218933,9.669512271881104,0.0072468784637749195,0.0,2331.0,normal,1.2328283190727234,1.2328283190727234
0.0,1.3057329058647156,3.5532007813453674,0.0072468784637749195,0.0,2332.0,normal,0.6168290078639984,0.6168290078639984
0.0,1.367033302783966,3.3732439279556274,0.007246871246024966,0.0,2333.0,normal,0.6110933870077133,0.6110933870077133
0.0,1.1895753741264343,6.8410162925720215,0.007246858207508922,0.0,2334.0,normal,0.9223791062831879,0.9223791062831879
0.0,1.1872665286064148,1.5311084389686584,0.0072468428406864405,0.0,2335.0,normal,0.3909265100955963,0.3909265100955963
0.0,1.2223482877016068,0.7283127754926682,0.007246835855767131,0.0,2336.0,normal,0.31766327470541,0.31766327470541
0.0,1.2493153810501099,0.990424633026123,0.007246830966323614,0.0,2337.0,normal,0.3492678850889206,0.3492678850889206
0.0,1.1770415604114532,0.696384459733963,0.0072468239814043045,0.0,2338.0,normal,0.30540910363197327,0.30540910363197327
0.0,1.1483911871910095,0.5654465109109879,0.007246839581057429,0.0,2339.0,normal,0.2865852415561676,0.2865852415561676
0.0,1.2436111569404602,0.9533893764019012,0.0072468488942831755,0.0,2340.0,normal,0.3444235026836395,0.3444235026836395
0.0,1.1613703966140747,1.244483321905136,0.007246856344863772,0.0,2341.0,normal,0.357084758579731,0.357084758579731
0.0,1.3156783878803253,1.4241231977939606,0.007246861234307289,0.0,2342.0,normal,0.40591034293174744,0.40591034293174744
0.0,1.1877009272575378,0.8257274925708771,0.007246863096952438,0.0,2343.0,normal,0.3204752840101719,0.3204752840101719
0.0,1.2621989846229553,0.6111895442008972,0.007246856112033129,0.0,2344.0,normal,0.31392109394073486,0.31392109394073486
0.0,1.1798776984214783,1.1265267431735992,0.0072468474972993135,0.0,2345.0,normal,0.3489905595779419,0.3489905595779419
0.0,1.255123883485794,1.3986814618110657,0.007246829103678465,0.0,2346.0,normal,0.391255259513855,0.391255259513855
0.0,1.1735358238220215,0.7504096031188965,0.00724681350402534,0.0,2347.0,normal,0.3101104646921158,0.3101104646921158
0.0,1.253315657377243,1.8599073886871338,0.007246818393468857,0.0,2348.0,normal,0.43701621890068054,0.43701621890068054
0.0,1.182343602180481,1.1159959435462952,0.007246815133839846,0.0,2349.0,normal,0.34843066334724426,0.34843066334724426
0.0,1.2117988467216492,1.9756439924240112,0.007246795808896422,0.0,2350.0,normal,0.4402865022420883,0.4402865022420883
0.0,1.1760476231575012,2.1567564010620117,0.00724680139683187,0.0,2351.0,normal,0.45124752819538116,0.45124752819538116
0.0,1.1686095297336578,1.2517700493335724,0.007246818160638213,0.0,2352.0,normal,0.35926123708486557,0.35926123708486557
0.0,1.231730580329895,2.081694722175598,0.007246817694976926,0.0,2353.0,normal,0.45487791299819946,0.45487791299819946
0.0,1.2338287234306335,1.4084463119506836,0.007246816297993064,0.0,2354.0,normal,0.38797272741794586,0.38797272741794586
0.0,1.1137634217739105,1.0112817287445068,0.007246835855767131,0.0,2355.0,normal,0.3242432177066803,0.3242432177066803
0.0,1.175155907869339,0.9709784090518951,0.007246831431984901,0.0,2356.0,normal,0.33249136060476303,0.33249136060476303
0.0,1.2315373420715332,0.9184480309486389,0.007246821653097868,0.0,2357.0,normal,0.33851461112499237,0.33851461112499237
0.0,1.1092615127563477,0.6276997923851013,0.00724682305008173,0.0,2358.0,normal,0.28498462587594986,0.28498462587594986
0.0,1.2955757677555084,0.6363998353481293,0.0072468058206140995,0.0,2359.0,normal,0.3231174796819687,0.3231174796819687
0.0,1.307695597410202,0.4496753364801407,0.007246797205880284,0.0,2360.0,normal,0.3068689927458763,0.3068689927458763
0.0,1.2693862318992615,0.6394688189029694,0.007246799301356077,0.0,2361.0,normal,0.3181864768266678,0.3181864768266678
0.0,1.4804474115371704,0.49851417541503906,0.007246809545904398,0.0,2362.0,normal,0.34630322456359863,0.34630322456359863
0.0,1.219813585281372,1.4150957465171814,0.007246805354952812,0.0,2363.0,normal,0.3858346492052078,0.3858346492052078
0.0,1.3234662413597107,0.5097930282354355,0.007246819324791431,0.0,2364.0,normal,0.3160348907113075,0.3160348907113075
0.0,1.1736517548561096,0.6515673100948334,0.007246807217597961,0.0,2365.0,normal,0.300249420106411,0.300249420106411
0.0,1.2047147154808044,0.7170347720384598,0.00724680838175118,0.0,2366.0,normal,0.31300875544548035,0.31300875544548035
0.0,1.2161874771118164,0.4530179798603058,0.007246811408549547,0.0,2367.0,normal,0.2889016419649124,0.2889016419649124
0.0,1.1963900923728943,0.5153272151947021,0.007246804423630238,0.0,2368.0,normal,0.2911730706691742,0.2911730706691742
0.0,1.164018988609314,0.5313455760478973,0.0072468051221221685,0.0,2369.0,normal,0.2863007038831711,0.2863007038831711
0.0,1.217334270477295,0.4866373687982559,0.007246813271194696,0.0,2370.0,normal,0.29249294102191925,0.29249294102191925
0.0,1.242595613002777,0.6515535563230515,0.007246794179081917,0.0,2371.0,normal,0.3140368163585663,0.3140368163585663
0.0,1.3144230842590332,1.3438054621219635,0.007246788125485182,0.0,2372.0,normal,0.39762748777866364,0.39762748777866364
0.0,1.2749268114566803,0.842010885477066,0.007246799999848008,0.0,2373.0,normal,0.3395487815141678,0.3395487815141678
0.0,1.2058565616607666,1.6624423563480377,0.0072467823047190905,0.0,2374.0,normal,0.40777789801359177,0.40777789801359177
0.0,1.2605855464935303,3.4099042415618896,0.007246788823977113,0.0,2375.0,normal,0.593469887971878,0.593469887971878
0.0,1.266287624835968,1.2142607271671295,0.007246794644743204,0.0,2376.0,normal,0.3750459551811218,0.3750459551811218
0.0,1.2253209352493286,2.384535253047943,0.007246795576065779,0.0,2377.0,normal,0.48388005793094635,0.48388005793094635
0.0,1.1044531166553497,2.58784282207489,0.007246797438710928,0.0,2378.0,normal,0.48003722727298737,0.48003722727298737
0.0,1.2661026120185852,1.4608303904533386,0.007246790919452906,0.0,2379.0,normal,0.399665892124176,0.399665892124176
0.0,1.157985657453537,0.6599898934364319,0.007246781373396516,0.0,2380.0,normal,0.29795845597982407,0.29795845597982407
0.0,1.1907159984111786,4.462240695953369,0.007246788823977113,0.0,2381.0,normal,0.6847296357154846,0.6847296357154846
0.0,1.122537061572075,2.5673795342445374,0.007246797671541572,0.0,2382.0,normal,0.48160772025585175,0.48160772025585175
0.0,1.2076372802257538,5.909190773963928,0.007246792083606124,0.0,2383.0,normal,0.8328089416027069,0.8328089416027069
0.0,1.339240312576294,10.52377438545227,0.007246797205880284,0.0,2384.0,normal,1.3205879032611847,1.3205879032611847
0.0,1.177884817123413,5.099182605743408,0.0072468246798962355,0.0,2385.0,normal,0.7458575963973999,0.7458575963973999
0.0,1.3163266777992249,16.008593797683716,0.007246829103678465,0.0,2386.0,normal,1.864487200975418,1.864487200975418
0.0,1.3051208853721619,11.199206590652466,0.007246822118759155,0.0,2387.0,normal,1.3813071846961975,1.3813071846961975
0.0,1.2220922708511353,5.9965022802352905,0.0072468549478799105,0.0,2388.0,normal,0.8444311022758484,0.8444311022758484
0.0,1.2135509848594666,7.863069087266922,0.007246820256114006,0.0,2389.0,normal,1.0293794870376587,1.0293794870376587
0.0,1.1205950230360031,14.917290210723877,0.007246840978041291,0.0,2390.0,normal,1.7162104845046997,1.7162104845046997
0.0,1.1978470087051392,4.633240103721619,0.007246855879202485,0.0,2391.0,normal,0.7032557725906372,0.7032557725906372
0.0,1.1028715670108795,7.78281307220459,0.007246830267831683,0.0,2392.0,normal,0.9992179870605469,0.9992179870605469
0.0,1.2937850952148438,5.384965658187866,0.007246821187436581,0.0,2393.0,normal,0.7976159155368805,0.7976159155368805
0.0,1.1125504225492477,10.248987793922424,0.007246840512380004,0.0,2394.0,normal,1.247771218419075,1.247771218419075
0.0,1.2024078965187073,5.153972089290619,0.007246796740218997,0.0,2395.0,normal,0.7562411576509476,0.7562411576509476
0.0,1.3652465343475342,3.7948831915855408,0.007246803725138307,0.0,2396.0,normal,0.652899980545044,0.652899980545044
0.0,1.219375491142273,2.700772762298584,0.007246784400194883,0.0,2397.0,normal,0.5143147110939026,0.5143147110939026
0.0,1.1619094014167786,2.611776113510132,0.007246766239404678,0.0,2398.0,normal,0.49392184615135193,0.49392184615135193
0.0,1.2162112295627594,5.17801821231842,0.007246766006574035,0.0,2399.0,normal,0.7614064812660217,0.7614064812660217
0.0,1.2217307090759277,3.7764607667922974,0.0072467809077352285,0.0,2400.0,normal,0.6223545372486115,0.6223545372486115
0.0,1.1757745742797852,2.1574541330337524,0.007246792549267411,0.0,2401.0,normal,0.4512626677751541,0.4512626677751541
0.0,1.326221525669098,4.583459496498108,0.007246827241033316,0.0,2402.0,normal,0.72395259141922,0.72395259141922
0.0,1.1582560688257217,1.8276645839214325,0.007246827008202672,0.0,2403.0,normal,0.41478003561496735,0.41478003561496735
0.0,1.2000102996826172,1.334129273891449,0.00724681606516242,0.0,2404.0,normal,0.3737773299217224,0.3737773299217224
0.0,1.2223091125488281,2.341368794441223,0.007246806751936674,0.0,2405.0,normal,0.4789610505104065,0.4789610505104065
0.0,1.1962454617023468,1.3198387622833252,0.007246810477226973,0.0,2406.0,normal,0.3715953305363655,0.3715953305363655
0.0,1.302226722240448,2.4635422825813293,0.007246798370033503,0.0,2407.0,normal,0.5071619153022766,0.5071619153022766
0.0,1.2685917615890503,2.0610365867614746,0.0072467748541384935,0.0,2408.0,normal,0.46018436551094055,0.46018436551094055
0.0,1.2044582068920135,0.9842447340488434,0.007246790919452906,0.0,2409.0,normal,0.33967846632003784,0.33967846632003784
0.0,1.234347403049469,0.9526476860046387,0.007246784633025527,0.0,2410.0,normal,0.3424965962767601,0.3424965962767601
0.0,1.1680723428726196,1.1001904606819153,0.007246757159009576,0.0,2411.0,normal,0.3439958691596985,0.3439958691596985
0.0,1.294590413570404,1.558206707239151,0.007246766937896609,0.0,2412.0,normal,0.4151010811328888,0.4151010811328888
0.0,1.1111657917499542,1.2818707376718521,0.007246765773743391,0.0,2413.0,normal,0.3507825694978237,0.3507825694978237
0.0,1.288660079240799,2.085215210914612,0.007246770896017551,0.0,2414.0,normal,0.4666158854961395,0.4666158854961395
0.0,1.3511488437652588,0.8325931131839752,0.007246767869219184,0.0,2415.0,normal,0.35385142266750336,0.35385142266750336
0.0,1.218726933002472,0.8172284811735153,0.007246772525832057,0.0,2416.0,normal,0.3258305788040161,0.3258305788040161
0.0,1.2964105010032654,0.7787385284900665,0.0072467892896384,0.0,2417.0,normal,0.3375182971358299,0.3375182971358299
0.0,1.1328752934932709,1.4592238664627075,0.007246779510751367,0.0,2418.0,normal,0.37285979092121124,0.37285979092121124
0.0,1.3725175559520721,2.4123095273971558,0.007246778812259436,0.0,2419.0,normal,0.5160968005657196,0.5160968005657196
0.0,1.2915785312652588,0.9857671856880188,0.00724676507525146,0.0,2420.0,normal,0.3572547733783722,0.3572547733783722
0.0,1.116161048412323,0.7314548045396805,0.007246764842420816,0.0,2421.0,normal,0.29674002528190613,0.29674002528190613
0.0,1.2254397869110107,0.7740667909383774,0.007246753666549921,0.0,2422.0,normal,0.32285699248313904,0.32285699248313904
0.0,1.2772431373596191,2.6642876863479614,0.007246747380122542,0.0,2423.0,normal,0.5222397446632385,0.5222397446632385
0.0,1.2384372353553772,1.232190117239952,0.007246747147291899,0.0,2424.0,normal,0.37126879394054413,0.37126879394054413
0.0,1.192416101694107,1.2224004417657852,0.007246740162372589,0.0,2425.0,normal,0.36108559370040894,0.36108559370040894
0.0,1.182059422135353,0.815629243850708,0.0072467506397515535,0.0,2426.0,normal,0.31833716481924057,0.31833716481924057
0.0,1.127818912267685,0.6452416479587555,0.0072467599529773,0.0,2427.0,normal,0.2904502972960472,0.2904502972960472
0.0,1.16177499294281,0.7243189513683319,0.007246755296364427,0.0,2428.0,normal,0.30514924228191376,0.30514924228191376
0.0,1.1344141364097595,0.791877418756485,0.007246763678267598,0.0,2429.0,normal,0.30643291771411896,0.30643291771411896
0.0,1.1705775260925293,0.6062184274196625,0.007246765308082104,0.0,2430.0,normal,0.2950996905565262,0.2950996905565262
0.0,1.1562250256538391,1.509708821773529,0.007246754365041852,0.0,2431.0,normal,0.3825782388448715,0.3825782388448715
0.0,1.0952908098697662,1.959343433380127,0.007246757624670863,0.0,2432.0,normal,0.41535484790802,0.41535484790802
0.0,1.1046597957611084,3.5776429176330566,0.007246748777106404,0.0,2433.0,normal,0.5790586173534393,0.5790586173534393
0.0,1.1651636958122253,1.6220154464244843,0.007246736669912934,0.0,2434.0,normal,0.3955966383218765,0.3955966383218765
0.0,1.125618815422058,1.5944600403308868,0.007246738066896796,0.0,2435.0,normal,0.38493210077285767,0.38493210077285767
0.0,1.1414717137813568,2.3014618158340454,0.0072467434220016,0.0,2436.0,normal,0.45880287885665894,0.45880287885665894
0.0,1.2020823061466217,1.616186410188675,0.007246749941259623,0.0,2437.0,normal,0.40239742398262024,0.40239742398262024
0.0,1.2552068531513214,2.48975270986557,0.007246771594509482,0.0,2438.0,normal,0.5003789961338043,0.5003789961338043
0.0,1.1015127897262573,3.94661808013916,0.007246769731864333,0.0,2439.0,normal,0.6153267323970795,0.6153267323970795
0.0,1.23007071018219,1.3195825815200806,0.007246771128848195,0.0,2440.0,normal,0.37833474576473236,0.37833474576473236
0.0,1.277991533279419,1.5390151143074036,0.0072467809077352285,0.0,2441.0,normal,0.4098621606826782,0.4098621606826782
0.0,1.4106457233428955,6.2030298709869385,0.007246777648106217,0.0,2442.0,normal,0.9027945399284363,0.9027945399284363
0.0,1.1353487968444824,1.5127516388893127,0.007246746914461255,0.0,2443.0,normal,0.37870727479457855,0.37870727479457855
0.0,1.2937310934066772,2.08087956905365,0.007246747147291899,0.0,2444.0,normal,0.4671965092420578,0.4671965092420578
0.0,1.144118309020996,0.931576281785965,0.007246748544275761,0.0,2445.0,normal,0.3223436325788498,0.3223436325788498
0.0,1.2861453890800476,0.4637780487537384,0.00724675040692091,0.0,2446.0,normal,0.30396921932697296,0.30396921932697296
0.0,1.183750033378601,1.7011151909828186,0.007246757624670863,0.0,2447.0,normal,0.4072238504886627,0.4072238504886627
0.0,1.2369862794876099,1.1688038408756256,0.0072467506397515535,0.0,2448.0,normal,0.3646399825811386,0.3646399825811386
0.0,1.2648600935935974,0.9282144904136658,0.007246743189170957,0.0,2449.0,normal,0.3461558073759079,0.3461558073759079
0.0,1.3765844106674194,1.444853663444519,0.007246745750308037,0.0,2450.0,normal,0.4201646000146866,0.4201646000146866
0.0,1.2415526509284973,5.086371898651123,0.007246742723509669,0.0,2451.0,normal,0.7573100626468658,0.7573100626468658
0.0,1.1327043771743774,2.613230884075165,0.007246717344969511,0.0,2452.0,normal,0.4882263094186783,0.4882263094186783
0.0,1.4026649594306946,3.969960927963257,0.007246742723509669,0.0,2453.0,normal,0.6778913885354996,0.6778913885354996
0.0,1.1777211129665375,7.573731422424316,0.007246741792187095,0.0,2454.0,normal,0.993279755115509,0.993279755115509
0.0,1.189124882221222,4.00884148478508,0.007246720837429166,0.0,2455.0,normal,0.639071449637413,0.639071449637413
0.0,1.1429656445980072,4.2639245092868805,0.007246736669912934,0.0,2456.0,normal,0.655347928404808,0.655347928404808
0.0,1.2640475630760193,7.584134101867676,0.007246742723509669,0.0,2457.0,normal,1.0115853548049927,1.0115853548049927
0.0,1.3324970304965973,5.494829058647156,0.0072467264253646135,0.0,2458.0,normal,0.8163446187973022,0.8163446187973022
0.0,1.3947342038154602,6.63601553440094,0.007246746914461255,0.0,2459.0,normal,0.9429107457399368,0.9429107457399368
0.0,1.3079018592834473,9.548482894897461,0.007246754365041852,0.0,2460.0,normal,1.2167909741401672,1.2167909741401672
0.0,1.2640727758407593,7.413429707288742,0.007246737601235509,0.0,2461.0,normal,0.9945198893547058,0.9945198893547058
0.0,1.1547047793865204,8.41348421573639,0.007246738066896796,0.0,2462.0,normal,1.0726517736911774,1.0726517736911774
0.0,1.3575060963630676,17.6809024810791,0.007246718043461442,0.0,2463.0,normal,2.039953827857971,2.039953827857971
0.0,1.2601714134216309,9.972366333007812,0.007246717112138867,0.0,2464.0,normal,1.2496332228183746,1.2496332228183746
0.0,1.1586964130401611,4.438610017299652,0.007246712921187282,0.0,2465.0,normal,0.6759626269340515,0.6759626269340515
0.0,1.1955729722976685,6.212824821472168,0.0072466975543648005,0.0,2466.0,normal,0.8607594072818756,0.8607594072818756
0.0,1.1818353533744812,1.969437599182129,0.007246699184179306,0.0,2467.0,normal,0.4336731731891632,0.4336731731891632
0.0,1.1044218242168427,2.300349175930023,0.007246715249493718,0.0,2468.0,normal,0.4512816220521927,0.4512816220521927
0.0,1.1174094080924988,2.6113274097442627,0.007246716879308224,0.0,2469.0,normal,0.48497694730758667,0.48497694730758667
0.0,1.0860536098480225,5.237776041030884,0.007246731547638774,0.0,2470.0,normal,0.7413507103919983,0.7413507103919983
0.0,1.209337443113327,3.0781231224536896,0.007246740628033876,0.0,2471.0,normal,0.5500421226024628,0.5500421226024628
0.0,1.2226049602031708,2.2734668254852295,0.0072467392310500145,0.0,2472.0,normal,0.4722300171852112,0.4722300171852112
0.0,1.3087893724441528,5.295333385467529,0.007246756227687001,0.0,2473.0,normal,0.791653573513031,0.791653573513031
0.0,1.163030594587326,1.6335437297821045,0.007246753899380565,0.0,2474.0,normal,0.3963228315114975,0.3963228315114975
0.0,1.1318661868572235,1.360879123210907,0.007246738998219371,0.0,2475.0,normal,0.3628234714269638,0.3628234714269638
0.0,1.1356206238269806,2.114909827709198,0.007246738765388727,0.0,2476.0,normal,0.4389774650335312,0.4389774650335312
0.0,1.2419456839561462,1.6312231421470642,0.007246724329888821,0.0,2477.0,normal,0.41187378764152527,0.41187378764152527
0.0,1.131205141544342,1.5208986699581146,0.007246713154017925,0.0,2478.0,normal,0.37869323790073395,0.37869323790073395
0.0,1.248882234096527,1.2634184956550598,0.007246711058542132,0.0,2479.0,normal,0.3764806389808655,0.3764806389808655
0.0,1.1623610258102417,0.7142032384872437,0.007246708730235696,0.0,2480.0,normal,0.3042548596858978,0.3042548596858978
0.0,1.1908537149429321,0.7701595425605774,0.007246718741953373,0.0,2481.0,normal,0.3155490458011627,0.3155490458011627
0.0,1.3569903373718262,0.5273683816194534,0.007246721535921097,0.0,2482.0,normal,0.3244972378015518,0.3244972378015518
0.0,1.158835530281067,0.5941742062568665,0.007246722932904959,0.0,2483.0,normal,0.29154686629772186,0.29154686629772186
0.0,1.1354777216911316,0.40009693801403046,0.007246724097058177,0.0,2484.0,normal,0.26746757328510284,0.26746757328510284
0.0,1.155512124300003,0.5844365432858467,0.007246725959703326,0.0,2485.0,normal,0.28990843147039413,0.28990843147039413
0.0,1.1992331445217133,0.8763003945350647,0.007246727356687188,0.0,2486.0,normal,0.3278390020132065,0.3278390020132065
0.0,1.2921144664287567,2.149053156375885,0.007246725726872683,0.0,2487.0,normal,0.47369053959846497,0.47369053959846497
0.0,1.2086560130119324,0.7999916225671768,0.007246730150654912,0.0,2488.0,normal,0.3220926970243454,0.3220926970243454
0.0,1.2301775515079498,1.3934314846992493,0.007246725959703326,0.0,2489.0,normal,0.3857409954071045,0.3857409954071045
0.0,1.199110746383667,0.49158652126789093,0.007246725261211395,0.0,2490.0,normal,0.28934314101934433,0.28934314101934433
0.0,1.232746660709381,0.9339210689067841,0.0072467271238565445,0.0,2491.0,normal,0.34030379354953766,0.34030379354953766
0.0,1.1517064571380615,0.4994848072528839,0.007246724097058177,0.0,2492.0,normal,0.28065211325883865,0.28065211325883865
0.0,1.1029910445213318,1.2943397760391235,0.0072467210702598095,0.0,2493.0,normal,0.350394532084465,0.350394532084465
0.0,1.220133900642395,0.9473986774682999,0.007246719906106591,0.0,2494.0,normal,0.3391289860010147,0.3391289860010147
0.0,1.090282142162323,1.4056429862976074,0.007246718509122729,0.0,2495.0,normal,0.3589830696582794,0.3589830696582794
0.0,1.1468337774276733,0.47903093695640564,0.007246712921187282,0.0,2496.0,normal,0.2776321768760681,0.2776321768760681
0.0,1.1505120694637299,0.6293506026268005,0.0072467143181711435,0.0,2497.0,normal,0.2933998256921768,0.2933998256921768
0.0,1.166917622089386,0.5985376238822937,0.007246710360050201,0.0,2498.0,normal,0.2935996353626251,0.2935996353626251
0.0,1.19085031747818,0.6244603544473648,0.007246712222695351,0.0,2499.0,normal,0.3009784519672394,0.3009784519672394
0.0,1.2961038947105408,1.2274564802646637,0.007246715947985649,0.0,2500.0,normal,0.3823287785053253,0.3823287785053253
0.0,1.1835752129554749,1.0705259591341019,0.007246711757034063,0.0,2501.0,normal,0.3441299721598625,0.3441299721598625
0.0,1.3813073635101318,1.3018681406974792,0.007246725726872683,0.0,2502.0,normal,0.40681062638759613,0.40681062638759613
0.0,1.212952196598053,1.0455025434494019,0.0072467096615582705,0.0,2503.0,normal,0.34750303626060486,0.34750303626060486
0.0,1.3084656894207,0.6746098101139069,0.007246709428727627,0.0,2504.0,normal,0.3295164629817009,0.3295164629817009
0.0,1.261116623878479,0.6633982807397842,0.007246709195896983,0.0,2505.0,normal,0.31892549246549606,0.31892549246549606
0.0,1.2216485738754272,0.45463038980960846,0.0072467036079615355,0.0,2506.0,normal,0.2901550829410553,0.2901550829410553
0.0,1.1681424379348755,0.5101613700389862,0.007246699649840593,0.0,2507.0,normal,0.28500697016716003,0.28500697016716003
0.0,1.4097071886062622,0.984542965888977,0.007246691966429353,0.0,2508.0,normal,0.3807580769062042,0.3807580769062042
0.0,1.1435575485229492,1.3176545202732086,0.007246694061905146,0.0,2509.0,normal,0.360839307308197,0.360839307308197
0.0,1.1216054558753967,0.5371767282485962,0.007246696623042226,0.0,2510.0,normal,0.27840110659599304,0.27840110659599304
0.0,1.2455875873565674,0.42880377173423767,0.007246697321534157,0.0,2511.0,normal,0.29236023128032684,0.29236023128032684
0.0,1.280050277709961,0.41594448685646057,0.00724669243209064,0.0,2512.0,normal,0.2979668453335762,0.2979668453335762
0.0,1.3076269626617432,0.8876131772994995,0.007246695924550295,0.0,2513.0,normal,0.35064905881881714,0.35064905881881714
0.0,1.1745871305465698,0.39518052339553833,0.007246695924550295,0.0,2514.0,normal,0.27479781210422516,0.27479781210422516
0.0,1.1161644160747528,0.4259127974510193,0.007246697321534157,0.0,2515.0,normal,0.26618650555610657,0.26618650555610657
0.0,1.1322883367538452,0.4391080141067505,0.00724669941700995,0.0,2516.0,normal,0.2707308158278465,0.2707308158278465
0.0,1.3483189642429352,0.9279404282569885,0.007246699184179306,0.0,2517.0,normal,0.36282017081975937,0.36282017081975937
0.0,1.1204947233200073,0.6596232056617737,0.007246695924550295,0.0,2518.0,normal,0.29042360931634903,0.29042360931634903
0.0,1.161218374967575,3.2850170135498047,0.007246700348332524,0.0,2519.0,normal,0.5611077547073364,0.5611077547073364
0.0,1.1029029488563538,2.1625731587409973,0.007246681489050388,0.0,2520.0,normal,0.43720027059316635,0.43720027059316635
0.0,1.2931154668331146,1.55949205160141,0.007246694760397077,0.0,2521.0,normal,0.4149346277117729,0.4149346277117729
0.0,1.1707071363925934,2.894217610359192,0.007246677298098803,0.0,2522.0,normal,0.5239255130290985,0.5239255130290985
0.0,1.2486469149589539,1.5883115828037262,0.007246687076985836,0.0,2523.0,normal,0.4089228957891464,0.4089228957891464
0.0,1.0938564985990524,6.632618427276611,0.00724669499322772,0.0,2524.0,normal,0.882395476102829,0.882395476102829
0.0,1.2752671241760254,3.363407254219055,0.0072467022109776735,0.0,2525.0,normal,0.5917565077543259,0.5917565077543259
0.0,1.2139952182769775,4.358929336071014,0.007246698718518019,0.0,2526.0,normal,0.6790543347597122,0.6790543347597122
0.0,1.3273267149925232,8.680783748626709,0.007246714551001787,0.0,2527.0,normal,1.133906066417694,1.133906066417694
0.0,1.1089084446430206,4.5735984444618225,0.0072466915007680655,0.0,2528.0,normal,0.6795038282871246,0.6795038282871246
0.0,1.1315574944019318,5.696199536323547,0.007246687542647123,0.0,2529.0,normal,0.7962937653064728,0.7962937653064728
0.0,1.0455615818500519,6.846810340881348,0.007246669381856918,0.0,2530.0,normal,0.8941557109355927,0.8941557109355927
0.0,1.1867854595184326,2.1896445751190186,0.007246687076985836,0.0,2531.0,normal,0.4566839039325714,0.4566839039325714
0.0,1.1537266969680786,2.458547532558441,0.0072467036079615355,0.0,2532.0,normal,0.47696244716644287,0.47696244716644287
0.0,1.1411716938018799,1.4944348335266113,0.0072467029094696045,0.0,2533.0,normal,0.3780401647090912,0.3780401647090912
0.0,1.2718204855918884,1.6151436567306519,0.007246707333251834,0.0,2534.0,normal,0.4162408262491226,0.4162408262491226
0.0,1.1578848958015442,6.519508361816406,0.007246715482324362,0.0,2535.0,normal,0.8838901519775391,0.8838901519775391
0.0,1.261439710855484,2.0663989782333374,0.007246707566082478,0.0,2536.0,normal,0.45929018408060074,0.45929018408060074
0.0,1.1852780878543854,2.953108161687851,0.007246696623042226,0.0,2537.0,normal,0.5327287912368774,0.5327287912368774
0.0,1.199706256389618,2.107546329498291,0.007246679859235883,0.0,2538.0,normal,0.4510582387447357,0.4510582387447357
0.0,1.1169252693653107,6.6197510957717896,0.0072466651909053326,0.0,2539.0,normal,0.8857225179672241,0.8857225179672241
0.0,1.1071121096611023,3.8795711994171143,0.00724667520262301,0.0,2540.0,normal,0.6097418963909149,0.6097418963909149
0.0,1.144844189286232,10.762695670127869,0.007246676832437515,0.0,2541.0,normal,1.3056007623672485,1.3056007623672485
0.0,1.2685901522636414,8.828467607498169,0.007246701279655099,0.0,2542.0,normal,1.1369271576404572,1.1369271576404572
0.0,1.2568954229354858,4.007087588310242,0.007246732711791992,0.0,2543.0,normal,0.6524501740932465,0.6524501740932465
0.0,1.153232753276825,9.231316566467285,0.007246735272929072,0.0,2544.0,normal,1.1541405618190765,1.1541405618190765
0.0,1.245637834072113,7.726113557815552,0.0072467089630663395,0.0,2545.0,normal,1.0221012234687805,1.0221012234687805
0.0,1.2746559381484985,4.706335783004761,0.007246689172461629,0.0,2546.0,normal,0.7259271442890167,0.7259271442890167
0.0,1.2974668741226196,13.504952192306519,0.0072466779965907335,0.0,2547.0,normal,1.6103509068489075,1.6103509068489075
0.0,1.1507475972175598,13.406528949737549,0.007246661465615034,0.0,2548.0,normal,1.5711648166179657,1.5711648166179657
0.0,1.1158878803253174,4.343508005142212,0.007246674969792366,0.0,2549.0,normal,0.6578907072544098,0.6578907072544098
0.0,1.1461783796548843,4.266929805278778,0.007246667984873056,0.0,2550.0,normal,0.6562910005450249,0.6562910005450249
0.0,1.2237414121627808,7.584099769592285,0.007246677298098803,0.0,2551.0,normal,1.0035206079483032,1.0035206079483032
0.0,1.2373080849647522,2.0047577619552612,0.007246683817356825,0.0,2552.0,normal,0.44829973578453064,0.44829973578453064
0.0,1.2169321179389954,1.6199573278427124,0.007246701279655099,0.0,2553.0,normal,0.4057445079088211,0.4057445079088211
0.0,1.175752893090248,1.3592868447303772,0.0072467022109776735,0.0,2554.0,normal,0.3714415952563286,0.3714415952563286
0.0,1.2049927711486816,0.6594280302524567,0.007246690336614847,0.0,2555.0,normal,0.30730370432138443,0.30730370432138443
0.0,1.169055700302124,0.7149360924959183,0.007246683817356825,0.0,2556.0,normal,0.30566708743572235,0.30566708743572235
0.0,1.1480172276496887,0.7752271592617035,0.00724668288603425,0.0,2557.0,normal,0.30748850852251053,0.30748850852251053
0.0,1.1902881860733032,0.9255359470844269,0.0072466854471713305,0.0,2558.0,normal,0.3309735655784607,0.3309735655784607
0.0,1.1245284676551819,0.7783401012420654,0.007246692199259996,0.0,2559.0,normal,0.303102046251297,0.303102046251297
0.0,1.2110027968883514,1.6576929092407227,0.007246685680001974,0.0,2560.0,normal,0.4083321988582611,0.4083321988582611
0.0,1.2059984803199768,0.6766895651817322,0.007246683584526181,0.0,2561.0,normal,0.3092309981584549,0.3092309981584549
0.0,1.2631622850894928,0.5765915066003799,0.007246686611324549,0.0,2562.0,normal,0.3106539398431778,0.3106539398431778
0.0,1.1653456687927246,0.9170095026493073,0.00724668730981648,0.0,2563.0,normal,0.32513241469860077,0.32513241469860077
0.0,1.114524483680725,0.6563049629330635,0.007246662164106965,0.0,2564.0,normal,0.2888977378606796,0.2888977378606796
0.0,1.1051346957683563,1.2204290628433228,0.007246657274663448,0.0,2565.0,normal,0.3434321880340576,0.3434321880340576
0.0,1.1579598188400269,0.5007356703281403,0.0072466665878891945,0.0,2566.0,normal,0.28202787041664124,0.28202787041664124
0.0,1.0641687512397766,0.48879700899124146,0.007246652850881219,0.0,2567.0,normal,0.2620757818222046,0.2620757818222046
0.0,1.1101249754428864,0.41380075365304947,0.007246650056913495,0.0,2568.0,normal,0.26376741379499435,0.26376741379499435
0.0,1.101964920759201,0.47480523586273193,0.007246658904477954,0.0,2569.0,normal,0.26823583245277405,0.26823583245277405
0.0,1.087856948375702,0.4212846904993057,0.007246662396937609,0.0,2570.0,normal,0.26006220281124115,0.26006220281124115
0.0,1.1701269149780273,0.8130874186754227,0.0072466551791876554,0.0,2571.0,normal,0.31569646298885345,0.31569646298885345
0.0,1.0931377112865448,0.8051039278507233,0.007246660068631172,0.0,2572.0,normal,0.2995002716779709,0.2995002716779709
0.0,1.1475836038589478,0.4383166506886482,0.007246663328260183,0.0,2573.0,normal,0.2737107276916504,0.2737107276916504
0.0,1.1409125626087189,1.1608970761299133,0.0072466605342924595,0.0,2574.0,normal,0.3446345627307892,0.3446345627307892
0.0,1.0965690612792969,0.6275157630443573,0.007246651919558644,0.0,2575.0,normal,0.28242771327495575,0.28242771327495575
0.0,1.118839591741562,0.705981582403183,0.007246644934639335,0.0,2576.0,normal,0.2947284057736397,0.2947284057736397
0.0,1.1876127123832703,1.6345462799072266,0.007246643304824829,0.0,2577.0,normal,0.4013395309448242,0.4013395309448242
0.0,1.1089936196804047,0.7039361223578453,0.007246636785566807,0.0,2578.0,normal,0.29255469143390656,0.29255469143390656
0.0,1.0891377925872803,1.2517935633659363,0.007246637716889381,0.0,2579.0,normal,0.343369260430336,0.343369260430336
0.0,1.130766212940216,0.38532693684101105,0.007246636552736163,0.0,2580.0,normal,0.2650482952594757,0.2650482952594757
0.0,1.106559306383133,0.48607824742794037,0.007246642606332898,0.0,2581.0,normal,0.2702820152044296,0.2702820152044296
0.0,1.057853639125824,0.4807988628745079,0.0072466477286070585,0.0,2582.0,normal,0.2600129470229149,0.2600129470229149
0.0,1.1166692227125168,0.6361590623855591,0.007246647262945771,0.0,2583.0,normal,0.2873120829463005,0.2873120829463005
0.0,1.0819830894470215,0.39656928181648254,0.007246645633131266,0.0,2584.0,normal,0.25641588866710663,0.25641588866710663
0.0,1.1336787343025208,0.7262250781059265,0.007246648194268346,0.0,2585.0,normal,0.2997206002473831,0.2997206002473831
0.0,1.0710548758506775,0.6168196201324463,0.0072466430719941854,0.0,2586.0,normal,0.2762552797794342,0.2762552797794342
0.0,1.1194479763507843,0.9318877756595612,0.007246638648211956,0.0,2587.0,normal,0.3174407258629799,0.3174407258629799
0.0,1.0477039515972137,0.579011008143425,0.007246627472341061,0.0,2588.0,normal,0.26780423521995544,0.26780423521995544
0.0,1.1117123365402222,0.5257088989019394,0.007246625144034624,0.0,2589.0,normal,0.27527570724487305,0.27527570724487305
0.0,1.114764928817749,0.6152906268835068,0.0072466235142201185,0.0,2590.0,normal,0.28484439849853516,0.28484439849853516
0.0,1.2126876413822174,1.0809551179409027,0.007246632128953934,0.0,2591.0,normal,0.35099537670612335,0.35099537670612335
0.0,1.0798541605472565,0.5605541467666626,0.007246626541018486,0.0,2592.0,normal,0.27238859236240387,0.27238859236240387
0.0,1.1305228769779205,1.2890810072422028,0.007246623979881406,0.0,2593.0,normal,0.3553750216960907,0.3553750216960907
0.0,1.1565032303333282,0.65503890812397,0.007246638415381312,0.0,2594.0,normal,0.2971668839454651,0.2971668839454651
0.0,1.100237250328064,1.8996197581291199,0.007246640045195818,0.0,2595.0,normal,0.4103717803955078,0.4103717803955078
0.0,1.136010318994522,0.5488656759262085,0.007246635155752301,0.0,2596.0,normal,0.28245097398757935,0.28245097398757935
0.0,1.1423756778240204,0.5948022902011871,0.00724663445726037,0.0,2597.0,normal,0.2883177027106285,0.2883177027106285
0.0,1.087999165058136,0.3532223403453827,0.007246633758768439,0.0,2598.0,normal,0.25328440219163895,0.25328440219163895
0.0,1.0679219365119934,0.3582374006509781,0.007246627705171704,0.0,2599.0,normal,0.24977046623826027,0.24977046623826027
0.0,1.0524109601974487,1.4056636691093445,0.007246621884405613,0.0,2600.0,normal,0.3514108955860138,0.3514108955860138
0.0,1.1010115146636963,0.5145398825407028,0.00724663189612329,0.0,2601.0,normal,0.2720186337828636,0.2720186337828636
0.0,1.141826182603836,0.5045087486505508,0.007246619556099176,0.0,2602.0,normal,0.2791784554719925,0.2791784554719925
0.0,1.211179256439209,1.1580695807933807,0.0072466223500669,0.0,2603.0,normal,0.35840514302253723,0.35840514302253723
0.0,1.1759015321731567,1.3855848014354706,0.007246630731970072,0.0,2604.0,normal,0.3741011321544647,0.3741011321544647
0.0,1.1547232866287231,1.0942352712154388,0.007246620254591107,0.0,2605.0,normal,0.34073053300380707,0.34073053300380707
0.0,1.0865485966205597,0.9735887944698334,0.007246617693454027,0.0,2606.0,normal,0.31503094732761383,0.31503094732761383
0.0,1.1322819292545319,0.7956261187791824,0.007246632128953934,0.0,2607.0,normal,0.30638134479522705,0.30638134479522705
0.0,1.061927169561386,3.531231641769409,0.007246628403663635,0.0,2608.0,normal,0.5658709406852722,0.5658709406852722
0.0,1.1518625617027283,2.1049322485923767,0.007246626075357199,0.0,2609.0,normal,0.44122809171676636,0.44122809171676636
0.0,1.1216405630111694,3.7196027636528015,0.007246621185913682,0.0,2610.0,normal,0.5966507643461227,0.5966507643461227
0.0,1.077128529548645,5.151294231414795,0.007246613502502441,0.0,2611.0,normal,0.7309174835681915,0.7309174835681915
0.0,1.1298462748527527,4.272708356380463,0.0072466114070266485,0.0,2612.0,normal,0.6536023914813995,0.6536023914813995
0.0,1.1779573261737823,3.8959979712963104,0.00724661722779274,0.0,2613.0,normal,0.6255536079406738,0.6255536079406738
0.0,1.1345329880714417,7.9184935092926025,0.007246613036841154,0.0,2614.0,normal,1.0191182792186737,1.0191182792186737
0.0,1.2001169323921204,5.3860185742378235,0.0072466356214135885,0.0,2615.0,normal,0.7789875268936157,0.7789875268936157
0.0,1.543739676475525,7.0396294593811035,0.007246662396937609,0.0,2616.0,normal,1.013073205947876,1.013073205947876
0.0,1.366733968257904,5.487275719642639,0.007246670546010137,0.0,2617.0,normal,0.8224367201328278,0.8224367201328278
0.0,1.1698001623153687,1.9614076614379883,0.007246656809002161,0.0,2618.0,normal,0.43046313524246216,0.43046313524246216
0.0,1.0163134932518005,2.5319809317588806,0.007246641209349036,0.0,2619.0,normal,0.4568231403827667,0.4568231403827667
0.0,1.197282314300537,3.2435731887817383,0.007246633525937796,0.0,2620.0,normal,0.5641761273145676,0.5641761273145676
0.0,1.1088565587997437,8.605538368225098,0.007246628636494279,0.0,2621.0,normal,1.0826875269412994,1.0826875269412994
0.0,1.2411466240882874,4.052175402641296,0.007246637716889381,0.0,2622.0,normal,0.6538092195987701,0.6538092195987701
0.0,1.2860930562019348,8.244810223579407,0.0072466430719941854,0.0,2623.0,normal,1.082062005996704,1.082062005996704
0.0,1.1734172999858856,9.324432373046875,0.0072466484270989895,0.0,2624.0,normal,1.1674889624118805,1.1674889624118805
0.0,1.0880347788333893,3.346664309501648,0.00724663445726037,0.0,2625.0,normal,0.5526357144117355,0.5526357144117355
0.0,1.0983966886997223,11.075916767120361,0.007246621418744326,0.0,2626.0,normal,1.3276333212852478,1.3276333212852478
0.0,1.0726690590381622,8.477411150932312,0.007246619090437889,0.0,2627.0,normal,1.0626372694969177,1.0626372694969177
0.0,1.0582159459590912,5.539795160293579,0.007246612338349223,0.0,2628.0,normal,0.7659850567579269,0.7659850567579269
0.0,1.1532189846038818,11.191991806030273,0.007246613968163729,0.0,2629.0,normal,1.3502053022384644,1.3502053022384644
0.0,1.0542261600494385,12.15910291671753,0.007246615365147591,0.0,2630.0,normal,1.427117943763733,1.427117943763733
0.0,1.0941648185253143,9.181308507919312,0.007246610010042787,0.0,2631.0,normal,1.137326180934906,1.137326180934906
0.0,0.9541667997837067,26.75923252105713,0.007246616529300809,0.0,2632.0,normal,2.8671189546585083,2.8671189546585083
0.0,1.2514005303382874,4.877716779708862,0.007246635155752301,0.0,2633.0,normal,0.7384141087532043,0.7384141087532043
0.0,1.1420615315437317,4.289729833602905,0.007246655412018299,0.0,2634.0,normal,0.6577476561069489,0.6577476561069489
0.0,1.420488178730011,11.459761619567871,0.007246672175824642,0.0,2635.0,normal,1.4304360747337341,1.4304360747337341
0.0,1.1565106511116028,2.6374682784080505,0.0072466612327843904,0.0,2636.0,normal,0.49541129171848297,0.49541129171848297
0.0,1.1502979397773743,3.671643376350403,0.00724666309542954,0.0,2637.0,normal,0.5975862741470337,0.5975862741470337
0.0,1.0463007092475891,1.5805229544639587,0.007246638415381312,0.0,2638.0,normal,0.3676747679710388,0.3676747679710388
0.0,1.109893262386322,1.0755635499954224,0.007246603490784764,0.0,2639.0,normal,0.32989734411239624,0.32989734411239624
0.0,1.0071768909692764,4.366168737411499,0.0072466046549379826,0.0,2640.0,normal,0.638414591550827,0.638414591550827
0.0,1.131830245256424,1.1992074251174927,0.007246611174196005,0.0,2641.0,normal,0.3466491252183914,0.3466491252183914
0.0,1.1281092762947083,0.9299040734767914,0.0072465946432203054,0.0,2642.0,normal,0.3189745917916298,0.3189745917916298
0.0,1.1400233507156372,0.5147977769374847,0.0072465946432203054,0.0,2643.0,normal,0.27984679490327835,0.27984679490327835
0.0,1.0838107764720917,0.534956082701683,0.007246614200994372,0.0,2644.0,normal,0.27062010765075684,0.27062010765075684
0.0,1.0949321389198303,0.8668763637542725,0.007246609544381499,0.0,2645.0,normal,0.30603640526533127,0.30603640526533127
0.0,1.120309829711914,0.6054320931434631,0.007246608613058925,0.0,2646.0,normal,0.28496750444173813,0.28496750444173813
0.0,1.3303968906402588,1.4726728200912476,0.007246616063639522,0.0,2647.0,normal,0.41370901465415955,0.41370901465415955
0.0,1.056787982583046,1.0009629279375076,0.00724659813567996,0.0,2648.0,normal,0.3118162229657173,0.3118162229657173
0.0,1.2813506722450256,1.0702033638954163,0.007246603257954121,0.0,2649.0,normal,0.3636528253555298,0.3636528253555298
0.0,1.237105906009674,1.3820778727531433,0.007246592082083225,0.0,2650.0,normal,0.38599132001399994,0.38599132001399994
0.0,1.3849543333053589,0.8708613514900208,0.007246591616421938,0.0,2651.0,normal,0.36443935334682465,0.36443935334682465
0.0,1.2195530086755753,0.808700293302536,0.00724658346734941,0.0,2652.0,normal,0.3251429721713066,0.3251429721713066
0.0,1.0580174922943115,2.0826922059059143,0.007246584631502628,0.0,2653.0,normal,0.4202350676059723,0.4202350676059723
0.0,1.08284193277359,2.8041383624076843,0.007246572989970446,0.0,2654.0,normal,0.49734456837177277,0.49734456837177277
0.0,1.1014822721481323,1.5320850610733032,0.007246585562825203,0.0,2655.0,normal,0.37386730313301086,0.37386730313301086
0.0,1.1928432285785675,3.9215824604034424,0.0072465750854462385,0.0,2656.0,normal,0.6310892403125763,0.6310892403125763
0.0,1.1403374671936035,2.413665533065796,0.007246571127325296,0.0,2657.0,normal,0.46979640424251556,0.46979640424251556
0.0,1.1615790724754333,1.830832839012146,0.007246580673381686,0.0,2658.0,normal,0.41576144099235535,0.41576144099235535
0.0,1.11627659201622,1.9242709875106812,0.0072465871926397085,0.0,2659.0,normal,0.41604477167129517,0.41604477167129517
0.0,1.1293632984161377,0.8347155749797821,0.0072465750854462385,0.0,2660.0,normal,0.30970655381679535,0.30970655381679535
0.0,1.0821694135665894,2.644792318344116,0.0072465704288333654,0.0,2661.0,normal,0.48127543926239014,0.48127543926239014
0.0,1.0334467887878418,4.815757632255554,0.007246555062010884,0.0,2662.0,normal,0.6886274218559265,0.6886274218559265
0.0,1.0418689846992493,2.7318001985549927,0.007246551103889942,0.0,2663.0,normal,0.4819161593914032,0.4819161593914032
0.0,1.0587174892425537,7.0879528522491455,0.007246565306559205,0.0,2664.0,normal,0.9209011495113373,0.9209011495113373
0.0,1.2005700469017029,2.697725385427475,0.00724656181409955,0.0,2665.0,normal,0.5102488845586777,0.5102488845586777
0.0,1.0948227047920227,1.9279515743255615,0.007246568100526929,0.0,2666.0,normal,0.41212204098701477,0.41212204098701477
0.0,1.138322353363037,2.9431318640708923,0.007246579276397824,0.0,2667.0,normal,0.5223399847745895,0.5223399847745895
0.0,1.3821272253990173,6.777172565460205,0.007246589753776789,0.0,2668.0,normal,0.954505056142807,0.954505056142807
0.0,1.0605074167251587,3.4483874440193176,0.007246602326631546,0.0,2669.0,normal,0.5573025792837143,0.5573025792837143
0.0,1.1109269261360168,1.9690884351730347,0.007246582303196192,0.0,2670.0,normal,0.4194565713405609,0.4194565713405609
0.0,1.1413641273975372,4.263450622558594,0.0072465683333575726,0.0,2671.0,normal,0.6549802124500275,0.6549802124500275
0.0,1.0921792089939117,3.565633088350296,0.007246584631502628,0.0,2672.0,normal,0.575361467897892,0.575361467897892
0.0,1.101975679397583,2.660541296005249,0.007246579509228468,0.0,2673.0,normal,0.48681163042783737,0.48681163042783737
0.0,0.9947645366191864,3.664296507835388,0.007246567634865642,0.0,2674.0,normal,0.5657449066638947,0.5657449066638947
0.0,1.1275333166122437,5.169028043746948,0.0072465704288333654,0.0,2675.0,normal,0.7427718043327332,0.7427718043327332
0.0,1.0878991484642029,2.4413645267486572,0.007246586726978421,0.0,2676.0,normal,0.46207863092422485,0.46207863092422485
0.0,1.2518539428710938,2.0614657402038574,0.007246596971526742,0.0,2677.0,normal,0.45687970519065857,0.45687970519065857
0.0,1.2223687767982483,1.5269526839256287,0.007246591616421938,0.0,2678.0,normal,0.3975313752889633,0.3975313752889633
0.0,1.2499106526374817,1.0560884177684784,0.007246591849252582,0.0,2679.0,normal,0.35595332086086273,0.35595332086086273
0.0,1.0541155338287354,1.7740350365638733,0.007246567169204354,0.0,2680.0,normal,0.38858896493911743,0.38858896493911743
0.0,1.0678072571754456,1.155906319618225,0.007246552035212517,0.0,2681.0,normal,0.32951442897319794,0.32951442897319794
0.0,1.0874044299125671,1.4541977122426033,0.007246553665027022,0.0,2682.0,normal,0.36326299607753754,0.36326299607753754
0.0,1.121431440114975,1.7799882590770721,0.007246547145769,0.0,2683.0,normal,0.4026474505662918,0.4026474505662918
0.0,1.140193521976471,4.47017240524292,0.007246578810736537,0.0,2684.0,normal,0.6754183024168015,0.6754183024168015
0.0,1.083297461271286,7.3046674728393555,0.007246576016768813,0.0,2685.0,normal,0.9474885761737823,0.9474885761737823
0.0,1.097756028175354,4.215885162353516,0.007246574619784951,0.0,2686.0,normal,0.6415020674467087,0.6415020674467087
0.0,1.0311189889907837,7.584603488445282,0.007246601162478328,0.0,2687.0,normal,0.9650465101003647,0.9650465101003647
0.0,1.1246775090694427,10.671964645385742,0.007246596738696098,0.0,2688.0,normal,1.2924942374229431,1.2924942374229431
0.0,1.0562624633312225,7.741320431232452,0.007246572524309158,0.0,2689.0,normal,0.9857468456029892,0.9857468456029892
0.0,1.2390545904636383,7.741052210330963,0.007246591150760651,0.0,2690.0,normal,1.0222784578800201,1.0222784578800201
0.0,1.054127186536789,4.429760694503784,0.007246560417115688,0.0,2691.0,normal,0.6541638374328613,0.6541638374328613
0.0,1.2528039813041687,8.650628924369812,0.007246554829180241,0.0,2692.0,normal,1.1159860491752625,1.1159860491752625
0.0,1.4467548429965973,6.830737859010696,0.007246589986607432,0.0,2693.0,normal,0.9727870672941208,0.9727870672941208
0.0,1.3232356309890747,4.095497965812683,0.007246549939736724,0.0,2694.0,normal,0.6745592951774597,0.6745592951774597
0.0,1.3729362487792969,5.213076949119568,0.0072465508710592985,0.0,2695.0,normal,0.7962572574615479,0.7962572574615479
0.0,1.3291673362255096,3.8898288011550903,0.007246552500873804,0.0,2696.0,normal,0.6551786959171295,0.6551786959171295
0.0,1.4178777933120728,11.151452779769897,0.007246560417115688,0.0,2697.0,normal,1.3990831077098846,1.3990831077098846
0.0,1.2850380539894104,11.237330913543701,0.007246557157486677,0.0,2698.0,normal,1.3811030387878418,1.3811030387878418
0.0,1.1702300310134888,4.535975694656372,0.007246547844260931,0.0,2699.0,normal,0.6880059242248535,0.6880059242248535
0.0,1.3977459371089935,6.935375332832336,0.007246594410389662,0.0,2700.0,normal,0.9734490215778351,0.9734490215778351
0.0,1.0273135900497437,11.191354751586914,0.007246580673381686,0.0,2701.0,normal,1.324960470199585,1.324960470199585
0.0,1.2711947560310364,5.341410368680954,0.0072465387638658285,0.0,2702.0,normal,0.7887422740459442,0.7887422740459442
0.0,1.0560546517372131,3.9795461893081665,0.00724658090621233,0.0,2703.0,normal,0.6095279008150101,0.6095279008150101
0.0,1.0676699876785278,7.098041415214539,0.007246546680107713,0.0,2704.0,normal,0.9237004816532135,0.9237004816532135
0.0,1.1214806139469147,7.65523099899292,0.007246541325002909,0.0,2705.0,normal,0.9901815950870514,0.9901815950870514
0.0,1.1710212230682373,5.01668393611908,0.007246559485793114,0.0,2706.0,normal,0.7362349629402161,0.7362349629402161
0.0,1.2117393910884857,3.38623309135437,0.007246566005051136,0.0,2707.0,normal,0.5813335329294205,0.5813335329294205
0.0,1.0902371406555176,3.850739359855652,0.007246540859341621,0.0,2708.0,normal,0.6034836918115616,0.6034836918115616
0.0,1.2082086205482483,4.649313569068909,0.007246558787301183,0.0,2709.0,normal,0.706935465335846,0.706935465335846
0.0,1.0858938694000244,3.954482853412628,0.007246550405398011,0.0,2710.0,normal,0.6129893958568573,0.6129893958568573
0.0,1.0875183641910553,6.126931294798851,0.007246521068736911,0.0,2711.0,normal,0.8305591270327568,0.8305591270327568
0.0,1.0805747509002686,7.107294082641602,0.0072465380653738976,0.0,2712.0,normal,0.9272067248821259,0.9272067248821259
0.0,1.2248294353485107,6.102585315704346,0.007246530847623944,0.0,2713.0,normal,0.8555867075920105,0.8555867075920105
0.0,1.0302374958992004,5.332598984241486,0.0072465213015675545,0.0,2714.0,normal,0.7396697252988815,0.7396697252988815
0.0,1.1983399391174316,2.7024954557418823,0.00724652037024498,0.0,2715.0,normal,0.5102798789739609,0.5102798789739609
0.0,1.0159486532211304,1.9299350678920746,0.007246500113978982,0.0,2716.0,normal,0.3965455964207649,0.3965455964207649
0.0,1.06281378865242,3.625265598297119,0.0072465077973902225,0.0,2717.0,normal,0.5754516869783401,0.5754516869783401
0.0,1.1155358254909515,1.3263330459594727,0.007246516877785325,0.0,2718.0,normal,0.3561028093099594,0.3561028093099594
0.0,1.1430540680885315,1.3575647473335266,0.007246502209454775,0.0,2719.0,normal,0.3647296130657196,0.3647296130657196
0.0,1.2175515294075012,1.9392500817775726,0.007246522465720773,0.0,2720.0,normal,0.4377976655960083,0.4377976655960083
0.0,1.0974089205265045,1.145952194929123,0.007246511289849877,0.0,2721.0,normal,0.33443933725357056,0.33443933725357056
0.0,1.1310095191001892,0.7281666398048401,0.007246505236253142,0.0,2722.0,normal,0.29938090592622757,0.29938090592622757
0.0,1.0787535309791565,1.5687608122825623,0.0072464963886886835,0.0,2723.0,normal,0.37298913300037384,0.37298913300037384
0.0,1.0689167082309723,0.7327082455158234,0.007246482884511352,0.0,2724.0,normal,0.287416510283947,0.287416510283947
0.0,1.092632681131363,0.8850437700748444,0.007246488705277443,0.0,2725.0,normal,0.30739326030015945,0.30739326030015945
0.0,1.0377119779586792,0.7502866089344025,0.007246495457366109,0.0,2726.0,normal,0.2829333767294884,0.2829333767294884
0.0,1.0600404739379883,4.026305317878723,0.00724649871699512,0.0,2727.0,normal,0.6150009632110596,0.6150009632110596
0.0,1.093339592218399,1.7831373363733292,0.0072465031407773495,0.0,2728.0,normal,0.3973440080881119,0.3973440080881119
0.0,1.1434783935546875,1.317621260881424,0.007246486144140363,0.0,2729.0,normal,0.36082014441490173,0.36082014441490173
0.0,1.03065225481987,1.6746982336044312,0.007246488938108087,0.0,2730.0,normal,0.3739626184105873,0.3739626184105873
0.0,1.11166512966156,0.6517828702926636,0.007246492430567741,0.0,2731.0,normal,0.28787364810705185,0.28787364810705185
0.0,1.077180027961731,0.6773976981639862,0.007246488472446799,0.0,2732.0,normal,0.2835381180047989,0.2835381180047989
0.0,1.01849964261055,1.2720560431480408,0.0072464782278984785,0.0,2733.0,normal,0.3312678560614586,0.3312678560614586
0.0,1.0276649296283722,0.9442498683929443,0.007246474269777536,0.0,2734.0,normal,0.3003203049302101,0.3003203049302101
0.0,1.015774890780449,1.2734643071889877,0.007246473804116249,0.0,2735.0,normal,0.33086372539401054,0.33086372539401054
0.0,1.2255768179893494,1.8777588605880737,0.007246469845995307,0.0,2736.0,normal,0.43325357139110565,0.43325357139110565
0.0,1.1036981046199799,0.9080731272697449,0.00724648148752749,0.0,2737.0,normal,0.3119092509150505,0.3119092509150505
0.0,1.0718262791633606,0.8784702718257904,0.007246482884511352,0.0,2738.0,normal,0.30257462710142136,0.30257462710142136
0.0,1.1205139607191086,1.248171716928482,0.007246481254696846,0.0,2739.0,normal,0.34928230941295624,0.34928230941295624
0.0,1.0444469451904297,3.3750401735305786,0.007246488239616156,0.0,2740.0,normal,0.5467557311058044,0.5467557311058044
0.0,1.0349511355161667,1.5035113468766212,0.0072464910335838795,0.0,2741.0,normal,0.35770371556282043,0.35770371556282043
0.0,1.0580902099609375,1.4657025635242462,0.007246464490890503,0.0,2742.0,normal,0.35855062305927277,0.35855062305927277
0.0,1.097873032093048,3.556661367416382,0.00724648917093873,0.0,2743.0,normal,0.5756030678749084,0.5756030678749084
0.0,1.0829031765460968,1.5662800669670105,0.0072464721743017435,0.0,2744.0,normal,0.3735709860920906,0.3735709860920906
0.0,1.058033972978592,1.3588258773088455,0.00724645983427763,0.0,2745.0,normal,0.3478517271578312,0.3478517271578312
0.0,1.0321077406406403,1.0543164908885956,0.007246484514325857,0.0,2746.0,normal,0.31221554428339005,0.31221554428339005
0.0,1.082814246416092,0.531890869140625,0.007246442837640643,0.0,2747.0,normal,0.2701142504811287,0.2701142504811287
0.0,1.0832687020301819,0.5402742326259613,0.007246447494253516,0.0,2748.0,normal,0.27104349434375763,0.27104349434375763
0.0,1.105846107006073,0.5037251114845276,0.007246436784043908,0.0,2749.0,normal,0.2719040513038635,0.2719040513038635
0.0,1.0438717007637024,0.731161504983902,0.007246441673487425,0.0,2750.0,normal,0.28225282579660416,0.28225282579660416
0.0,1.1932844519615173,0.9683414399623871,0.007246454246342182,0.0,2751.0,normal,0.33585335314273834,0.33585335314273834
0.0,0.9717337489128113,1.2882517874240875,0.007246444700285792,0.0,2752.0,normal,0.3235342651605606,0.3235342651605606
0.0,1.145645797252655,1.1107277870178223,0.007246450521051884,0.0,2753.0,normal,0.3405642807483673,0.3405642807483673
0.0,0.999578982591629,0.743249922990799,0.007246451685205102,0.0,2754.0,normal,0.27460312843322754,0.27460312843322754
0.0,1.1717944145202637,0.9404897689819336,0.007246465887874365,0.0,2755.0,normal,0.32877017557621,0.32877017557621
0.0,1.1099070310592651,0.6639293730258942,0.007246500579640269,0.0,2756.0,normal,0.2887366786599159,0.2887366786599159
0.0,1.0092827677726746,0.663254052400589,0.007246462628245354,0.0,2757.0,normal,0.2685442939400673,0.2685442939400673
0.0,1.094772219657898,0.377368301153183,0.00724645727314055,0.0,2758.0,normal,0.25705359131097794,0.25705359131097794
0.0,1.2286274433135986,0.6269437968730927,0.00724645284935832,0.0,2759.0,normal,0.3087821900844574,0.3087821900844574
0.0,0.989438384771347,0.49914370477199554,0.007246441440656781,0.0,2760.0,normal,0.24816439300775528,0.24816439300775528
0.0,1.123927354812622,0.40151743590831757,0.007246450753882527,0.0,2761.0,normal,0.265299528837204,0.265299528837204
0.0,1.023977518081665,0.37483760714530945,0.007246432825922966,0.0,2762.0,normal,0.24264157563447952,0.24264157563447952
0.0,1.0123429596424103,0.3586225211620331,0.007246433757245541,0.0,2763.0,normal,0.23869317024946213,0.23869317024946213
0.0,1.0817514806985855,0.33827075362205505,0.007246452616527677,0.0,2764.0,normal,0.25053970515727997,0.25053970515727997
0.0,0.9976888597011566,0.5632479786872864,0.007246425841003656,0.0,2765.0,normal,0.2562248930335045,0.2562248930335045
0.0,1.024810254573822,0.4690936505794525,0.007246414199471474,0.0,2766.0,normal,0.25223374366760254,0.25223374366760254
0.0,1.1579470038414001,0.3913286104798317,0.007246408145874739,0.0,2767.0,normal,0.27108458429574966,0.27108458429574966
0.0,0.9989229440689087,0.5068295747041702,0.007246403954923153,0.0,2768.0,normal,0.25082986056804657,0.25082986056804657
0.0,0.998438149690628,0.6961201727390289,0.007246397668495774,0.0,2769.0,normal,0.26966195553541183,0.26966195553541183
0.0,1.0419686138629913,0.3440493121743202,0.00724640698172152,0.0,2770.0,normal,0.24316096305847168,0.24316096305847168
0.0,1.0339155793190002,0.3719532787799835,0.007246393011882901,0.0,2771.0,normal,0.24434076249599457,0.24434076249599457
0.0,1.076130747795105,0.39529887586832047,0.007246383465826511,0.0,2772.0,normal,0.25511837005615234,0.25511837005615234
0.0,0.9978652596473694,0.8015451431274414,0.007246414897963405,0.0,2773.0,normal,0.2800898924469948,0.2800898924469948
0.0,1.120206743478775,1.0783780217170715,0.007246380439028144,0.0,2774.0,normal,0.3322414755821228,0.3322414755821228
0.0,1.2006017565727234,0.8998147547245026,0.007246427703648806,0.0,2775.0,normal,0.3304641544818878,0.3304641544818878
0.0,1.0781000256538391,2.532767415046692,0.007246471242979169,0.0,2776.0,normal,0.469259113073349,0.469259113073349
0.0,1.1848157942295074,1.2792869806289673,0.007246412569656968,0.0,2777.0,normal,0.3652541935443878,0.3652541935443878
0.0,1.084490716457367,0.6125078499317169,0.007246439112350345,0.0,2778.0,normal,0.27851124852895737,0.27851124852895737
0.0,1.1572979390621185,0.5206722766160965,0.0072464116383343935,0.0,2779.0,normal,0.28388912975788116,0.28388912975788116
0.0,1.0674097388982773,0.5271392166614532,0.0072464304976165295,0.0,2780.0,normal,0.2665581926703453,0.2665581926703453
0.0,1.1449773907661438,0.9372446835041046,0.007246418157592416,0.0,2781.0,normal,0.3230822831392288,0.3230822831392288
0.0,1.1121963262557983,0.4536202400922775,0.007246550405398011,0.0,2782.0,normal,0.26816363632678986,0.26816363632678986
0.0,0.9995464533567429,0.39424705505371094,0.007246410707011819,0.0,2783.0,normal,0.23969633504748344,0.23969633504748344
0.0,1.0453625619411469,1.3670518100261688,0.0072463995311409235,0.0,2784.0,normal,0.3461400121450424,0.3461400121450424
0.0,1.1009401082992554,0.7304873168468475,0.007246421882882714,0.0,2785.0,normal,0.29359907656908035,0.29359907656908035
0.0,1.035004049539566,1.9284590482711792,0.0072463867254555225,0.0,2786.0,normal,0.4002090394496918,0.4002090394496918
0.0,1.0834183394908905,1.1130840927362442,0.007246386026963592,0.0,2787.0,normal,0.3283544182777405,0.3283544182777405
0.0,1.1028682589530945,1.0388779640197754,0.007246376248076558,0.0,2788.0,normal,0.3248237818479538,0.3248237818479538
0.0,1.0718668103218079,0.5056560337543488,0.007246363675221801,0.0,2789.0,normal,0.26530129462480545,0.26530129462480545
0.0,1.0966577529907227,1.3092110455036163,0.007246369030326605,0.0,2790.0,normal,0.3506149873137474,0.3506149873137474
0.0,1.0076861679553986,0.7793440520763397,0.007246360182762146,0.0,2791.0,normal,0.27983396500349045,0.27983396500349045
0.0,1.020201176404953,2.0868828296661377,0.007246335502713919,0.0,2792.0,normal,0.4130908399820328,0.4130908399820328
0.0,0.9981351792812347,1.3346578478813171,0.00724635343067348,0.0,2793.0,normal,0.3334551379084587,0.3334551379084587
0.0,1.079139083623886,1.0570517629384995,0.007246339460834861,0.0,2794.0,normal,0.3218953087925911,0.3218953087925911
0.0,1.0120878517627716,2.1740492582321167,0.007246345980092883,0.0,2795.0,normal,0.42018482089042664,0.42018482089042664
0.0,1.0386653244495392,1.526033878326416,0.007246395340189338,0.0,2796.0,normal,0.36069877445697784,0.36069877445697784
0.0,1.2215957641601562,2.9761218428611755,0.007246329681947827,0.0,2797.0,normal,0.5422936528921127,0.5422936528921127
0.0,0.9640484154224396,3.29759019613266,0.0072463753167539835,0.0,2798.0,normal,0.5229310393333435,0.5229310393333435
0.0,1.1252173781394958,1.4101949334144592,0.007246401393786073,0.0,2799.0,normal,0.3664253056049347,0.3664253056049347
0.0,1.090918779373169,3.1118215918540955,0.007246457738801837,0.0,2800.0,normal,0.5297282636165619,0.5297282636165619
0.0,1.0318970680236816,2.090772271156311,0.00724637252278626,0.0,2801.0,normal,0.4158189743757248,0.4158189743757248
0.0,1.0432564318180084,1.0027543008327484,0.007246403954923153,0.0,2802.0,normal,0.30928902328014374,0.30928902328014374
0.0,1.0624284148216248,1.6429643630981445,0.007246336434036493,0.0,2803.0,normal,0.3771444410085678,0.3771444410085678
0.0,1.044788897037506,1.3885665386915207,0.007246364606544375,0.0,2804.0,normal,0.3481767550110817,0.3481767550110817
0.0,1.0468915104866028,1.6346371918916702,0.007246334804221988,0.0,2805.0,normal,0.3732043355703354,0.3732043355703354
0.0,1.0686106979846954,2.2941019535064697,0.007246308261528611,0.0,2806.0,normal,0.44349466264247894,0.44349466264247894
0.0,1.1183571517467499,4.426254153251648,0.0072463329415768385,0.0,2807.0,normal,0.6666592061519623,0.6666592061519623
0.0,1.1378562450408936,2.0057998299598694,0.007246386492624879,0.0,2808.0,normal,0.4285135418176651,0.4285135418176651
0.0,1.1711518168449402,3.222319483757019,0.007246347842738032,0.0,2809.0,normal,0.556824654340744,0.556824654340744
0.0,1.1000251173973083,1.2700626850128174,0.007246330380439758,0.0,2810.0,normal,0.3473736196756363,0.3473736196756363
0.0,1.0322272181510925,0.9701186716556549,0.007246432593092322,0.0,2811.0,normal,0.3038196265697479,0.3038196265697479
0.0,1.0586468577384949,1.670488566160202,0.007246348774060607,0.0,2812.0,normal,0.37914057821035385,0.37914057821035385
0.0,1.0138822942972183,3.1208439469337463,0.007246378343552351,0.0,2813.0,normal,0.5152232125401497,0.5152232125401497
0.0,0.9883207082748413,2.1953814327716827,0.007246349239721894,0.0,2814.0,normal,0.41756462305784225,0.41756462305784225
0.0,1.029524952173233,1.2984372973442078,0.007246302906423807,0.0,2815.0,normal,0.33611105382442474,0.33611105382442474
0.0,1.0154626965522766,0.6586271524429321,0.007246285676956177,0.0,2816.0,normal,0.2693175822496414,0.2693175822496414
0.0,1.0033595263957977,0.5246212407946587,0.007246292196214199,0.0,2817.0,normal,0.25349635630846024,0.25349635630846024
0.0,1.1064521968364716,1.337540179491043,0.007246364839375019,0.0,2818.0,normal,0.355406790971756,0.355406790971756
0.0,1.0219894647598267,1.745917558670044,0.007246422348544002,0.0,2819.0,normal,0.37935198843479156,0.37935198843479156
0.0,1.192600429058075,1.1808529496192932,0.007246355060487986,0.0,2820.0,normal,0.3569677099585533,0.3569677099585533
0.0,1.101300835609436,2.0996571481227875,0.007246346678584814,0.0,2821.0,normal,0.4305882155895233,0.4305882155895233
0.0,1.094496712088585,4.77174699306488,0.007246307097375393,0.0,2822.0,normal,0.6964363753795624,0.6964363753795624
0.0,1.0514947175979614,1.5042076408863068,0.0072462966199964285,0.0,2823.0,normal,0.3610820546746254,0.3610820546746254
0.0,1.0442860126495361,1.6898878812789917,0.007246268214657903,0.0,2824.0,normal,0.37820832431316376,0.37820832431316376
0.0,1.0317688882350922,1.8532821536064148,0.007246233755722642,0.0,2825.0,normal,0.3920443058013916,0.3920443058013916
0.0,1.0987426340579987,1.1031222939491272,0.007246306398883462,0.0,2826.0,normal,0.3304230719804764,0.3304230719804764
0.0,1.0627423226833344,2.231607288122177,0.007246270775794983,0.0,2827.0,normal,0.436071515083313,0.436071515083313
0.0,1.0311809182167053,3.7809354066848755,0.0072461937088519335,0.0,2828.0,normal,0.5846920758485794,0.5846920758485794
0.0,1.0748327374458313,2.2264301776885986,0.0072463050018996,0.0,2829.0,normal,0.4379718750715256,0.4379718750715256
0.0,1.152753472328186,6.512743949890137,0.007246434222906828,0.0,2830.0,normal,0.8821873962879181,0.8821873962879181
0.0,1.040021076798439,3.6279242634773254,0.007246293826028705,0.0,2831.0,normal,0.5711590051651001,0.5711590051651001
0.0,1.0200026631355286,1.6092509031295776,0.007246332010254264,0.0,2832.0,normal,0.3652879595756531,0.3652879595756531
0.0,0.9624218344688416,3.871139407157898,0.007246296387165785,0.0,2833.0,normal,0.5799606144428253,0.5799606144428253
0.0,1.214377522468567,2.2112413346767426,0.007246305467560887,0.0,2834.0,normal,0.4643619805574417,0.4643619805574417
0.0,1.064631164073944,1.6683829724788666,0.0072462777607142925,0.0,2835.0,normal,0.38012683391571045,0.38012683391571045
0.0,1.101214051246643,0.8302714824676514,0.007246395107358694,0.0,2836.0,normal,0.30363228917121887,0.30363228917121887
0.0,1.0912952423095703,1.555977612733841,0.007246622117236257,0.0,2837.0,normal,0.37421914935112,0.37421914935112
0.0,0.9848158359527588,1.4753828048706055,0.007246530847623944,0.0,2838.0,normal,0.34486377984285355,0.34486377984285355
0.0,1.246239721775055,4.061497688293457,0.00724643305875361,0.0,2839.0,normal,0.6557600498199463,0.6557600498199463
0.0,1.205005705356598,3.055619478225708,0.007246479392051697,0.0,2840.0,normal,0.5469254553318024,0.5469254553318024
0.0,1.0524271577596664,1.1787483096122742,0.0072464365512132645,0.0,2841.0,normal,0.3287225812673569,0.3287225812673569
0.0,1.1919227540493011,1.277718111872673,0.007246347377076745,0.0,2842.0,normal,0.36651869118213654,0.36651869118213654
0.0,0.9564226567745209,1.1624282002449036,0.00724629801698029,0.0,2843.0,normal,0.3078896701335907,0.3078896701335907
0.0,1.190794825553894,0.6322323381900787,0.0072464782278984785,0.0,2844.0,normal,0.3017445430159569,0.3017445430159569
0.0,1.040023297071457,0.5976803302764893,0.007246212800964713,0.0,2845.0,normal,0.2681349962949753,0.2681349962949753
0.0,1.0882979035377502,1.3337148427963257,0.007246261928230524,0.0,2846.0,normal,0.351393386721611,0.351393386721611
0.0,1.0593805015087128,1.342111736536026,0.0072462104726582766,0.0,2847.0,normal,0.3464495986700058,0.3464495986700058
0.0,1.0433305203914642,0.9229588210582733,0.007246148074045777,0.0,2848.0,normal,0.3013243079185486,0.3013243079185486
0.0,1.2237176299095154,1.8958942294120789,0.0072462044190615416,0.0,2849.0,normal,0.4346952736377716,0.4346952736377716
0.0,1.150882065296173,1.3797045350074768,0.007246179506182671,0.0,2850.0,normal,0.3685091733932495,0.3685091733932495
0.0,1.1679673194885254,0.9171036779880524,0.0072461203671991825,0.0,2851.0,normal,0.3256661370396614,0.3256661370396614
0.0,1.1871752738952637,2.041265070438385,0.007246281951665878,0.0,2852.0,normal,0.4419238716363907,0.4419238716363907
0.0,1.1179453432559967,0.858942061662674,0.007246130611747503,0.0,2853.0,normal,0.30984558165073395,0.30984558165073395
0.0,1.1423232853412628,3.08596533536911,0.007246375549584627,0.0,2854.0,normal,0.5374235138297081,0.5374235138297081
0.0,1.0153826773166656,4.894168198108673,0.007246203254908323,0.0,2855.0,normal,0.6928556710481644,0.6928556710481644
0.0,1.1397263705730438,5.629599571228027,0.007246220950037241,0.0,2856.0,normal,0.7912675738334656,0.7912675738334656
0.0,1.0189113318920135,2.765614405274391,0.007246097084134817,0.0,2857.0,normal,0.4807060435414314,0.4807060435414314
0.0,1.0518060624599457,5.6868802309036255,0.007246240973472595,0.0,2858.0,normal,0.7794115841388702,0.7794115841388702
0.0,1.0628457069396973,1.9980655014514923,0.007246100576594472,0.0,2859.0,normal,0.41273799538612366,0.41273799538612366
0.0,1.127553015947342,1.617155909538269,0.0072461271192878485,0.0,2860.0,normal,0.3875885009765625,0.3875885009765625
0.0,1.0421337485313416,0.9030407965183258,0.00724614248611033,0.0,2861.0,normal,0.2990931272506714,0.2990931272506714
0.0,1.067083865404129,1.100850224494934,0.007246221648529172,0.0,2862.0,normal,0.3238641023635864,0.3238641023635864
0.0,0.9842386543750763,1.5184911787509918,0.007246538531035185,0.0,2863.0,normal,0.34905918687582016,0.34905918687582016
0.0,1.0080647468566895,2.567471742630005,0.007246042136102915,0.0,2864.0,normal,0.45872244238853455,0.45872244238853455
0.0,0.9658105969429016,0.7631353437900543,0.007246382534503937,0.0,2865.0,normal,0.26983798295259476,0.26983798295259476
0.0,0.9705271422863007,0.899784117937088,0.007246399996802211,0.0,2866.0,normal,0.2844461649656296,0.2844461649656296
0.0,1.036817491054535,0.5714705586433411,0.0072461627423763275,0.0,2867.0,normal,0.26487285643815994,0.26487285643815994
0.0,0.9962714612483978,0.5697614997625351,0.007246244698762894,0.0,2868.0,normal,0.256592757999897,0.256592757999897
0.0,0.9941965341567993,0.7121772617101669,0.00724605075083673,0.0,2869.0,normal,0.2704193517565727,0.2704193517565727
0.0,0.9816164970397949,0.9087406992912292,0.007246226305142045,0.0,2870.0,normal,0.2875596880912781,0.2875596880912781
0.0,1.0079841315746307,0.3607965484261513,0.007246128283441067,0.0,2871.0,normal,0.2380387783050537,0.2380387783050537
0.0,1.0305746793746948,1.8859055638313293,0.007246083812788129,0.0,2872.0,normal,0.3950677812099457,0.3950677812099457
0.0,1.00065478682518,0.8049030303955078,0.007246353896334767,0.0,2873.0,normal,0.2809835821390152,0.2809835821390152
0.0,1.1890811324119568,0.8247541189193726,0.007246766239404678,0.0,2874.0,normal,0.3206539824604988,0.3206539824604988
0.0,1.088136374950409,2.7641879320144653,0.007246214896440506,0.0,2875.0,normal,0.49440835416316986,0.49440835416316986
0.0,1.0559298396110535,1.1470600366592407,0.007247511064633727,0.0,2876.0,normal,0.32625435292720795,0.32625435292720795
0.0,1.0114285051822662,4.911206007003784,0.007246440276503563,0.0,2877.0,normal,0.6937686204910278,0.6937686204910278
0.0,1.051657497882843,1.9710908979177475,0.0072464230470359325,0.0,2878.0,normal,0.407802939414978,0.407802939414978
0.0,1.1272276043891907,1.9259260296821594,0.007246273336932063,0.0,2879.0,normal,0.41840043663978577,0.41840043663978577
0.0,1.0084582567214966,6.942553281784058,0.007246725959703326,0.0,2880.0,normal,0.8963092863559723,0.8963092863559723
0.0,1.0697828829288483,2.001472979784012,0.007246552500873804,0.0,2881.0,normal,0.4144662022590637,0.4144662022590637
0.0,1.0782902240753174,2.977421462535858,0.007246553199365735,0.0,2882.0,normal,0.5137625336647034,0.5137625336647034
0.0,0.9881169497966766,1.328930139541626,0.007246344583109021,0.0,2883.0,normal,0.33087871968746185,0.33087871968746185
0.0,0.992013692855835,0.9974558353424072,0.007246171357110143,0.0,2884.0,normal,0.2985106408596039,0.2985106408596039
0.0,1.017245814204216,0.7818776965141296,0.00724641396664083,0.0,2885.0,normal,0.28199925273656845,0.28199925273656845
0.0,1.1755496263504028,0.7556633055210114,0.007246206747367978,0.0,2886.0,normal,0.3110385537147522,0.3110385537147522
0.0,1.0263797342777252,0.8389579355716705,0.007246456341817975,0.0,2887.0,normal,0.2895340844988823,0.2895340844988823
0.0,0.9402366280555725,1.6771811246871948,0.007246203487738967,0.0,2888.0,normal,0.3561277538537979,0.3561277538537979
0.0,1.0208456218242645,1.8787958174943924,0.0072461015079170465,0.0,2889.0,normal,0.3924110308289528,0.3924110308289528
0.0,1.0342495143413544,3.2653679847717285,0.0072461378294974566,0.0,2890.0,normal,0.5337490290403366,0.5337490290403366
0.0,1.054647833108902,5.49625563621521,0.007246203953400254,0.0,2891.0,normal,0.7609174698591232,0.7609174698591232
0.0,1.0417112112045288,5.513579428195953,0.007246104069054127,0.0,2892.0,normal,0.7600625306367874,0.7600625306367874
0.0,1.0568742752075195,7.801377534866333,0.007246069377288222,0.0,2893.0,normal,0.9918749332427979,0.9918749332427979
0.0,1.0513284802436829,2.9942197799682617,0.007246157620102167,0.0,2894.0,normal,0.5100499838590622,0.5100499838590622
0.0,1.083397090435028,4.195001661777496,0.007245992310345173,0.0,2895.0,normal,0.6365419030189514,0.6365419030189514
0.0,1.099348396062851,2.4606693983078003,0.007246067048981786,0.0,2896.0,normal,0.4662989377975464,0.4662989377975464
0.0,0.9889719039201736,3.2296151518821716,0.007246021647006273,0.0,2897.0,normal,0.5211181938648224,0.5211181938648224
0.0,0.9925532639026642,2.2839516401290894,0.007246006513014436,0.0,2898.0,normal,0.4272681176662445,0.4272681176662445
0.0,1.2134974002838135,9.765662670135498,0.007245934102684259,0.0,2899.0,normal,1.2196280658245087,1.2196280658245087
0.0,0.985429584980011,1.5619807243347168,0.007246003951877356,0.0,2900.0,normal,0.35364627838134766,0.35364627838134766
0.0,1.2082782685756683,0.7279630452394485,0.007245807209983468,0.0,2901.0,normal,0.3148142620921135,0.3148142620921135
0.0,0.9860004186630249,0.47512708604335785,0.007245766930282116,0.0,2902.0,normal,0.24507509171962738,0.24507509171962738
0.0,0.989332377910614,0.9380767941474915,0.007245778106153011,0.0,2903.0,normal,0.2920364588499069,0.2920364588499069
0.0,1.0700611174106598,1.5417486429214478,0.007245636777952313,0.0,2904.0,normal,0.3685493692755699,0.3685493692755699
0.0,0.9699274599552155,5.6438140869140625,0.007245516870170832,0.0,2905.0,normal,0.7587292194366455,0.7587292194366455
0.0,0.9990007877349854,2.246483027935028,0.0072457261849194765,0.0,2906.0,normal,0.4248107671737671,0.4248107671737671
0.0,0.9538767039775848,1.7202950716018677,0.007245819782838225,0.0,2907.0,normal,0.3631671369075775,0.3631671369075775
0.0,1.0132927000522614,4.302330374717712,0.007246933877468109,0.0,2908.0,normal,0.6332539319992065,0.6332539319992065
0.0,1.0396494269371033,0.8331508934497833,0.007246954133734107,0.0,2909.0,normal,0.2916073203086853,0.2916073203086853
0.0,0.9507724046707153,1.8825998306274414,0.007246844004839659,0.0,2910.0,normal,0.37877683341503143,0.37877683341503143
0.0,1.0323214530944824,2.205192506313324,0.007247291272506118,0.0,2911.0,normal,0.4273459017276764,0.4273459017276764
0.0,1.0827887058258057,0.8465797007083893,0.0072480065282434225,0.0,2912.0,normal,0.3015781044960022,0.3015781044960022
0.0,1.0329252779483795,2.05778369307518,0.007254021242260933,0.0,2913.0,normal,0.41272611916065216,0.41272611916065216
0.0,1.1461627185344696,2.0612845718860626,0.007248126203194261,0.0,2914.0,normal,0.4357234239578247,0.4357234239578247
0.0,1.2068584859371185,4.88814377784729,0.007253619376569986,0.0,2915.0,normal,0.7305487394332886,0.7305487394332886
0.0,1.047117829322815,1.3711586743593216,0.007250714581459761,0.0,2916.0,normal,0.3469019830226898,0.3469019830226898
0.0,0.9622564017772675,1.725015938282013,0.007249496644362807,0.0,2917.0,normal,0.36531536281108856,0.36531536281108856
0.0,0.9263460040092468,6.493347883224487,0.00724857347086072,0.0,2918.0,normal,0.8349664509296417,0.8349664509296417
0.0,1.0063438415527344,2.124274581670761,0.00724808475933969,0.0,2919.0,normal,0.4140586405992508,0.4140586405992508
0.0,1.0104656219482422,2.060634136199951,0.007247780682519078,0.0,2920.0,normal,0.4085189402103424,0.4085189402103424
0.0,1.2198598980903625,6.281828880310059,0.0072476237546652555,0.0,2921.0,normal,0.8725172579288483,0.8725172579288483
0.0,1.0804476141929626,8.025103092193604,0.007247480796650052,0.0,2922.0,normal,1.018962249159813,1.018962249159813
0.0,1.0188384056091309,4.9626805782318115,0.007247247267514467,0.0,2923.0,normal,0.7003981024026871,0.7003981024026871
0.0,1.0455004274845123,13.453903436660767,0.0072472861502319574,0.0,2924.0,normal,1.554852843284607,1.554852843284607
0.0,1.046838104724884,12.98488712310791,0.007247105706483126,0.0,2925.0,normal,1.5082187056541443,1.5082187056541443
0.0,0.9750978946685791,8.903094232082367,0.007246861699968576,0.0,2926.0,normal,1.0856913626194,1.0856913626194
0.0,1.1025809049606323,12.502212047576904,0.0072469685692340136,0.0,2927.0,normal,1.4710997939109802,1.4710997939109802
0.0,1.1803061962127686,20.34617519378662,0.0072468777652829885,0.0,2928.0,normal,2.271041125059128,2.271041125059128
0.0,1.0596829652786255,8.41997766494751,0.007246742025017738,0.0,2929.0,normal,1.0542967021465302,1.0542967021465302
0.0,1.1954956948757172,11.90096652507782,0.007246810244396329,0.0,2930.0,normal,1.429558128118515,1.429558128118515
0.0,1.077493578195572,10.618113040924072,0.0072467140853405,0.0,2931.0,normal,1.2776723504066467,1.2776723504066467
0.0,1.0428630709648132,4.309133768081665,0.007246670080348849,0.0,2932.0,normal,0.6398483216762543,0.6398483216762543
0.0,1.117464154958725,8.352835893630981,0.007246623048558831,0.0,2933.0,normal,1.0591387748718262,1.0591387748718262
0.0,1.0083437263965607,8.133452892303467,0.0072466349229216576,0.0,2934.0,normal,1.015376329421997,1.015376329421997
0.0,1.0877240300178528,3.722274422645569,0.007246611872687936,0.0,2935.0,normal,0.5901345908641815,0.5901345908641815
0.0,1.102393388748169,5.056892037391663,0.007246603490784764,0.0,2936.0,normal,0.7265301793813705,0.7265301793813705
0.0,1.1420620381832123,7.216165065765381,0.0072465622797608376,0.0,2937.0,normal,0.9503912925720215,0.9503912925720215
0.0,0.963235467672348,6.274155259132385,0.0072465334087610245,0.0,2938.0,normal,0.8204249441623688,0.8204249441623688
0.0,1.0022451281547546,3.5335865020751953,0.007246518740430474,0.0,2939.0,normal,0.5541700422763824,0.5541700422763824
0.0,0.9867154657840729,5.598510503768921,0.007246480323374271,0.0,2940.0,normal,0.7575564980506897,0.7575564980506897
0.0,1.035637080669403,8.972743034362793,0.007246480556204915,0.0,2941.0,normal,1.104764074087143,1.104764074087143
0.0,0.9599703848361969,2.7053921222686768,0.007246431894600391,0.0,2942.0,normal,0.46289561688899994,0.46289561688899994
0.0,1.012011468410492,2.821783810853958,0.007246477995067835,0.0,2943.0,normal,0.4849429875612259,0.4849429875612259
0.0,1.0544061064720154,5.047302007675171,0.007246377412229776,0.0,2944.0,normal,0.7159737646579742,0.7159737646579742
0.0,1.1004313826560974,6.48484194278717,0.007246358320116997,0.0,2945.0,normal,0.8689327836036682,0.8689327836036682
0.0,1.2231488227844238,7.252187967300415,0.007246595807373524,0.0,2946.0,normal,0.9702108800411224,0.9702108800411224
0.0,0.9289836287498474,2.9878968000411987,0.00724650383926928,0.0,2947.0,normal,0.4849487543106079,0.4849487543106079
0.0,1.0443415939807892,2.128290593624115,0.0072466854471713305,0.0,2948.0,normal,0.42205972969532013,0.42205972969532013
0.0,1.0299967527389526,2.6858667135238647,0.007246454479172826,0.0,2949.0,normal,0.47494837641716003,0.47494837641716003
0.0,0.9812681674957275,5.246376872062683,0.007246474735438824,0.0,2950.0,normal,0.7212536484003067,0.7212536484003067
0.0,0.9480853378772736,6.326493978500366,0.00724644330330193,0.0,2951.0,normal,0.8226288259029388,0.8226288259029388
0.0,0.9507209956645966,1.4425690174102783,0.007246510358527303,0.0,2952.0,normal,0.33476342260837555,0.33476342260837555
0.0,1.178518295288086,1.2334930896759033,0.007247022585943341,0.0,2953.0,normal,0.35941532254219055,0.35941532254219055
0.0,1.159769356250763,2.0145124197006226,0.007246726658195257,0.0,2954.0,normal,0.4337674751877785,0.4337674751877785
0.0,1.0192621648311615,1.4925833940505981,0.007247170200571418,0.0,2955.0,normal,0.35347312688827515,0.35347312688827515
0.0,1.1467381715774536,0.46257324516773224,0.007247241213917732,0.0,2956.0,normal,0.2759673148393631,0.2759673148393631
0.0,0.9900531470775604,2.32267165184021,0.007246827473863959,0.0,2957.0,normal,0.4306401312351227,0.4306401312351227
0.0,1.067504644393921,1.085885763168335,0.007246981142088771,0.0,2958.0,normal,0.3224518522620201,0.3224518522620201
0.0,0.94919154047966,1.4169066846370697,0.0072469343431293964,0.0,2959.0,normal,0.3318913131952286,0.3318913131952286
0.0,1.020932912826538,0.7293688356876373,0.00724687403999269,0.0,2960.0,normal,0.27748581767082214,0.27748581767082214
0.0,1.028284639120102,0.6524202078580856,0.007246927125379443,0.0,2961.0,normal,0.2712613046169281,0.2712613046169281
0.0,0.9728793799877167,0.7209795862436295,0.007246694061905146,0.0,2962.0,normal,0.26703616231679916,0.26703616231679916
0.0,1.0399493277072906,1.2263588905334473,0.007246650056913495,0.0,2963.0,normal,0.3309880793094635,0.3309880793094635
0.0,0.9676242172718048,0.9396026730537415,0.007246645865961909,0.0,2964.0,normal,0.28784745931625366,0.28784745931625366
0.0,1.0390109717845917,0.6187797486782074,0.007246596971526742,0.0,2965.0,normal,0.27004249766469,0.27004249766469
0.0,1.04276043176651,0.9797199368476868,0.007246523862704635,0.0,2966.0,normal,0.3068864345550537,0.3068864345550537
0.0,1.004800796508789,0.4153861403465271,0.007246535969898105,0.0,2967.0,normal,0.24286110699176788,0.24286110699176788
0.0,1.0439870357513428,0.45513777434825897,0.007246559718623757,0.0,2968.0,normal,0.2546735256910324,0.2546735256910324
0.0,1.009205624461174,1.2486685514450073,0.0072465804405510426,0.0,2969.0,normal,0.32707030326128006,0.32707030326128006
0.0,1.1488327383995056,0.8216423541307449,0.00724659045226872,0.0,2970.0,normal,0.3122931197285652,0.3122931197285652
0.0,1.0071626752614975,1.4151647090911865,0.00724657136015594,0.0,2971.0,normal,0.3433113396167755,0.3433113396167755
0.0,1.0757542252540588,1.46941339969635,0.007246560649946332,0.0,2972.0,normal,0.36245451867580414,0.36245451867580414
0.0,1.0861935317516327,1.627361685037613,0.007246551802381873,0.0,2973.0,normal,0.3803372234106064,0.3803372234106064
0.0,1.0188023149967194,2.0141247510910034,0.007246528984978795,0.0,2974.0,normal,0.4055352956056595,0.4055352956056595
0.0,1.024647295475006,3.0227237939834595,0.007246522698551416,0.0,2975.0,normal,0.5075641870498657,0.5075641870498657
0.0,0.9588596224784851,2.2042176723480225,0.007246494060382247,0.0,2976.0,normal,0.412556029856205,0.412556029856205
0.0,0.9963788092136383,1.3859180957078934,0.007246498251333833,0.0,2977.0,normal,0.3382299244403839,0.3382299244403839
0.0,1.0239768028259277,0.8645978271961212,0.007246475666761398,0.0,2978.0,normal,0.2916174903512001,0.2916174903512001
0.0,0.9526709616184235,0.6035256385803223,0.007246445398777723,0.0,2979.0,normal,0.2512490972876549,0.2512490972876549
0.0,0.9561432301998138,1.4963156878948212,0.007246432593092322,0.0,2980.0,normal,0.34122253954410553,0.34122253954410553
0.0,0.9685739576816559,1.0784304738044739,0.007246405119076371,0.0,2981.0,normal,0.30192016065120697,0.30192016065120697
0.0,0.9243545532226562,1.866258442401886,0.0072463995311409235,0.0,2982.0,normal,0.371859073638916,0.371859073638916
0.0,1.161504089832306,2.193288803100586,0.00724640442058444,0.0,2983.0,normal,0.4519920200109482,0.4519920200109482
0.0,0.9570775032043457,0.7502873837947845,0.0072463692631572485,0.0,2984.0,normal,0.26680656522512436,0.26680656522512436
0.0,1.0009996592998505,1.2505578100681305,0.007246362045407295,0.0,2985.0,normal,0.32561804354190826,0.32561804354190826
0.0,0.920853853225708,2.6867087483406067,0.007246321067214012,0.0,2986.0,normal,0.4532039910554886,0.4532039910554886
0.0,0.9526011943817139,1.4387665688991547,0.007246361114084721,0.0,2987.0,normal,0.3347592279314995,0.3347592279314995
0.0,0.960191547870636,1.2673698663711548,0.007246270077303052,0.0,2988.0,normal,0.3191376030445099,0.3191376030445099
0.0,1.0106364488601685,3.3806852102279663,0.0072462239768356085,0.0,2989.0,normal,0.5405581295490265,0.5405581295490265
0.0,0.9174291491508484,0.9051887094974518,0.007246182067319751,0.0,2990.0,normal,0.274367019534111,0.274367019534111
0.0,0.9885790050029755,0.6871034801006317,0.007246161345392466,0.0,2991.0,normal,0.26678846776485443,0.26678846776485443
0.0,0.9711628556251526,0.7026648670434952,0.007246205350384116,0.0,2992.0,normal,0.2648613825440407,0.2648613825440407
0.0,0.9832596480846405,2.124529540538788,0.007246416294947267,0.0,2993.0,normal,0.4094671905040741,0.4094671905040741
0.0,0.9685931503772736,0.760813981294632,0.007246415829285979,0.0,2994.0,normal,0.27016234397888184,0.27016234397888184
0.0,0.9790307283401489,1.0435401946306229,0.0072462044190615416,0.0,2995.0,normal,0.30052247643470764,0.30052247643470764
0.0,1.0546035766601562,0.6073837280273438,0.007246759021654725,0.0,2996.0,normal,0.27202142775058746,0.27202142775058746
0.0,1.0489191710948944,1.4892279207706451,0.007246123161166906,0.0,2997.0,normal,0.35906893014907837,0.35906893014907837
0.0,1.0283821821212769,0.7458295971155167,0.007246950874105096,0.0,2998.0,normal,0.2806217446923256,0.2806217446923256
0.0,0.986246645450592,2.1627551317214966,0.007247928064316511,0.0,2999.0,normal,0.41388723254203796,0.41388723254203796
0.0,1.0873191356658936,1.2322968691587448,0.007254757219925523,0.0,3000.0,normal,0.3410562351346016,0.3410562351346016
0.0,1.1556296646595001,1.5586058646440506,0.0072485103737562895,0.0,3001.0,normal,0.3873489499092102,0.3873489499092102
0.0,0.9501880705356598,3.622546911239624,0.007325723767280579,0.0,3002.0,normal,0.5526585876941681,0.5526585876941681
0.0,0.9714553952217102,4.709639310836792,0.0072474859189242125,0.0,3003.0,normal,0.6656173914670944,0.6656173914670944
0.0,1.0144542157649994,2.6572145521640778,0.00726541574113071,0.0,3004.0,normal,0.46897557377815247,0.46897557377815247
0.0,1.012060523033142,4.47392475605011,0.007248362526297569,0.0,3005.0,normal,0.6501669883728027,0.6501669883728027
0.0,0.9557985067367554,3.8500670194625854,0.007247705012559891,0.0,3006.0,normal,0.5765288174152374,0.5765288174152374
0.0,0.9506433457136154,3.360840529203415,0.007247551344335079,0.0,3007.0,normal,0.5265751257538795,0.5265751257538795
0.0,0.9403576850891113,9.862245082855225,0.0072473096661269665,0.0,3008.0,normal,1.1746584177017212,1.1746584177017212
0.0,0.9501113593578339,8.3306245803833,0.007247195346280932,0.0,3009.0,normal,1.0234471708536148,1.0234471708536148
0.0,1.0606902241706848,3.7992022037506104,0.007247168337926269,0.0,3010.0,normal,0.5924206078052521,0.5924206078052521
0.0,0.9884822815656662,4.747363567352295,0.007247050292789936,0.0,3011.0,normal,0.6727951765060425,0.6727951765060425
0.0,0.9789801239967346,5.246886372566223,0.0072469934821128845,0.0,3012.0,normal,0.7208470404148102,0.7208470404148102
0.0,0.9686985015869141,2.1252599954605103,0.007246984634548426,0.0,3013.0,normal,0.4066280424594879,0.4066280424594879
0.0,0.9333884716033936,3.63446581363678,0.007246923167258501,0.0,3014.0,normal,0.5504866242408752,0.5504866242408752
0.0,0.903165191411972,1.9613537192344666,0.007246915018185973,0.0,3015.0,normal,0.37713074684143066,0.37713074684143066
0.0,1.0025623440742493,1.2611070573329926,0.0072469080332666636,0.0,3016.0,normal,0.32698550820350647,0.32698550820350647
0.0,0.9631651639938354,1.175102025270462,0.007246870547533035,0.0,3017.0,normal,0.31050558388233185,0.31050558388233185
0.0,1.1059195399284363,4.063622236251831,0.007246864959597588,0.0,3018.0,normal,0.62790846824646,0.62790846824646
0.0,0.9757488667964935,0.8341328799724579,0.007246852619573474,0.0,3019.0,normal,0.27892541140317917,0.27892541140317917
0.0,0.9853677153587341,0.8742818236351013,0.007246822817251086,0.0,3020.0,normal,0.28486406803131104,0.28486406803131104
0.0,0.9099724590778351,0.933680534362793,0.007246809313073754,0.0,3021.0,normal,0.2757248878479004,0.2757248878479004
0.0,0.9552502036094666,2.5998010635375977,0.007246809080243111,0.0,3022.0,normal,0.4513924717903137,0.4513924717903137
0.0,0.9215879440307617,1.2264422476291656,0.007246804190799594,0.0,3023.0,normal,0.3073241636157036,0.3073241636157036
0.0,1.001216858625412,1.8218916654586792,0.007246788125485182,0.0,3024.0,normal,0.3827948719263077,0.3827948719263077
0.0,0.9876550436019897,0.9615979194641113,0.007246790453791618,0.0,3025.0,normal,0.2940531522035599,0.2940531522035599
0.0,1.0478387475013733,2.9023444652557373,0.0072468051221221685,0.0,3026.0,normal,0.5001645535230637,0.5001645535230637
0.0,1.0024786591529846,1.480656385421753,0.007246764376759529,0.0,3027.0,normal,0.3489237129688263,0.3489237129688263
0.0,1.0087169408798218,1.7046975791454315,0.007246778113767505,0.0,3028.0,normal,0.3725754916667938,0.3725754916667938
0.0,0.9199720621109009,7.294029235839844,0.0072467634454369545,0.0,3029.0,normal,0.913759708404541,0.913759708404541
0.0,0.9515331089496613,3.341316044330597,0.007246748311445117,0.0,3030.0,normal,0.5248005837202072,0.5248005837202072
0.0,0.9617350101470947,3.498577356338501,0.0072467762511223555,0.0,3031.0,normal,0.542567104101181,0.542567104101181
0.0,1.0977665185928345,9.667846441268921,0.007246761117130518,0.0,3032.0,normal,1.1867002546787262,1.1867002546787262
0.0,1.0150237083435059,2.954602837562561,0.007246765308082104,0.0,3033.0,normal,0.49882736802101135,0.49882736802101135
0.0,1.0437016785144806,1.7563316226005554,0.007246787194162607,0.0,3034.0,normal,0.3847358375787735,0.3847358375787735
0.0,1.026551902294159,3.015428900718689,0.007246772525832057,0.0,3035.0,normal,0.5072156190872192,0.5072156190872192
0.0,1.0213343501091003,1.6650694608688354,0.007246760884299874,0.0,3036.0,normal,0.3711361736059189,0.3711361736059189
0.0,1.0357064604759216,1.6454303711652756,0.007246762281283736,0.0,3037.0,normal,0.37204667925834656,0.37204667925834656
0.0,0.9986194968223572,1.0893017947673798,0.007246744353324175,0.0,3038.0,normal,0.3090164363384247,0.3090164363384247
0.0,0.9572936594486237,1.1328719556331635,0.007246728520840406,0.0,3039.0,normal,0.3051082640886307,0.3051082640886307
0.0,0.9455969929695129,0.992707222700119,0.00724672619253397,0.0,3040.0,normal,0.2887524515390396,0.2887524515390396
0.0,0.8756042420864105,4.281763792037964,0.007246707798913121,0.0,3041.0,normal,0.603659600019455,0.603659600019455
0.0,1.0462916195392609,2.1861062347888947,0.007246708497405052,0.0,3042.0,normal,0.42823129892349243,0.42823129892349243
0.0,1.0630163550376892,5.067658066749573,0.007246729684993625,0.0,3043.0,normal,0.719731479883194,0.719731479883194
0.0,0.9740739166736603,1.9737279415130615,0.007246729219332337,0.0,3044.0,normal,0.39254993200302124,0.39254993200302124
0.0,1.116186410188675,1.4046807289123535,0.007246729452162981,0.0,3045.0,normal,0.3640677109360695,0.3640677109360695
0.0,1.0547153502702713,1.0574721097946167,0.00724673829972744,0.0,3046.0,normal,0.3170526325702667,0.3170526325702667
0.0,1.3000927567481995,1.078932911157608,0.007246732246130705,0.0,3047.0,normal,0.36827419698238373,0.36827419698238373
0.0,1.0322790741920471,0.7079891562461853,0.0072467203717678785,0.0,3048.0,normal,0.27761708199977875,0.27761708199977875
0.0,1.0747580230236053,1.179629772901535,0.007246718974784017,0.0,3049.0,normal,0.3332769274711609,0.3332769274711609
0.0,1.0246374160051346,1.0501248836517334,0.007246725028380752,0.0,3050.0,normal,0.3103023171424866,0.3103023171424866
0.0,1.009852647781372,0.813867062330246,0.007246713852509856,0.0,3051.0,normal,0.28371956944465637,0.28371956944465637
0.0,1.0290355384349823,0.3882666379213333,0.007246711291372776,0.0,3052.0,normal,0.2449961081147194,0.2449961081147194
0.0,0.9060085117816925,0.3962155431509018,0.007246711757034063,0.0,3053.0,normal,0.2211855947971344,0.2211855947971344
0.0,1.0313681364059448,0.37868236005306244,0.007246711058542132,0.0,3054.0,normal,0.24450421333312988,0.24450421333312988
0.0,0.9673402905464172,1.005470633506775,0.007246709894388914,0.0,3055.0,normal,0.2943774610757828,0.2943774610757828
0.0,1.178929626941681,0.5880558490753174,0.007246698718518019,0.0,3056.0,normal,0.294953852891922,0.294953852891922
0.0,0.8673835396766663,0.95775106549263,0.0072467082645744085,0.0,3057.0,normal,0.2696141451597214,0.2696141451597214
0.0,0.9723604619503021,0.38904260098934174,0.007246711757034063,0.0,3058.0,normal,0.23373869061470032,0.23373869061470032
0.0,0.9415479600429535,0.44302740693092346,0.007246704306453466,0.0,3059.0,normal,0.23297467082738876,0.23297467082738876
0.0,0.9010387510061264,0.3831365704536438,0.007246696623042226,0.0,3060.0,normal,0.21888374537229538,0.21888374537229538
0.0,0.9628921747207642,0.41408178210258484,0.007246697088703513,0.0,3061.0,normal,0.23434895277023315,0.23434895277023315
0.0,0.993890255689621,0.6283772885799408,0.007246696623042226,0.0,3062.0,normal,0.2619781345129013,0.2619781345129013
0.0,0.9906134307384491,0.7364384010434151,0.007246691966429353,0.0,3063.0,normal,0.2721288800239563,0.2721288800239563
0.0,1.024931013584137,0.4402862787246704,0.007246700348332524,0.0,3064.0,normal,0.24937716871500015,0.24937716871500015
0.0,0.9512853026390076,0.39584212005138397,0.007246699184179306,0.0,3065.0,normal,0.23020362108945847,0.23020362108945847
0.0,1.0759882628917694,0.9600409269332886,0.007246708497405052,0.0,3066.0,normal,0.3115640878677368,0.3115640878677368
0.0,0.9400765001773834,0.889037549495697,0.007246694061905146,0.0,3067.0,normal,0.27728138864040375,0.27728138864040375
0.0,0.9895463585853577,0.48891469836235046,0.007246688008308411,0.0,3068.0,normal,0.2471630871295929,0.2471630871295929
0.0,0.9285745620727539,0.5392622500658035,0.007246686378493905,0.0,3069.0,normal,0.24000348150730133,0.24000348150730133
0.0,1.0366927981376648,0.4081805944442749,0.007246686611324549,0.0,3070.0,normal,0.2485189586877823,0.2485189586877823
0.0,0.9649511873722076,0.6754465699195862,0.007246682420372963,0.0,3071.0,normal,0.260897234082222,0.260897234082222
0.0,1.0268703997135162,0.4752788692712784,0.0072466854471713305,0.0,3072.0,normal,0.25326430797576904,0.25326430797576904
0.0,1.142752766609192,0.4131257086992264,0.007246689405292273,0.0,3073.0,normal,0.270225465297699,0.270225465297699
0.0,0.994744747877121,0.5090659111738205,0.0072466854471713305,0.0,3074.0,normal,0.25021788477897644,0.25021788477897644
0.0,1.065713495016098,0.4266823083162308,0.007246683584526181,0.0,3075.0,normal,0.2561732679605484,0.2561732679605484
0.0,0.9432941675186157,0.3085227757692337,0.007246685214340687,0.0,3076.0,normal,0.21987345814704895,0.21987345814704895
0.0,1.1194224655628204,0.4732151925563812,0.007246680790558457,0.0,3077.0,normal,0.2715683653950691,0.2715683653950691
0.0,0.9300369322299957,0.8919937908649445,0.0072466793935745955,0.0,3078.0,normal,0.2755691036581993,0.2755691036581993
0.0,0.9731128513813019,0.48999886214733124,0.007246681954711676,0.0,3079.0,normal,0.24398478865623474,0.24398478865623474
0.0,1.0450097918510437,0.566440761089325,0.007246675668284297,0.0,3080.0,normal,0.2660083770751953,0.2660083770751953
0.0,1.069951355457306,1.0966199040412903,0.007246676133945584,0.0,3081.0,normal,0.3240145891904831,0.3240145891904831
0.0,1.0788958072662354,0.5187321528792381,0.0072466779965907335,0.0,3082.0,normal,0.26801471412181854,0.26801471412181854
0.0,0.9773951470851898,0.8791265338659286,0.007246677298098803,0.0,3083.0,normal,0.28375402092933655,0.28375402092933655
0.0,1.0082159638404846,0.7232942879199982,0.007246676832437515,0.0,3084.0,normal,0.27433495223522186,0.27433495223522186
0.0,1.0221023261547089,1.1156776547431946,0.007246678462252021,0.0,3085.0,normal,0.3163505643606186,0.3163505643606186
0.0,0.9474738836288452,1.189402811229229,0.007246664259582758,0.0,3086.0,normal,0.3087974041700363,0.3087974041700363
0.0,0.9358561933040619,2.0764902234077454,0.007246669149026275,0.0,3087.0,normal,0.39518260955810547,0.39518260955810547
0.0,1.0264577269554138,2.113239824771881,0.007246666122227907,0.0,3088.0,normal,0.4169778823852539,0.4169778823852539
0.0,1.0113801956176758,0.6687231063842773,0.007246666820719838,0.0,3089.0,normal,0.2695106938481331,0.2695106938481331
0.0,0.8876684308052063,0.9779202044010162,0.007246670313179493,0.0,3090.0,normal,0.2756880521774292,0.2756880521774292
0.0,0.9483315944671631,0.635449081659317,0.0072466665878891945,0.0,3091.0,normal,0.25357357412576675,0.25357357412576675
0.0,0.9358847737312317,0.644353985786438,0.007246662629768252,0.0,3092.0,normal,0.2519746944308281,0.2519746944308281
0.0,0.9302023947238922,0.6398684680461884,0.007246657740324736,0.0,3093.0,normal,0.2503896579146385,0.2503896579146385
0.0,0.9210125803947449,0.7291499972343445,0.007246651919558644,0.0,3094.0,normal,0.25747985392808914,0.25747985392808914
0.0,0.8677100986242294,0.4392537251114845,0.007246649591252208,0.0,3095.0,normal,0.21782972663640976,0.21782972663640976
0.0,0.9075848460197449,0.4121636897325516,0.007246647262945771,0.0,3096.0,normal,0.22309567779302597,0.22309567779302597
0.0,0.9226258397102356,0.42316649854183197,0.007246648892760277,0.0,3097.0,normal,0.22720416635274887,0.22720416635274887
0.0,0.9347420930862427,0.9657982885837555,0.007246656343340874,0.0,3098.0,normal,0.28389059752225876,0.28389059752225876
0.0,0.9988755881786346,0.5341745093464851,0.007246665423735976,0.0,3099.0,normal,0.25355491042137146,0.25355491042137146
0.0,0.9995995461940765,0.5811008960008621,0.0072466682177037,0.0,3100.0,normal,0.2583923488855362,0.2583923488855362
0.0,0.9436147212982178,0.4127133935689926,0.007246673107147217,0.0,3101.0,normal,0.2303566187620163,0.2303566187620163
0.0,0.9429284632205963,1.0641107261180878,0.0072466719429939985,0.0,3102.0,normal,0.2953591048717499,0.2953591048717499
0.0,1.0846174359321594,0.34281447529792786,0.007246662164106965,0.0,3103.0,normal,0.2515672780573368,0.2515672780573368
0.0,1.1125729084014893,0.3141327500343323,0.007246656576171517,0.0,3104.0,normal,0.2542902007699013,0.2542902007699013
0.0,0.9731540679931641,0.3331340104341507,0.007246652385219932,0.0,3105.0,normal,0.22830655425786972,0.22830655425786972
0.0,0.9472948312759399,0.29361049085855484,0.007246651221066713,0.0,3106.0,normal,0.2191823571920395,0.2191823571920395
0.0,1.0589861571788788,0.3589015305042267,0.007246650755405426,0.0,3107.0,normal,0.24804972857236862,0.24804972857236862
0.0,0.9047245979309082,0.38107622787356377,0.007246652385219932,0.0,3108.0,normal,0.2194148674607277,0.2194148674607277
0.0,0.9761145114898682,0.4553969819098711,0.007246651453897357,0.0,3109.0,normal,0.2411249428987503,0.2411249428987503
0.0,0.8919632732868195,0.3272755593061447,0.007246656343340874,0.0,3110.0,normal,0.21148255467414856,0.21148255467414856
0.0,0.9334282875061035,1.075275957584381,0.007246657973155379,0.0,3111.0,normal,0.2945755869150162,0.2945755869150162
0.0,1.2968865633010864,0.561237096786499,0.007246659602969885,0.0,3112.0,normal,0.31586337089538574,0.31586337089538574
0.0,0.8297316133975983,2.802777409553528,0.007246659602969885,0.0,3113.0,normal,0.44658640027046204,0.44658640027046204
0.0,1.214243769645691,0.4699561297893524,0.007246657041832805,0.0,3114.0,normal,0.2902067005634308,0.2902067005634308
0.0,1.0011593103408813,0.754705160856247,0.007246651686728001,0.0,3115.0,normal,0.2760647237300873,0.2760647237300873
0.0,1.0743536949157715,0.3468356430530548,0.007246645633131266,0.0,3116.0,normal,0.24991664290428162,0.24991664290428162
0.0,1.1333122551441193,0.8215744495391846,0.007246642140671611,0.0,3117.0,normal,0.3091822490096092,0.3091822490096092
0.0,0.9089754223823547,0.5793066322803497,0.007246639346703887,0.0,3118.0,normal,0.24008809030056,0.24008809030056
0.0,1.1252987384796143,0.2973546236753464,0.0072466370183974504,0.0,3119.0,normal,0.25515754520893097,0.25515754520893097
0.0,0.9390827119350433,0.9613655805587769,0.007246636785566807,0.0,3120.0,normal,0.28431543707847595,0.28431543707847595
0.0,0.9353788197040558,1.1654554605484009,0.007246641907840967,0.0,3121.0,normal,0.3039836511015892,0.3039836511015892
0.0,0.975229412317276,2.3784568309783936,0.007246642140671611,0.0,3122.0,normal,0.4332539290189743,0.4332539290189743
0.0,0.9795153737068176,1.1101476550102234,0.007246637949720025,0.0,3123.0,normal,0.30728018283843994,0.30728018283843994
0.0,0.9480210393667221,1.7564332485198975,0.007246648659929633,0.0,3124.0,normal,0.3656098544597626,0.3656098544597626
0.0,0.9190692007541656,1.3499480932950974,0.00724664656445384,0.0,3125.0,normal,0.3191709965467453,0.3191709965467453
0.0,0.8655360490083694,1.7030825912952423,0.0072466416750103235,0.0,3126.0,normal,0.3437778055667877,0.3437778055667877
0.0,0.9222166538238525,1.639281690120697,0.007246639812365174,0.0,3127.0,normal,0.3487338423728943,0.3487338423728943
0.0,0.9089644253253937,0.6710631251335144,0.007246644236147404,0.0,3128.0,normal,0.2492615357041359,0.2492615357041359
0.0,0.9315415620803833,1.395867109298706,0.007246638648211956,0.0,3129.0,normal,0.3262573778629303,0.3262573778629303
0.0,1.0986985564231873,1.8104151487350464,0.007246637716889381,0.0,3130.0,normal,0.40114356577396393,0.40114356577396393
0.0,0.8879362642765045,1.1512612700462341,0.0072466477286070585,0.0,3131.0,normal,0.29307571798563004,0.29307571798563004
0.0,1.0027462244033813,2.6292343139648438,0.007246644236147404,0.0,3132.0,normal,0.4638350307941437,0.4638350307941437
0.0,0.9853375554084778,0.9782433807849884,0.007246642606332898,0.0,3133.0,normal,0.295254185795784,0.295254185795784
0.0,0.9441162347793579,6.45706033706665,0.007246648194268346,0.0,3134.0,normal,0.8348915874958038,0.8348915874958038
0.0,1.0718392729759216,2.2204050421714783,0.007246681954711676,0.0,3135.0,normal,0.4367707073688507,0.4367707073688507
0.0,1.0713659524917603,3.7891839146614075,0.007246677530929446,0.0,3136.0,normal,0.5935539305210114,0.5935539305210114
0.0,1.1290894150733948,9.603410720825195,0.007246671477332711,0.0,3137.0,normal,1.186521291732788,1.186521291732788
0.0,1.1606040596961975,4.159386873245239,0.007246674038469791,0.0,3138.0,normal,0.6484218388795853,0.6484218388795853
0.0,0.9456449151039124,9.675415515899658,0.007246639346703887,0.0,3139.0,normal,1.15703284740448,1.15703284740448
0.0,1.17883962392807,3.3537755757570267,0.007246616296470165,0.0,3140.0,normal,0.5715078413486481,0.5715078413486481
0.0,1.037351131439209,5.7487547397613525,0.0072466174606233835,0.0,3141.0,normal,0.7827080190181732,0.7827080190181732
0.0,0.908541813492775,2.5633744597434998,0.007246627472341061,0.0,3142.0,normal,0.43840815126895905,0.43840815126895905
0.0,1.058601975440979,1.160105586051941,0.007246624678373337,0.0,3143.0,normal,0.3280932903289795,0.3280932903289795
0.0,1.07731294631958,1.3379017263650894,0.007246635388582945,0.0,3144.0,normal,0.34961511194705963,0.34961511194705963
0.0,1.0149875581264496,2.4382818937301636,0.007246643537655473,0.0,3145.0,normal,0.44718804955482483,0.44718804955482483
0.0,0.9695694446563721,0.9484731554985046,0.0072466349229216576,0.0,3146.0,normal,0.28912353515625,0.28912353515625
0.0,0.9708544015884399,1.5081845819950104,0.007246642140671611,0.0,3147.0,normal,0.3453516662120819,0.3453516662120819
0.0,0.9894381761550903,1.6534258127212524,0.007246637716889381,0.0,3148.0,normal,0.36359255015850067,0.36359255015850067
0.0,0.832609623670578,1.6726555824279785,0.007246635155752301,0.0,3149.0,normal,0.3341498225927353,0.3341498225927353
0.0,0.9652083516120911,2.890570104122162,0.007246642606332898,0.0,3150.0,normal,0.48246103525161743,0.48246103525161743
0.0,0.8849935531616211,5.0756226778030396,0.0072466388810426,0.0,3151.0,normal,0.6849233210086823,0.6849233210086823
0.0,0.9455075263977051,2.139992415904999,0.00724661466665566,0.0,3152.0,normal,0.40346309542655945,0.40346309542655945
0.0,0.9047936201095581,5.271935701370239,0.007246615597978234,0.0,3153.0,normal,0.7085146307945251,0.7085146307945251
0.0,0.96729576587677,3.8115488290786743,0.00724661722779274,0.0,3154.0,normal,0.5749763548374176,0.5749763548374176
0.0,0.9423896074295044,2.7909597158432007,0.007246609078720212,0.0,3155.0,normal,0.4679362550377846,0.4679362550377846
0.0,0.9316372573375702,10.431368350982666,0.0072466188576072454,0.0,3156.0,normal,1.2298265099525452,1.2298265099525452
0.0,0.9779853820800781,2.4061827063560486,0.0072466302663087845,0.0,3157.0,normal,0.4365776777267456,0.4365776777267456
0.0,1.228074550628662,4.010553479194641,0.00724662933498621,0.0,3158.0,normal,0.647032618522644,0.647032618522644
0.0,1.2182497382164001,3.4358339309692383,0.007246631430462003,0.0,3159.0,normal,0.5875957012176514,0.5875957012176514
0.0,0.9313051998615265,2.050492823123932,0.0072466484270989895,0.0,3160.0,normal,0.39167267084121704,0.39167267084121704
0.0,1.0164162516593933,2.41071093082428,0.007246640743687749,0.0,3161.0,normal,0.444716677069664,0.444716677069664
0.0,0.9560016840696335,3.7176740169525146,0.007246656576171517,0.0,3162.0,normal,0.5633300840854645,0.5633300840854645
0.0,0.9988978803157806,1.59795281291008,0.007246657041832805,0.0,3163.0,normal,0.3599371984601021,0.3599371984601021
0.0,1.0998895466327667,0.9441353678703308,0.007246647262945771,0.0,3164.0,normal,0.31475378572940826,0.31475378572940826
0.0,0.9557764828205109,1.5260913372039795,0.007246645633131266,0.0,3165.0,normal,0.34412676095962524,0.34412676095962524
0.0,1.12750643491745,0.47867168486118317,0.007246635388582945,0.0,3166.0,normal,0.2737307995557785,0.2737307995557785
0.0,0.9366792142391205,0.46211666613817215,0.00724662677384913,0.0,3167.0,normal,0.23390985280275345,0.23390985280275345
0.0,1.043324887752533,0.4298442155122757,0.0072466242127120495,0.0,3168.0,normal,0.252011738717556,0.252011738717556
0.0,1.1149051785469055,0.6312782466411591,0.007246620720252395,0.0,3169.0,normal,0.2864712029695511,0.2864712029695511
0.0,1.0107781291007996,0.4348626285791397,0.007246621884405613,0.0,3170.0,normal,0.24600423127412796,0.24600423127412796
0.0,1.0560548305511475,0.49977992475032806,0.0072466235142201185,0.0,3171.0,normal,0.26155130565166473,0.26155130565166473
0.0,0.9922485649585724,0.6634094417095184,0.007246616063639522,0.0,3172.0,normal,0.2651529982686043,0.2651529982686043
0.0,0.8832479119300842,0.7885226011276245,0.007246618391945958,0.0,3173.0,normal,0.2558641880750656,0.2558641880750656
0.0,0.9702796339988708,1.2696647495031357,0.007246620953083038,0.0,3174.0,normal,0.3213847428560257,0.3213847428560257
0.0,1.053123414516449,1.0906898900866508,0.007246612571179867,0.0,3175.0,normal,0.3200560063123703,0.3200560063123703
0.0,0.9018659889698029,3.9174256324768066,0.007246615365147591,0.0,3176.0,normal,0.5724781155586243,0.5724781155586243
0.0,1.158718228340149,2.26120525598526,0.007246623048558831,0.0,3177.0,normal,0.4582265168428421,0.4582265168428421
0.0,0.8766635060310364,1.5546918213367462,0.007246610475704074,0.0,3178.0,normal,0.3311642184853554,0.3311642184853554
0.0,1.02006196975708,2.3027533292770386,0.007246626308187842,0.0,3179.0,normal,0.43465009331703186,0.43465009331703186
0.0,1.249511480331421,6.293561697006226,0.0072466167621314526,0.0,3180.0,normal,0.8796207904815674,0.8796207904815674
0.0,1.1260837614536285,1.7733003199100494,0.0072466060519218445,0.0,3181.0,normal,0.40290912985801697,0.40290912985801697
0.0,0.9444988071918488,2.7410442233085632,0.007246611872687936,0.0,3182.0,normal,0.4633665308356285,0.4633665308356285
0.0,0.9485291838645935,3.1302284002304077,0.007246614200994372,0.0,3183.0,normal,0.503091037273407,0.503091037273407
0.0,0.8805338442325592,1.3494143784046173,0.007246608613058925,0.0,3184.0,normal,0.3114105463027954,0.3114105463027954
0.0,0.9320813119411469,1.3072271794080734,0.007246620953083038,0.0,3185.0,normal,0.31750132143497467,0.31750132143497467
0.0,1.0546217560768127,0.631075531244278,0.007246624445542693,0.0,3186.0,normal,0.2743942439556122,0.2743942439556122
0.0,0.8287412524223328,0.849405825138092,0.007246625842526555,0.0,3187.0,normal,0.2510511726140976,0.2510511726140976
0.0,1.0297100841999054,0.7020447254180908,0.007246630499139428,0.0,3188.0,normal,0.2765088230371475,0.2765088230371475
0.0,0.9907660484313965,2.0249876379966736,0.007246622582897544,0.0,3189.0,normal,0.4010143131017685,0.4010143131017685
0.0,1.0930627882480621,1.6483001112937927,0.007246613502502441,0.0,3190.0,normal,0.38380493223667145,0.38380493223667145
0.0,0.907240480184555,1.6831886768341064,0.007246612571179867,0.0,3191.0,normal,0.35012929141521454,0.35012929141521454
0.0,1.0321815609931946,4.705761194229126,0.007246613269671798,0.0,3192.0,normal,0.6773747801780701,0.6773747801780701
0.0,0.8708174824714661,3.5796123147010803,0.007246596738696098,0.0,3193.0,normal,0.5324870869517326,0.5324870869517326
0.0,0.9130554795265198,12.439876079559326,0.007246598834171891,0.0,3194.0,normal,1.4269610047340393,1.4269610047340393
0.0,0.8573759496212006,6.102283775806427,0.007246615365147591,0.0,3195.0,normal,0.7820658832788467,0.7820658832788467
0.0,1.0127300024032593,3.6813894510269165,0.007246609078720212,0.0,3196.0,normal,0.5710472911596298,0.5710472911596298
0.0,0.9100337475538254,10.372247695922852,0.007246625144034624,0.0,3197.0,normal,1.2195938527584076,1.2195938527584076
0.0,0.9073299765586853,3.1177298426628113,0.007246611872687936,0.0,3198.0,normal,0.49360133707523346,0.49360133707523346
0.0,0.8735555410385132,1.8762454986572266,0.007246597204357386,0.0,3199.0,normal,0.3626980036497116,0.3626980036497116
0.0,0.8519804775714874,6.107531666755676,0.007246600463986397,0.0,3200.0,normal,0.7815116345882416,0.7815116345882416
0.0,0.8911630809307098,4.282925009727478,0.007246612338349223,0.0,3201.0,normal,0.6068874597549438,0.6068874597549438
0.0,0.8522875607013702,16.04351043701172,0.007246603956446052,0.0,3202.0,normal,1.7751709818840027,1.7751709818840027
0.0,1.201174408197403,20.32774782180786,0.007246604422107339,0.0,3203.0,normal,2.2733720541000366,2.2733720541000366
0.0,0.97073133289814,13.52385926246643,0.00724665354937315,0.0,3204.0,normal,1.546894520521164,1.546894520521164
0.0,1.0756476521492004,17.985332250595093,0.007246645167469978,0.0,3205.0,normal,2.0140252113342285,2.0140252113342285
0.0,1.244469404220581,40.24449348449707,0.007246696623042226,0.0,3206.0,normal,4.2737056016922,4.2737056016922
0.0,0.9047735035419464,27.470685958862305,0.007246705237776041,0.0,3207.0,normal,2.9283857345581055,2.9283857345581055
0.0,1.023967057466507,47.48065185546875,0.007246668916195631,0.0,3208.0,normal,4.953220903873444,4.953220903873444
0.0,1.3334445357322693,44.90530443191528,0.007246664492413402,0.0,3209.0,normal,4.757581889629364,4.757581889629364
0.0,0.8496129214763641,32.88202095031738,0.007246597670018673,0.0,3210.0,normal,3.4584869146347046,3.4584869146347046
0.0,1.1165660619735718,42.21040916442871,0.007246603490784764,0.0,3211.0,normal,4.444716572761536,4.444716572761536
0.0,0.9926210045814514,21.935970783233643,0.007246662396937609,0.0,3212.0,normal,2.392483562231064,2.392483562231064
0.0,1.034470021724701,15.765767097473145,0.007246642606332898,0.0,3213.0,normal,1.7838329672813416,1.7838329672813416
0.0,1.0620977878570557,22.93696904182434,0.007246709428727627,0.0,3214.0,normal,2.506478935480118,2.506478935480118
0.0,0.9929908812046051,30.487542152404785,0.0072466908022761345,0.0,3215.0,normal,3.247714936733246,3.247714936733246
0.0,0.8572668433189392,19.845043659210205,0.007246681256219745,0.0,3216.0,normal,2.1563201546669006,2.1563201546669006
0.0,0.964780330657959,8.745721817016602,0.007246662396937609,0.0,3217.0,normal,1.0678905844688416,1.0678905844688416
0.0,0.8917689621448517,8.473742246627808,0.007246624678373337,0.0,3218.0,normal,1.026090294122696,1.026090294122696
0.0,0.9682725071907043,8.271328926086426,0.007246640510857105,0.0,3219.0,normal,1.0211496949195862,1.0211496949195862
0.0,0.9387966692447662,5.5067315101623535,0.007246609078720212,0.0,3220.0,normal,0.7387948334217072,0.7387948334217072
0.0,0.9019061326980591,4.671430826187134,0.007246593711897731,0.0,3221.0,normal,0.6478866636753082,0.6478866636753082
0.0,0.937575489282608,6.553321361541748,0.007246596273034811,0.0,3222.0,normal,0.8432095348834991,0.8432095348834991
0.0,0.9013404846191406,6.678551912307739,0.007246586726978421,0.0,3223.0,normal,0.8484856486320496,0.8484856486320496
0.0,1.0644901990890503,12.438129425048828,0.007246612571179867,0.0,3224.0,normal,1.4570733606815338,1.4570733606815338
0.0,0.9100864827632904,9.758182048797607,0.007246615597978234,0.0,3225.0,normal,1.158197820186615,1.158197820186615
0.0,0.9378295838832855,8.505391001701355,0.007246606284752488,0.0,3226.0,normal,1.0384673178195953,1.0384673178195953
0.0,0.8831458985805511,5.426827669143677,0.007246618391945958,0.0,3227.0,normal,0.719674289226532,0.719674289226532
0.0,0.9371677935123444,4.807156264781952,0.007246594410389662,0.0,3228.0,normal,0.6685114949941635,0.6685114949941635
0.0,1.0071621537208557,4.552012920379639,0.0072466060519218445,0.0,3229.0,normal,0.6569960713386536,0.6569960713386536
0.0,1.018823266029358,2.7676773071289062,0.0072465946432203054,0.0,3230.0,normal,0.4808947443962097,0.4808947443962097
0.0,0.9962517619132996,1.3668086677789688,0.007246593479067087,0.0,3231.0,normal,0.336293563246727,0.336293563246727
0.0,0.9546869397163391,1.1523503363132477,0.007246598834171891,0.0,3232.0,normal,0.3065347671508789,0.3065347671508789
0.0,0.9549087285995483,1.141476333141327,0.007246592082083225,0.0,3233.0,normal,0.30549173057079315,0.30549173057079315
0.0,1.1133195161819458,1.0546683371067047,0.007246594177559018,0.0,3234.0,normal,0.32849307358264923,0.32849307358264923
0.0,0.888932853937149,0.6108122766017914,0.0072465878911316395,0.0,3235.0,normal,0.23923012614250183,0.23923012614250183
0.0,1.0374626517295837,0.5382658839225769,0.007246585795655847,0.0,3236.0,normal,0.2616814598441124,0.2616814598441124
0.0,0.9380578696727753,0.6839727759361267,0.007246574619784951,0.0,3237.0,normal,0.2563711851835251,0.2563711851835251
0.0,1.0287193655967712,1.630469024181366,0.007246573222801089,0.0,3238.0,normal,0.36915312707424164,0.36915312707424164
0.0,0.9027034193277359,1.2050075232982635,0.0072465764824301004,0.0,3239.0,normal,0.3014037758111954,0.3014037758111954
0.0,0.846201479434967,1.0714948177337646,0.00724657392129302,0.0,3240.0,normal,0.2767521142959595,0.2767521142959595
0.0,0.8966896831989288,1.623060703277588,0.007246582070365548,0.0,3241.0,normal,0.3420063555240631,0.3420063555240631
0.0,0.9713278412818909,0.7745359838008881,0.007246584165841341,0.0,3242.0,normal,0.27208150178194046,0.27208150178194046
0.0,0.9789747893810272,0.5170579552650452,0.007246580207720399,0.0,3243.0,normal,0.24786308407783508,0.24786308407783508
0.0,0.883590042591095,0.5578419864177704,0.0072465804405510426,0.0,3244.0,normal,0.23286454379558563,0.23286454379558563
0.0,1.025492548942566,0.46571891009807587,0.007246575551107526,0.0,3245.0,normal,0.25203274190425873,0.25203274190425873
0.0,1.0497806668281555,0.4329019784927368,0.007246576016768813,0.0,3246.0,normal,0.25360866636037827,0.25360866636037827
0.0,0.8868637681007385,0.4324372857809067,0.007246573455631733,0.0,3247.0,normal,0.22097881883382797,0.22097881883382797
0.0,0.9220114052295685,0.4789407551288605,0.007246572989970446,0.0,3248.0,normal,0.23265869915485382,0.23265869915485382
0.0,0.8358164280653,0.40775665640830994,0.007246572524309158,0.0,3249.0,normal,0.20830129086971283,0.20830129086971283
0.0,0.874679297208786,0.6025964021682739,0.007246570894494653,0.0,3250.0,normal,0.23555783182382584,0.23555783182382584
0.0,0.8515866100788116,0.6430750638246536,0.007246572989970446,0.0,3251.0,normal,0.23498716205358505,0.23498716205358505
0.0,0.8508953079581261,0.6058137565851212,0.007246569497510791,0.0,3252.0,normal,0.23112277314066887,0.23112277314066887
0.0,0.8355432450771332,0.6005917489528656,0.0072465697303414345,0.0,3253.0,normal,0.22753015905618668,0.22753015905618668
0.0,0.9116272926330566,0.6416587233543396,0.007246570196002722,0.0,3254.0,normal,0.24685366451740265,0.24685366451740265
0.0,0.8383404314517975,0.38587410748004913,0.0072465697303414345,0.0,3255.0,normal,0.2066178321838379,0.2066178321838379
0.0,0.8881547152996063,0.29651638865470886,0.007246572524309158,0.0,3256.0,normal,0.20764490962028503,0.20764490962028503
0.0,0.9738842844963074,0.38095949590206146,0.007246574619784951,0.0,3257.0,normal,0.23323515057563782,0.23323515057563782
0.0,1.0278156995773315,0.611319050192833,0.007246572757139802,0.0,3258.0,normal,0.2670573741197586,0.2670573741197586
0.0,0.8617909848690033,1.2943138778209686,0.007246577180922031,0.0,3259.0,normal,0.3021519258618355,0.3021519258618355
0.0,0.9546072483062744,1.8081902265548706,0.0072465764824301004,0.0,3260.0,normal,0.3721028119325638,0.3721028119325638
0.0,0.8485758900642395,2.059579700231552,0.007246566470712423,0.0,3261.0,normal,0.37603549659252167,0.37603549659252167
0.0,0.9364059567451477,1.2416141629219055,0.007246570894494653,0.0,3262.0,normal,0.31180495023727417,0.31180495023727417
0.0,0.8390357792377472,1.1814092546701431,0.007246561581268907,0.0,3263.0,normal,0.28631043434143066,0.28631043434143066
0.0,0.9122953116893768,1.7215805351734161,0.007246565306559205,0.0,3264.0,normal,0.3549794480204582,0.3549794480204582
0.0,0.8863732516765594,1.2799343466758728,0.007246566936373711,0.0,3265.0,normal,0.3056304231286049,0.3056304231286049
0.0,0.857209250330925,0.7146988213062286,0.007246568566188216,0.0,3266.0,normal,0.24327407032251358,0.24327407032251358
0.0,0.8585638701915741,1.0043272450566292,0.007246572524309158,0.0,3267.0,normal,0.27250783890485764,0.27250783890485764
0.0,0.8475612998008728,1.0099147260189056,0.007246572058647871,0.0,3268.0,normal,0.2708660811185837,0.2708660811185837
0.0,0.8790861368179321,0.5284185260534286,0.007246572989970446,0.0,3269.0,normal,0.22902141511440277,0.22902141511440277
0.0,0.9927342236042023,0.42913636565208435,0.007246570894494653,0.0,3270.0,normal,0.24182280898094177,0.24182280898094177
0.0,0.8166135847568512,0.39784082770347595,0.007246567169204354,0.0,3271.0,normal,0.20346912741661072,0.20346912741661072
0.0,1.073621392250061,0.6135952472686768,0.007246565772220492,0.0,3272.0,normal,0.2764461413025856,0.2764461413025856
0.0,0.7974657416343689,0.3564910590648651,0.0072465636767446995,0.0,3273.0,normal,0.1955045834183693,0.1955045834183693
0.0,0.9712210893630981,0.37672485411167145,0.007246563443914056,0.0,3274.0,normal,0.23227903991937637,0.23227903991937637
0.0,0.8631967306137085,0.32816238701343536,0.007246566703543067,0.0,3275.0,normal,0.20581791177392006,0.20581791177392006
0.0,0.8726966679096222,0.4981672465801239,0.007246566703543067,0.0,3276.0,normal,0.2247183918952942,0.2247183918952942
0.0,0.8978103995323181,0.4530370533466339,0.007246564840897918,0.0,3277.0,normal,0.22522812336683273,0.22522812336683273
0.0,0.8583064079284668,0.6630888879299164,0.007246570196002722,0.0,3278.0,normal,0.23833250254392624,0.23833250254392624
0.0,0.8646957576274872,1.0614593029022217,0.0072465697303414345,0.0,3279.0,normal,0.27944742143154144,0.27944742143154144
0.0,0.8474779278039932,0.6630751639604568,0.007246565073728561,0.0,3280.0,normal,0.23616542667150497,0.23616542667150497
0.0,0.8441594317555428,0.5556207746267319,0.007246567634865642,0.0,3281.0,normal,0.22475630789995193,0.22475630789995193
0.0,0.8486891388893127,0.6690976917743683,0.007246564608067274,0.0,3282.0,normal,0.2370099350810051,0.2370099350810051
0.0,0.8269415497779846,0.9115743190050125,0.007246564142405987,0.0,3283.0,normal,0.2569080889225006,0.2569080889225006
0.0,0.8306390643119812,0.8489000201225281,0.007246565073728561,0.0,3284.0,normal,0.2513801380991936,0.2513801380991936
0.0,0.8066309690475464,1.709888219833374,0.007246562512591481,0.0,3285.0,normal,0.33267735689878464,0.33267735689878464
0.0,0.8740903735160828,1.2432379722595215,0.007246562046930194,0.0,3286.0,normal,0.29950419813394547,0.29950419813394547
0.0,0.8338578939437866,1.0883083939552307,0.007246567169204354,0.0,3287.0,normal,0.27596475929021835,0.27596475929021835
0.0,0.8638322353363037,0.9408662468194962,0.007246563443914056,0.0,3288.0,normal,0.26721541583538055,0.26721541583538055
0.0,0.9309373199939728,1.4422833323478699,0.007246569497510791,0.0,3289.0,normal,0.3307781219482422,0.3307781219482422
0.0,0.8515427857637405,1.7790506482124329,0.0072465690318495035,0.0,3290.0,normal,0.34857597202062607,0.34857597202062607
0.0,0.8549341857433319,0.9002290666103363,0.007246563443914056,0.0,3291.0,normal,0.26137208938598633,0.26137208938598633
0.0,0.8358950018882751,1.058759681880474,0.007246566470712423,0.0,3292.0,normal,0.27341730892658234,0.27341730892658234
0.0,0.871635764837265,1.3737383782863617,0.007246563443914056,0.0,3293.0,normal,0.3120633289217949,0.3120633289217949
0.0,0.8803063929080963,0.9603986144065857,0.007246561348438263,0.0,3294.0,normal,0.27246347814798355,0.27246347814798355
0.0,0.9017618000507355,0.7846507728099823,0.007246562745422125,0.0,3295.0,normal,0.2591797709465027,0.2591797709465027
0.0,0.883249431848526,0.6646224856376648,0.0072465583216398954,0.0,3296.0,normal,0.24347447603940964,0.24347447603940964
0.0,0.8615500926971436,0.8702982068061829,0.007246558787301183,0.0,3297.0,normal,0.2597021609544754,0.2597021609544754
0.0,0.9446461200714111,0.8004031479358673,0.007246561115607619,0.0,3298.0,normal,0.2693318650126457,0.2693318650126457
0.0,0.8266517817974091,0.415556862950325,0.0072465629782527685,0.0,3299.0,normal,0.20724838599562645,0.20724838599562645
0.0,0.9835734963417053,0.5099742859601974,0.007246564608067274,0.0,3300.0,normal,0.24807444959878922,0.24807444959878922
0.0,0.8557665348052979,0.4610585719347,0.007246565539389849,0.0,3301.0,normal,0.21762149035930634,0.21762149035930634
0.0,0.8367545008659363,0.9964942336082458,0.007246563211083412,0.0,3302.0,normal,0.26736265420913696,0.26736265420913696
0.0,0.8418157398700714,0.8368660807609558,0.0072465622797608376,0.0,3303.0,normal,0.2524120882153511,0.2524120882153511
0.0,0.8853906095027924,0.41876018047332764,0.007246561115607619,0.0,3304.0,normal,0.21931646019220352,0.21931646019220352
0.0,0.9338955879211426,0.38981811702251434,0.007246557390317321,0.0,3305.0,normal,0.22612325102090836,0.22612325102090836
0.0,0.8262054026126862,0.4052135571837425,0.007246555993333459,0.0,3306.0,normal,0.20612477511167526,0.20612477511167526
0.0,0.8342725187540054,0.3544747680425644,0.007246555527672172,0.0,3307.0,normal,0.2026643119752407,0.2026643119752407
0.0,0.8434633910655975,0.3233870416879654,0.007246559020131826,0.0,3308.0,normal,0.2013937160372734,0.2013937160372734
0.0,0.9079110026359558,0.5041816681623459,0.007246557855978608,0.0,3309.0,normal,0.23236269503831863,0.23236269503831863
0.0,0.8337594866752625,0.33702465146780014,0.0072465569246560335,0.0,3310.0,normal,0.20081669092178345,0.20081669092178345
0.0,0.8424217700958252,0.3497753292322159,0.007246557390317321,0.0,3311.0,normal,0.2038242146372795,0.2038242146372795
0.0,0.9063289612531662,0.31725741922855377,0.0072465562261641026,0.0,3312.0,normal,0.21335386857390404,0.21335386857390404
0.0,0.7847257703542709,0.27808191627264023,0.007246554829180241,0.0,3313.0,normal,0.18511568382382393,0.18511568382382393
0.0,0.8673971593379974,0.29011882841587067,0.007246553897857666,0.0,3314.0,normal,0.20285363495349884,0.20285363495349884
0.0,0.8153867423534393,0.4647694602608681,0.007246555294841528,0.0,3315.0,normal,0.2099166139960289,0.2099166139960289
0.0,0.8022105395793915,0.6333059072494507,0.007246555294841528,0.0,3316.0,normal,0.22413501888513565,0.22413501888513565
0.0,0.8409224152565002,0.70317342877388,0.007246553665027022,0.0,3317.0,normal,0.23886415362358093,0.23886415362358093
0.0,0.8235173523426056,0.44667932391166687,0.007246555760502815,0.0,3318.0,normal,0.2097337320446968,0.2097337320446968
0.0,0.8492378890514374,0.4984099268913269,0.007246552966535091,0.0,3319.0,normal,0.2200508937239647,0.2200508937239647
0.0,0.8449216783046722,0.8867515325546265,0.007246552500873804,0.0,3320.0,normal,0.2580218240618706,0.2580218240618706
0.0,0.8237739205360413,0.4659232050180435,0.007246554363518953,0.0,3321.0,normal,0.2117094248533249,0.2117094248533249
0.0,0.91777104139328,0.4261668771505356,0.00724655413068831,0.0,3322.0,normal,0.2265332266688347,0.2265332266688347
0.0,0.7984133660793304,1.5211954712867737,0.00724655413068831,0.0,3323.0,normal,0.3121645748615265,0.3121645748615265
0.0,0.8495956063270569,0.5315873622894287,0.007246555993333459,0.0,3324.0,normal,0.22344018518924713,0.22344018518924713
0.0,0.8412843644618988,0.4612545669078827,0.007246553432196379,0.0,3325.0,normal,0.21474464982748032,0.21474464982748032
0.0,0.8378861844539642,0.6638190150260925,0.007246551802381873,0.0,3326.0,normal,0.2343214675784111,0.2343214675784111
0.0,0.8450114727020264,0.33192717283964157,0.007246552966535091,0.0,3327.0,normal,0.20255733281373978,0.20255733281373978
0.0,0.8176526427268982,0.3058263771235943,0.007246552035212517,0.0,3328.0,normal,0.19447549432516098,0.19447549432516098
0.0,0.9269592463970184,0.3699081093072891,0.007246555993333459,0.0,3329.0,normal,0.22274498641490936,0.22274498641490936
0.0,0.7978608906269073,0.9406203031539917,0.00724655413068831,0.0,3330.0,normal,0.2539965286850929,0.2539965286850929
0.0,0.9801842570304871,0.8721438050270081,0.007246553432196379,0.0,3331.0,normal,0.28361357003450394,0.28361357003450394
0.0,0.8381116986274719,0.7696798741817474,0.007246552733704448,0.0,3332.0,normal,0.24495265632867813,0.24495265632867813
0.0,0.8919464945793152,0.5324770659208298,0.007246549241244793,0.0,3333.0,normal,0.23199934512376785,0.23199934512376785
0.0,0.9264611378312111,0.5336810946464539,0.007246551802381873,0.0,3334.0,normal,0.23902267217636108,0.23902267217636108
0.0,0.8322184085845947,0.6595208942890167,0.0072465515695512295,0.0,3335.0,normal,0.23275809735059738,0.23275809735059738
0.0,0.9999181032180786,0.5068899542093277,0.007246551802381873,0.0,3336.0,normal,0.2510349452495575,0.2510349452495575
0.0,1.030377209186554,0.5260377079248428,0.007246553432196379,0.0,3337.0,normal,0.25904154777526855,0.25904154777526855
0.0,0.867299884557724,0.7593116462230682,0.0072465522680431604,0.0,3338.0,normal,0.24975347518920898,0.24975347518920898
0.0,0.9821958541870117,1.261237919330597,0.007246553665027022,0.0,3339.0,normal,0.32292529195547104,0.32292529195547104
0.0,0.8008499145507812,0.606266975402832,0.007246554363518953,0.0,3340.0,normal,0.22115901112556458,0.22115901112556458
0.0,0.8864858448505402,0.5908362865447998,0.007246552966535091,0.0,3341.0,normal,0.23674312978982925,0.23674312978982925
0.0,0.801369696855545,0.5713228732347488,0.007246552733704448,0.0,3342.0,normal,0.21776855736970901,0.21776855736970901
0.0,0.8625134229660034,0.3795800060033798,0.007246550638228655,0.0,3343.0,normal,0.21082302927970886,0.21082302927970886
0.0,0.8121147155761719,0.38322265446186066,0.007246547145769,0.0,3344.0,normal,0.20110753178596497,0.20110753178596497
0.0,0.8313857316970825,0.43950118124485016,0.0072465448174625635,0.0,3345.0,normal,0.21058959513902664,0.21058959513902664
0.0,0.905604898929596,0.36831624805927277,0.007246543420478702,0.0,3346.0,normal,0.21831493824720383,0.21831493824720383
0.0,0.8852866291999817,0.33550839126110077,0.007246545050293207,0.0,3347.0,normal,0.21097049862146378,0.21097049862146378
0.0,0.7943258285522461,0.3058911859989166,0.0072465455159544945,0.0,3348.0,normal,0.18981660902500153,0.18981660902500153
0.0,0.8700699210166931,0.2683793753385544,0.0072465462144464254,0.0,3349.0,normal,0.2012142464518547,0.2012142464518547
0.0,0.8762877583503723,0.24765389412641525,0.007246547844260931,0.0,3350.0,normal,0.20038526505231857,0.20038526505231857
0.0,0.8273131847381592,0.26218315958976746,0.007246549939736724,0.0,3351.0,normal,0.19204328209161758,0.19204328209161758
0.0,0.8362741470336914,0.27840331196784973,0.007246548309922218,0.0,3352.0,normal,0.19545748084783554,0.19545748084783554
0.0,0.8248044550418854,0.33630262315273285,0.007246549939736724,0.0,3353.0,normal,0.19895348325371742,0.19895348325371742
0.0,0.8064375817775726,0.5338306128978729,0.007246548309922218,0.0,3354.0,normal,0.2150328978896141,0.2150328978896141
0.0,0.8084274530410767,0.4279922768473625,0.007246545981615782,0.0,3355.0,normal,0.2048470377922058,0.2048470377922058
0.0,0.823566347360611,0.4975992292165756,0.007246547611430287,0.0,3356.0,normal,0.2148355171084404,0.2148355171084404
0.0,0.8065424263477325,0.7472435384988785,0.007246546680107713,0.0,3357.0,normal,0.23639516532421112,0.23639516532421112
0.0,0.9242216050624847,0.7558320760726929,0.007246547844260931,0.0,3358.0,normal,0.2607898563146591,0.2607898563146591
0.0,0.8044162690639496,0.9904874563217163,0.00724654970690608,0.0,3359.0,normal,0.2602943256497383,0.2602943256497383
0.0,0.8090226054191589,0.5730379372835159,0.00724654458463192,0.0,3360.0,normal,0.21947064995765686,0.21947064995765686
0.0,0.9091156721115112,0.6693234890699387,0.007246545283123851,0.0,3361.0,normal,0.24911782145500183,0.24911782145500183
0.0,0.8418566584587097,1.8277996182441711,0.007246543886139989,0.0,3362.0,normal,0.35151365399360657,0.35151365399360657
0.0,0.7965601086616516,0.8653945028781891,0.007246542721986771,0.0,3363.0,normal,0.24621380865573883,0.24621380865573883
0.0,0.8190063238143921,0.666614443063736,0.007246545748785138,0.0,3364.0,normal,0.2308250442147255,0.2308250442147255
0.0,0.8982338160276413,1.074348658323288,0.007246542489156127,0.0,3365.0,normal,0.28744395822286606,0.28744395822286606
0.0,0.8116578757762909,1.2057483196258545,0.007246542256325483,0.0,3366.0,normal,0.2832687497138977,0.2832687497138977
0.0,0.8771140575408936,0.6126108467578888,0.00724654970690608,0.0,3367.0,normal,0.2370462343096733,0.2370462343096733
0.0,0.902674674987793,0.7435778975486755,0.007246547611430287,0.0,3368.0,normal,0.2552550509572029,0.2552550509572029
0.0,0.9014969170093536,0.7859424948692322,0.007246547145769,0.0,3369.0,normal,0.25925596058368683,0.25925596058368683
0.0,0.9011816680431366,0.5951703190803528,0.007246549241244793,0.0,3370.0,normal,0.2401157058775425,0.2401157058775425
0.0,0.7940393686294556,1.0044165551662445,0.00724654458463192,0.0,3371.0,normal,0.2596118524670601,0.2596118524670601
0.0,0.8830557465553284,0.5977428704500198,0.0072465455159544945,0.0,3372.0,normal,0.23674777895212173,0.23674777895212173
0.0,0.8283282220363617,0.7449903786182404,0.0072465455159544945,0.0,3373.0,normal,0.24052701145410538,0.24052701145410538
0.0,1.0164232850074768,1.0771495699882507,0.007246543420478702,0.0,3374.0,normal,0.3113619387149811,0.3113619387149811
0.0,0.8187675178050995,0.7491025328636169,0.007246547844260931,0.0,3375.0,normal,0.23902609199285507,0.23902609199285507
0.0,0.8259056210517883,0.8323098570108414,0.00724654458463192,0.0,3376.0,normal,0.2487744390964508,0.2487744390964508
0.0,0.8206186890602112,1.3608773946762085,0.007246549474075437,0.0,3377.0,normal,0.30057381838560104,0.30057381838560104
0.0,0.992954432964325,2.457156717777252,0.007246548542752862,0.0,3378.0,normal,0.44466889649629593,0.44466889649629593
0.0,0.9781735837459564,1.6221968531608582,0.007246540626510978,0.0,3379.0,normal,0.3582167476415634,0.3582167476415634
0.0,0.9118385910987854,3.1046058535575867,0.007246546912938356,0.0,3380.0,normal,0.4931906461715698,0.4931906461715698
0.0,0.9768395721912384,7.745513916015625,0.00724653759971261,0.0,3381.0,normal,0.9702816605567932,0.9702816605567932
0.0,0.9339001476764679,2.442280203104019,0.0072465327102690935,0.0,3382.0,normal,0.4313703924417496,0.4313703924417496
0.0,0.8996057510375977,1.3983750939369202,0.007246543653309345,0.0,3383.0,normal,0.32012100517749786,0.32012100517749786
0.0,0.8459567576646805,1.2184933125972748,0.007246542954817414,0.0,3384.0,normal,0.29140301793813705,0.29140301793813705
0.0,0.8579013347625732,3.5478068590164185,0.007246551336720586,0.0,3385.0,normal,0.5267232954502106,0.5267232954502106
0.0,0.8107639402151108,4.105357378721237,0.007246561115607619,0.0,3386.0,normal,0.5730508044362068,0.5730508044362068
0.0,0.8658352196216583,3.138129472732544,0.007246549241244793,0.0,3387.0,normal,0.48734232783317566,0.48734232783317566
0.0,0.7631815522909164,8.65182900428772,0.007246555760502815,0.0,3388.0,normal,1.0181814879179,1.0181814879179
0.0,0.8687875270843506,4.812154054641724,0.0072465522680431604,0.0,3389.0,normal,0.6553352475166321,0.6553352475166321
0.0,0.8823539912700653,4.828422784805298,0.007246542256325483,0.0,3390.0,normal,0.6596754193305969,0.6596754193305969
0.0,0.8187392950057983,2.8318973779678345,0.007246549241244793,0.0,3391.0,normal,0.44729994237422943,0.44729994237422943
0.0,0.9247804582118988,2.7730709314346313,0.007246543187648058,0.0,3392.0,normal,0.46262551844120026,0.46262551844120026
0.0,0.8729081749916077,3.243867874145508,0.007246547378599644,0.0,3393.0,normal,0.4993307739496231,0.4993307739496231
0.0,0.8067217171192169,1.1265418231487274,0.007246549241244793,0.0,3394.0,normal,0.27436086535453796,0.27436086535453796
0.0,0.8657230734825134,1.2554821074008942,0.007246546680107713,0.0,3395.0,normal,0.29905517399311066,0.29905517399311066
0.0,0.8144056797027588,1.8465404510498047,0.007246547844260931,0.0,3396.0,normal,0.3478975296020508,0.3478975296020508
0.0,0.7996236085891724,1.0022772550582886,0.007246548775583506,0.0,3397.0,normal,0.2605147883296013,0.2605147883296013
0.0,0.7882541120052338,2.689910650253296,0.007246549939736724,0.0,3398.0,normal,0.42700423300266266,0.42700423300266266
0.0,0.8170335292816162,1.9233221411705017,0.007246550405398011,0.0,3399.0,normal,0.35610124468803406,0.35610124468803406
0.0,0.8549167215824127,2.29811592400074,0.007246545981615782,0.0,3400.0,normal,0.40115727484226227,0.40115727484226227
0.0,0.9034703969955444,3.6932125091552734,0.007246549008414149,0.0,3401.0,normal,0.5503776669502258,0.5503776669502258
0.0,0.8106669932603836,4.346283972263336,0.0072465455159544945,0.0,3402.0,normal,0.5971241220831871,0.5971241220831871
0.0,0.8078783452510834,5.32166463136673,0.007246535969898105,0.0,3403.0,normal,0.6941044479608536,0.6941044479608536
0.0,0.8730128854513168,3.5811930894851685,0.00724653503857553,0.0,3404.0,normal,0.5330842137336731,0.5330842137336731
0.0,0.8079413622617722,2.0885204821825027,0.00724653759971261,0.0,3405.0,normal,0.3708026520907879,0.3708026520907879
0.0,0.7902585566043854,2.1492844223976135,0.007246533874422312,0.0,3406.0,normal,0.37334249913692474,0.37334249913692474
0.0,0.8207940757274628,3.728062152862549,0.007246541092172265,0.0,3407.0,normal,0.5373273864388466,0.5373273864388466
0.0,0.810387372970581,5.749792098999023,0.007246543420478702,0.0,3408.0,normal,0.7374190390110016,0.7374190390110016
0.0,0.9158092439174652,4.099549412727356,0.0072465380653738976,0.0,3409.0,normal,0.593479111790657,0.593479111790657
0.0,0.7682523429393768,2.9287921488285065,0.007246543187648058,0.0,3410.0,normal,0.44689203426241875,0.44689203426241875
0.0,0.7937599122524261,1.6368845701217651,0.007246542721986771,0.0,3411.0,normal,0.3228027820587158,0.3228027820587158
0.0,0.7777222990989685,0.8920898139476776,0.007246541557833552,0.0,3412.0,normal,0.24511577934026718,0.24511577934026718
0.0,0.8200057148933411,0.8478941768407822,0.007246544351801276,0.0,3413.0,normal,0.24915289133787155,0.24915289133787155
0.0,0.8051732778549194,1.407641738653183,0.007246542954817414,0.0,3414.0,normal,0.30216118693351746,0.30216118693351746
0.0,0.9509644508361816,3.7769898176193237,0.007246549939736724,0.0,3415.0,normal,0.5682542026042938,0.5682542026042938
0.0,0.9182147085666656,3.7324408292770386,0.00724654458463192,0.0,3416.0,normal,0.5572493821382523,0.5572493821382523
0.0,0.9564898312091827,0.877187043428421,0.007246541092172265,0.0,3417.0,normal,0.2793790176510811,0.2793790176510811
0.0,1.3563157320022583,0.9511090889573097,0.007246539229527116,0.0,3418.0,normal,0.36673638224601746,0.36673638224601746
0.0,0.8681025505065918,2.438024163246155,0.0072465327102690935,0.0,3419.0,normal,0.41778527200222015,0.41778527200222015
0.0,1.2327484786510468,1.8233691453933716,0.007246531313285232,0.0,3420.0,normal,0.42924895882606506,0.42924895882606506
0.0,1.4764973521232605,0.6664252877235413,0.007246539695188403,0.0,3421.0,normal,0.36230433732271194,0.36230433732271194
0.0,0.9889780580997467,0.7596901655197144,0.00724653247743845,0.0,3422.0,normal,0.27412697672843933,0.27412697672843933
0.0,1.1543660461902618,0.7506067156791687,0.007246534805744886,0.0,3423.0,normal,0.306296207010746,0.306296207010746
0.0,1.1357409358024597,0.7513483315706253,0.007246535969898105,0.0,3424.0,normal,0.30264537036418915,0.30264537036418915
0.0,0.9104580283164978,1.5104395747184753,0.0072465387638658285,0.0,3425.0,normal,0.33349791169166565,0.33349791169166565
0.0,1.040199339389801,1.6244213581085205,0.007246539928019047,0.0,3426.0,normal,0.37084434926509857,0.37084434926509857
0.0,0.8384299874305725,0.6510691940784454,0.007246536668390036,0.0,3427.0,normal,0.2331552430987358,0.2331552430987358
0.0,0.8399415910243988,0.8499903678894043,0.007246536435559392,0.0,3428.0,normal,0.2533496841788292,0.2533496841788292
0.0,0.8528364896774292,0.3859572559595108,0.007246531313285232,0.0,3429.0,normal,0.20952535420656204,0.20952535420656204
0.0,0.7813237607479095,1.0435476899147034,0.007246526191011071,0.0,3430.0,normal,0.26098185405135155,0.26098185405135155
0.0,0.8266522288322449,1.1822810769081116,0.007246529683470726,0.0,3431.0,normal,0.28392088413238525,0.28392088413238525
0.0,0.7693441212177277,2.5909345746040344,0.0072465259581804276,0.0,3432.0,normal,0.41332461684942245,0.41332461684942245
0.0,0.7355584502220154,3.8412939310073853,0.007246531778946519,0.0,3433.0,normal,0.5316034257411957,0.5316034257411957
0.0,0.8553803265094757,5.720246434211731,0.00724654458463192,0.0,3434.0,normal,0.743463009595871,0.743463009595871
0.0,0.8213499486446381,3.1692937314510345,0.007246531080454588,0.0,3435.0,normal,0.48156171292066574,0.48156171292066574
0.0,0.7602847516536713,3.2380935549736023,0.007246535969898105,0.0,3436.0,normal,0.47622864693403244,0.47622864693403244
0.0,1.0346206426620483,8.365015029907227,0.007246534805744886,0.0,3437.0,normal,1.0437880158424377,1.0437880158424377
0.0,0.7165780812501907,7.84621274471283,0.007246518973261118,0.0,3438.0,normal,0.9282991960644722,0.9282991960644722
0.0,0.8652858436107635,4.6471686363220215,0.007246528984978795,0.0,3439.0,normal,0.6381363719701767,0.6381363719701767
0.0,0.786130964756012,5.939216077327728,0.007246525725349784,0.0,3440.0,normal,0.7515100985765457,0.7515100985765457
0.0,0.9448375105857849,7.127090930938721,0.007246529683470726,0.0,3441.0,normal,0.9020389914512634,0.9020389914512634
0.0,0.8351970911026001,15.552965641021729,0.007246536901220679,0.0,3442.0,normal,1.7226983606815338,1.7226983606815338
0.0,0.8314823806285858,9.81655478477478,0.00724654202349484,0.0,3443.0,normal,1.1483142971992493,1.1483142971992493
0.0,0.8231361508369446,16.38563346862793,0.007246553897857666,0.0,3444.0,normal,1.803552895784378,1.803552895784378
0.0,1.0484991073608398,52.75728225708008,0.007246604887768626,0.0,3445.0,normal,5.485790491104126,5.485790491104126
0.0,1.1036819145083427,33.91567921638489,0.007246585795655847,0.0,3446.0,normal,3.6126667261123657,3.6126667261123657
0.0,0.8935494124889374,24.349327564239502,0.007246606983244419,0.0,3447.0,normal,2.6140050292015076,2.6140050292015076
0.0,0.7428142130374908,29.014492511749268,0.0072465697303414345,0.0,3448.0,normal,3.050374388694763,3.050374388694763
0.0,0.8425670564174652,12.21576976776123,0.0072465569246560335,0.0,3449.0,normal,1.3904526829719543,1.3904526829719543
0.0,0.8982763290405273,3.1189947724342346,0.0072465455159544945,0.0,3450.0,normal,0.49191706627607346,0.49191706627607346
0.0,0.8987172245979309,2.5682453513145447,0.0072465266566723585,0.0,3451.0,normal,0.4369303286075592,0.4369303286075592
0.0,0.874919205904007,2.7174983620643616,0.007246527820825577,0.0,3452.0,normal,0.4470960199832916,0.4470960199832916
0.0,0.8763940632343292,3.4437954425811768,0.007246521068736911,0.0,3453.0,normal,0.5200206935405731,0.5200206935405731
0.0,1.0871845036745071,4.951620995998383,0.007246521534398198,0.0,3454.0,normal,0.7129613608121872,0.7129613608121872
0.0,0.9643935859203339,6.140509366989136,0.007246534805744886,0.0,3455.0,normal,0.8072919845581055,0.8072919845581055
0.0,0.9153246581554413,12.693738877773285,0.007246527820825577,0.0,3456.0,normal,1.4528012573719025,1.4528012573719025
0.0,1.0244406163692474,14.128968715667725,0.007246543187648058,0.0,3457.0,normal,1.6181473135948181,1.6181473135948181
0.0,0.8261234164237976,13.034289360046387,0.007246559485793114,0.0,3458.0,normal,1.4690159261226654,1.4690159261226654
0.0,0.8408688604831696,6.110889911651611,0.007246553665027022,0.0,3459.0,normal,0.7796250432729721,0.7796250432729721
0.0,0.8092792630195618,4.760509252548218,0.007246567867696285,0.0,3460.0,normal,0.6382691264152527,0.6382691264152527
0.0,0.9152332544326782,3.599320411682129,0.007246565073728561,0.0,3461.0,normal,0.5433410406112671,0.5433410406112671
0.0,0.7983442842960358,2.2298449277877808,0.0072465636767446995,0.0,3462.0,normal,0.3830156773328781,0.3830156773328781
0.0,0.8392320871353149,1.8929076194763184,0.0072465515695512295,0.0,3463.0,normal,0.35749951004981995,0.35749951004981995
0.0,0.8631994128227234,2.3561477661132812,0.007246545283123851,0.0,3464.0,normal,0.4086169898509979,0.4086169898509979
0.0,0.7711165249347687,3.47242534160614,0.007246531778946519,0.0,3465.0,normal,0.5018281936645508,0.5018281936645508
0.0,0.8478311002254486,4.284514427185059,0.007246530847623944,0.0,3466.0,normal,0.5983800143003464,0.5983800143003464
0.0,0.7977653741836548,4.917307496070862,0.0072465280536562204,0.0,3467.0,normal,0.6516461670398712,0.6516461670398712
0.0,0.8174965977668762,2.838815987110138,0.007246525026857853,0.0,3468.0,normal,0.4477432668209076,0.4477432668209076
0.0,0.7605974189937115,2.6526079177856445,0.0072465341072529554,0.0,3469.0,normal,0.41774261742830276,0.41774261742830276
0.0,0.8098944574594498,2.4053062200546265,0.007246529683470726,0.0,3470.0,normal,0.40287183970212936,0.40287183970212936
0.0,0.8412438333034515,2.216976150870323,0.007246543187648058,0.0,3471.0,normal,0.3903087377548218,0.3903087377548218
0.0,0.8300113379955292,3.601260185241699,0.007246541325002909,0.0,3472.0,normal,0.5264906287193298,0.5264906287193298
0.0,0.8242205083370209,2.4250608682632446,0.007246543886139989,0.0,3473.0,normal,0.40771253407001495,0.40771253407001495
0.0,0.7847484946250916,2.039020001888275,0.007246545981615782,0.0,3474.0,normal,0.3612140491604805,0.3612140491604805
0.0,0.8261398077011108,0.855002224445343,0.007246541092172265,0.0,3475.0,normal,0.25109051913022995,0.25109051913022995
0.0,0.9492877423763275,1.650436282157898,0.00724654202349484,0.0,3476.0,normal,0.35526353120803833,0.35526353120803833
0.0,0.7496120929718018,1.1668856143951416,0.007246530847623944,0.0,3477.0,normal,0.2669733092188835,0.2669733092188835
0.0,0.750083863735199,1.9218741059303284,0.007246530847623944,0.0,3478.0,normal,0.34256651997566223,0.34256651997566223
0.0,0.788036435842514,0.5821750462055206,0.007246528519317508,0.0,3479.0,normal,0.21618711203336716,0.21618711203336716
0.0,0.7898702323436737,0.5554783716797829,0.0072465259581804276,0.0,3480.0,normal,0.21388422697782516,0.21388422697782516
0.0,0.7377216517925262,0.5134391188621521,0.0072465259581804276,0.0,3481.0,normal,0.19925057142972946,0.19925057142972946
0.0,0.8089981973171234,0.5649533718824387,0.007246525259688497,0.0,3482.0,normal,0.21865730732679367,0.21865730732679367
0.0,0.777056097984314,0.598796933889389,0.007246523862704635,0.0,3483.0,normal,0.21565324813127518,0.21565324813127518
0.0,0.846211314201355,0.41539229452610016,0.007246524561196566,0.0,3484.0,normal,0.21114381402730942,0.21114381402730942
0.0,0.9320035576820374,0.408854216337204,0.007246525725349784,0.0,3485.0,normal,0.22764847055077553,0.22764847055077553
0.0,0.821998655796051,0.47938451170921326,0.007246526191011071,0.0,3486.0,normal,0.2127005197107792,0.2127005197107792
0.0,0.8898309171199799,0.5022973418235779,0.007246522698551416,0.0,3487.0,normal,0.2285582423210144,0.2285582423210144
0.0,0.7838402539491653,0.7108006477355957,0.007246524095535278,0.0,3488.0,normal,0.2282104454934597,0.2282104454934597
0.0,0.8133685886859894,0.3572518676519394,0.007246523164212704,0.0,3489.0,normal,0.1987612321972847,0.1987612321972847
0.0,0.9058954119682312,0.4618288278579712,0.0072465206030756235,0.0,3490.0,normal,0.22772429138422012,0.22772429138422012
0.0,0.7882238477468491,0.3842601329088211,0.007246521767228842,0.0,3491.0,normal,0.19643312320113182,0.19643312320113182
0.0,0.8496053218841553,0.3799239993095398,0.007246519206091762,0.0,3492.0,normal,0.20827579498291016,0.20827579498291016
0.0,0.8165553510189056,0.47887861728668213,0.007246519671753049,0.0,3493.0,normal,0.21156127005815506,0.21156127005815506
0.0,0.7817250788211823,0.32395829260349274,0.007246519206091762,0.0,3494.0,normal,0.1891031712293625,0.1891031712293625
0.0,0.8171128928661346,0.35010889917612076,0.007246519206091762,0.0,3495.0,normal,0.19879578799009323,0.19879578799009323
0.0,0.7781493067741394,0.49303314089775085,0.007246520835906267,0.0,3496.0,normal,0.20529550313949585,0.20529550313949585
0.0,0.7807084918022156,1.216753363609314,0.007246518740430474,0.0,3497.0,normal,0.2781793624162674,0.2781793624162674
0.0,0.8321577906608582,0.8919588923454285,0.007246516877785325,0.0,3498.0,normal,0.25598978251218796,0.25598978251218796
0.0,0.8122826218605042,1.2604405283927917,0.007246519206091762,0.0,3499.0,normal,0.2888628989458084,0.2888628989458084
0.0,0.8167299628257751,0.7735594511032104,0.007246515480801463,0.0,3500.0,normal,0.24106427282094955,0.24106427282094955
0.0,0.7473419606685638,0.9719202518463135,0.007246516877785325,0.0,3501.0,normal,0.24702275544404984,0.24702275544404984
0.0,0.869915783405304,1.383895993232727,0.007246512686833739,0.0,3502.0,normal,0.31273508816957474,0.31273508816957474
0.0,0.8104961514472961,2.6904252767562866,0.007246519438922405,0.0,3503.0,normal,0.43150410056114197,0.43150410056114197
0.0,0.7761105895042419,0.7930667996406555,0.007246517110615969,0.0,3504.0,normal,0.2348911240696907,0.2348911240696907
0.0,0.7222413718700409,1.3831902146339417,0.0072465178091079,0.0,3505.0,normal,0.28312964737415314,0.28312964737415314
0.0,0.7485641837120056,1.6329702734947205,0.0072465178091079,0.0,3506.0,normal,0.3133722096681595,0.3133722096681595
0.0,0.8436106443405151,0.9612993001937866,0.007246513152495027,0.0,3507.0,normal,0.26521439105272293,0.26521439105272293
0.0,0.8317907154560089,0.8018751591444016,0.007246515713632107,0.0,3508.0,normal,0.24690799415111542,0.24690799415111542
0.0,0.7367534935474396,0.44434531033039093,0.007246516644954681,0.0,3509.0,normal,0.19214755296707153,0.19214755296707153
0.0,0.7731874287128448,0.34923841059207916,0.007246517110615969,0.0,3510.0,normal,0.18992365151643753,0.18992365151643753
0.0,0.7308018654584885,0.34982772916555405,0.007246518041938543,0.0,3511.0,normal,0.1815054751932621,0.1815054751932621
0.0,0.7303284257650375,0.48163948953151703,0.0072465178091079,0.0,3512.0,normal,0.1945919767022133,0.1945919767022133
0.0,0.7721062898635864,0.37543170154094696,0.0072465178091079,0.0,3513.0,normal,0.19232676550745964,0.19232676550745964
0.0,0.8457836210727692,0.5711864233016968,0.007246516877785325,0.0,3514.0,normal,0.22663769125938416,0.22663769125938416
0.0,0.7469938099384308,0.4029719680547714,0.007246515015140176,0.0,3515.0,normal,0.19005828350782394,0.19005828350782394
0.0,0.8311184942722321,0.3395208567380905,0.00724651338532567,0.0,3516.0,normal,0.20053811371326447,0.20053811371326447
0.0,0.7441116869449615,0.2997844070196152,0.007246512686833739,0.0,3517.0,normal,0.1791631057858467,0.1791631057858467
0.0,0.7693563997745514,0.3395070731639862,0.007246512221172452,0.0,3518.0,normal,0.18818432092666626,0.18818432092666626
0.0,0.7646971940994263,0.31995223462581635,0.007246512686833739,0.0,3519.0,normal,0.18529698997735977,0.18529698997735977
0.0,0.7682165503501892,0.2937648855149746,0.007246512221172452,0.0,3520.0,normal,0.18338212370872498,0.18338212370872498
0.0,0.7843121737241745,0.411049947142601,0.00724651338532567,0.0,3521.0,normal,0.19832976907491684,0.19832976907491684
0.0,0.8700485825538635,0.4190439283847809,0.007246511988341808,0.0,3522.0,normal,0.21627644449472427,0.21627644449472427
0.0,0.8495786488056183,0.48544178903102875,0.007246512454003096,0.0,3523.0,normal,0.21882222592830658,0.21882222592830658
0.0,0.8278800249099731,0.8133464455604553,0.007246510591357946,0.0,3524.0,normal,0.24727297574281693,0.24727297574281693
0.0,1.1038222908973694,1.4887347519397736,0.007246510358527303,0.0,3525.0,normal,0.3700002580881119,0.3700002580881119
0.0,1.0163750052452087,0.7940994054079056,0.007246510358527303,0.0,3526.0,normal,0.28304727375507355,0.28304727375507355
0.0,0.9719372093677521,1.0747478008270264,0.007246510358527303,0.0,3527.0,normal,0.3022245615720749,0.3022245615720749
0.0,0.9427537024021149,1.071402132511139,0.00724650826305151,0.0,3528.0,normal,0.29605329036712646,0.29605329036712646
0.0,0.7270508706569672,1.2059984505176544,0.007246512221172452,0.0,3529.0,normal,0.26637234538793564,0.26637234538793564
0.0,0.8262304961681366,0.9318612664937973,0.007246511289849877,0.0,3530.0,normal,0.25879456102848053,0.25879456102848053
0.0,0.7624886631965637,0.7227531149983406,0.0072465138509869576,0.0,3531.0,normal,0.22513536363840103,0.22513536363840103
0.0,0.7790229022502899,0.7518934905529022,0.0072465145494788885,0.0,3532.0,normal,0.23135625571012497,0.23135625571012497
0.0,0.8123672306537628,0.36780665814876556,0.0072465138509869576,0.0,3533.0,normal,0.1996164321899414,0.1996164321899414
0.0,0.7497966587543488,0.5933858156204224,0.007246513618156314,0.0,3534.0,normal,0.20966023951768875,0.20966023951768875
0.0,0.8819183111190796,0.9302020072937012,0.007246510358527303,0.0,3535.0,normal,0.2697661966085434,0.2697661966085434
0.0,0.7380746304988861,1.4022185802459717,0.007246510125696659,0.0,3536.0,normal,0.28819911926984787,0.28819911926984787
0.0,0.8297711908817291,0.35952748358249664,0.00724651082418859,0.0,3537.0,normal,0.2022693082690239,0.2022693082690239
0.0,0.764784038066864,0.5379962027072906,0.007246508728712797,0.0,3538.0,normal,0.20711874961853027,0.20711874961853027
0.0,0.7946309447288513,0.6401197016239166,0.007246509660035372,0.0,3539.0,normal,0.2233004868030548,0.2233004868030548
0.0,0.7436388731002808,1.6425828337669373,0.007246509427204728,0.0,3540.0,normal,0.3133483976125717,0.3133483976125717
0.0,0.8014066815376282,1.1543956995010376,0.007246506400406361,0.0,3541.0,normal,0.27608325332403183,0.27608325332403183
0.0,0.7319383770227432,1.1189523041248322,0.007246506866067648,0.0,3542.0,normal,0.2586452439427376,0.2586452439427376
0.0,0.7657988965511322,1.5862462371587753,0.007246502907946706,0.0,3543.0,normal,0.31214673072099686,0.31214673072099686
0.0,0.7383660674095154,2.106446146965027,0.00724650383926928,0.0,3544.0,normal,0.3586801737546921,0.3586801737546921
0.0,0.711106464266777,1.0263727605342865,0.007246510591357946,0.0,3545.0,normal,0.24522089958190918,0.24522089958190918
0.0,0.7632834613323212,0.7850410640239716,0.007246509660035372,0.0,3546.0,normal,0.23152313381433487,0.23152313381433487
0.0,0.8550837635993958,0.8654550313949585,0.007246512919664383,0.0,3547.0,normal,0.2579245939850807,0.2579245939850807
0.0,0.702948123216629,0.9510605335235596,0.007246511057019234,0.0,3548.0,normal,0.23605801910161972,0.23605801910161972
0.0,1.0122552514076233,0.7271576225757599,0.00724651082418859,0.0,3549.0,normal,0.2755291536450386,0.2755291536450386
0.0,0.9127292037010193,0.6420639455318451,0.007246511988341808,0.0,3550.0,normal,0.24711456149816513,0.24711456149816513
0.0,0.9983434677124023,0.8878017365932465,0.0072465077973902225,0.0,3551.0,normal,0.28881119936704636,0.28881119936704636
0.0,0.8679145276546478,1.817413568496704,0.007246508961543441,0.0,3552.0,normal,0.35568660497665405,0.35568660497665405
0.0,0.7312936931848526,1.9917637705802917,0.007246510591357946,0.0,3553.0,normal,0.34579746425151825,0.34579746425151825
0.0,0.89024218916893,1.209217369556427,0.00724651338532567,0.0,3554.0,normal,0.29933249950408936,0.29933249950408936
0.0,0.8737726509571075,2.3382169604301453,0.0072465213015675545,0.0,3555.0,normal,0.40893857181072235,0.40893857181072235
0.0,0.8003546595573425,0.508229672908783,0.007246516179293394,0.0,3556.0,normal,0.2112562283873558,0.2112562283873558
0.0,0.8936795294284821,0.638043612241745,0.007246510591357946,0.0,3557.0,normal,0.24290259927511215,0.24290259927511215
0.0,0.8473302125930786,1.6447277665138245,0.007246511988341808,0.0,3558.0,normal,0.3343011438846588,0.3343011438846588
0.0,0.9342156946659088,2.6639584451913834,0.007246505236253142,0.0,3559.0,normal,0.45360132306814194,0.45360132306814194
0.0,0.7964075803756714,3.0793921649456024,0.007246512686833739,0.0,3560.0,normal,0.467583067715168,0.467583067715168
0.0,0.7366119921207428,3.753806948661804,0.007246507331728935,0.0,3561.0,normal,0.5230654627084732,0.5230654627084732
0.0,0.7859589457511902,5.0900373458862305,0.007246510358527303,0.0,3562.0,normal,0.6665579080581665,0.6665579080581665
0.0,0.8181988298892975,7.383104681968689,0.007246508728712797,0.0,3563.0,normal,0.9023125544190407,0.9023125544190407
0.0,0.7986595928668976,4.239858865737915,0.007246500113978982,0.0,3564.0,normal,0.584080159664154,0.584080159664154
0.0,0.9900986403226852,5.688761800527573,0.007246507564559579,0.0,3565.0,normal,0.7672582045197487,0.7672582045197487
0.0,0.7454659044742584,5.264554500579834,0.007246501045301557,0.0,3566.0,normal,0.6759109795093536,0.6759109795093536
0.0,0.8477699160575867,6.591311693191528,0.007246505236253142,0.0,3567.0,normal,0.8290475010871887,0.8290475010871887
0.0,0.7753304839134216,3.9911853671073914,0.007246511057019234,0.0,3568.0,normal,0.554546982049942,0.554546982049942
0.0,0.768803671002388,2.6023276448249817,0.007246513152495027,0.0,3569.0,normal,0.4143558442592621,0.4143558442592621
0.0,0.7043368816375732,3.83609277009964,0.007246521767228842,0.0,3570.0,normal,0.5248389840126038,0.5248389840126038
0.0,0.7240695655345917,1.5902140140533447,0.007246520835906267,0.0,3571.0,normal,0.30419764667749405,0.30419764667749405
0.0,0.7432599365711212,4.134687066078186,0.007246517343446612,0.0,3572.0,normal,0.5624830573797226,0.5624830573797226
0.0,0.7770812511444092,2.6692270040512085,0.0072465178091079,0.0,3573.0,normal,0.42270129919052124,0.42270129919052124
0.0,0.7267301082611084,3.8798857033252716,0.007246511289849877,0.0,3574.0,normal,0.5336969420313835,0.5336969420313835
0.0,0.9277639985084534,12.588236808776855,0.007246506167575717,0.0,3575.0,normal,1.4447388052940369,1.4447388052940369
0.0,0.8662569224834442,9.36333155632019,0.007246514083817601,0.0,3576.0,normal,1.1099469065666199,1.1099469065666199
0.0,0.7690588533878326,6.916239082813263,0.007246506866067648,0.0,3577.0,normal,0.8457980304956436,0.8457980304956436
0.0,0.7717265486717224,8.341900795698166,0.007246521068736911,0.0,3578.0,normal,0.9888976886868477,0.9888976886868477
0.0,0.7874816060066223,7.073303997516632,0.007246516412124038,0.0,3579.0,normal,0.8651890009641647,0.8651890009641647
0.0,0.7800065577030182,7.674223184585571,0.0072465259581804276,0.0,3580.0,normal,0.9237860143184662,0.9237860143184662
0.0,0.7827266752719879,5.797322392463684,0.007246529450640082,0.0,3581.0,normal,0.7366398572921753,0.7366398572921753
0.0,0.7612801045179367,3.0842397212982178,0.007246523164212704,0.0,3582.0,normal,0.4610423445701599,0.4610423445701599
0.0,0.7636721134185791,2.6990283727645874,0.007246520835906267,0.0,3583.0,normal,0.4229995906352997,0.4229995906352997
0.0,0.8133092820644379,2.3771881461143494,0.007246511522680521,0.0,3584.0,normal,0.4007430225610733,0.4007430225610733
0.0,0.7388857901096344,4.350051641464233,0.007246506866067648,0.0,3585.0,normal,0.5831446647644043,0.5831446647644043
0.0,0.8271267414093018,3.3667860627174377,0.00724650383926928,0.0,3586.0,normal,0.5024662911891937,0.5024662911891937
0.0,0.6628625094890594,4.788873940706253,0.007246499881148338,0.0,3587.0,normal,0.611822210252285,0.611822210252285
0.0,0.8565891981124878,6.199671506881714,0.00724650570191443,0.0,3588.0,normal,0.791647344827652,0.791647344827652
0.0,0.8815817683935165,6.435791611671448,0.007246509427204728,0.0,3589.0,normal,0.820257842540741,0.820257842540741
0.0,0.8120943605899811,4.948830246925354,0.00724649871699512,0.0,3590.0,normal,0.6576642394065857,0.6576642394065857
0.0,0.8976965844631195,5.371092915534973,0.00724650570191443,0.0,3591.0,normal,0.7170109301805496,0.7170109301805496
0.0,0.7807485461235046,6.0694760382175446,0.007246496621519327,0.0,3592.0,normal,0.7634596526622772,0.7634596526622772
0.0,0.8803490698337555,13.584741115570068,0.007246500113978982,0.0,3593.0,normal,1.5349062085151672,1.5349062085151672
0.0,0.8921648263931274,18.332104682922363,0.007246514782309532,0.0,3594.0,normal,2.0120058059692383,2.0120058059692383
0.0,0.6657327711582184,9.815723359584808,0.007246504304930568,0.0,3595.0,normal,1.1150811836123466,1.1150811836123466
0.0,0.969783216714859,13.290110111236572,0.007246521068736911,0.0,3596.0,normal,1.5233300849795341,1.5233300849795341
0.0,0.7707451581954956,11.828925848007202,0.007246514782309532,0.0,3597.0,normal,1.3374040573835373,1.3374040573835373
0.0,0.8271080553531647,12.03755795955658,0.0072465273551642895,0.0,3598.0,normal,1.3695397675037384,1.3695397675037384
0.0,0.7405662834644318,14.062166213989258,0.007246522232890129,0.0,3599.0,normal,1.5546922087669373,1.5546922087669373
0.0,0.7248661667108536,11.134850859642029,0.00724650826305151,0.0,3600.0,normal,1.2588207572698593,1.2588207572698593
0.0,0.7157138735055923,5.869565010070801,0.007246505236253142,0.0,3601.0,normal,0.7304616272449493,0.7304616272449493
0.0,0.740365594625473,5.161829352378845,0.00724649359472096,0.0,3602.0,normal,0.6646183431148529,0.6646183431148529
0.0,0.7296219766139984,4.104626893997192,0.007246492197737098,0.0,3603.0,normal,0.5567494332790375,0.5567494332790375
0.0,0.6941334009170532,5.520078420639038,0.007246490567922592,0.0,3604.0,normal,0.691196858882904,0.691196858882904
0.0,0.8888958692550659,8.075680255889893,0.007246494293212891,0.0,3605.0,normal,0.9857095181941986,0.9857095181941986
0.0,0.7745607495307922,11.49981039762497,0.007246507564559579,0.0,3606.0,normal,1.3052555620670319,1.3052555620670319
0.0,0.8297266811132431,8.354143142700195,0.007246499648317695,0.0,3607.0,normal,1.001721978187561,1.001721978187561
0.0,0.7651940882205963,8.738302230834961,0.007246514083817601,0.0,3608.0,normal,1.027231365442276,1.027231365442276
0.0,0.7553700506687164,10.578764259815216,0.0072465017437934875,0.0,3609.0,normal,1.2093128114938736,1.2093128114938736
0.0,0.8651222586631775,20.28251314163208,0.007246515713632107,0.0,3610.0,normal,2.201638162136078,2.201638162136078
0.0,0.740115225315094,20.34389877319336,0.0072465280536562204,0.0,3611.0,normal,2.182775318622589,2.182775318622589
0.0,0.6628653109073639,26.50490379333496,0.007246517343446612,0.0,3612.0,normal,2.7834259271621704,2.7834259271621704
0.0,0.7408083379268646,16.129727840423584,0.0072465159464627504,0.0,3613.0,normal,1.7614968121051788,1.7614968121051788
0.0,0.7992556691169739,13.507081031799316,0.007246495224535465,0.0,3614.0,normal,1.5109215378761292,1.5109215378761292
0.0,0.8571701943874359,14.084869384765625,0.007246506866067648,0.0,3615.0,normal,1.580283373594284,1.580283373594284
0.0,0.7695252001285553,20.63152253627777,0.007246494293212891,0.0,3616.0,normal,2.2174197137355804,2.2174197137355804
0.0,0.805359810590744,11.581517815589905,0.007246502907946706,0.0,3617.0,normal,1.3195861503481865,1.3195861503481865
0.0,0.756236121058464,18.384422063827515,0.007246490800753236,0.0,3618.0,normal,1.9900517761707306,1.9900517761707306
0.0,0.7423364520072937,14.168967723846436,0.007246495224535465,0.0,3619.0,normal,1.5657265186309814,1.5657265186309814
0.0,0.7769602686166763,14.469186305999756,0.007246506167575717,0.0,3620.0,normal,1.6026729345321655,1.6026729345321655
0.0,0.9518426060676575,10.648021697998047,0.0072465145494788885,0.0,3621.0,normal,1.25553297996521,1.25553297996521
0.0,1.07548788189888,15.193369388580322,0.007246511057019234,0.0,3622.0,normal,1.7347967624664307,1.7347967624664307
0.0,0.7187174260616302,11.49189043045044,0.0072465152479708195,0.0,3623.0,normal,1.2932947874069214,1.2932947874069214
0.0,0.8367519378662109,7.918460845947266,0.00724652549251914,0.0,3624.0,normal,0.9595588147640228,0.9595588147640228
0.0,0.8975383043289185,6.374932289123535,0.007246529450640082,0.0,3625.0,normal,0.8173632323741913,0.8173632323741913
0.0,0.81355220079422,17.54497718811035,0.007246522698551416,0.0,3626.0,normal,1.9175705909729004,1.9175705909729004
0.0,1.0082833170890808,9.37188184261322,0.007246512686833739,0.0,3627.0,normal,1.139207236468792,1.139207236468792
0.0,1.2030436992645264,6.394587516784668,0.0072465138509869576,0.0,3628.0,normal,0.8804298341274261,0.8804298341274261
0.0,0.8170336186885834,5.33136773109436,0.007246500113978982,0.0,3629.0,normal,0.6969058215618134,0.6969058215618134
0.0,0.9297413229942322,8.004805564880371,0.00724650570191443,0.0,3630.0,normal,0.9867911636829376,0.9867911636829376
0.0,0.6781191825866699,8.927281379699707,0.007246494060382247,0.0,3631.0,normal,1.0287143290042877,1.0287143290042877
0.0,0.8841424286365509,9.892328023910522,0.0072465077973902225,0.0,3632.0,normal,1.1664235889911652,1.1664235889911652
0.0,0.7912118881940842,11.110125184059143,0.007246502907946706,0.0,3633.0,normal,1.2696172893047333,1.2696172893047333
0.0,0.7289409041404724,10.339830160140991,0.007246523164212704,0.0,3634.0,normal,1.1801335588097572,1.1801335588097572
0.0,0.8738142549991608,6.2979423105716705,0.00724652037024498,0.0,3635.0,normal,0.8049193918704987,0.8049193918704987
0.0,0.6850435584783554,8.301455557346344,0.007246537134051323,0.0,3636.0,normal,0.9675165414810181,0.9675165414810181
0.0,1.033901184797287,10.203261256217957,0.007246524794027209,0.0,3637.0,normal,1.2274686992168427,1.2274686992168427
0.0,0.8556143641471863,11.325096607208252,0.007246522465720773,0.0,3638.0,normal,1.3039948344230652,1.3039948344230652
0.0,0.7078157663345337,12.447746515274048,0.007246512454003096,0.0,3639.0,normal,1.3867001831531525,1.3867001831531525
0.0,0.7682799398899078,8.347001075744629,0.007246506866067648,0.0,3640.0,normal,0.9887184202671051,0.9887184202671051
0.0,0.64544877409935,18.895272731781006,0.007246503606438637,0.0,3641.0,normal,2.0189793705940247,2.0189793705940247
0.0,0.7462191879749298,13.135437965393066,0.0072464956901967525,0.0,3642.0,normal,1.4631500244140625,1.4631500244140625
0.0,0.9308066368103027,10.766915142536163,0.007246507098898292,0.0,3643.0,normal,1.2632151991128922,1.2632151991128922
0.0,1.0471454411745071,8.050015211105347,0.007246505003422499,0.0,3644.0,normal,1.014792948961258,1.014792948961258
0.0,0.8548808693885803,9.961534976959229,0.0072465199045836926,0.0,3645.0,normal,1.167492002248764,1.167492002248764
0.0,0.9318374991416931,7.938471078872681,0.0072465178091079,0.0,3646.0,normal,0.980576902627945,0.980576902627945
0.0,0.9014392197132111,6.798693895339966,0.007246528984978795,0.0,3647.0,normal,0.8605195581912994,0.8605195581912994
0.0,0.8380902484059334,7.390390396118164,0.007246520137414336,0.0,3648.0,normal,0.9070194065570831,0.9070194065570831
0.0,0.9332038164138794,7.921319007873535,0.007246532244607806,0.0,3649.0,normal,0.9791350066661835,0.9791350066661835
0.0,0.8642065227031708,7.98708701133728,0.007246517576277256,0.0,3650.0,normal,0.9719123542308807,0.9719123542308807
0.0,0.8885498642921448,9.182543992996216,0.007246524794027209,0.0,3651.0,normal,1.0963266789913177,1.0963266789913177
0.0,0.7809536457061768,8.285583555698395,0.00724650826305151,0.0,3652.0,normal,0.9851114302873611,0.9851114302873611
0.0,0.8439738154411316,6.511186182498932,0.0072465077973902225,0.0,3653.0,normal,0.8202756941318512,0.8202756941318512
0.0,0.9370381236076355,2.9013739824295044,0.007246496621519327,0.0,3654.0,normal,0.47790735960006714,0.47790735960006714
0.0,0.779229998588562,4.731334745883942,0.007246499415487051,0.0,3655.0,normal,0.6293418556451797,0.6293418556451797
0.0,1.0155258774757385,5.337690949440002,0.007246493361890316,0.0,3656.0,normal,0.7372365742921829,0.7372365742921829
0.0,1.0485438704490662,5.130159020423889,0.007246498018503189,0.0,3657.0,normal,0.7230870127677917,0.7230870127677917
0.0,0.9122816026210785,4.4817726612091064,0.007246497785672545,0.0,3658.0,normal,0.6309959441423416,0.6309959441423416
0.0,0.8820552229881287,2.082265079021454,0.0072465024422854185,0.0,3659.0,normal,0.3849999010562897,0.3849999010562897
0.0,0.928093820810318,3.140683114528656,0.007246502209454775,0.0,3660.0,normal,0.5000494122505188,0.5000494122505188
0.0,0.8016852140426636,2.2081117630004883,0.007246503373607993,0.0,3661.0,normal,0.38151057064533234,0.38151057064533234
0.0,0.9216724634170532,1.2869735658168793,0.007246504072099924,0.0,3662.0,normal,0.3133941888809204,0.3133941888809204
0.0,0.7116802632808685,1.202062413096428,0.007246504304930568,0.0,3663.0,normal,0.26290462911129,0.26290462911129
0.0,0.8116790950298309,1.8275337219238281,0.007246499881148338,0.0,3664.0,normal,0.3454515263438225,0.3454515263438225
0.0,0.9784297347068787,0.7269496098160744,0.007246498018503189,0.0,3665.0,normal,0.26874326169490814,0.26874326169490814
0.0,1.0006166100502014,0.7609146535396576,0.007246492430567741,0.0,3666.0,normal,0.2765771150588989,0.2765771150588989
0.0,0.837586909532547,1.1792216897010803,0.007246492430567741,0.0,3667.0,normal,0.28580189496278763,0.28580189496278763
0.0,0.9310247302055359,0.989020973443985,0.007246489403769374,0.0,3668.0,normal,0.2854693979024887,0.2854693979024887
0.0,0.8379383385181427,1.1321039944887161,0.007246490800753236,0.0,3669.0,normal,0.281160406768322,0.281160406768322
0.0,0.8148990869522095,0.8365857601165771,0.007246491266414523,0.0,3670.0,normal,0.24700073152780533,0.24700073152780533
0.0,0.8642880320549011,0.7511590868234634,0.007246494293212891,0.0,3671.0,normal,0.2483358383178711,0.2483358383178711
0.0,0.6759412884712219,0.729813426733017,0.007246494526043534,0.0,3672.0,normal,0.2085319310426712,0.2085319310426712
0.0,0.8767320513725281,0.7436924874782562,0.007246497785672545,0.0,3673.0,normal,0.250077985227108,0.250077985227108
0.0,1.0028666257858276,1.0329005420207977,0.00724649615585804,0.0,3674.0,normal,0.30422572791576385,0.30422572791576385
0.0,0.6993224620819092,1.2239733636379242,0.007246495923027396,0.0,3675.0,normal,0.26262417435646057,0.26262417435646057
0.0,0.838982030749321,0.7860302329063416,0.007246493827551603,0.0,3676.0,normal,0.2467617616057396,0.2467617616057396
0.0,0.7517934739589691,0.5079517513513565,0.007246493361890316,0.0,3677.0,normal,0.20151621103286743,0.20151621103286743
0.0,0.7460414171218872,0.7183702886104584,0.007246491964906454,0.0,3678.0,normal,0.22140764445066452,0.22140764445066452
0.0,0.7650390267372131,0.46443359553813934,0.007246490800753236,0.0,3679.0,normal,0.19981349259614944,0.19981349259614944
0.0,0.7176491916179657,0.4108087867498398,0.007246490800753236,0.0,3680.0,normal,0.18497305363416672,0.18497305363416672
0.0,0.7456732988357544,0.3844693824648857,0.007246490102261305,0.0,3681.0,normal,0.18794392049312592,0.18794392049312592
0.0,0.6659124195575714,0.575824111700058,0.007246489869430661,0.0,3682.0,normal,0.1911272183060646,0.1911272183060646
0.0,0.6730594336986542,0.4171293377876282,0.00724648917093873,0.0,3683.0,normal,0.17668715119361877,0.17668715119361877
0.0,0.6696257889270782,0.47402164340019226,0.007246490567922592,0.0,3684.0,normal,0.18168964236974716,0.18168964236974716
0.0,0.7490262389183044,0.5189310759305954,0.007246488938108087,0.0,3685.0,normal,0.20206068456172943,0.20206068456172943
0.0,0.74822998046875,0.6119055896997452,0.00724648917093873,0.0,3686.0,normal,0.21119888126850128,0.21119888126850128
0.0,0.6924860775470734,0.3605384975671768,0.007246488239616156,0.0,3687.0,normal,0.17491338774561882,0.17491338774561882
0.0,0.7087560892105103,0.4027915447950363,0.007246489403769374,0.0,3688.0,normal,0.18239270150661469,0.18239270150661469
0.0,0.6680463254451752,0.6046677306294441,0.007246487541124225,0.0,3689.0,normal,0.1944383718073368,0.1944383718073368
0.0,0.8048945069313049,0.5389142036437988,0.007246488705277443,0.0,3690.0,normal,0.21523265540599823,0.21523265540599823
0.0,0.8374793827533722,0.3422355428338051,0.007246488006785512,0.0,3691.0,normal,0.20208175480365753,0.20208175480365753
0.0,0.7527133822441101,0.4454117864370346,0.007246488239616156,0.0,3692.0,normal,0.19544617831707,0.19544617831707
0.0,0.7748968303203583,0.5113290473818779,0.007246485911309719,0.0,3693.0,normal,0.20647459477186203,0.20647459477186203
0.0,0.8050113320350647,0.45663322880864143,0.0072464849799871445,0.0,3694.0,normal,0.20702791959047318,0.20702791959047318
0.0,0.8544941842556,0.5772026926279068,0.007246484747156501,0.0,3695.0,normal,0.22898143529891968,0.22898143529891968
0.0,0.7317546308040619,0.4142046943306923,0.0072464849799871445,0.0,3696.0,normal,0.18813371658325195,0.18813371658325195
0.0,0.9828837513923645,0.48328348994255066,0.00724648660980165,0.0,3697.0,normal,0.24526742845773697,0.24526742845773697
0.0,0.9093616604804993,0.4728616327047348,0.0072464842814952135,0.0,3698.0,normal,0.22952082008123398,0.22952082008123398
0.0,0.8189940750598907,0.501388430595398,0.00724648404866457,0.0,3699.0,normal,0.2142999917268753,0.2142999917268753
0.0,0.8690565228462219,0.34383904933929443,0.0072464842814952135,0.0,3700.0,normal,0.20855753868818283,0.20855753868818283
0.0,0.8031675219535828,0.4394828677177429,0.007246484514325857,0.0,3701.0,normal,0.20494411140680313,0.20494411140680313
0.0,0.7518180310726166,0.39490576833486557,0.007246485445648432,0.0,3702.0,normal,0.1902165189385414,0.1902165189385414
0.0,0.7552338540554047,0.5295979529619217,0.007246486144140363,0.0,3703.0,normal,0.20436889678239822,0.20436889678239822
0.0,0.6503173112869263,0.47780919075012207,0.007246485678479075,0.0,3704.0,normal,0.17820670455694199,0.17820670455694199
0.0,0.7310324609279633,0.5301943123340607,0.0072464842814952135,0.0,3705.0,normal,0.19958825409412384,0.19958825409412384
0.0,0.6487746834754944,0.610866516828537,0.0072464842814952135,0.0,3706.0,normal,0.19120390713214874,0.19120390713214874
0.0,0.6570548415184021,0.6972732543945312,0.007246481720358133,0.0,3707.0,normal,0.20150061696767807,0.20150061696767807
0.0,0.6496048867702484,0.9121436029672623,0.00724648404866457,0.0,3708.0,normal,0.22149766236543655,0.22149766236543655
0.0,0.6591529697179794,0.7837845981121063,0.00724648148752749,0.0,3709.0,normal,0.21057138592004776,0.21057138592004776
0.0,0.6299441456794739,0.8414283692836761,0.007246481953188777,0.0,3710.0,normal,0.2104940041899681,0.2104940041899681
0.0,0.6470102369785309,0.4130379259586334,0.0072464789263904095,0.0,3711.0,normal,0.17106816172599792,0.17106816172599792
0.0,0.6716359555721283,0.6700624525547028,0.007246479159221053,0.0,3712.0,normal,0.2016957551240921,0.2016957551240921
0.0,0.637483537197113,0.5623779594898224,0.007246478693559766,0.0,3713.0,normal,0.1840968281030655,0.1840968281030655
0.0,0.6496734321117401,0.41512084007263184,0.007246479159221053,0.0,3714.0,normal,0.1718090921640396,0.1718090921640396
0.0,0.7232064306735992,0.3970792293548584,0.007246479857712984,0.0,3715.0,normal,0.1847115382552147,0.1847115382552147
0.0,0.6288017481565475,0.6351472735404968,0.007246480789035559,0.0,3716.0,normal,0.18963740020990372,0.18963740020990372
0.0,0.7231231331825256,0.4410756975412369,0.007246481021866202,0.0,3717.0,normal,0.18909452855587006,0.18909452855587006
0.0,0.7517782151699066,0.3609054535627365,0.007246482186019421,0.0,3718.0,normal,0.1868085116147995,0.1868085116147995
0.0,0.7145239412784576,0.35391972959041595,0.007246481254696846,0.0,3719.0,normal,0.1786591000854969,0.1786591000854969
0.0,0.721286803483963,0.3788786381483078,0.007246480789035559,0.0,3720.0,normal,0.18250755220651627,0.18250755220651627
0.0,0.6662925481796265,0.4287241995334625,0.007246479159221053,0.0,3721.0,normal,0.17649325728416443,0.17649325728416443
0.0,0.7289218753576279,0.53557856567204,0.007246479857712984,0.0,3722.0,normal,0.19970456510782242,0.19970456510782242
0.0,0.8341947942972183,0.6541363596916199,0.007246479159221053,0.0,3723.0,normal,0.2326149269938469,0.2326149269938469
0.0,0.6590828448534012,0.3832821100950241,0.007246480090543628,0.0,3724.0,normal,0.17050710320472717,0.17050710320472717
0.0,0.7868223786354065,0.49108123779296875,0.00724647962488234,0.0,3725.0,normal,0.20683492720127106,0.20683492720127106
0.0,1.0137881338596344,0.5839727073907852,0.007246478693559766,0.0,3726.0,normal,0.2615172415971756,0.2615172415971756
0.0,0.8495360910892487,0.6961704790592194,0.00724647962488234,0.0,3727.0,normal,0.2398865893483162,0.2398865893483162
0.0,0.7184787094593048,0.7293734699487686,0.007246479159221053,0.0,3728.0,normal,0.21699541062116623,0.21699541062116623
0.0,0.7080896496772766,0.9216484427452087,0.007246480789035559,0.0,3729.0,normal,0.23414509743452072,0.23414509743452072
0.0,0.6630381792783737,1.239347204566002,0.0072464782278984785,0.0,3730.0,normal,0.2569046840071678,0.2569046840071678
0.0,0.7411267161369324,1.1754600405693054,0.007246479857712984,0.0,3731.0,normal,0.266133688390255,0.266133688390255
0.0,0.6662929058074951,0.9313389658927917,0.007246478693559766,0.0,3732.0,normal,0.2267547994852066,0.2267547994852066
0.0,0.7203353047370911,0.9073677659034729,0.00724647706374526,0.0,3733.0,normal,0.23516617715358734,0.23516617715358734
0.0,0.6582271754741669,1.1570619195699692,0.007246477296575904,0.0,3734.0,normal,0.24771396443247795,0.24771396443247795
0.0,0.6510225534439087,0.7569949328899384,0.007246475899592042,0.0,3735.0,normal,0.20626632869243622,0.20626632869243622
0.0,0.6278196722269058,0.5704293847084045,0.007246476132422686,0.0,3736.0,normal,0.18296919763088226,0.18296919763088226
0.0,0.6350181698799133,0.43702325224876404,0.007246476132422686,0.0,3737.0,normal,0.17106828093528748,0.17106828093528748
0.0,0.6340980231761932,0.3551221936941147,0.0072464775294065475,0.0,3738.0,normal,0.16269415244460106,0.16269415244460106
0.0,0.6338079869747162,0.45436418056488037,0.00724647706374526,0.0,3739.0,normal,0.17256034910678864,0.17256034910678864
0.0,0.6694976985454559,0.30860599130392075,0.007246477296575904,0.0,3740.0,normal,0.16512246429920197,0.16512246429920197
0.0,0.6449203491210938,0.3660230189561844,0.00724647706374526,0.0,3741.0,normal,0.16594870388507843,0.16594870388507843
0.0,0.6659368574619293,0.3222809433937073,0.007246476365253329,0.0,3742.0,normal,0.1657777950167656,0.1657777950167656
0.0,0.6329152286052704,0.3955438621342182,0.007246475666761398,0.0,3743.0,normal,0.1664997562766075,0.1664997562766075
0.0,0.7344317734241486,0.41543807089328766,0.007246475666761398,0.0,3744.0,normal,0.18879250064492226,0.18879250064492226
0.0,0.6172915399074554,0.8103908523917198,0.007246473804116249,0.0,3745.0,normal,0.20485971868038177,0.20485971868038177
0.0,0.6556209325790405,1.2104440331459045,0.007246474269777536,0.0,3746.0,normal,0.25253092497587204,0.25253092497587204
0.0,0.6357742249965668,0.3248491659760475,0.0072464728727936745,0.0,3747.0,normal,0.16000208258628845,0.16000208258628845
0.0,0.6399385631084442,0.7251376509666443,0.0072464719414711,0.0,3748.0,normal,0.2008638083934784,0.2008638083934784
0.0,0.6486439406871796,0.5007171034812927,0.007246473338454962,0.0,3749.0,normal,0.18016281723976135,0.18016281723976135
0.0,0.6285008490085602,0.7012886106967926,0.0072464721743017435,0.0,3750.0,normal,0.19619136303663254,0.19619136303663254
0.0,0.6716347932815552,0.910142183303833,0.007246473105624318,0.0,3751.0,normal,0.22570351511240005,0.22570351511240005
0.0,0.653315544128418,0.6724908798933029,0.007246473804116249,0.0,3752.0,normal,0.19827452301979065,0.19827452301979065
0.0,0.6417970359325409,0.7211697846651077,0.007246474036946893,0.0,3753.0,normal,0.20083872228860855,0.20083872228860855
0.0,0.6944382041692734,1.5707155466079712,0.007246473571285605,0.0,3754.0,normal,0.2963215261697769,0.2963215261697769
0.0,0.6097717136144638,1.4974908232688904,0.007246470078825951,0.0,3755.0,normal,0.27206576615571976,0.27206576615571976
0.0,0.6916226148605347,1.3445503413677216,0.007246470311656594,0.0,3756.0,normal,0.27314189821481705,0.27314189821481705
0.0,0.6641445159912109,0.9599751234054565,0.007246469613164663,0.0,3757.0,normal,0.22918874770402908,0.22918874770402908
0.0,0.7159265875816345,0.9797333627939224,0.007246471242979169,0.0,3758.0,normal,0.24152099341154099,0.24152099341154099
0.0,0.6251250654459,0.8556027114391327,0.007246470777317882,0.0,3759.0,normal,0.21094761043787003,0.21094761043787003
0.0,0.7304103970527649,0.7374307513237,0.007246473571285605,0.0,3760.0,normal,0.2201874777674675,0.2201874777674675
0.0,0.7275150716304779,0.9936819076538086,0.007246473105624318,0.0,3761.0,normal,0.24523353576660156,0.24523353576660156
0.0,0.6628011465072632,1.5503788441419601,0.007246473338454962,0.0,3762.0,normal,0.2879604548215866,0.2879604548215866
0.0,0.73768550157547,1.4266520142555237,0.00724647450260818,0.0,3763.0,normal,0.2905646339058876,0.2905646339058876
0.0,0.7536135911941528,1.1453367471694946,0.007246473571285605,0.0,3764.0,normal,0.2656187191605568,0.2656187191605568
0.0,0.6496246755123138,1.3308166861534119,0.007246475433930755,0.0,3765.0,normal,0.2633689269423485,0.2633689269423485
0.0,0.7550891935825348,0.941294938325882,0.007246472407132387,0.0,3766.0,normal,0.24550966173410416,0.24550966173410416
0.0,0.6819473505020142,0.6511138379573822,0.007246471708640456,0.0,3767.0,normal,0.20186317712068558,0.20186317712068558
0.0,0.668146163225174,0.5175855308771133,0.007246470544487238,0.0,3768.0,normal,0.1857501119375229,0.1857501119375229
0.0,0.6820688992738724,0.419776976108551,0.007246471708640456,0.0,3769.0,normal,0.1787538006901741,0.1787538006901741
0.0,0.6368279010057449,0.36311984807252884,0.0072464719414711,0.0,3770.0,normal,0.16403989493846893,0.16403989493846893
0.0,0.7309635281562805,0.33773909509181976,0.007246470311656594,0.0,3771.0,normal,0.18032893538475037,0.18032893538475037
0.0,0.6410466134548187,0.34192657470703125,0.007246471010148525,0.0,3772.0,normal,0.162764310836792,0.162764310836792
0.0,0.6613642573356628,0.3742477260529995,0.007246470777317882,0.0,3773.0,normal,0.1700599491596222,0.1700599491596222
0.0,0.6752989739179611,0.39486486464738846,0.007246470311656594,0.0,3774.0,normal,0.1749086007475853,0.1749086007475853
0.0,0.8384363055229187,0.5293007791042328,0.0072464714758098125,0.0,3775.0,normal,0.22097966820001602,0.22097966820001602
0.0,0.6029108166694641,0.48656338453292847,0.007246470544487238,0.0,3776.0,normal,0.16960082203149796,0.16960082203149796
0.0,0.822720855474472,0.5846899300813675,0.007246470544487238,0.0,3777.0,normal,0.22337549179792404,0.22337549179792404
0.0,0.914518415927887,0.3143130838871002,0.007246471708640456,0.0,3778.0,normal,0.21469731628894806,0.21469731628894806
0.0,0.6677317917346954,0.2927272394299507,0.007246470777317882,0.0,3779.0,normal,0.16318140923976898,0.16318140923976898
0.0,0.9206784069538116,0.29404283314943314,0.007246469845995307,0.0,3780.0,normal,0.2139022871851921,0.2139022871851921
0.0,0.7125084102153778,0.29280415177345276,0.00724646938033402,0.0,3781.0,normal,0.17214442789554596,0.17214442789554596
0.0,0.761136382818222,0.4151690602302551,0.007246470311656594,0.0,3782.0,normal,0.19410650432109833,0.19410650432109833
0.0,0.7273681908845901,0.4021502882242203,0.007246468914672732,0.0,3783.0,normal,0.18605098128318787,0.18605098128318787
0.0,0.6535337567329407,0.34412800893187523,0.007246470078825951,0.0,3784.0,normal,0.16548187658190727,0.16548187658190727
0.0,0.7148327529430389,0.7509286999702454,0.007246469147503376,0.0,3785.0,normal,0.21842174977064133,0.21842174977064133
0.0,0.6537542641162872,0.5347054153680801,0.007246468681842089,0.0,3786.0,normal,0.18458372354507446,0.18458372354507446
0.0,0.620529055595398,0.389310821890831,0.007246467750519514,0.0,3787.0,normal,0.16339921951293945,0.16339921951293945
0.0,0.6402866095304489,0.31708788871765137,0.007246466586366296,0.0,3788.0,normal,0.16012843698263168,0.16012843698263168
0.0,0.6404100954532623,0.2959863543510437,0.0072464661207050085,0.0,3789.0,normal,0.15804298222064972,0.15804298222064972
0.0,0.6857993006706238,0.38864457607269287,0.007246466353535652,0.0,3790.0,normal,0.17638664692640305,0.17638664692640305
0.0,0.6108731329441071,0.4063640832901001,0.0072464661207050085,0.0,3791.0,normal,0.1631733626127243,0.1631733626127243
0.0,0.636854737997055,0.6140878200531006,0.007246467052027583,0.0,3792.0,normal,0.18914204835891724,0.18914204835891724
0.0,0.718064159154892,0.5421207994222641,0.0072464668191969395,0.0,3793.0,normal,0.1981872320175171,0.1981872320175171
0.0,0.6269788593053818,0.39779476821422577,0.007246467750519514,0.0,3794.0,normal,0.16553757339715958,0.16553757339715958
0.0,0.6395352482795715,0.3506189286708832,0.007246467052027583,0.0,3795.0,normal,0.1633312702178955,0.1633312702178955
0.0,0.5825070440769196,0.4236965477466583,0.007246466586366296,0.0,3796.0,normal,0.15923339128494263,0.15923339128494263
0.0,0.6683839857578278,0.48637666553258896,0.007246466586366296,0.0,3797.0,normal,0.1826767921447754,0.1826767921447754
0.0,0.8835015594959259,0.47930730879306793,0.0072464654222130775,0.0,3798.0,normal,0.22499337047338486,0.22499337047338486
0.0,0.6985074281692505,0.3283889517188072,0.00724646495655179,0.0,3799.0,normal,0.17290270328521729,0.17290270328521729
0.0,0.7142316102981567,0.44614407420158386,0.007246463792398572,0.0,3800.0,normal,0.18782305717468262,0.18782305717468262
0.0,0.6920966804027557,1.1162486672401428,0.007246463093906641,0.0,3801.0,normal,0.25040652602910995,0.25040652602910995
0.0,0.6506537795066833,0.7564989626407623,0.007246464025229216,0.0,3802.0,normal,0.20614298433065414,0.20614298433065414
0.0,0.6829757243394852,0.42346687614917755,0.007246463559567928,0.0,3803.0,normal,0.17930417135357857,0.17930417135357857
0.0,0.6160604655742645,0.38489586114883423,0.007246465655043721,0.0,3804.0,normal,0.16206400096416473,0.16206400096416473
0.0,0.6322404891252518,0.39869795739650726,0.007246465655043721,0.0,3805.0,normal,0.1666802167892456,0.1666802167892456
0.0,0.5868392139673233,0.38251863420009613,0.007246465189382434,0.0,3806.0,normal,0.15598202496767044,0.15598202496767044
0.0,0.6285592019557953,0.2970588579773903,0.007246464490890503,0.0,3807.0,normal,0.15578004717826843,0.15578004717826843
0.0,0.6225979328155518,0.27801816165447235,0.007246463559567928,0.0,3808.0,normal,0.15268371999263763,0.15268371999263763
0.0,0.8553375601768494,0.3707432895898819,0.007246462861075997,0.0,3809.0,normal,0.20850416272878647,0.20850416272878647
0.0,0.6504955291748047,0.41998211294412613,0.007246461929753423,0.0,3810.0,normal,0.17245963960886002,0.17245963960886002
0.0,0.7024976760149002,0.3142239525914192,0.007246461929753423,0.0,3811.0,normal,0.17228425294160843,0.17228425294160843
0.0,0.6422162652015686,0.31392911076545715,0.0072464600671082735,0.0,3812.0,normal,0.16019848734140396,0.16019848734140396
0.0,0.6569450497627258,0.28254496306180954,0.007246459601446986,0.0,3813.0,normal,0.1600058302283287,0.1600058302283287
0.0,0.6235158145427704,0.3266867510974407,0.007246458902955055,0.0,3814.0,normal,0.15773416310548782,0.15773416310548782
0.0,0.6542387306690216,0.2905399426817894,0.007246459601446986,0.0,3815.0,normal,0.16026406735181808,0.16026406735181808
0.0,0.5940994024276733,0.32372794300317764,0.007246459135785699,0.0,3816.0,normal,0.15155500173568726,0.15155500173568726
0.0,0.5951607525348663,0.31818651780486107,0.00724645983427763,0.0,3817.0,normal,0.1512131318449974,0.1512131318449974
0.0,0.6034376919269562,0.3566035032272339,0.007246460998430848,0.0,3818.0,normal,0.1567102074623108,0.1567102074623108
0.0,0.5880186557769775,0.302670918405056,0.007246460299938917,0.0,3819.0,normal,0.14823314547538757,0.14823314547538757
0.0,0.6324794590473175,0.35475003719329834,0.007246460532769561,0.0,3820.0,normal,0.16233322396874428,0.16233322396874428
0.0,0.5800651907920837,0.47630324959754944,0.007246460532769561,0.0,3821.0,normal,0.16400568559765816,0.16400568559765816
0.0,0.6216344833374023,0.37325552105903625,0.0072464600671082735,0.0,3822.0,normal,0.16201477497816086,0.16201477497816086
0.0,0.6546052992343903,0.32291555404663086,0.00724645983427763,0.0,3823.0,normal,0.1635749414563179,0.1635749414563179
0.0,0.6306793689727783,0.30744778364896774,0.0072464593686163425,0.0,3824.0,normal,0.15724297612905502,0.15724297612905502
0.0,0.6221265196800232,0.3169542960822582,0.007246458902955055,0.0,3825.0,normal,0.15648306161165237,0.15648306161165237
0.0,0.6611082553863525,0.3520488142967224,0.007246458204463124,0.0,3826.0,normal,0.16778885573148727,0.16778885573148727
0.0,0.599096342921257,0.5994163751602173,0.007246458437293768,0.0,3827.0,normal,0.1801232323050499,0.1801232323050499
0.0,0.6208318173885345,0.2409236952662468,0.007246459601446986,0.0,3828.0,normal,0.1486210599541664,0.1486210599541664
0.0,0.5746896862983704,0.42949219420552254,0.007246460299938917,0.0,3829.0,normal,0.15824948251247406,0.15824948251247406
0.0,0.7084808647632599,0.6644907891750336,0.007246460532769561,0.0,3830.0,normal,0.20850757509469986,0.20850757509469986
0.0,0.6015384495258331,0.45222318172454834,0.007246460299938917,0.0,3831.0,normal,0.1658923327922821,0.1658923327922821
0.0,0.5983111411333084,0.5177095532417297,0.007246460299938917,0.0,3832.0,normal,0.17179550975561142,0.17179550975561142
0.0,0.6327095329761505,0.4481174796819687,0.007246458437293768,0.0,3833.0,normal,0.17171598225831985,0.17171598225831985
0.0,0.5804253667593002,0.5906907021999359,0.007246458437293768,0.0,3834.0,normal,0.17551647499203682,0.17551647499203682
0.0,0.6218822151422501,0.3392940163612366,0.007246458437293768,0.0,3835.0,normal,0.1586681753396988,0.1586681753396988
0.0,0.7586257457733154,0.40559303760528564,0.007246457738801837,0.0,3836.0,normal,0.19264677911996841,0.19264677911996841
0.0,0.5812042057514191,0.4048995226621628,0.007246457738801837,0.0,3837.0,normal,0.1570931151509285,0.1570931151509285
0.0,0.7016414403915405,0.5263557136058807,0.007246456807479262,0.0,3838.0,normal,0.1933261826634407,0.1933261826634407
0.0,0.6091907024383545,0.7833977937698364,0.007246457040309906,0.0,3839.0,normal,0.20054025948047638,0.20054025948047638
0.0,0.6455420255661011,0.45360037684440613,0.00724645727314055,0.0,3840.0,normal,0.17483077198266983,0.17483077198266983
0.0,0.690525233745575,0.49782492220401764,0.007246455643326044,0.0,3841.0,normal,0.1882498636841774,0.1882498636841774
0.0,0.5802773535251617,0.832670658826828,0.0072464547120034695,0.0,3842.0,normal,0.19968485832214355,0.19968485832214355
0.0,0.6669114232063293,0.4797005206346512,0.007246454246342182,0.0,3843.0,normal,0.18171466141939163,0.18171466141939163
0.0,0.6017036139965057,0.5164478868246078,0.0072464547120034695,0.0,3844.0,normal,0.17234784364700317,0.17234784364700317
0.0,0.6489091217517853,0.493653304874897,0.007246455177664757,0.0,3845.0,normal,0.1795094832777977,0.1795094832777977
0.0,0.6171371042728424,0.6604245156049728,0.0072464554104954,0.0,3846.0,normal,0.1898321956396103,0.1898321956396103
0.0,0.5818965882062912,0.8485428392887115,0.007246456341817975,0.0,3847.0,normal,0.20159593224525452,0.20159593224525452
0.0,0.6161200404167175,0.614998072385788,0.0072464554104954,0.0,3848.0,normal,0.18508614599704742,0.18508614599704742
0.0,0.6335260272026062,0.5468651428818703,0.007246454479172826,0.0,3849.0,normal,0.18175404518842697,0.18175404518842697
0.0,0.6630983054637909,0.7172220051288605,0.007246452616527677,0.0,3850.0,normal,0.204704187810421,0.204704187810421
0.0,0.6200322210788727,0.6066053509712219,0.007246452150866389,0.0,3851.0,normal,0.1850293055176735,0.1850293055176735
0.0,0.63811856508255,0.4445239007472992,0.0072464533150196075,0.0,3852.0,normal,0.17243843525648117,0.17243843525648117
0.0,0.6145327836275101,0.36788469552993774,0.007246453547850251,0.0,3853.0,normal,0.16005735844373703,0.16005735844373703
0.0,0.5712672397494316,0.4235284999012947,0.0072464533150196075,0.0,3854.0,normal,0.15696864016354084,0.15696864016354084
0.0,0.5753819495439529,0.43939603865146637,0.007246452383697033,0.0,3855.0,normal,0.1593783125281334,0.1593783125281334
0.0,0.6735925674438477,0.26790350675582886,0.007246451452374458,0.0,3856.0,normal,0.16187118738889694,0.16187118738889694
0.0,0.6980700194835663,0.37138495594263077,0.007246450986713171,0.0,3857.0,normal,0.1771148294210434,0.1771148294210434
0.0,0.6014431416988373,0.42451269924640656,0.007246452616527677,0.0,3858.0,normal,0.16310222446918488,0.16310222446918488
0.0,0.6664324402809143,0.6124553084373474,0.007246452150866389,0.0,3859.0,normal,0.19489434361457825,0.19489434361457825
0.0,0.6078094840049744,0.44642794132232666,0.007246451452374458,0.0,3860.0,normal,0.16656701266765594,0.16656701266765594
0.0,0.6525385975837708,0.4974771961569786,0.007246451918035746,0.0,3861.0,normal,0.18061776459217072,0.18061776459217072
0.0,0.5691081583499908,0.7231941297650337,0.007246449356898665,0.0,3862.0,normal,0.18650336936116219,0.18650336936116219
0.0,0.6202586591243744,0.39515452831983566,0.007246450055390596,0.0,3863.0,normal,0.1639295071363449,0.1639295071363449
0.0,0.6034022867679596,0.42694108188152313,0.007246450521051884,0.0,3864.0,normal,0.16373689472675323,0.16373689472675323
0.0,0.5472840219736099,0.47829633951187134,0.007246450986713171,0.0,3865.0,normal,0.15764875710010529,0.15764875710010529
0.0,0.6431323438882828,0.8983083665370941,0.007246452616527677,0.0,3866.0,normal,0.21881964057683945,0.21881964057683945
0.0,0.6581196486949921,0.5243034958839417,0.00724645028822124,0.0,3867.0,normal,0.18441660702228546,0.18441660702228546
0.0,0.9263318479061127,0.47335515916347504,0.007246451452374458,0.0,3868.0,normal,0.23296422511339188,0.23296422511339188
0.0,1.0497736632823944,0.4032564237713814,0.007246449356898665,0.0,3869.0,normal,0.25064270943403244,0.25064270943403244
0.0,0.7404084503650665,0.34003666043281555,0.007246449356898665,0.0,3870.0,normal,0.18244767934083939,0.18244767934083939
0.0,0.6791919469833374,0.3612234741449356,0.007246449356898665,0.0,3871.0,normal,0.1723230555653572,0.1723230555653572
0.0,0.7079892158508301,0.4453672766685486,0.007246450055390596,0.0,3872.0,normal,0.18649689853191376,0.18649689853191376
0.0,0.6707153022289276,0.6880795359611511,0.007246450986713171,0.0,3873.0,normal,0.20331334322690964,0.20331334322690964
0.0,0.6687961965799332,0.5183268785476685,0.007246450986713171,0.0,3874.0,normal,0.1859542578458786,0.1859542578458786
0.0,0.6436632573604584,0.6221116483211517,0.007246450753882527,0.0,3875.0,normal,0.19130613654851913,0.19130613654851913
0.0,0.6810775995254517,0.680186927318573,0.007246449822559953,0.0,3876.0,normal,0.20459654182195663,0.20459654182195663
0.0,0.6510001718997955,0.5254096686840057,0.007246448425576091,0.0,3877.0,normal,0.18310332298278809,0.18310332298278809
0.0,0.5790403336286545,0.5326587408781052,0.007246448192745447,0.0,3878.0,normal,0.169436264783144,0.169436264783144
0.0,0.6575596928596497,0.5755419880151749,0.007246445631608367,0.0,3879.0,normal,0.18942847102880478,0.18942847102880478
0.0,0.6914496272802353,0.5770517289638519,0.007246446330100298,0.0,3880.0,normal,0.19635742157697678,0.19635742157697678
0.0,0.8191002309322357,0.27860917150974274,0.007246445631608367,0.0,3881.0,normal,0.19204328954219818,0.19204328954219818
0.0,0.5896926820278168,0.5918543934822083,0.007246444933116436,0.0,3882.0,normal,0.17748630046844482,0.17748630046844482
0.0,0.5974011123180389,0.3251243084669113,0.00724644330330193,0.0,3883.0,normal,0.15235497057437897,0.15235497057437897
0.0,0.5919085592031479,0.31660860776901245,0.007246444001793861,0.0,3884.0,normal,0.1504048965871334,0.1504048965871334
0.0,0.6128347814083099,0.3843902349472046,0.007246442837640643,0.0,3885.0,normal,0.16136830300092697,0.16136830300092697
0.0,0.5641390830278397,0.5548354163765907,0.007246443070471287,0.0,3886.0,normal,0.16867367923259735,0.16867367923259735
0.0,0.6430987119674683,0.8047483563423157,0.007246441440656781,0.0,3887.0,normal,0.2094569057226181,0.2094569057226181
0.0,0.8934636414051056,1.0900976359844208,0.007246443070471287,0.0,3888.0,normal,0.2880648300051689,0.2880648300051689
0.0,0.6590865850448608,0.7254688292741776,0.007246442837640643,0.0,3889.0,normal,0.20472652465105057,0.20472652465105057
0.0,0.6358861178159714,1.7228673696517944,0.00724644330330193,0.0,3890.0,normal,0.2998262867331505,0.2998262867331505
0.0,0.8774166703224182,1.0209481716156006,0.007246444700285792,0.0,3891.0,normal,0.2779404893517494,0.2779404893517494
0.0,0.8443341851234436,0.6709393560886383,0.007246441440656781,0.0,3892.0,normal,0.23632310330867767,0.23632310330867767
0.0,0.6593400835990906,0.6511587798595428,0.007246441673487425,0.0,3893.0,normal,0.19734621793031693,0.19734621793031693
0.0,0.9294945895671844,1.607801377773285,0.0072464419063180685,0.0,3894.0,normal,0.34704138338565826,0.34704138338565826
0.0,0.693808451294899,1.856946438550949,0.007246442837640643,0.0,3895.0,normal,0.3248186707496643,0.3248186707496643
0.0,0.6400197148323059,1.248150646686554,0.007246441673487425,0.0,3896.0,normal,0.2531813383102417,0.2531813383102417
0.0,0.7582390010356903,0.9684644639492035,0.007246442139148712,0.0,3897.0,normal,0.24885659664869308,0.24885659664869308
0.0,0.5228494107723236,2.2445876598358154,0.0072464412078261375,0.0,3898.0,normal,0.3293909728527069,0.3293909728527069
0.0,0.6400047093629837,0.3726625293493271,0.00724643818102777,0.0,3899.0,normal,0.1656295210123062,0.1656295210123062
0.0,0.5875198841094971,0.34043721854686737,0.007246436784043908,0.0,3900.0,normal,0.15191002190113068,0.15191002190113068
0.0,0.6402405500411987,0.3221147507429123,0.00724643561989069,0.0,3901.0,normal,0.16062191128730774,0.16062191128730774
0.0,0.5887229293584824,0.6488429009914398,0.007246434222906828,0.0,3902.0,normal,0.18299119919538498,0.18299119919538498
0.0,0.5808397978544235,0.6260570585727692,0.007246437715366483,0.0,3903.0,normal,0.1791359856724739,0.1791359856724739
0.0,0.554619699716568,1.3446395993232727,0.007246432360261679,0.0,3904.0,normal,0.24575024098157883,0.24575024098157883
0.0,0.6141423434019089,0.5788713693618774,0.007246436318382621,0.0,3905.0,normal,0.18107792735099792,0.18107792735099792
0.0,0.6435912847518921,0.570473924279213,0.007246432360261679,0.0,3906.0,normal,0.18612797558307648,0.18612797558307648
0.0,0.7415200769901276,0.9468749761581421,0.007246432360261679,0.0,3907.0,normal,0.24335385113954544,0.24335385113954544
0.0,0.5736032873392105,0.730589896440506,0.007246429566293955,0.0,3908.0,normal,0.18814196437597275,0.18814196437597275
0.0,0.6611197292804718,0.54678975045681,0.007246431428939104,0.0,3909.0,normal,0.18726523965597153,0.18726523965597153
0.0,0.7561203092336655,0.39121192693710327,0.007246433757245541,0.0,3910.0,normal,0.19070759415626526,0.19070759415626526
0.0,0.5713887959718704,0.28651852905750275,0.007246426539495587,0.0,3911.0,normal,0.14329193904995918,0.14329193904995918
0.0,0.6956996917724609,0.47298663854599,0.007246430963277817,0.0,3912.0,normal,0.18680091947317123,0.18680091947317123
0.0,0.8445520251989365,0.3433358669281006,0.0072464291006326675,0.0,3913.0,normal,0.20360630750656128,0.20360630750656128
0.0,0.7989524304866791,0.31616997718811035,0.007246427005156875,0.0,3914.0,normal,0.1917698085308075,0.1917698085308075
0.0,0.7120775282382965,0.3773527443408966,0.0072464260738343,0.0,3915.0,normal,0.18051309883594513,0.18051309883594513
0.0,0.8136225044727325,0.5096509084105492,0.0072464297991245985,0.0,3916.0,normal,0.21405191719532013,0.21405191719532013
0.0,0.7636484801769257,0.6048760116100311,0.007246427237987518,0.0,3917.0,normal,0.21357962489128113,0.21357962489128113
0.0,0.636712521314621,0.5364634692668915,0.007246418856084347,0.0,3918.0,normal,0.1813511773943901,0.1813511773943901
0.0,0.6927226483821869,0.748748704791069,0.00724642095156014,0.0,3919.0,normal,0.21378172934055328,0.21378172934055328
0.0,0.6428331285715103,1.246266208589077,0.00724642351269722,0.0,3920.0,normal,0.2535555586218834,0.2535555586218834
0.0,0.6687356233596802,2.2259777784347534,0.007246433291584253,0.0,3921.0,normal,0.35670723021030426,0.35670723021030426
0.0,0.6241024509072304,2.5021085143089294,0.007246421184390783,0.0,3922.0,normal,0.37539365887641907,0.37539365887641907
0.0,0.6141546070575714,2.3048799633979797,0.0072464176919311285,0.0,3923.0,normal,0.35368122160434723,0.35368122160434723
0.0,0.7068099677562714,5.790437638759613,0.00724642863497138,0.0,3924.0,normal,0.7207680344581604,0.7207680344581604
0.0,0.6416948735713959,8.150904417037964,0.007246421882882714,0.0,3925.0,normal,0.9437917470932007,0.9437917470932007
0.0,0.6073304116725922,4.523479610681534,0.007246411871165037,0.0,3926.0,normal,0.5741763934493065,0.5741763934493065
0.0,0.7339303493499756,2.6039321422576904,0.007246425841003656,0.0,3927.0,normal,0.4075416028499603,0.4075416028499603
0.0,0.6459469497203827,3.1142178401350975,0.007246410008519888,0.0,3928.0,normal,0.44097351282835007,0.44097351282835007
0.0,0.7223208397626877,8.750008583068848,0.0072464002296328545,0.0,3929.0,normal,1.0198273360729218,1.0198273360729218
0.0,0.6999173164367676,7.75777792930603,0.007246415829285979,0.0,3930.0,normal,0.9161235839128494,0.9161235839128494
0.0,0.6703211069107056,7.157932996749878,0.007246406748890877,0.0,3931.0,normal,0.8502197861671448,0.8502197861671448
0.0,0.6070007830858231,13.558094263076782,0.007246434222906828,0.0,3932.0,normal,1.4775719940662384,1.4775719940662384
0.0,0.6840503215789795,10.20576810836792,0.007246421417221427,0.0,3933.0,normal,1.1577491760253906,1.1577491760253906
0.0,0.5987737774848938,5.111769735813141,0.007246439578011632,0.0,3934.0,normal,0.6312940716743469,0.6312940716743469
0.0,0.6763557195663452,4.106573939323425,0.007246461696922779,0.0,3935.0,normal,0.5462908670306206,0.5462908670306206
0.0,0.6206680238246918,3.0444042086601257,0.007246521534398198,0.0,3936.0,normal,0.4289363771677017,0.4289363771677017
0.0,0.6444437801837921,2.6899176836013794,0.007246492896229029,0.0,3937.0,normal,0.39824287593364716,0.39824287593364716
0.0,0.8329516798257828,2.234164237976074,0.0072464554104954,0.0,3938.0,normal,0.39036908745765686,0.39036908745765686
0.0,0.48063845932483673,1.6939726769924164,0.00724652549251914,0.0,3939.0,normal,0.2658872902393341,0.2658872902393341
0.0,0.8206309378147125,1.707394301891327,0.007246461929753423,0.0,3940.0,normal,0.33522796630859375,0.33522796630859375
0.0,0.6729241907596588,2.3025344610214233,0.007246472407132387,0.0,3941.0,normal,0.36520062386989594,0.36520062386989594
0.0,0.656020998954773,1.9544891119003296,0.007246476830914617,0.0,3942.0,normal,0.3270154520869255,0.3270154520869255
0.0,0.6828777194023132,0.7736848890781403,0.007246440974995494,0.0,3943.0,normal,0.21430635452270508,0.21430635452270508
0.0,0.5772595256567001,0.6828297525644302,0.007246444933116436,0.0,3944.0,normal,0.18409720808267593,0.18409720808267593
0.0,0.6018817126750946,0.4451366066932678,0.00724644074216485,0.0,3945.0,normal,0.16525232791900635,0.16525232791900635
0.0,0.5820427238941193,1.1054259538650513,0.007246444001793861,0.0,3946.0,normal,0.22731345891952515,0.22731345891952515
0.0,0.5801391899585724,0.6575913429260254,0.0072464486584067345,0.0,3947.0,normal,0.18214930593967438,0.18214930593967438
0.0,0.5486469268798828,0.9295593202114105,0.00724644074216485,0.0,3948.0,normal,0.20304764807224274,0.20304764807224274
0.0,0.5793435722589493,0.7152262032032013,0.007246438413858414,0.0,3949.0,normal,0.18775366246700287,0.18775366246700287
0.0,0.5744131952524185,1.1967473924160004,0.007246436318382621,0.0,3950.0,normal,0.2349197119474411,0.2349197119474411
0.0,0.5777687430381775,0.8369060456752777,0.007246434455737472,0.0,3951.0,normal,0.19960667192935944,0.19960667192935944
0.0,0.5268794000148773,0.42690229415893555,0.007246434222906828,0.0,3952.0,normal,0.14842843264341354,0.14842843264341354
0.0,0.6436035633087158,0.42952677607536316,0.007246431894600391,0.0,3953.0,normal,0.17203572392463684,0.17203572392463684
0.0,0.5400561690330505,0.5903998911380768,0.0072464291006326675,0.0,3954.0,normal,0.16741354763507843,0.16741354763507843
0.0,0.5570520386099815,0.622500479221344,0.007246427470818162,0.0,3955.0,normal,0.17402277886867523,0.17402277886867523
0.0,0.5942443460226059,0.4632311314344406,0.0072464237455278635,0.0,3956.0,normal,0.16553430631756783,0.16553430631756783
0.0,0.5687239766120911,0.4923297092318535,0.007246418623253703,0.0,3957.0,normal,0.16334009170532227,0.16334009170532227
0.0,0.6698061376810074,0.7722362279891968,0.007246415596455336,0.0,3958.0,normal,0.21154716610908508,0.21154716610908508
0.0,0.5639253109693527,0.5916886627674103,0.007246414432302117,0.0,3959.0,normal,0.17231624573469162,0.17231624573469162
0.0,0.6271655857563019,0.5585942268371582,0.007246408378705382,0.0,3960.0,normal,0.18165486305952072,0.18165486305952072
0.0,0.5843785107135773,0.8871181011199951,0.007246407680213451,0.0,3961.0,normal,0.2059498429298401,0.2059498429298401
0.0,0.557400643825531,0.6767560243606567,0.007246407680213451,0.0,3962.0,normal,0.17951805889606476,0.17951805889606476
0.0,0.5798416435718536,0.8570702373981476,0.007246403256431222,0.0,3963.0,normal,0.20203767716884613,0.20203767716884613
0.0,0.5613425672054291,0.8340184092521667,0.007246402557939291,0.0,3964.0,normal,0.19603268802165985,0.19603268802165985
0.0,0.5160632580518723,0.46288345754146576,0.007246398134157062,0.0,3965.0,normal,0.1498633250594139,0.1498633250594139
0.0,0.5181495249271393,0.7891634404659271,0.007246393011882901,0.0,3966.0,normal,0.1829085573554039,0.1829085573554039
0.0,0.4983656108379364,1.6233597099781036,0.007246382534503937,0.0,3967.0,normal,0.2623714283108711,0.2623714283108711
0.0,0.5529222190380096,0.6095295250415802,0.007246405817568302,0.0,3968.0,normal,0.1718997284770012,0.1718997284770012
0.0,0.5516135394573212,0.44889625906944275,0.007246385794132948,0.0,3969.0,normal,0.15557465702295303,0.15557465702295303
0.0,0.5270351767539978,0.44019582867622375,0.0072464169934391975,0.0,3970.0,normal,0.14978893846273422,0.14978893846273422
0.0,0.5835206508636475,0.4303799569606781,0.007246402325108647,0.0,3971.0,normal,0.1601044461131096,0.1601044461131096
0.0,0.6453734934329987,1.499654471874237,0.007246470311656594,0.0,3972.0,normal,0.279402494430542,0.279402494430542
0.0,0.5847472250461578,0.6212955266237259,0.007246585795655847,0.0,3973.0,normal,0.17944133281707764,0.17944133281707764
0.0,0.5579682141542435,0.6147002354264259,0.0072464654222130775,0.0,3974.0,normal,0.17342598736286163,0.17342598736286163
0.0,0.5858310163021088,0.576178066432476,0.007246416760608554,0.0,3975.0,normal,0.17514633387327194,0.17514633387327194
0.0,0.7035647928714752,1.0591211915016174,0.007246417459100485,0.0,3976.0,normal,0.24698740988969803,0.24698740988969803
0.0,0.6046777069568634,0.5808071792125702,0.007246443536132574,0.0,3977.0,normal,0.17937858402729034,0.17937858402729034
0.0,0.5814314782619476,0.519602932035923,0.007246433757245541,0.0,3978.0,normal,0.1686089187860489,0.1686089187860489
0.0,0.6437164545059204,0.2530438005924225,0.007246444700285792,0.0,3979.0,normal,0.1544099897146225,0.1544099897146225
0.0,0.4995340406894684,0.7829497754573822,0.007246420718729496,0.0,3980.0,normal,0.17856410890817642,0.17856410890817642
0.0,0.5230277627706528,0.8451083451509476,0.007246414432302117,0.0,3981.0,normal,0.18947871774435043,0.18947871774435043
0.0,0.5904945433139801,0.7735457718372345,0.007246417226269841,0.0,3982.0,normal,0.1958158165216446,0.1958158165216446
0.0,0.5468214303255081,0.2514016106724739,0.007246414432302117,0.0,3983.0,normal,0.13486677035689354,0.13486677035689354
0.0,0.598201334476471,0.2931075617671013,0.007246414432302117,0.0,3984.0,normal,0.14931334555149078,0.14931334555149078
0.0,0.603679358959198,0.6322890222072601,0.007246415829285979,0.0,3985.0,normal,0.18432709574699402,0.18432709574699402
0.0,0.535014733672142,0.39888323843479156,0.007246413733810186,0.0,3986.0,normal,0.1472535952925682,0.1472535952925682
0.0,0.5704384297132492,0.8283937871456146,0.0072464062832295895,0.0,3987.0,normal,0.19728939980268478,0.19728939980268478
0.0,0.5436114221811295,0.3522607535123825,0.007246404653415084,0.0,3988.0,normal,0.14431067556142807,0.14431067556142807
0.0,0.5550326555967331,0.44248638302087784,0.007246398366987705,0.0,3989.0,normal,0.15561749041080475,0.15561749041080475
0.0,0.5142094492912292,0.22304091975092888,0.007246393943205476,0.0,3990.0,normal,0.12550830841064453,0.12550830841064453
0.0,0.5460082292556763,0.28454259783029556,0.0072463874239474535,0.0,3991.0,normal,0.13801821693778038,0.13801821693778038
0.0,0.5065896511077881,0.4371958002448082,0.007246370427310467,0.0,3992.0,normal,0.14539983123540878,0.14539983123540878
0.0,0.5072318613529205,0.743721678853035,0.007246371591463685,0.0,3993.0,normal,0.1761808693408966,0.1761808693408966
0.0,0.5214803665876389,0.6333315223455429,0.007246378110721707,0.0,3994.0,normal,0.16799155250191689,0.16799155250191689
0.0,0.5636712163686752,0.7132768481969833,0.007246371358633041,0.0,3995.0,normal,0.1844242550432682,0.1844242550432682
0.0,0.5267603397369385,0.5680998861789703,0.007246400928124785,0.0,3996.0,normal,0.16252438724040985,0.16252438724040985
0.0,0.5083553344011307,1.0066427886486053,0.007246407447382808,0.0,3997.0,normal,0.20269766449928284,0.20269766449928284
0.0,0.5270415842533112,1.304261714220047,0.007246356923133135,0.0,3998.0,normal,0.23619680106639862,0.23619680106639862
0.0,0.49276381731033325,1.1906502395868301,0.007246374152600765,0.0,3999.0,normal,0.21798009425401688,0.21798009425401688
0.0,0.5408295691013336,0.9800587296485901,0.007246379042044282,0.0,4000.0,normal,0.20653411746025085,0.20653411746025085
0.0,0.5116652995347977,2.4495469331741333,0.007246380904689431,0.0,4001.0,normal,0.34765006601810455,0.34765006601810455
0.0,0.5391032546758652,0.9265806376934052,0.007246433291584253,0.0,4002.0,normal,0.2008410394191742,0.2008410394191742
0.0,0.5006732270121574,1.4922865852713585,0.007246412802487612,0.0,4003.0,normal,0.24972561560571194,0.24972561560571194
0.0,0.5167574286460876,1.491290122270584,0.007246561348438263,0.0,4004.0,normal,0.25284283608198166,0.25284283608198166
0.0,0.5542262941598892,3.0644203424453735,0.007246414897963405,0.0,4005.0,normal,0.41764962673187256,0.41764962673187256
0.0,0.5111880898475647,2.0658405423164368,0.007246533175930381,0.0,4006.0,normal,0.3091840073466301,0.3091840073466301
0.0,0.5232931822538376,5.052719593048096,0.007246467284858227,0.0,4007.0,normal,0.6102929413318634,0.6102929413318634
0.0,0.48598620295524597,1.7657054662704468,0.007246457040309906,0.0,4008.0,normal,0.27413012087345123,0.27413012087345123
0.0,0.5071678161621094,3.202171713113785,0.007246421417221427,0.0,4009.0,normal,0.422013059258461,0.422013059258461
0.0,0.499828964471817,2.1389615535736084,0.007247048895806074,0.0,4010.0,normal,0.3142243027687073,0.3142243027687073
0.0,0.49171483516693115,4.099463582038879,0.007248015841469169,0.0,4011.0,normal,0.5086517259478569,0.5086517259478569
0.0,0.510185495018959,5.641690731048584,0.007246927823871374,0.0,4012.0,normal,0.6665685474872589,0.6665685474872589
0.0,0.5521131455898285,2.1198812127113342,0.00724675040692091,0.0,4013.0,normal,0.3227731063961983,0.3227731063961983
0.0,0.6080987453460693,2.0688528418540955,0.007246638182550669,0.0,4014.0,normal,0.3288673684000969,0.3288673684000969
0.0,0.5421919822692871,2.4850064516067505,0.00724651082418859,0.0,4015.0,normal,0.35730138421058655,0.35730138421058655
0.0,0.6345252245664597,2.2899354696273804,0.007246485678479075,0.0,4016.0,normal,0.35626090317964554,0.35626090317964554
0.0,0.48842833936214447,1.0709792971611023,0.007246488239616156,0.0,4017.0,normal,0.205145925283432,0.205145925283432
0.0,0.594464123249054,0.8110311776399612,0.007246480323374271,0.0,4018.0,normal,0.20035827904939651,0.20035827904939651
0.0,0.6036669611930847,0.8794741332530975,0.007246502907946706,0.0,4019.0,normal,0.20904313027858734,0.20904313027858734
0.0,0.47139424830675125,2.156649649143219,0.007246534340083599,0.0,4020.0,normal,0.3103061467409134,0.3103061467409134
0.0,0.5884829759597778,0.5557403266429901,0.007246523629873991,0.0,4021.0,normal,0.17363295704126358,0.17363295704126358
0.0,0.5889754891395569,0.6911494731903076,0.007246490567922592,0.0,4022.0,normal,0.18727238476276398,0.18727238476276398
0.0,0.5402377247810364,0.5919654816389084,0.007246474269777536,0.0,4023.0,normal,0.1676064133644104,0.1676064133644104
0.0,0.5548617243766785,0.3274247795343399,0.007246467284858227,0.0,4024.0,normal,0.1440771482884884,0.1440771482884884
0.0,0.4866415560245514,0.34087926521897316,0.007246461231261492,0.0,4025.0,normal,0.1317785605788231,0.1317785605788231
0.0,0.5255674123764038,0.7050323188304901,0.007246458204463124,0.0,4026.0,normal,0.17597904801368713,0.17597904801368713
0.0,0.5379703193902969,2.2463462948799133,0.007246456108987331,0.0,4027.0,normal,0.3325910270214081,0.3325910270214081
0.0,0.4886583387851715,2.5395601391792297,0.007246455876156688,0.0,4028.0,normal,0.3520500138401985,0.3520500138401985
0.0,0.5623155981302261,1.546788066625595,0.007246456108987331,0.0,4029.0,normal,0.2675042599439621,0.2675042599439621
0.0,0.4759194403886795,2.7292364835739136,0.007246457040309906,0.0,4030.0,normal,0.36846986413002014,0.36846986413002014
0.0,0.4953727722167969,4.821390450000763,0.007246458902955055,0.0,4031.0,normal,0.5815759301185608,0.5815759301185608
0.0,0.6449719369411469,2.9020460844039917,0.007246453082188964,0.0,4032.0,normal,0.41956134140491486,0.41956134140491486
0.0,0.5218991637229919,4.340289875864983,0.007246454246342182,0.0,4033.0,normal,0.5387711673974991,0.5387711673974991
0.0,0.7955420911312103,14.179409503936768,0.0072464547120034695,0.0,4034.0,normal,1.5774116516113281,1.5774116516113281
0.0,0.6102944910526276,14.361678838729858,0.007246446795761585,0.0,4035.0,normal,1.5585891902446747,1.5585891902446747
0.0,0.659099280834198,6.5281819105148315,0.007246449589729309,0.0,4036.0,normal,0.7850003987550735,0.7850003987550735
0.0,0.627798467874527,1.431905448436737,0.007246449124068022,0.0,4037.0,normal,0.26911257952451706,0.26911257952451706
0.0,0.5133765637874603,2.1838111877441406,0.007246452616527677,0.0,4038.0,normal,0.32141876965761185,0.32141876965761185
0.0,0.586998850107193,2.8384584188461304,0.0072464540135115385,0.0,4039.0,normal,0.4016079604625702,0.4016079604625702
0.0,0.525760754942894,5.019749701023102,0.007246454479172826,0.0,4040.0,normal,0.6074894666671753,0.6074894666671753
0.0,0.5389457941055298,9.980184510350227,0.007246460299938917,0.0,4041.0,normal,1.1061700284481049,1.1061700284481049
0.0,0.6558602154254913,10.609468936920166,0.0072464554104954,0.0,4042.0,normal,1.1924812495708466,1.1924812495708466
0.0,0.5109192728996277,4.495029449462891,0.007246455876156688,0.0,4043.0,normal,0.5520491302013397,0.5520491302013397
0.0,0.544342041015625,6.569752097129822,0.007246459601446986,0.0,4044.0,normal,0.766205906867981,0.766205906867981
0.0,0.5236946120858192,4.327248692512512,0.007246458902955055,0.0,4045.0,normal,0.5378261357545853,0.5378261357545853
0.0,0.6388026475906372,7.54983115196228,0.007246461929753423,0.0,4046.0,normal,0.8831059634685516,0.8831059634685516
0.0,0.640842616558075,2.9015544652938843,0.007246460998430848,0.0,4047.0,normal,0.41868630051612854,0.41868630051612854
0.0,0.6401778757572174,2.083819270133972,0.007246457738801837,0.0,4048.0,normal,0.3367798402905464,0.3367798402905464
0.0,0.5230237394571304,2.1957340836524963,0.007246453780680895,0.0,4049.0,normal,0.32454047352075577,0.32454047352075577
0.0,0.5923029035329819,2.469031035900116,0.0072464486584067345,0.0,4050.0,normal,0.3657260090112686,0.3657260090112686
0.0,0.5533543825149536,1.1031166911125183,0.007246447028592229,0.0,4051.0,normal,0.22134487330913544,0.22134487330913544
0.0,0.5435555428266525,0.5369375646114349,0.007246448192745447,0.0,4052.0,normal,0.162767194211483,0.162767194211483
0.0,0.5053327083587646,0.5553921759128571,0.0072464486584067345,0.0,4053.0,normal,0.15696808695793152,0.15696808695793152
0.0,0.54731485247612,0.5773130655288696,0.007246449589729309,0.0,4054.0,normal,0.16755659878253937,0.16755659878253937
0.0,0.497333824634552,0.419883131980896,0.007246449124068022,0.0,4055.0,normal,0.14181740954518318,0.14181740954518318
0.0,0.5162654221057892,0.3282082676887512,0.007246448425576091,0.0,4056.0,normal,0.13643623515963554,0.13643623515963554
0.0,0.48110605776309967,0.3281590938568115,0.0072464472614228725,0.0,4057.0,normal,0.12939944863319397,0.12939944863319397
0.0,0.4787949323654175,0.2958028018474579,0.00724644772708416,0.0,4058.0,normal,0.12570159137248993,0.12570159137248993
0.0,0.5119509994983673,0.32123127579689026,0.007246446562930942,0.0,4059.0,normal,0.13487565517425537,0.13487565517425537
0.0,0.5195561796426773,0.4867888391017914,0.007246445864439011,0.0,4060.0,normal,0.15295244753360748,0.15295244753360748
0.0,0.5344356149435043,0.42817920446395874,0.007246446330100298,0.0,4061.0,normal,0.15006737411022186,0.15006737411022186
0.0,0.5360765010118484,0.52619668841362,0.00724644772708416,0.0,4062.0,normal,0.16019729524850845,0.16019729524850845
0.0,0.5990428030490875,0.84725321829319,0.007246446097269654,0.0,4063.0,normal,0.2048962116241455,0.2048962116241455
0.0,0.6609415709972382,1.798860788345337,0.00724644516594708,0.0,4064.0,normal,0.3124367371201515,0.3124367371201515
0.0,0.4362669289112091,1.6518776714801788,0.0072464486584067345,0.0,4065.0,normal,0.2528034746646881,0.2528034746646881
0.0,0.6621934175491333,0.6276974081993103,0.007246448192745447,0.0,4066.0,normal,0.19557075202465057,0.19557075202465057
0.0,0.6963437795639038,0.48134082555770874,0.007246448192745447,0.0,4067.0,normal,0.18776515871286392,0.18776515871286392
0.0,0.5650809705257416,0.8046887814998627,0.007246447028592229,0.0,4068.0,normal,0.1938473954796791,0.1938473954796791
0.0,0.5739954710006714,1.4238373637199402,0.007246446562930942,0.0,4069.0,normal,0.2575451582670212,0.2575451582670212
0.0,0.6025426983833313,0.6711878776550293,0.007246444933116436,0.0,4070.0,normal,0.18798965215682983,0.18798965215682983
0.0,0.43053337931632996,0.9746783375740051,0.007246443768963218,0.0,4071.0,normal,0.18393684551119804,0.18393684551119804
0.0,0.5282813310623169,0.3926704078912735,0.007246444700285792,0.0,4072.0,normal,0.14528563618659973,0.14528563618659973
0.0,0.6433824300765991,0.41940857470035553,0.007246444234624505,0.0,4073.0,normal,0.17097967118024826,0.17097967118024826
0.0,0.44342518597841263,0.7271615415811539,0.007246443768963218,0.0,4074.0,normal,0.1617635041475296,0.1617635041475296
0.0,0.5736611038446426,0.6709147989749908,0.00724644516594708,0.0,4075.0,normal,0.1821860410273075,0.1821860410273075
0.0,0.5287927240133286,0.4446312338113785,0.00724644330330193,0.0,4076.0,normal,0.15058398991823196,0.15058398991823196
0.0,0.5541102290153503,0.7462695837020874,0.007246442837640643,0.0,4077.0,normal,0.1858113333582878,0.1858113333582878
0.0,0.5393137037754059,0.708022728562355,0.0072464419063180685,0.0,4078.0,normal,0.17902733385562897,0.17902733385562897
0.0,0.48205024003982544,0.7556173801422119,0.0072464419063180685,0.0,4079.0,normal,0.17233411222696304,0.17233411222696304
0.0,0.5308705270290375,1.1474585086107254,0.0072464426048099995,0.0,4080.0,normal,0.22128229588270187,0.22128229588270187
0.0,0.5242753028869629,1.1041713953018188,0.007246444001793861,0.0,4081.0,normal,0.2156345248222351,0.2156345248222351
0.0,0.480980783700943,0.9845812767744064,0.00724644330330193,0.0,4082.0,normal,0.19501661881804466,0.19501661881804466
0.0,0.5253929793834686,1.4693589210510254,0.007246444467455149,0.0,4083.0,normal,0.25237681716680527,0.25237681716680527
0.0,0.4773758351802826,1.490005761384964,0.007246444234624505,0.0,4084.0,normal,0.24483806639909744,0.24483806639909744
0.0,0.5509449392557144,0.6243537962436676,0.007246443536132574,0.0,4085.0,normal,0.1729866936802864,0.1729866936802864
0.0,0.47718288004398346,1.058408796787262,0.007246444467455149,0.0,4086.0,normal,0.2016397789120674,0.2016397789120674
0.0,0.5832977294921875,3.4035593271255493,0.007246440509334207,0.0,4087.0,normal,0.4573778212070465,0.4573778212070465
0.0,0.4782482385635376,2.369996666908264,0.007246443070471287,0.0,4088.0,normal,0.333011656999588,0.333011656999588
0.0,0.44221577048301697,1.7708883583545685,0.0072464426048099995,0.0,4089.0,normal,0.2658943235874176,0.2658943235874176
0.0,0.5443466305732727,1.5231794714927673,0.007246442371979356,0.0,4090.0,normal,0.26154962182044983,0.26154962182044983
0.0,0.49775420129299164,3.5358099341392517,0.007246442837640643,0.0,4091.0,normal,0.4534941762685776,0.4534941762685776
0.0,0.46583858132362366,3.883399724960327,0.007246444933116436,0.0,4092.0,normal,0.48187004029750824,0.48187004029750824
0.0,0.5004933625459671,3.9963625967502594,0.007246444001793861,0.0,4093.0,normal,0.5000972673296928,0.5000972673296928
0.0,0.5165633857250214,2.974271774291992,0.007246444467455149,0.0,4094.0,normal,0.4011022001504898,0.4011022001504898
0.0,0.472835898399353,6.50822252035141,0.0072464426048099995,0.0,4095.0,normal,0.7457517832517624,0.7457517832517624
0.0,0.4309384524822235,9.79658317565918,0.00724644074216485,0.0,4096.0,normal,1.0662083625793457,1.0662083625793457
0.0,0.48766255378723145,2.7968595027923584,0.007246440974995494,0.0,4097.0,normal,0.37758079171180725,0.37758079171180725
0.0,0.7329016327857971,2.6697173416614532,0.007246438646689057,0.0,4098.0,normal,0.41391439735889435,0.41391439735889435
0.0,0.6199727058410645,2.932590067386627,0.007246444234624505,0.0,4099.0,normal,0.4176158830523491,0.4176158830523491
0.0,0.6078833341598511,5.217331171035767,0.00724644516594708,0.0,4100.0,normal,0.6436721384525299,0.6436721384525299
0.0,0.5447720587253571,2.254558801651001,0.007246444700285792,0.0,4101.0,normal,0.33477262407541275,0.33477262407541275
0.0,0.6486942768096924,1.8769433200359344,0.00724644772708416,0.0,4102.0,normal,0.3177955225110054,0.3177955225110054
0.0,0.44389602541923523,1.8898502588272095,0.007246446097269654,0.0,4103.0,normal,0.2781265676021576,0.2781265676021576
0.0,0.5221506953239441,0.586049884557724,0.007246445398777723,0.0,4104.0,normal,0.16339745372533798,0.16339745372533798
0.0,0.6799612045288086,0.616082489490509,0.007246444933116436,0.0,4105.0,normal,0.19796282798051834,0.19796282798051834
0.0,0.4842624217271805,0.7368364930152893,0.0072464426048099995,0.0,4106.0,normal,0.1708984635770321,0.1708984635770321
0.0,0.6470122933387756,2.4695072174072266,0.007246440509334207,0.0,4107.0,normal,0.3767154961824417,0.3767154961824417
0.0,0.6165976971387863,1.3443055748939514,0.007246441440656781,0.0,4108.0,normal,0.25811243802309036,0.25811243802309036
0.0,0.7060845196247101,2.1521253883838654,0.007246440509334207,0.0,4109.0,normal,0.35679179430007935,0.35679179430007935
0.0,0.5781820565462112,2.6523253321647644,0.007246444001793861,0.0,4110.0,normal,0.38123127073049545,0.38123127073049545
0.0,0.5780152380466461,7.521740198135376,0.007246444234624505,0.0,4111.0,normal,0.868139386177063,0.868139386177063
0.0,0.6760016083717346,5.082736372947693,0.007246445864439011,0.0,4112.0,normal,0.6438362896442413,0.6438362896442413
0.0,0.4862004518508911,2.5858407616615295,0.0072464486584067345,0.0,4113.0,normal,0.35618650913238525,0.35618650913238525
0.0,0.5797349810600281,3.531098961830139,0.00724644772708416,0.0,4114.0,normal,0.4694192409515381,0.4694192409515381
0.0,0.6025477349758148,4.372000217437744,0.007246445631608367,0.0,4115.0,normal,0.5580719113349915,0.5580719113349915
0.0,0.46977128088474274,1.4205703139305115,0.00724644330330193,0.0,4116.0,normal,0.23637361824512482,0.23637361824512482
0.0,0.5270136594772339,1.6887162923812866,0.007246440043672919,0.0,4117.0,normal,0.2746367007493973,0.2746367007493973
0.0,0.466711089015007,1.1633636951446533,0.007246440974995494,0.0,4118.0,normal,0.21004091948270798,0.21004091948270798
0.0,0.47437141835689545,0.6516948044300079,0.007246440276503563,0.0,4119.0,normal,0.16040609031915665,0.16040609031915665
0.0,0.5486992299556732,3.091946244239807,0.007246440276503563,0.0,4120.0,normal,0.4192968159914017,0.4192968159914017
0.0,0.4987483620643616,1.5858204215765,0.007246440509334207,0.0,4121.0,normal,0.25869404524564743,0.25869404524564743
0.0,0.47486764192581177,1.7579777240753174,0.007246440043672919,0.0,4122.0,normal,0.2711336314678192,0.2711336314678192
0.0,0.47056959569454193,2.293022394180298,0.007246440509334207,0.0,4123.0,normal,0.3237784802913666,0.3237784802913666
0.0,0.48797735571861267,2.1423048973083496,0.007246441440656781,0.0,4124.0,normal,0.3121883049607277,0.3121883049607277
0.0,0.5672968029975891,2.099097639322281,0.007246439810842276,0.0,4125.0,normal,0.3237314671278,0.3237314671278
0.0,0.5092839747667313,2.769741840660572,0.007246441673487425,0.0,4126.0,normal,0.3791933096945286,0.3791933096945286
0.0,0.46926502883434296,4.712454438209534,0.007246438879519701,0.0,4127.0,normal,0.5654608011245728,0.5654608011245728
0.0,0.5803557336330414,9.852743148803711,0.007246437016874552,0.0,4128.0,normal,1.1017077565193176,1.1017077565193176
0.0,0.4295513778924942,5.021851420402527,0.007246440043672919,0.0,4129.0,normal,0.588457778096199,0.588457778096199
0.0,0.589459165930748,6.378871142864227,0.00724644074216485,0.0,4130.0,normal,0.7561412379145622,0.7561412379145622
0.0,0.4948919117450714,5.238075137138367,0.007246445631608367,0.0,4131.0,normal,0.6231482326984406,0.6231482326984406
0.0,0.45148351788520813,1.913921296596527,0.00724644516594708,0.0,4132.0,normal,0.2820511683821678,0.2820511683821678
0.0,0.4947795867919922,2.8780676126480103,0.0072464419063180685,0.0,4133.0,normal,0.38712501525878906,0.38712501525878906
0.0,0.4827193170785904,3.723052144050598,0.007246440974995494,0.0,4134.0,normal,0.4692114219069481,0.4692114219069481
0.0,0.4482487291097641,10.012482285499573,0.007246436784043908,0.0,4135.0,normal,1.0912602692842484,1.0912602692842484
0.0,0.6061980426311493,5.690332651138306,0.007246437249705195,0.0,4136.0,normal,0.6906352341175079,0.6906352341175079
0.0,0.5234742760658264,3.208905577659607,0.007246440509334207,0.0,4137.0,normal,0.42594777047634125,0.42594777047634125
0.0,0.7209906578063965,4.562030553817749,0.00724644074216485,0.0,4138.0,normal,0.6007635071873665,0.6007635071873665
0.0,0.7853086590766907,5.641565561294556,0.007246442139148712,0.0,4139.0,normal,0.7215806245803833,0.7215806245803833
0.0,0.6090964674949646,10.414967775344849,0.007246435387060046,0.0,4140.0,normal,1.163678452372551,1.163678452372551
0.0,0.5820507556200027,8.66718864440918,0.007246438413858414,0.0,4141.0,normal,0.9834913015365601,0.9834913015365601
0.0,0.5204326510429382,6.230981230735779,0.007246433524414897,0.0,4142.0,normal,0.7275470048189163,0.7275470048189163
0.0,0.6501178741455078,2.065476715564728,0.007246432593092322,0.0,4143.0,normal,0.33693359047174454,0.33693359047174454
0.0,0.501827284693718,1.914398193359375,0.007246432825922966,0.0,4144.0,normal,0.2921675890684128,0.2921675890684128
0.0,0.5223565846681595,1.6552169620990753,0.00724643305875361,0.0,4145.0,normal,0.27035532146692276,0.27035532146692276
0.0,0.5247647166252136,1.026659369468689,0.0072464351542294025,0.0,4146.0,normal,0.20798122137784958,0.20798122137784958
0.0,0.44630639255046844,3.310034453868866,0.007246437715366483,0.0,4147.0,normal,0.42062706500291824,0.42062706500291824
0.0,0.4751353934407234,1.6886777877807617,0.007246437482535839,0.0,4148.0,normal,0.26425718516111374,0.26425718516111374
0.0,0.4610900282859802,1.8861190527677536,0.007246440043672919,0.0,4149.0,normal,0.28119222074747086,0.28119222074747086
0.0,0.44070999324321747,4.055883288383484,0.007246438646689057,0.0,4150.0,normal,0.4940926730632782,0.4940926730632782
0.0,0.4879578500986099,3.3154537081718445,0.007246438646689057,0.0,4151.0,normal,0.4294992759823799,0.4294992759823799
0.0,0.606360673904419,3.0739574432373047,0.007246440509334207,0.0,4152.0,normal,0.4290302023291588,0.4290302023291588
0.0,0.48165957629680634,5.651418328285217,0.007246439345180988,0.0,4153.0,normal,0.6618360355496407,0.6618360355496407
0.0,0.4318109154701233,7.648572206497192,0.007246439345180988,0.0,4154.0,normal,0.8515817523002625,0.8515817523002625
0.0,0.495053693652153,8.892247080802917,0.0072464472614228725,0.0,4155.0,normal,0.9885977506637573,0.9885977506637573
0.0,0.5818231701850891,4.035030364990234,0.007246446330100298,0.0,4156.0,normal,0.5202300250530243,0.5202300250530243
0.0,0.5861903429031372,3.438298761844635,0.007246447028592229,0.0,4157.0,normal,0.46143029630184174,0.46143029630184174
0.0,0.5330361276865005,7.254360198974609,0.00724644330330193,0.0,4158.0,normal,0.8324055373668671,0.8324055373668671
0.0,0.5761563181877136,2.913197159767151,0.007246437715366483,0.0,4159.0,normal,0.40691331028938293,0.40691331028938293
0.0,0.6857609152793884,3.4557502269744873,0.007246434455737472,0.0,4160.0,normal,0.48308955878019333,0.48308955878019333
0.0,0.6347283720970154,2.911245107650757,0.007246430730447173,0.0,4161.0,normal,0.4184325337409973,0.4184325337409973
0.0,0.7565518915653229,4.2012501657009125,0.007246430264785886,0.0,4162.0,normal,0.5717977434396744,0.5717977434396744
0.0,0.5098681896924973,5.067453861236572,0.00724643119610846,0.0,4163.0,normal,0.609081357717514,0.609081357717514
0.0,0.4976865351200104,1.4332863688468933,0.007246434921398759,0.0,4164.0,normal,0.2432282790541649,0.2432282790541649
0.0,0.4479208216071129,1.4488902986049652,0.007246439810842276,0.0,4165.0,normal,0.23483552038669586,0.23483552038669586
0.0,0.5062397718429565,1.360641360282898,0.0072464426048099995,0.0,4166.0,normal,0.23767442256212234,0.23767442256212234
0.0,0.520787239074707,1.2899317145347595,0.007246442371979356,0.0,4167.0,normal,0.23351295292377472,0.23351295292377472
0.0,0.4151032865047455,1.234529197216034,0.007246441440656781,0.0,4168.0,normal,0.20683590322732925,0.20683590322732925
0.0,0.4556199014186859,1.2942310571670532,0.00724643818102777,0.0,4169.0,normal,0.22090942412614822,0.22090942412614822
0.0,0.4797331392765045,1.5801904797554016,0.007246437016874552,0.0,4170.0,normal,0.25432801246643066,0.25432801246643066
0.0,0.4589182138442993,4.324407935142517,0.007246434222906828,0.0,4171.0,normal,0.5245867669582367,0.5245867669582367
0.0,0.4931812882423401,2.359989047050476,0.007246434921398759,0.0,4172.0,normal,0.3349975049495697,0.3349975049495697
0.0,0.474650502204895,1.6811957359313965,0.00724643561989069,0.0,4173.0,normal,0.2634120061993599,0.2634120061993599
0.0,0.48730674386024475,1.4038894176483154,0.007246434688568115,0.0,4174.0,normal,0.23821263015270233,0.23821263015270233
0.0,0.4258526712656021,1.9535922706127167,0.007246437249705195,0.0,4175.0,normal,0.2808920852839947,0.2808920852839947
0.0,0.5221197009086609,3.111616373062134,0.007246436085551977,0.0,4176.0,normal,0.41594794392585754,0.41594794392585754
0.0,0.47145068645477295,3.687199592590332,0.00724643305875361,0.0,4177.0,normal,0.46337243914604187,0.46337243914604187
0.0,0.4773821532726288,2.3997139781713486,0.00724643561989069,0.0,4178.0,normal,0.33581016957759857,0.33581016957759857
0.0,0.41321584582328796,2.122235655784607,0.00724643119610846,0.0,4179.0,normal,0.2952290549874306,0.2952290549874306
0.0,0.5005455911159515,2.144496500492096,0.007246432360261679,0.0,4180.0,normal,0.3149210661649704,0.3149210661649704
0.0,0.3978228121995926,4.141976624727249,0.00724643119610846,0.0,4181.0,normal,0.4941245764493942,0.4941245764493942
0.0,0.44076357781887054,1.7914157509803772,0.007246430963277817,0.0,4182.0,normal,0.2676566317677498,0.2676566317677498
0.0,0.5181064903736115,1.7975425124168396,0.007246430031955242,0.0,4183.0,normal,0.283737875521183,0.283737875521183
0.0,0.4264185428619385,2.937107801437378,0.007246430730447173,0.0,4184.0,normal,0.37935681641101837,0.37935681641101837
0.0,0.440881609916687,1.386507272720337,0.007246433291584253,0.0,4185.0,normal,0.22718937695026398,0.22718937695026398
0.0,0.473566472530365,2.812308967113495,0.007246433524414897,0.0,4186.0,normal,0.37630651891231537,0.37630651891231537
0.0,0.4439886808395386,0.9456789493560791,0.007246434222906828,0.0,4187.0,normal,0.1837279573082924,0.1837279573082924
0.0,0.47514766454696655,1.3211618959903717,0.007246434688568115,0.0,4188.0,normal,0.227508045732975,0.227508045732975
0.0,0.47064678370952606,1.248170092701912,0.007246433757245541,0.0,4189.0,normal,0.21930868923664093,0.21930868923664093
0.0,0.45817428827285767,1.3574820384383202,0.0072464351542294025,0.0,4190.0,normal,0.22774536907672882,0.22774536907672882
0.0,0.4668406695127487,1.0615057945251465,0.007246433990076184,0.0,4191.0,normal,0.19988103210926056,0.19988103210926056
0.0,0.5210692435503006,1.209526389837265,0.0072464351542294025,0.0,4192.0,normal,0.22552881389856339,0.22552881389856339
0.0,0.4526076316833496,2.052043616771698,0.007246433757245541,0.0,4193.0,normal,0.29608820378780365,0.29608820378780365
0.0,0.4391142725944519,1.4816682934761047,0.007246433757245541,0.0,4194.0,normal,0.23635198920965195,0.23635198920965195
0.0,0.4939911514520645,0.8498879075050354,0.007246433990076184,0.0,4195.0,normal,0.1841493472456932,0.1841493472456932
0.0,0.43558479845523834,1.0892583280801773,0.007246434222906828,0.0,4196.0,normal,0.1964051052927971,0.1964051052927971
0.0,0.526485025882721,0.4752597212791443,0.007246434222906828,0.0,4197.0,normal,0.15318530797958374,0.15318530797958374
0.0,0.4566168934106827,1.2349997609853745,0.007246434688568115,0.0,4198.0,normal,0.21518567949533463,0.21518567949533463
0.0,0.42552535980939865,0.6709694117307663,0.007246432825922966,0.0,4199.0,normal,0.15256433933973312,0.15256433933973312
0.0,0.4276459813117981,0.5219208896160126,0.007246433524414897,0.0,4200.0,normal,0.13808361440896988,0.13808361440896988
0.0,0.4280407130718231,2.2059726119041443,0.007246431661769748,0.0,4201.0,normal,0.3065677136182785,0.3065677136182785
0.0,0.5243508368730545,2.56816828250885,0.007246431661769748,0.0,4202.0,normal,0.36204929649829865,0.36204929649829865
0.0,0.44514720886945724,1.2681818306446075,0.007246431661769748,0.0,4203.0,normal,0.21620994433760643,0.21620994433760643
0.0,0.4183218330144882,1.2053612172603607,0.007246430264785886,0.0,4204.0,normal,0.20456281304359436,0.20456281304359436
0.0,0.4059072434902191,1.4394641816616058,0.007246430963277817,0.0,4205.0,normal,0.22549018263816833,0.22549018263816833
0.0,0.4609045386314392,1.9550458490848541,0.0072464297991245985,0.0,4206.0,normal,0.28804782032966614,0.28804782032966614
0.0,0.4758087545633316,2.565490961074829,0.007246429566293955,0.0,4207.0,normal,0.35207317024469376,0.35207317024469376
0.0,0.4396204650402069,1.518126130104065,0.007246432127431035,0.0,4208.0,normal,0.24009902402758598,0.24009902402758598
0.0,0.47274671494960785,0.9521941244602203,0.007246432825922966,0.0,4209.0,normal,0.1901310756802559,0.1901310756802559
0.0,0.4092143848538399,0.9023669809103012,0.007246433990076184,0.0,4210.0,normal,0.17244189977645874,0.17244189977645874
0.0,0.4708005487918854,1.3777088522911072,0.007246433757245541,0.0,4211.0,normal,0.23229332268238068,0.23229332268238068
0.0,0.42412832379341125,0.9037184119224548,0.0072464297991245985,0.0,4212.0,normal,0.17555982619524002,0.17555982619524002
0.0,0.5686547160148621,0.8290640413761139,0.007246427703648806,0.0,4213.0,normal,0.1969996690750122,0.1969996690750122
0.0,0.5196913629770279,0.3499632030725479,0.007246427703648806,0.0,4214.0,normal,0.13929691910743713,0.13929691910743713
0.0,0.3908279538154602,0.4564838707447052,0.007246427703648806,0.0,4215.0,normal,0.12417630851268768,0.12417630851268768
0.0,0.4788501411676407,0.30878469347953796,0.007246427703648806,0.0,4216.0,normal,0.12701082229614258,0.12701082229614258
0.0,0.4738478809595108,0.404545322060585,0.0072464297991245985,0.0,4217.0,normal,0.13558643497526646,0.13558643497526646
0.0,0.3851575702428818,0.2976594492793083,0.007246431428939104,0.0,4218.0,normal,0.10715978220105171,0.10715978220105171
0.0,0.44386260211467743,0.34869544208049774,0.007246431428939104,0.0,4219.0,normal,0.12400438636541367,0.12400438636541367
0.0,0.42382657527923584,0.2557646781206131,0.007246430031955242,0.0,4220.0,normal,0.11070410534739494,0.11070410534739494
0.0,0.42072705924510956,0.27248844504356384,0.007246430031955242,0.0,4221.0,normal,0.111756581813097,0.111756581813097
0.0,0.38864003121852875,0.2726275324821472,0.007246430031955242,0.0,4222.0,normal,0.10535307601094246,0.10535307601094246
0.0,0.44250932335853577,0.4214267134666443,0.007246429333463311,0.0,4223.0,normal,0.1310068592429161,0.1310068592429161
0.0,0.4270266145467758,0.3175297677516937,0.007246429566293955,0.0,4224.0,normal,0.11752061918377876,0.11752061918377876
0.0,0.4249236583709717,1.0618711113929749,0.007246428402140737,0.0,4225.0,normal,0.191534161567688,0.191534161567688
0.0,0.4159947484731674,0.632372111082077,0.007246430963277817,0.0,4226.0,normal,0.1467984803020954,0.1467984803020954
0.0,0.4736340045928955,0.9004169553518295,0.007246430031955242,0.0,4227.0,normal,0.18513081967830658,0.18513081967830658
0.0,0.3940351754426956,0.5389951765537262,0.007246431428939104,0.0,4228.0,normal,0.13306888192892075,0.13306888192892075
0.0,0.43930627405643463,0.4093257486820221,0.007246432127431035,0.0,4229.0,normal,0.12915614992380142,0.12915614992380142
0.0,0.4297517091035843,0.7515311688184738,0.007246430730447173,0.0,4230.0,normal,0.16146578639745712,0.16146578639745712
0.0,0.457623690366745,0.40504270046949387,0.007246430031955242,0.0,4231.0,normal,0.1323913335800171,0.1323913335800171
0.0,0.42245157063007355,0.3333710730075836,0.0072464297991245985,0.0,4232.0,normal,0.1181897446513176,0.1181897446513176
0.0,0.41950833797454834,0.3787488341331482,0.007246429333463311,0.0,4233.0,normal,0.1221388727426529,0.1221388727426529
0.0,0.41898804903030396,0.5606238543987274,0.007246428402140737,0.0,4234.0,normal,0.14022231847047806,0.14022231847047806
0.0,0.39727504551410675,0.3962894380092621,0.007246429566293955,0.0,4235.0,normal,0.1194462776184082,0.1194462776184082
0.0,0.4033627212047577,0.48215749859809875,0.0072464291006326675,0.0,4236.0,normal,0.12925061956048012,0.12925061956048012
0.0,0.43106526136398315,0.23012704402208328,0.007246428867802024,0.0,4237.0,normal,0.10958807915449142,0.10958807915449142
0.0,0.3737688362598419,0.33989785611629486,0.0072464291006326675,0.0,4238.0,normal,0.10910587757825851,0.10910587757825851
0.0,0.4230683296918869,0.3403352200984955,0.007246428867802024,0.0,4239.0,normal,0.11900950968265533,0.11900950968265533
0.0,0.3904966861009598,0.2292260080575943,0.007246428867802024,0.0,4240.0,normal,0.10138425976037979,0.10138425976037979
0.0,0.39312131702899933,0.3401035964488983,0.007246429566293955,0.0,4241.0,normal,0.11299694702029228,0.11299694702029228
0.0,0.4088079333305359,0.35436053574085236,0.007246428867802024,0.0,4242.0,normal,0.11755996569991112,0.11755996569991112
0.0,0.545384556055069,0.23022767156362534,0.007246428169310093,0.0,4243.0,normal,0.1324620023369789,0.1324620023369789
0.0,0.3965705335140228,0.4415683001279831,0.007246427470818162,0.0,4244.0,normal,0.12383326143026352,0.12383326143026352
0.0,0.4279562383890152,0.47537654638290405,0.007246427005156875,0.0,4245.0,normal,0.13349122181534767,0.13349122181534767
0.0,0.4877254515886307,0.48995673656463623,0.007246427470818162,0.0,4246.0,normal,0.14690309017896652,0.14690309017896652
0.0,0.40206511318683624,0.9588901400566101,0.007246428169310093,0.0,4247.0,normal,0.17666435986757278,0.17666435986757278
0.0,0.39376139640808105,1.14983069896698,0.007246428867802024,0.0,4248.0,normal,0.19409766793251038,0.19409766793251038
0.0,0.5504920780658722,0.6411425769329071,0.007246428169310093,0.0,4249.0,normal,0.17457499355077744,0.17457499355077744
0.0,0.48422084748744965,0.797905407845974,0.007246428169310093,0.0,4250.0,normal,0.17699703946709633,0.17699703946709633
0.0,0.5075918883085251,0.5677056014537811,0.007246426772326231,0.0,4251.0,normal,0.15865126252174377,0.15865126252174377
0.0,0.4318234622478485,0.7021911144256592,0.0072464260738343,0.0,4252.0,normal,0.15694612637162209,0.15694612637162209
0.0,0.47362498193979263,0.6469413936138153,0.007246425375342369,0.0,4253.0,normal,0.15978146344423294,0.15978146344423294
0.0,0.4031048119068146,1.1411659121513367,0.007246424909681082,0.0,4254.0,normal,0.1950998678803444,0.1950998678803444
0.0,0.40595151484012604,0.9896507263183594,0.007246424909681082,0.0,4255.0,normal,0.18051770329475403,0.18051770329475403
0.0,0.42624348402023315,0.5892328321933746,0.007246426772326231,0.0,4256.0,normal,0.14453430473804474,0.14453430473804474
0.0,0.4331914186477661,0.3555217534303665,0.007246427470818162,0.0,4257.0,normal,0.1225527860224247,0.1225527860224247
0.0,0.457280233502388,0.389229953289032,0.007246427936479449,0.0,4258.0,normal,0.13074136525392532,0.13074136525392532
0.0,0.3835075572133064,0.24255296215415,0.007246428402140737,0.0,4259.0,normal,0.10131913051009178,0.10131913051009178
0.0,0.4899037629365921,0.2318899855017662,0.007246428169310093,0.0,4260.0,normal,0.12153207510709763,0.12153207510709763
0.0,0.47737035155296326,0.26617103815078735,0.007246428169310093,0.0,4261.0,normal,0.12245349586009979,0.12245349586009979
0.0,0.5029630810022354,0.3628140240907669,0.007246427005156875,0.0,4262.0,normal,0.1372363418340683,0.1372363418340683
0.0,0.4467789828777313,0.5513873398303986,0.007246426306664944,0.0,4263.0,normal,0.14485686272382736,0.14485686272382736
0.0,0.43185267597436905,0.5278492867946625,0.007246427005156875,0.0,4264.0,normal,0.13951778411865234,0.13951778411865234
0.0,0.40105365961790085,0.40088382363319397,0.0072464260738343,0.0,4265.0,normal,0.12066143751144409,0.12066143751144409
0.0,0.36381101608276367,0.532289668917656,0.007246426306664944,0.0,4266.0,normal,0.12635349109768867,0.12635349109768867
0.0,0.3813299089670181,0.4177462309598923,0.007246425608173013,0.0,4267.0,normal,0.11840292811393738,0.11840292811393738
0.0,0.37735237926244736,0.23553762584924698,0.007246426772326231,0.0,4268.0,normal,0.0993865579366684,0.0993865579366684
0.0,0.38132013380527496,0.25166407972574234,0.007246427237987518,0.0,4269.0,normal,0.10179276019334793,0.10179276019334793
0.0,0.36771260201931,0.2900882959365845,0.007246427005156875,0.0,4270.0,normal,0.10291367396712303,0.10291367396712303
0.0,0.38101792335510254,0.9397808611392975,0.007246426539495587,0.0,4271.0,normal,0.17054399102926254,0.17054399102926254
0.0,0.47420625388622284,0.5137979760766029,0.007246426306664944,0.0,4272.0,normal,0.14658337086439133,0.14658337086439133
0.0,0.3926937133073807,0.4641779363155365,0.007246425841003656,0.0,4273.0,normal,0.1253188643604517,0.1253188643604517
0.0,0.43962281942367554,0.6517767012119293,0.007246425608173013,0.0,4274.0,normal,0.15346455574035645,0.15346455574035645
0.0,0.42884694039821625,1.1598570346832275,0.007246424909681082,0.0,4275.0,normal,0.2021174132823944,0.2021174132823944
0.0,0.37247419357299805,0.6641276329755783,0.0072464260738343,0.0,4276.0,normal,0.14126992598176003,0.14126992598176003
0.0,0.3835599720478058,1.1052277013659477,0.007246427005156875,0.0,4277.0,normal,0.18759708479046822,0.18759708479046822
0.0,0.39175601303577423,0.8480610251426697,0.007246427005156875,0.0,4278.0,normal,0.16351962834596634,0.16351962834596634
0.0,0.3602762222290039,1.086914837360382,0.0072464260738343,0.0,4279.0,normal,0.18110904097557068,0.18110904097557068
0.0,0.3617219775915146,0.6492275446653366,0.007246424909681082,0.0,4280.0,normal,0.13762947916984558,0.13762947916984558
0.0,0.3688887804746628,0.4414358586072922,0.0072464244440197945,0.0,4281.0,normal,0.11828367039561272,0.11828367039561272
0.0,0.3882508724927902,1.0630175173282623,0.007246425841003656,0.0,4282.0,normal,0.18431425094604492,0.18431425094604492
0.0,0.4225296229124069,0.2812313288450241,0.007246426306664944,0.0,4283.0,normal,0.11299137771129608,0.11299137771129608
0.0,0.3913358151912689,0.2367713823914528,0.007246427237987518,0.0,4284.0,normal,0.10230662673711777,0.10230662673711777
0.0,0.3748832866549492,0.24774175137281418,0.007246428169310093,0.0,4285.0,normal,0.1001131534576416,0.1001131534576416
0.0,0.3800928369164467,0.23153873533010483,0.007246427470818162,0.0,4286.0,normal,0.0995347686111927,0.0995347686111927
0.0,0.41580016911029816,0.22420085221529007,0.007246426539495587,0.0,4287.0,normal,0.10594244301319122,0.10594244301319122
0.0,0.35278891026973724,0.23597387969493866,0.007246426306664944,0.0,4288.0,normal,0.09451749175786972,0.09451749175786972
0.0,0.3774624615907669,0.23955259285867214,0.007246424909681082,0.0,4289.0,normal,0.09981007874011993,0.09981007874011993
0.0,0.37849728763103485,0.24736688286066055,0.0072464244440197945,0.0,4290.0,normal,0.10079846903681755,0.10079846903681755
0.0,0.34763002395629883,0.2919457107782364,0.0072464244440197945,0.0,4291.0,normal,0.09908289834856987,0.09908289834856987
0.0,0.3753703683614731,0.3192116394639015,0.007246425142511725,0.0,4292.0,normal,0.10735756158828735,0.10735756158828735
0.0,0.3628567308187485,0.49645133316516876,0.007246424676850438,0.0,4293.0,normal,0.12257879972457886,0.12257879972457886
0.0,0.40153390169143677,0.2712160646915436,0.007246424676850438,0.0,4294.0,normal,0.10779070854187012,0.10779070854187012
0.0,0.3622543066740036,0.34164809435606003,0.007246425608173013,0.0,4295.0,normal,0.10697799548506737,0.10697799548506737
0.0,0.4529266208410263,0.4222680479288101,0.007246425142511725,0.0,4296.0,normal,0.13317444920539856,0.13317444920539856
0.0,0.5524698048830032,0.22225048020482063,0.007246425375342369,0.0,4297.0,normal,0.1330813355743885,0.1330813355743885
0.0,0.5663225799798965,0.23681579530239105,0.007246424909681082,0.0,4298.0,normal,0.13730841502547264,0.13730841502547264
0.0,0.4512014240026474,0.5148777663707733,0.007246424676850438,0.0,4299.0,normal,0.14209038764238358,0.14209038764238358
0.0,0.45526836812496185,0.25590166449546814,0.007246424676850438,0.0,4300.0,normal,0.11700616404414177,0.11700616404414177
0.0,0.5206601172685623,0.2138374000787735,0.007246425375342369,0.0,4301.0,normal,0.12587808817625046,0.12587808817625046
0.0,0.37272151559591293,0.3995709642767906,0.007246424211189151,0.0,4302.0,normal,0.11486372351646423,0.11486372351646423
0.0,0.37241972982883453,1.1739925146102905,0.007246424909681082,0.0,4303.0,normal,0.19224552810192108,0.19224552810192108
0.0,0.4380843937397003,0.34004370868206024,0.00724642351269722,0.0,4304.0,normal,0.12198357284069061,0.12198357284069061
0.0,0.4103792607784271,0.3166975751519203,0.007246423279866576,0.0,4305.0,normal,0.11410793662071228,0.11410793662071228
0.0,0.5174108743667603,0.8202074468135834,0.007246422814205289,0.0,4306.0,normal,0.18586524575948715,0.18586524575948715
0.0,0.5616544932126999,0.5152067840099335,0.0072464244440197945,0.0,4307.0,normal,0.16421391069889069,0.16421391069889069
0.0,0.6695547252893448,0.5016571879386902,0.007246425375342369,0.0,4308.0,normal,0.18443898856639862,0.18443898856639862
0.0,0.5665436685085297,2.081555962562561,0.007246425841003656,0.0,4309.0,normal,0.32182663679122925,0.32182663679122925
0.0,0.4606179744005203,0.49792133271694183,0.0072464260738343,0.0,4310.0,normal,0.1422780528664589,0.1422780528664589
0.0,0.7143571972846985,0.7175192087888718,0.007246425375342369,0.0,4311.0,normal,0.2149856761097908,0.2149856761097908
0.0,0.4134604185819626,0.5581158697605133,0.007246424676850438,0.0,4312.0,normal,0.13886599242687225,0.13886599242687225
0.0,0.4003842622041702,0.39763928949832916,0.00724642351269722,0.0,4313.0,normal,0.12020310759544373,0.12020310759544373
0.0,0.6910193413496017,0.7146783322095871,0.00724642351269722,0.0,4314.0,normal,0.21003402769565582,0.21003402769565582
0.0,0.6537770479917526,0.39140141010284424,0.007246424211189151,0.0,4315.0,normal,0.17025788128376007,0.17025788128376007
0.0,0.5476755797863007,0.35205424576997757,0.007246424211189151,0.0,4316.0,normal,0.1451028622686863,0.1451028622686863
0.0,0.5016844570636749,0.3449499160051346,0.007246424211189151,0.0,4317.0,normal,0.13519420474767685,0.13519420474767685
0.0,0.5413853377103806,0.3786981850862503,0.0072464244440197945,0.0,4318.0,normal,0.14650920778512955,0.14650920778512955
0.0,0.7502139657735825,0.24485110491514206,0.007246422814205289,0.0,4319.0,normal,0.17489022761583328,0.17489022761583328
0.0,0.5099453032016754,0.23701563477516174,0.007246423279866576,0.0,4320.0,normal,0.12605294585227966,0.12605294585227966
0.0,0.4382958486676216,0.3491613641381264,0.007246422581374645,0.0,4321.0,normal,0.1229376308619976,0.1229376308619976
0.0,0.5942087173461914,0.24480663239955902,0.007246422814205289,0.0,4322.0,normal,0.1436847299337387,0.1436847299337387
0.0,0.49562112987041473,0.5420597493648529,0.007246423978358507,0.0,4323.0,normal,0.15369252115488052,0.15369252115488052
0.0,0.33348482847213745,0.3012930899858475,0.007246424909681082,0.0,4324.0,normal,0.09718859568238258,0.09718859568238258
0.0,0.45252765715122223,0.18563593924045563,0.007246425142511725,0.0,4325.0,normal,0.1094314493238926,0.1094314493238926
0.0,0.4274432957172394,0.3732514977455139,0.007246424676850438,0.0,4326.0,normal,0.12317613512277603,0.12317613512277603
0.0,0.34588466584682465,0.4416259080171585,0.007246424211189151,0.0,4327.0,normal,0.11370185017585754,0.11370185017585754
0.0,0.3431452289223671,0.27544476836919785,0.007246423279866576,0.0,4328.0,normal,0.09653585031628609,0.09653585031628609
0.0,0.3629683703184128,0.8221390247344971,0.007246422814205289,0.0,4329.0,normal,0.15516990423202515,0.15516990423202515
0.0,0.3442876785993576,0.6723051220178604,0.0072464230470359325,0.0,4330.0,normal,0.1364503651857376,0.1364503651857376
0.0,0.35401730239391327,0.8779332339763641,0.0072464237455278635,0.0,4331.0,normal,0.15895910561084747,0.15895910561084747
0.0,0.3595274090766907,0.35718265920877457,0.007246423279866576,0.0,4332.0,normal,0.10798606649041176,0.10798606649041176
0.0,0.34858115017414093,0.4411074221134186,0.0072464230470359325,0.0,4333.0,normal,0.11418929696083069,0.11418929696083069
0.0,0.4061756730079651,0.36535991728305817,0.007246422348544002,0.0,4334.0,normal,0.11813345178961754,0.11813345178961754
0.0,0.40014319121837616,0.38589879870414734,0.0072464237455278635,0.0,4335.0,normal,0.11898083984851837,0.11898083984851837
0.0,0.3776927813887596,1.809666633605957,0.007246423978358507,0.0,4336.0,normal,0.25686752796173096,0.25686752796173096
0.0,0.43344059586524963,0.5372353196144104,0.007246423279866576,0.0,4337.0,normal,0.1407739743590355,0.1407739743590355
0.0,0.42921876162290573,1.176487386226654,0.007246423279866576,0.0,4338.0,normal,0.20385481417179108,0.20385481417179108
0.0,0.382915660738945,2.107061415910721,0.0072464237455278635,0.0,4339.0,normal,0.287651602178812,0.287651602178812
0.0,0.3985835462808609,1.6577320843935013,0.00724642351269722,0.0,4340.0,normal,0.245852243155241,0.245852243155241
0.0,0.443403959274292,2.0299102663993835,0.007246424211189151,0.0,4341.0,normal,0.2920341417193413,0.2920341417193413
0.0,0.4472848176956177,1.8651737421751022,0.0072464230470359325,0.0,4342.0,normal,0.2763366550207138,0.2763366550207138
0.0,0.380319207906723,1.0844789743423462,0.007246422814205289,0.0,4343.0,normal,0.184874065220356,0.184874065220356
0.0,0.37842443585395813,2.1484485268592834,0.00724642095156014,0.0,4344.0,normal,0.2908920571208,0.2908920571208
0.0,0.4673260301351547,0.7416618168354034,0.007246423279866576,0.0,4345.0,normal,0.1679937168955803,0.1679937168955803
0.0,0.3447945602238178,1.5958234667778015,0.00724642351269722,0.0,4346.0,normal,0.22890358418226242,0.22890358418226242
0.0,0.3638821467757225,0.825171947479248,0.007246423279866576,0.0,4347.0,normal,0.15565595030784607,0.15565595030784607
0.0,0.47140222787857056,1.4763630032539368,0.007246423978358507,0.0,4348.0,normal,0.2422790601849556,0.2422790601849556
0.0,0.5465850532054901,3.0810747742652893,0.007246422348544002,0.0,4349.0,normal,0.4177868142724037,0.4177868142724037
0.0,0.6561143696308136,3.1731820702552795,0.007246426306664944,0.0,4350.0,normal,0.4489034041762352,0.4489034041762352
0.0,0.42028840631246567,1.8796983361244202,0.0072464260738343,0.0,4351.0,normal,0.27238983660936356,0.27238983660936356
0.0,0.6285810619592667,11.799620628356934,0.007246427470818162,0.0,4352.0,normal,1.3060405850410461,1.3060405850410461
0.0,0.5046381056308746,4.272156625986099,0.007246421184390783,0.0,4353.0,normal,0.5285056158900261,0.5285056158900261
0.0,0.46884505450725555,4.257520943880081,0.007246421650052071,0.0,4354.0,normal,0.5198834463953972,0.5198834463953972
0.0,0.3588505983352661,10.311378002166748,0.007246419554576278,0.0,4355.0,normal,1.1032702326774597,1.1032702326774597
0.0,0.39238377660512924,6.489229142665863,0.007246418856084347,0.0,4356.0,normal,0.7277619913220406,0.7277619913220406
0.0,0.4160819873213768,4.868548691272736,0.007246421882882714,0.0,4357.0,normal,0.5704336017370224,0.5704336017370224
0.0,0.4076884090900421,14.054506301879883,0.007246425608173013,0.0,4358.0,normal,1.487350583076477,1.487350583076477
0.0,0.395316407084465,5.508431553840637,0.007246421650052071,0.0,4359.0,normal,0.6302687153220177,0.6302687153220177
0.0,0.5394798070192337,5.286637783050537,0.007246421650052071,0.0,4360.0,normal,0.6369220539927483,0.6369220539927483
0.0,0.4296138435602188,6.0348334312438965,0.007246419321745634,0.0,4361.0,normal,0.6897684633731842,0.6897684633731842
0.0,0.32217253744602203,2.700974762439728,0.00724641908891499,0.0,4362.0,normal,0.3348943069577217,0.3348943069577217
0.0,0.4181239902973175,2.471510887145996,0.007246420020237565,0.0,4363.0,normal,0.3311381861567497,0.3311381861567497
0.0,0.44068901240825653,3.4097657799720764,0.007246422814205289,0.0,4364.0,normal,0.42947671562433243,0.42947671562433243
0.0,0.556606262922287,7.468193531036377,0.007246423978358507,0.0,4365.0,normal,0.8585029542446136,0.8585029542446136
0.0,0.45361609011888504,6.170646101236343,0.007246428402140737,0.0,4366.0,normal,0.7081501707434654,0.7081501707434654
0.0,0.4591474160552025,6.208648443222046,0.007246428169310093,0.0,4367.0,normal,0.7130567133426666,0.7130567133426666
0.0,0.9497171640396118,19.35590887069702,0.007246430031955242,0.0,4368.0,normal,2.125896692276001,2.125896692276001
0.0,0.7131514996290207,4.192066580057144,0.0072464237455278635,0.0,4369.0,normal,0.5621992349624634,0.5621992349624634
0.0,0.5732032209634781,2.6218846440315247,0.007246420253068209,0.0,4370.0,normal,0.377191424369812,0.377191424369812
0.0,0.5831736624240875,3.774486780166626,0.007246420253068209,0.0,4371.0,normal,0.4944457411766052,0.4944457411766052
0.0,0.5566989779472351,2.5643250942230225,0.007246420020237565,0.0,4372.0,normal,0.36813461780548096,0.36813461780548096
0.0,0.425723060965538,1.0010261535644531,0.007246422581374645,0.0,4373.0,normal,0.18560954928398132,0.18560954928398132
0.0,0.45436373353004456,1.3000525534152985,0.007246424909681082,0.0,4374.0,normal,0.2212403267621994,0.2212403267621994
0.0,0.40201012790203094,2.0994818210601807,0.007246427936479449,0.0,4375.0,normal,0.29071252793073654,0.29071252793073654
0.0,0.4412558823823929,1.581313133239746,0.007246427470818162,0.0,4376.0,normal,0.246744804084301,0.246744804084301
0.0,0.36771704256534576,0.9772906303405762,0.007246426539495587,0.0,4377.0,normal,0.17163480073213577,0.17163480073213577
0.0,0.3605201244354248,0.6143356561660767,0.007246423279866576,0.0,4378.0,normal,0.13389991223812103,0.13389991223812103
0.0,0.3679077476263046,0.5388490110635757,0.007246421417221427,0.0,4379.0,normal,0.12782877683639526,0.12782877683639526
0.0,0.37898118793964386,0.46205753087997437,0.007246420020237565,0.0,4380.0,normal,0.12236431241035461,0.12236431241035461
0.0,0.3274182751774788,0.6376190781593323,0.007246420020237565,0.0,4381.0,normal,0.1296078860759735,0.1296078860759735
0.0,0.4229936897754669,0.660944402217865,0.007246420485898852,0.0,4382.0,normal,0.15105550736188889,0.15105550736188889
0.0,0.32152116298675537,0.32899386435747147,0.007246422814205289,0.0,4383.0,normal,0.09756594151258469,0.09756594151258469
0.0,0.36170080304145813,0.9194768667221069,0.0072464230470359325,0.0,4384.0,normal,0.16465017199516296,0.16465017199516296
0.0,0.3396265357732773,0.9831487238407135,0.0072464244440197945,0.0,4385.0,normal,0.1666024997830391,0.1666024997830391
0.0,0.3185451999306679,0.9047128856182098,0.0072464244440197945,0.0,4386.0,normal,0.15454265475273132,0.15454265475273132
0.0,0.40015043318271637,1.2973021566867828,0.007246423279866576,0.0,4387.0,normal,0.21012261509895325,0.21012261509895325
0.0,0.4894803762435913,6.155282020568848,0.007246422814205289,0.0,4388.0,normal,0.7137866020202637,0.7137866020202637
0.0,0.306224063038826,2.5246462374925613,0.007246422581374645,0.0,4389.0,normal,0.31407177448272705,0.31407177448272705
0.0,0.5732384324073792,2.148822009563446,0.007246419787406921,0.0,4390.0,normal,0.32989221066236496,0.32989221066236496
0.0,0.31669512391090393,3.2908318042755127,0.007246420718729496,0.0,4391.0,normal,0.392784520983696,0.392784520983696
0.0,0.3382251039147377,10.729805707931519,0.007246420020237565,0.0,4392.0,normal,1.140987902879715,1.140987902879715
0.0,0.3569616228342056,9.621424198150635,0.00724642351269722,0.0,4393.0,normal,1.0338970869779587,1.0338970869779587
0.0,0.38712579011917114,4.910229563713074,0.007246426772326231,0.0,4394.0,normal,0.568810448050499,0.568810448050499
0.0,0.3997564911842346,6.037002682685852,0.007246426306664944,0.0,4395.0,normal,0.6840139180421829,0.6840139180421829
0.0,0.33029814064502716,9.125032186508179,0.007246430031955242,0.0,4396.0,normal,0.9789251387119293,0.9789251387119293
0.0,0.5444205552339554,8.377000451087952,0.0072464291006326675,0.0,4397.0,normal,0.946946457028389,0.946946457028389
0.0,0.40337856113910675,8.499426752328873,0.0072464260738343,0.0,4398.0,normal,0.9309806749224663,0.9309806749224663
0.0,0.41611459851264954,12.624657273292542,0.00724642351269722,0.0,4399.0,normal,1.3460509926080704,1.3460509926080704
0.0,0.5511389076709747,12.76800537109375,0.007246423978358507,0.0,4400.0,normal,1.3873906135559082,1.3873906135559082
0.0,0.2817314639687538,13.539709210395813,0.007246417924761772,0.0,4401.0,normal,1.410679504275322,1.410679504275322
0.0,0.35249415785074234,8.949857711791992,0.007246421650052071,0.0,4402.0,normal,0.9658469557762146,0.9658469557762146
0.0,0.4712366908788681,14.80807888507843,0.007246421417221427,0.0,4403.0,normal,1.5754175782203674,1.5754175782203674
0.0,0.42424197494983673,5.805371046066284,0.007246424211189151,0.0,4404.0,normal,0.6657478213310242,0.6657478213310242
0.0,0.3618816137313843,13.046869277954102,0.007246423978358507,0.0,4405.0,normal,1.3774255514144897,1.3774255514144897
0.0,0.35650981962680817,12.96506118774414,0.007246421650052071,0.0,4406.0,normal,1.3681705072522163,1.3681705072522163
0.0,0.5218924582004547,20.631132125854492,0.007246421417221427,0.0,4407.0,normal,2.1678540036082268,2.1678540036082268
0.0,0.48294980823993683,24.170985221862793,0.007246420718729496,0.0,4408.0,normal,2.5140509009361267,2.5140509009361267
0.0,0.5535731017589569,13.306523561477661,0.007246422581374645,0.0,4409.0,normal,1.4417293071746826,1.4417293071746826
0.0,0.3861212357878685,10.368982672691345,0.007246429566293955,0.0,4410.0,normal,1.1144848987460136,1.1144848987460136
0.0,0.43139057606458664,10.953029155731201,0.007246432127431035,0.0,4411.0,normal,1.1819432973861694,1.1819432973861694
0.0,0.4529075622558594,18.30852633714676,0.007246437249705195,0.0,4412.0,normal,1.9217966049909592,1.9217966049909592
0.0,0.4332456737756729,26.711353302001953,0.00724643561989069,0.0,4413.0,normal,2.7581470012664795,2.7581470012664795
0.0,0.34962594509124756,10.058411002159119,0.007246430031955242,0.0,4414.0,normal,1.0761285871267319,1.0761285871267319
0.0,0.3460450917482376,4.567610383033752,0.007246427703648806,0.0,4415.0,normal,0.526332400739193,0.526332400739193
0.0,0.33740682899951935,4.13825249671936,0.0072464260738343,0.0,4416.0,normal,0.48166894912719727,0.48166894912719727
0.0,0.35956497490406036,3.1365091800689697,0.007246426772326231,0.0,4417.0,normal,0.3859262466430664,0.3859262466430664
0.0,0.3771536201238632,2.6201159358024597,0.007246426306664944,0.0,4418.0,normal,0.3378046378493309,0.3378046378493309
0.0,0.5918187201023102,2.4663838148117065,0.007246427237987518,0.0,4419.0,normal,0.3653644472360611,0.3653644472360611
0.0,0.3437512367963791,1.9254868030548096,0.007246426306664944,0.0,4420.0,normal,0.26166124641895294,0.26166124641895294
0.0,0.39384475350379944,1.48870050907135,0.007246423279866576,0.0,4421.0,normal,0.22800132632255554,0.22800132632255554
0.0,0.35370106250047684,2.132427752017975,0.00724642351269722,0.0,4422.0,normal,0.2843452990055084,0.2843452990055084
0.0,0.3631046563386917,3.701784521341324,0.007246420253068209,0.0,4423.0,normal,0.4431617334485054,0.4431617334485054
0.0,0.36413664370775223,5.481656789779663,0.007246420253068209,0.0,4424.0,normal,0.621355339884758,0.621355339884758
0.0,0.3423909395933151,6.628648996353149,0.007246418157592416,0.0,4425.0,normal,0.7317054569721222,0.7317054569721222
0.0,0.4076624810695648,6.1379570960998535,0.007246420020237565,0.0,4426.0,normal,0.6956904977560043,0.6956904977560043
0.0,0.3104420453310013,3.58261775970459,0.0072464230470359325,0.0,4427.0,normal,0.42071250081062317,0.42071250081062317
0.0,0.34978513419628143,2.7296611070632935,0.007246423279866576,0.0,4428.0,normal,0.3432854488492012,0.3432854488492012
0.0,0.38980040699243546,2.242467999458313,0.0072464237455278635,0.0,4429.0,normal,0.302569180727005,0.302569180727005
0.0,0.3873070329427719,5.376327395439148,0.007246422115713358,0.0,4430.0,normal,0.6154564321041107,0.6154564321041107
0.0,0.37023843824863434,5.258607983589172,0.007246424676850438,0.0,4431.0,normal,0.6002708226442337,0.6002708226442337
0.0,0.33052919059991837,3.854929566383362,0.007246422348544002,0.0,4432.0,normal,0.45196112990379333,0.45196112990379333
0.0,0.34248265624046326,3.509003460407257,0.007246422348544002,0.0,4433.0,normal,0.41975921392440796,0.41975921392440796
0.0,0.3549925833940506,2.1737189292907715,0.007246420485898852,0.0,4434.0,normal,0.28873270750045776,0.28873270750045776
0.0,0.33587874472141266,2.0518571734428406,0.0072464183904230595,0.0,4435.0,normal,0.2727237939834595,0.2727237939834595
0.0,0.4415830075740814,2.977923035621643,0.0072464183904230595,0.0,4436.0,normal,0.386471226811409,0.386471226811409
0.0,0.36047160625457764,0.8387386500835419,0.007246416062116623,0.0,4437.0,normal,0.15633051097393036,0.15633051097393036
0.0,0.3443589508533478,0.5373850613832474,0.007246415130794048,0.0,4438.0,normal,0.12297262251377106,0.12297262251377106
0.0,0.3501873016357422,0.5602184534072876,0.007246415363624692,0.0,4439.0,normal,0.12642162293195724,0.12642162293195724
0.0,0.35078857839107513,1.157941222190857,0.007246416062116623,0.0,4440.0,normal,0.1863141655921936,0.1863141655921936
0.0,0.33832067251205444,0.6318369507789612,0.0072464176919311285,0.0,4441.0,normal,0.13121015205979347,0.13121015205979347
0.0,0.36869022250175476,0.43179650604724884,0.007246418856084347,0.0,4442.0,normal,0.1172800213098526,0.1172800213098526
0.0,0.4224277138710022,0.4357698857784271,0.00724641908891499,0.0,4443.0,normal,0.12842485681176186,0.12842485681176186
0.0,0.321284756064415,0.38830362260341644,0.007246419554576278,0.0,4444.0,normal,0.10344964265823364,0.10344964265823364
0.0,0.32509519904851913,0.38972605764865875,0.00724641908891499,0.0,4445.0,normal,0.10435396432876587,0.10435396432876587
0.0,0.3586515486240387,0.5363797247409821,0.007246418623253703,0.0,4446.0,normal,0.12573060393333435,0.12573060393333435
0.0,0.37343771755695343,0.462387353181839,0.00724641908891499,0.0,4447.0,normal,0.12128860875964165,0.12128860875964165
0.0,0.3114381358027458,0.44877763092517853,0.007246419554576278,0.0,4448.0,normal,0.1075277142226696,0.1075277142226696
0.0,0.33190861344337463,0.3770255893468857,0.007246419554576278,0.0,4449.0,normal,0.10444660484790802,0.10444660484790802
0.0,0.3564806878566742,0.39980074763298035,0.007246419787406921,0.0,4450.0,normal,0.11163853853940964,0.11163853853940964
0.0,0.3013908714056015,0.3549875169992447,0.007246418856084347,0.0,4451.0,normal,0.09613924846053123,0.09613924846053123
0.0,0.3272305130958557,0.5833880454301834,0.0072464183904230595,0.0,4452.0,normal,0.12414722889661789,0.12414722889661789
0.0,0.3221582695841789,0.40373773872852325,0.007246418157592416,0.0,4453.0,normal,0.10516775399446487,0.10516775399446487
0.0,0.4280462861061096,0.272158220410347,0.007246418623253703,0.0,4454.0,normal,0.11318740248680115,0.11318740248680115
0.0,0.27678805589675903,0.40659312903881073,0.007246418157592416,0.0,4455.0,normal,0.09637925028800964,0.09637925028800964
0.0,0.3514116704463959,0.27796465903520584,0.0072464183904230595,0.0,4456.0,normal,0.09844112396240234,0.09844112396240234
0.0,0.42367398738861084,0.26344516687095165,0.0072464176919311285,0.0,4457.0,normal,0.11144163832068443,0.11144163832068443
0.0,0.5734570026397705,0.3051309771835804,0.0072464176919311285,0.0,4458.0,normal,0.14556682109832764,0.14556682109832764
0.0,0.5575079917907715,0.25328387320041656,0.007246417226269841,0.0,4459.0,normal,0.13719230890274048,0.13719230890274048
0.0,0.43050290644168854,0.25147920101881027,0.007246416760608554,0.0,4460.0,normal,0.11161082424223423,0.11161082424223423
0.0,0.41816135309636593,0.26983729377388954,0.0072464176919311285,0.0,4461.0,normal,0.11097832303494215,0.11097832303494215
0.0,0.4468717575073242,0.39116720855236053,0.0072464169934391975,0.0,4462.0,normal,0.12885339558124542,0.12885339558124542
0.0,0.3441646695137024,0.30149564146995544,0.007246417226269841,0.0,4463.0,normal,0.09934482350945473,0.09934482350945473
0.0,0.2961672767996788,0.29403720796108246,0.0072464176919311285,0.0,4464.0,normal,0.08899949677288532,0.08899949677288532
0.0,0.40005605667829514,0.38096630573272705,0.007246417459100485,0.0,4465.0,normal,0.11847016587853432,0.11847016587853432
0.0,0.378537192940712,0.3021334409713745,0.007246417459100485,0.0,4466.0,normal,0.10628310590982437,0.10628310590982437
0.0,0.3230486214160919,0.24484610557556152,0.0072464169934391975,0.0,4467.0,normal,0.08945665881037712,0.08945665881037712
0.0,0.3314836174249649,0.3983612209558487,0.007246416760608554,0.0,4468.0,normal,0.10649516433477402,0.10649516433477402
0.0,0.37652067840099335,0.4382471591234207,0.007246416294947267,0.0,4469.0,normal,0.11949117109179497,0.11949117109179497
0.0,0.34825021028518677,0.6804578304290771,0.0072464169934391975,0.0,4470.0,normal,0.1380581483244896,0.1380581483244896
0.0,0.3141115605831146,0.4399169906973839,0.007246416294947267,0.0,4471.0,normal,0.10717632994055748,0.10717632994055748
0.0,0.33326438069343567,0.2914290726184845,0.007246415596455336,0.0,4472.0,normal,0.09615810588002205,0.09615810588002205
0.0,0.30569227784872055,0.2578088641166687,0.007246416062116623,0.0,4473.0,normal,0.08728166297078133,0.08728166297078133
0.0,0.3649725764989853,0.2717911973595619,0.007246415596455336,0.0,4474.0,normal,0.10053596273064613,0.10053596273064613
0.0,0.3251708447933197,0.24865762889385223,0.007246415596455336,0.0,4475.0,normal,0.09026225283741951,0.09026225283741951
0.0,0.3182448521256447,0.26296229660511017,0.007246415829285979,0.0,4476.0,normal,0.09030752256512642,0.09030752256512642
0.0,0.3141518160700798,0.2671850845217705,0.007246416062116623,0.0,4477.0,normal,0.08991119638085365,0.08991119638085365
0.0,0.3138352259993553,0.2928278148174286,0.007246415363624692,0.0,4478.0,normal,0.09241214767098427,0.09241214767098427
0.0,0.29708388447761536,0.3825119435787201,0.007246415363624692,0.0,4479.0,normal,0.09803028963506222,0.09803028963506222
0.0,0.29498569667339325,1.3189969658851624,0.007246414897963405,0.0,4480.0,normal,0.19125916063785553,0.19125916063785553
0.0,0.33263126015663147,0.5350524336099625,0.007246415596455336,0.0,4481.0,normal,0.12039382010698318,0.12039382010698318
0.0,0.30302539467811584,0.34548600018024445,0.007246415596455336,0.0,4482.0,normal,0.09551600366830826,0.09551600366830826
0.0,0.355514258146286,0.27648720145225525,0.007246415596455336,0.0,4483.0,normal,0.09911389648914337,0.09911389648914337
0.0,0.30221060663461685,0.41047004610300064,0.007246414432302117,0.0,4484.0,normal,0.1018514446914196,0.1018514446914196
0.0,0.3542259633541107,0.21789561212062836,0.007246414665132761,0.0,4485.0,normal,0.09299707785248756,0.09299707785248756
0.0,0.29011663794517517,0.3131784498691559,0.007246414897963405,0.0,4486.0,normal,0.08970349654555321,0.08970349654555321
0.0,0.36623959243297577,0.27893052995204926,0.007246414665132761,0.0,4487.0,normal,0.10150329396128654,0.10150329396128654
0.0,0.3309639245271683,0.34542518854141235,0.007246415130794048,0.0,4488.0,normal,0.10109762474894524,0.10109762474894524
0.0,0.27789343148469925,0.8826487064361572,0.007246415130794048,0.0,4489.0,normal,0.14420587942004204,0.14420587942004204
0.0,0.33750296384096146,0.257072351872921,0.007246415363624692,0.0,4490.0,normal,0.09357015043497086,0.09357015043497086
0.0,0.3018088638782501,0.23845315724611282,0.007246415130794048,0.0,4491.0,normal,0.08456941321492195,0.08456941321492195
0.0,0.29445691406726837,0.22480638325214386,0.007246415363624692,0.0,4492.0,normal,0.08173434436321259,0.08173434436321259
0.0,0.32490721344947815,0.20241253823041916,0.007246414665132761,0.0,4493.0,normal,0.08558502048254013,0.08558502048254013
0.0,0.3742060512304306,0.2586667612195015,0.007246415130794048,0.0,4494.0,normal,0.10107021033763885,0.10107021033763885
0.0,0.2925090193748474,0.49172377586364746,0.007246415363624692,0.0,4495.0,normal,0.10803650692105293,0.10803650692105293
0.0,0.32059547305107117,0.619859516620636,0.00724641396664083,0.0,4496.0,normal,0.12646737322211266,0.12646737322211266
0.0,0.39965735375881195,0.37426407635211945,0.007246413268148899,0.0,4497.0,normal,0.11772020161151886,0.11772020161151886
0.0,0.33415867388248444,0.361206591129303,0.00724641396664083,0.0,4498.0,normal,0.10331472009420395,0.10331472009420395
0.0,0.34387778490781784,0.47193949669599533,0.007246413500979543,0.0,4499.0,normal,0.11633182689547539,0.11633182689547539
0.0,0.32189565896987915,0.4202543795108795,0.00724641396664083,0.0,4500.0,normal,0.10676689445972443,0.10676689445972443
0.0,0.337023600935936,0.5434054583311081,0.007246414199471474,0.0,4501.0,normal,0.122107595205307,0.122107595205307
0.0,0.2896113395690918,0.49037861824035645,0.007246413500979543,0.0,4502.0,normal,0.10732245445251465,0.10732245445251465
0.0,0.3309272527694702,0.47634564340114594,0.007246413733810186,0.0,4503.0,normal,0.11418234184384346,0.11418234184384346
0.0,0.30805840343236923,0.3385503739118576,0.007246413035318255,0.0,4504.0,normal,0.09582903981208801,0.09582903981208801
0.0,0.291615754365921,0.4115709215402603,0.007246413500979543,0.0,4505.0,normal,0.09984256327152252,0.09984256327152252
0.0,0.33737680315971375,0.873800128698349,0.007246414665132761,0.0,4506.0,normal,0.1552176997065544,0.1552176997065544
0.0,0.33985625207424164,0.42000076174736023,0.007246413500979543,0.0,4507.0,normal,0.110333651304245,0.110333651304245
0.0,0.35406289994716644,0.3322859928011894,0.007246413500979543,0.0,4508.0,normal,0.10440349951386452,0.10440349951386452
0.0,0.4371653124690056,0.29084817320108414,0.007246412802487612,0.0,4509.0,normal,0.11688020266592503,0.11688020266592503
0.0,0.27237600088119507,0.4805193841457367,0.007246413268148899,0.0,4510.0,normal,0.10288946330547333,0.10288946330547333
0.0,0.3722691833972931,0.37935877218842506,0.007246412802487612,0.0,4511.0,normal,0.11275203339755535,0.11275203339755535
0.0,0.32111725211143494,0.26992183178663254,0.007246413268148899,0.0,4512.0,normal,0.09157795831561089,0.09157795831561089
0.0,0.28108689188957214,0.3377144783735275,0.007246413500979543,0.0,4513.0,normal,0.09035114571452141,0.09035114571452141
0.0,0.2803301140666008,0.2215125560760498,0.007246413268148899,0.0,4514.0,normal,0.07857960276305676,0.07857960276305676
0.0,0.27075621485710144,0.47836029529571533,0.007246413500979543,0.0,4515.0,normal,0.10234959423542023,0.10234959423542023
0.0,0.2765199989080429,0.2952566593885422,0.0072464123368263245,0.0,4516.0,normal,0.0851919874548912,0.0851919874548912
0.0,0.273959256708622,0.4264034256339073,0.007246412569656968,0.0,4517.0,normal,0.09779451414942741,0.09779451414942741
0.0,0.29608026146888733,0.3834560513496399,0.007246412802487612,0.0,4518.0,normal,0.09792397916316986,0.09792397916316986
0.0,0.29871687293052673,0.2771780714392662,0.007246412802487612,0.0,4519.0,normal,0.08782350271940231,0.08782350271940231
0.0,0.27787555754184723,0.27633797749876976,0.007246413500979543,0.0,4520.0,normal,0.08357123378664255,0.08357123378664255
0.0,0.3148956894874573,0.4213719740509987,0.007246413733810186,0.0,4521.0,normal,0.10547865927219391,0.10547865927219391
0.0,0.4033373296260834,0.26383788883686066,0.007246413268148899,0.0,4522.0,normal,0.10741357505321503,0.10741357505321503
0.0,0.39940205216407776,0.27843140065670013,0.007246413035318255,0.0,4523.0,normal,0.10808587819337845,0.10808587819337845
0.0,0.6367596834897995,0.2431323453783989,0.007246412802487612,0.0,4524.0,normal,0.15202749893069267,0.15202749893069267
0.0,0.40040160715579987,0.24957739561796188,0.007246413035318255,0.0,4525.0,normal,0.10540038347244263,0.10540038347244263
0.0,0.3548780754208565,0.29601259529590607,0.007246412569656968,0.0,4526.0,normal,0.10093919932842255,0.10093919932842255
0.0,0.4197050780057907,0.3586096465587616,0.0072464123368263245,0.0,4527.0,normal,0.12016430497169495,0.12016430497169495
0.0,0.40596817433834076,0.2478787824511528,0.0072464123368263245,0.0,4528.0,normal,0.1063438355922699,0.1063438355922699
0.0,0.29104261845350266,0.24937210977077484,0.007246412569656968,0.0,4529.0,normal,0.08350805565714836,0.08350805565714836
0.0,0.30290060490369797,0.25194646418094635,0.007246413035318255,0.0,4530.0,normal,0.08613708801567554,0.08613708801567554
0.0,0.44831934571266174,0.2303120344877243,0.007246412569656968,0.0,4531.0,normal,0.11305739358067513,0.11305739358067513
0.0,0.3638960123062134,0.24303530156612396,0.007246412802487612,0.0,4532.0,normal,0.0974450521171093,0.0974450521171093
0.0,0.33614178001880646,0.17936032265424728,0.007246413035318255,0.0,4533.0,normal,0.0855267122387886,0.0855267122387886
0.0,0.3482409790158272,0.24286817014217377,0.007246412802487612,0.0,4534.0,normal,0.09429733082652092,0.09429733082652092
0.0,0.3505009263753891,0.20702415704727173,0.007246412569656968,0.0,4535.0,normal,0.09116492420434952,0.09116492420434952
0.0,0.29236529767513275,0.22095247358083725,0.0072464116383343935,0.0,4536.0,normal,0.08093063160777092,0.08093063160777092
0.0,0.27000051364302635,0.31234075129032135,0.007246412802487612,0.0,4537.0,normal,0.08559650182723999,0.08559650182723999
0.0,0.2837671488523483,1.0430518686771393,0.007246412569656968,0.0,4538.0,normal,0.16142094135284424,0.16142094135284424
0.0,0.3864317089319229,1.486316442489624,0.007246412569656968,0.0,4539.0,normal,0.22628029435873032,0.22628029435873032
0.0,0.4907582551240921,0.7871525585651398,0.007246411871165037,0.0,4540.0,normal,0.17722922563552856,0.17722922563552856
0.0,0.4980306774377823,0.9481337442994118,0.007246410707011819,0.0,4541.0,normal,0.1947818174958229,0.1947818174958229
0.0,0.3816189169883728,1.1842617392539978,0.0072464123368263245,0.0,4542.0,normal,0.19511228054761887,0.19511228054761887
0.0,0.3686823546886444,0.6478028669953346,0.007246413268148899,0.0,4543.0,normal,0.13887908309698105,0.13887908309698105
0.0,0.5463695824146271,0.7593071386218071,0.007246412569656968,0.0,4544.0,normal,0.1855669543147087,0.1855669543147087
0.0,0.4254666864871979,1.7307490706443787,0.007246412103995681,0.0,4545.0,normal,0.25853056460618973,0.25853056460618973
0.0,0.34662941098213196,1.1393442898988724,0.007246413035318255,0.0,4546.0,normal,0.18362263962626457,0.18362263962626457
0.0,0.4021116942167282,1.0571986138820648,0.007246412569656968,0.0,4547.0,normal,0.1865045167505741,0.1865045167505741
0.0,0.5186652317643166,1.5154881477355957,0.007246412569656968,0.0,4548.0,normal,0.25564418733119965,0.25564418733119965
0.0,0.32995883375406265,0.935216411948204,0.007246413035318255,0.0,4549.0,normal,0.15987573564052582,0.15987573564052582
0.0,0.2540174797177315,0.9234656095504761,0.007246413268148899,0.0,4550.0,normal,0.14351238310337067,0.14351238310337067
0.0,0.40050241351127625,0.9173113107681274,0.007246413268148899,0.0,4551.0,normal,0.17219394445419312,0.17219394445419312
0.0,0.31708289682865143,0.7731258869171143,0.007246412802487612,0.0,4552.0,normal,0.1410914920270443,0.1410914920270443
0.0,0.3261978328227997,0.7273928225040436,0.007246412802487612,0.0,4553.0,normal,0.13834116980433464,0.13834116980433464
0.0,0.38971027731895447,0.3948906511068344,0.007246412802487612,0.0,4554.0,normal,0.11779344081878662,0.11779344081878662
0.0,0.2666977196931839,0.28726424276828766,0.007246412802487612,0.0,4555.0,normal,0.08242829144001007,0.08242829144001007
0.0,0.3389473855495453,0.42568734288215637,0.007246412103995681,0.0,4556.0,normal,0.11072053015232086,0.11072053015232086
0.0,0.3171921521425247,0.4029012769460678,0.007246412569656968,0.0,4557.0,normal,0.10409088060259819,0.10409088060259819
0.0,0.3232906460762024,0.6042294502258301,0.007246412103995681,0.0,4558.0,normal,0.12544339895248413,0.12544339895248413
0.0,0.26504741981625557,0.6937983334064484,0.007246411871165037,0.0,4559.0,normal,0.1227516382932663,0.1227516382932663
0.0,0.2631271481513977,0.6483137905597687,0.007246411871165037,0.0,4560.0,normal,0.11781913787126541,0.11781913787126541
0.0,0.32794126123189926,1.071339726448059,0.007246412103995681,0.0,4561.0,normal,0.1730845496058464,0.1730845496058464
0.0,0.4462744891643524,0.6405954957008362,0.00724641140550375,0.0,4562.0,normal,0.15367677062749863,0.15367677062749863
0.0,0.31370241940021515,0.6974835693836212,0.007246410474181175,0.0,4563.0,normal,0.13285116106271744,0.13285116106271744
0.0,0.37886928021907806,1.398522049188614,0.0072464109398424625,0.0,4564.0,normal,0.2159883752465248,0.2159883752465248
0.0,0.3405587077140808,1.1075711846351624,0.007246411172673106,0.0,4565.0,normal,0.1792311891913414,0.1792311891913414
0.0,0.336272232234478,0.5696605145931244,0.007246412569656968,0.0,4566.0,normal,0.12458281964063644,0.12458281964063644
0.0,0.38664592802524567,0.8047591894865036,0.007246412802487612,0.0,4567.0,normal,0.15816742926836014,0.15816742926836014
0.0,0.2741965726017952,0.6597640216350555,0.007246413500979543,0.0,4568.0,normal,0.121178038418293,0.121178038418293
0.0,0.2866328954696655,0.8087406158447266,0.007246413268148899,0.0,4569.0,normal,0.13856296241283417,0.13856296241283417
0.0,0.34876784682273865,0.6026386991143227,0.007246412569656968,0.0,4570.0,normal,0.13037976250052452,0.13037976250052452
0.0,0.28264985978603363,0.5217822343111038,0.00724641140550375,0.0,4571.0,normal,0.10907052457332611,0.10907052457332611
0.0,0.2863108515739441,0.3509472981095314,0.007246410707011819,0.0,4572.0,normal,0.09271922148764133,0.09271922148764133
0.0,0.2668076604604721,0.670912355184555,0.0072464109398424625,0.0,4573.0,normal,0.12081509083509445,0.12081509083509445
0.0,0.32781967520713806,0.47480131685733795,0.007246410241350532,0.0,4574.0,normal,0.11340638995170593,0.11340638995170593
0.0,0.24433192610740662,0.4524502418935299,0.007246410241350532,0.0,4575.0,normal,0.09447373263537884,0.09447373263537884
0.0,0.2636854127049446,0.35938454791903496,0.007246410474181175,0.0,4576.0,normal,0.08903786353766918,0.08903786353766918
0.0,0.28920987248420715,0.35087888687849045,0.007246411172673106,0.0,4577.0,normal,0.09329218231141567,0.09329218231141567
0.0,0.261702761054039,0.26212920248508453,0.0072464109398424625,0.0,4578.0,normal,0.0789157971739769,0.0789157971739769
0.0,0.2610287517309189,0.6154323220252991,0.0072464109398424625,0.0,4579.0,normal,0.11411130428314209,0.11411130428314209
0.0,0.2553076818585396,0.37929169833660126,0.0072464109398424625,0.0,4580.0,normal,0.0893530324101448,0.0893530324101448
0.0,0.2650672160089016,0.307460218667984,0.007246409775689244,0.0,4581.0,normal,0.08412178605794907,0.08412178605794907
0.0,0.2769639566540718,0.22596926242113113,0.007246409775689244,0.0,4582.0,normal,0.07835204154253006,0.07835204154253006
0.0,0.2717965245246887,0.29994794726371765,0.007246409775689244,0.0,4583.0,normal,0.08471642434597015,0.08471642434597015
0.0,0.2487407773733139,0.19601024687290192,0.007246410008519888,0.0,4584.0,normal,0.06971150264143944,0.06971150264143944
0.0,0.2763410061597824,0.42439717054367065,0.007246410474181175,0.0,4585.0,normal,0.09807024151086807,0.09807024151086807
0.0,0.26037273555994034,0.25725990533828735,0.007246410241350532,0.0,4586.0,normal,0.07816286198794842,0.07816286198794842
0.0,0.25850822031497955,0.46628591418266296,0.007246410241350532,0.0,4587.0,normal,0.09869255870580673,0.09869255870580673
0.0,0.25403327494859695,0.18714775890111923,0.007246410008519888,0.0,4588.0,normal,0.06988375261425972,0.06988375261425972
0.0,0.25031089782714844,0.23128414154052734,0.007246409542858601,0.0,4589.0,normal,0.073552917689085,0.073552917689085
0.0,0.2633103132247925,0.24063622672110796,0.007246409542858601,0.0,4590.0,normal,0.07708800490945578,0.07708800490945578
0.0,0.26463504880666733,0.5301968455314636,0.007246409310027957,0.0,4591.0,normal,0.10630901902914047,0.10630901902914047
0.0,0.2551839295774698,0.26025092601776123,0.007246409077197313,0.0,4592.0,normal,0.07742420118302107,0.07742420118302107
0.0,0.2518831640481949,0.3428071588277817,0.007246409310027957,0.0,4593.0,normal,0.08501967042684555,0.08501967042684555
0.0,0.26378267258405685,0.17663123458623886,0.007246409775689244,0.0,4594.0,normal,0.07078197970986366,0.07078197970986366
0.0,0.28955525904893875,0.18519967794418335,0.007246409775689244,0.0,4595.0,normal,0.07679334282875061,0.07679334282875061
0.0,0.3074369728565216,0.37009504437446594,0.007246410241350532,0.0,4596.0,normal,0.09885922074317932,0.09885922074317932
0.0,0.24825111776590347,0.27158350497484207,0.007246410008519888,0.0,4597.0,normal,0.07717089727520943,0.07717089727520943
0.0,0.3240644484758377,0.3024659603834152,0.007246409077197313,0.0,4598.0,normal,0.09542180970311165,0.09542180970311165
0.0,0.2661230117082596,0.2505027949810028,0.00724640884436667,0.0,4599.0,normal,0.07863720506429672,0.07863720506429672
0.0,0.270554818212986,0.18203269317746162,0.007246409542858601,0.0,4600.0,normal,0.07267655618488789,0.07267655618488789
0.0,0.3381866216659546,0.2002684772014618,0.007246408378705382,0.0,4601.0,normal,0.0880264975130558,0.0880264975130558
0.0,0.2701815813779831,0.382133811712265,0.007246408611536026,0.0,4602.0,normal,0.09261202067136765,0.09261202067136765
0.0,0.3356740027666092,0.2808486968278885,0.00724640884436667,0.0,4603.0,normal,0.09558199346065521,0.09558199346065521
0.0,0.4203713685274124,0.19813790172338486,0.007246409310027957,0.0,4604.0,normal,0.10425038635730743,0.10425038635730743
0.0,0.3993089348077774,0.35128360986709595,0.007246409077197313,0.0,4605.0,normal,0.11535247415304184,0.11535247415304184
0.0,0.3879886865615845,0.2706756442785263,0.007246409775689244,0.0,4606.0,normal,0.10502762347459793,0.10502762347459793
0.0,0.34217195212841034,0.3324919641017914,0.007246410008519888,0.0,4607.0,normal,0.10204591229557991,0.10204591229557991
0.0,0.2973679155111313,0.25879494845867157,0.007246409542858601,0.0,4608.0,normal,0.085715401917696,0.085715401917696
0.0,0.3284647762775421,0.1935829073190689,0.007246409775689244,0.0,4609.0,normal,0.08541357144713402,0.08541357144713402
0.0,0.32565490901470184,0.4731447547674179,0.007246409310027957,0.0,4610.0,normal,0.11280778050422668,0.11280778050422668
0.0,0.29308368265628815,0.5556791871786118,0.007246408611536026,0.0,4611.0,normal,0.11454697698354721,0.11454697698354721
0.0,0.29816024005413055,0.5453271120786667,0.007246408378705382,0.0,4612.0,normal,0.11452708020806313,0.11452708020806313
0.0,0.3447634279727936,0.6626140624284744,0.007246409077197313,0.0,4613.0,normal,0.13557641953229904,0.13557641953229904
0.0,0.3519573509693146,0.6345822252333164,0.007246409310027957,0.0,4614.0,normal,0.13421201705932617,0.13421201705932617
0.0,0.24263353645801544,1.0357480347156525,0.007246410474181175,0.0,4615.0,normal,0.15246383473277092,0.15246383473277092
0.0,0.3221236914396286,5.763097524642944,0.007246410707011819,0.0,4616.0,normal,0.641096830368042,0.641096830368042
0.0,0.25942501425743103,2.0355976819992065,0.007246408611536026,0.0,4617.0,normal,0.2558070905506611,0.2558070905506611
0.0,0.2935347929596901,3.63315612077713,0.007246407680213451,0.0,4618.0,normal,0.4223848953843117,0.4223848953843117
0.0,0.5336321890354156,2.0806071162223816,0.007246408145874739,0.0,4619.0,normal,0.3151494786143303,0.3151494786143303
0.0,0.4443732649087906,2.077043801546097,0.007246408378705382,0.0,4620.0,normal,0.2969413548707962,0.2969413548707962
0.0,0.4919724464416504,2.3330668210983276,0.007246409077197313,0.0,4621.0,normal,0.3320635035634041,0.3320635035634041
0.0,0.3774791657924652,0.5801907926797867,0.007246409310027957,0.0,4622.0,normal,0.133877232670784,0.133877232670784
0.0,0.4057673513889313,0.4513111263513565,0.007246409542858601,0.0,4623.0,normal,0.12664690613746643,0.12664690613746643
0.0,0.29424962401390076,1.1849075853824615,0.007246409775689244,0.0,4624.0,normal,0.17770300805568695,0.17770300805568695
0.0,0.2718823626637459,0.35938140749931335,0.007246408611536026,0.0,4625.0,normal,0.0906769409775734,0.0906769409775734
0.0,0.24977510422468185,0.37993574142456055,0.007246408145874739,0.0,4626.0,normal,0.08831091970205307,0.08831091970205307
0.0,0.2793336361646652,0.6680742800235748,0.00724640884436667,0.0,4627.0,normal,0.1230364739894867,0.1230364739894867
0.0,0.23733460903167725,0.6766819879412651,0.007246409310027957,0.0,4628.0,normal,0.11549744382500648,0.11549744382500648
0.0,0.2239845059812069,1.7800133228302002,0.007246409077197313,0.0,4629.0,normal,0.22316055744886398,0.22316055744886398
0.0,0.24238359928131104,0.6115407943725586,0.007246409542858601,0.0,4630.0,normal,0.10999312251806259,0.10999312251806259
0.0,0.3703072667121887,0.697723999619484,0.007246409775689244,0.0,4631.0,normal,0.14419616758823395,0.14419616758823395
0.0,0.26350732892751694,1.1762067675590515,0.007246409542858601,0.0,4632.0,normal,0.17068447172641754,0.17068447172641754
0.0,0.26347295194864273,1.9320277571678162,0.007246408611536026,0.0,4633.0,normal,0.2462596818804741,0.2462596818804741
0.0,0.24441256374120712,0.9318962544202805,0.007246408145874739,0.0,4634.0,normal,0.14243446290493011,0.14243446290493011
0.0,0.3170202746987343,1.4963334798812866,0.007246408378705382,0.0,4635.0,normal,0.2133997082710266,0.2133997082710266
0.0,0.35598814487457275,0.5812997072935104,0.007246408378705382,0.0,4636.0,normal,0.12968992069363594,0.12968992069363594
0.0,0.32804466784000397,1.0036268830299377,0.007246407680213451,0.0,4637.0,normal,0.16633395105600357,0.16633395105600357
0.0,0.22084533423185349,3.9892886877059937,0.007246406516060233,0.0,4638.0,normal,0.44346025586128235,0.44346025586128235
0.0,0.33881789445877075,5.694376051425934,0.00724640698172152,0.0,4639.0,normal,0.6375635117292404,0.6375635117292404
0.0,0.3506317660212517,3.7552076056599617,0.007246407447382808,0.0,4640.0,normal,0.44600947201251984,0.44600947201251984
0.0,0.46836700290441513,8.727811336517334,0.007246406748890877,0.0,4641.0,normal,0.9668169021606445,0.9668169021606445
0.0,0.391695536673069,2.5578375458717346,0.00724640698172152,0.0,4642.0,normal,0.33448517322540283,0.33448517322540283
0.0,0.2584551200270653,6.343174457550049,0.007246408145874739,0.0,4643.0,normal,0.6863707453012466,0.6863707453012466
0.0,0.31060490012168884,11.166815519332886,0.007246409310027957,0.0,4644.0,normal,1.1791648715734482,1.1791648715734482
0.0,0.5156400501728058,4.136472940444946,0.007246406516060233,0.0,4645.0,normal,0.5171376466751099,0.5171376466751099
0.0,0.374578520655632,9.191224098205566,0.007246407214552164,0.0,4646.0,normal,0.9944004416465759,0.9944004416465759
0.0,0.33067595958709717,5.130035400390625,0.0072464062832295895,0.0,4647.0,normal,0.5795010626316071,0.5795010626316071
0.0,0.32446734607219696,3.3647350072860718,0.007246407447382808,0.0,4648.0,normal,0.4017293155193329,0.4017293155193329
0.0,0.4306383430957794,9.298866033554077,0.007246408145874739,0.0,4649.0,normal,1.0163765847682953,1.0163765847682953
0.0,0.3198719322681427,3.476966679096222,0.007246412103995681,0.0,4650.0,normal,0.412033386528492,0.412033386528492
0.0,0.2533297464251518,2.3286471366882324,0.007246414432302117,0.0,4651.0,normal,0.2838929817080498,0.2838929817080498
0.0,0.36389198899269104,2.9902100563049316,0.007246415363624692,0.0,4652.0,normal,0.37216171622276306,0.37216171622276306
0.0,0.41451555490493774,4.079270660877228,0.007246412802487612,0.0,4653.0,normal,0.4911925122141838,0.4911925122141838
0.0,0.36889873445034027,5.678667783737183,0.0072464109398424625,0.0,4654.0,normal,0.6420088708400726,0.6420088708400726
0.0,0.4153790697455406,3.799837052822113,0.007246410008519888,0.0,4655.0,normal,0.46342184767127037,0.46342184767127037
0.0,0.4768512547016144,3.0340319871902466,0.00724640884436667,0.0,4656.0,normal,0.3991357833147049,0.3991357833147049
0.0,0.2946910113096237,7.5514304637908936,0.007246409542858601,0.0,4657.0,normal,0.8144435584545135,0.8144435584545135
0.0,0.3270176351070404,4.899097681045532,0.00724640884436667,0.0,4658.0,normal,0.5556756183505058,0.5556756183505058
0.0,0.3673205077648163,3.627226233482361,0.007246407913044095,0.0,4659.0,normal,0.4365490525960922,0.4365490525960922
0.0,0.36851468682289124,8.237671852111816,0.007246406748890877,0.0,4660.0,normal,0.8978324383497238,0.8978324383497238
0.0,0.5660046637058258,5.215152978897095,0.007246408145874739,0.0,4661.0,normal,0.6350785344839096,0.6350785344839096
0.0,0.3656064420938492,2.744328886270523,0.007246408145874739,0.0,4662.0,normal,0.34791651368141174,0.34791651368141174
0.0,0.3413712680339813,1.4268030524253845,0.007246408378705382,0.0,4663.0,normal,0.21131688356399536,0.21131688356399536
0.0,0.38561873883008957,1.352134108543396,0.007246408145874739,0.0,4664.0,normal,0.21269948780536652,0.21269948780536652
0.0,0.2802363485097885,2.3569782376289368,0.007246407680213451,0.0,4665.0,normal,0.2921074107289314,0.2921074107289314
0.0,0.23803092166781425,0.5129801258444786,0.00724640698172152,0.0,4666.0,normal,0.09926652163267136,0.09926652163267136
0.0,0.25513478368520737,0.4729199707508087,0.007246406516060233,0.0,4667.0,normal,0.09868127852678299,0.09868127852678299
0.0,0.2360619232058525,0.6611728370189667,0.00724640698172152,0.0,4668.0,normal,0.11369199305772781,0.11369199305772781
0.0,0.23246095329523087,0.6693775951862335,0.0072464062832295895,0.0,4669.0,normal,0.11379227787256241,0.11379227787256241
0.0,0.2556833475828171,0.429684579372406,0.007246407680213451,0.0,4670.0,normal,0.09446744993329048,0.09446744993329048
0.0,0.2339102029800415,2.2949713468551636,0.007246407447382808,0.0,4671.0,normal,0.27664148807525635,0.27664148807525635
0.0,0.2685898132622242,0.8735828399658203,0.007246407913044095,0.0,4672.0,normal,0.1414385698735714,0.1414385698735714
0.0,0.23372714221477509,1.177653931081295,0.007246409077197313,0.0,4673.0,normal,0.1648731268942356,0.1648731268942356
0.0,0.26239144057035446,1.2137208431959152,0.007246408145874739,0.0,4674.0,normal,0.17421268671751022,0.17421268671751022
0.0,0.23767738789319992,2.2688300609588623,0.007246407214552164,0.0,4675.0,normal,0.274780809879303,0.274780809879303
0.0,0.24977347254753113,1.0693337470293045,0.007246407214552164,0.0,4676.0,normal,0.15725038945674896,0.15725038945674896
0.0,0.22584471106529236,0.6937739849090576,0.007246407447382808,0.0,4677.0,normal,0.11490865796804428,0.11490865796804428
0.0,0.2767546623945236,0.7432317212224007,0.007246406748890877,0.0,4678.0,normal,0.13003642857074738,0.13003642857074738
0.0,0.2224511057138443,1.1063058972358704,0.007246407447382808,0.0,4679.0,normal,0.15548313409090042,0.15548313409090042
0.0,0.22964496910572052,0.6539203375577927,0.007246409077197313,0.0,4680.0,normal,0.11168335378170013,0.11168335378170013
0.0,0.23896227031946182,1.6245761811733246,0.007246410241350532,0.0,4681.0,normal,0.21061240136623383,0.21061240136623383
0.0,0.2220139279961586,1.7706772983074188,0.007246409775689244,0.0,4682.0,normal,0.22183284163475037,0.22183284163475037
0.0,0.24436980485916138,2.6680564284324646,0.007246409775689244,0.0,4683.0,normal,0.316041924059391,0.316041924059391
0.0,0.32418638467788696,1.6589091420173645,0.007246409775689244,0.0,4684.0,normal,0.2310905158519745,0.2310905158519745
0.0,0.26508165895938873,2.247366316616535,0.007246409077197313,0.0,4685.0,normal,0.27811528742313385,0.27811528742313385
0.0,0.2826572507619858,1.5136154294013977,0.00724640884436667,0.0,4686.0,normal,0.2082553133368492,0.2082553133368492
0.0,0.25822408497333527,2.1945024728775024,0.007246408378705382,0.0,4687.0,normal,0.27145737409591675,0.27145737409591675
0.0,0.2832237705588341,2.310307264328003,0.007246408378705382,0.0,4688.0,normal,0.2880377918481827,0.2880377918481827
0.0,0.25339891761541367,1.3290905505418777,0.007246406748890877,0.0,4689.0,normal,0.18395116180181503,0.18395116180181503
0.0,0.2265416383743286,2.212198257446289,0.00724640698172152,0.0,4690.0,normal,0.2668904811143875,0.2668904811143875
0.0,0.2574162781238556,0.8893120586872101,0.007246407680213451,0.0,4691.0,normal,0.14077678322792053,0.14077678322792053
0.0,0.24015124887228012,0.9601510763168335,0.00724640698172152,0.0,4692.0,normal,0.14440768212080002,0.14440768212080002
0.0,0.2672865018248558,1.1869094967842102,0.007246406050398946,0.0,4693.0,normal,0.1725105717778206,0.1725105717778206
0.0,0.22293954342603683,1.816055878996849,0.007246405119076371,0.0,4694.0,normal,0.22655580937862396,0.22655580937862396
0.0,0.2473352700471878,1.2183720469474792,0.007246404653415084,0.0,4695.0,normal,0.17166657000780106,0.17166657000780106
0.0,0.2449493184685707,2.2790958881378174,0.0072464055847376585,0.0,4696.0,normal,0.27726176381111145,0.27726176381111145
0.0,0.3102230727672577,0.8755419850349426,0.007246406516060233,0.0,4697.0,normal,0.14996114000678062,0.14996114000678062
0.0,0.2238614410161972,0.6700537502765656,0.0072464062832295895,0.0,4698.0,normal,0.1121399812400341,0.1121399812400341
0.0,0.20772519707679749,1.2209922671318054,0.00724640698172152,0.0,4699.0,normal,0.16400659084320068,0.16400659084320068
0.0,0.29862939566373825,0.6489204987883568,0.007246406748890877,0.0,4700.0,normal,0.12498024851083755,0.12498024851083755
0.0,0.2293967753648758,0.3232422322034836,0.007246406748890877,0.0,4701.0,normal,0.07856589928269386,0.07856589928269386
0.0,0.21522614359855652,0.27292323112487793,0.0072464062832295895,0.0,4702.0,normal,0.07069987431168556,0.07069987431168556
0.0,0.26873259246349335,0.22672557085752487,0.007246406050398946,0.0,4703.0,normal,0.07678139582276344,0.07678139582276344
0.0,0.2352655678987503,0.24630525708198547,0.007246406050398946,0.0,4704.0,normal,0.0720459632575512,0.0720459632575512
0.0,0.24105308949947357,0.6368025839328766,0.007246405119076371,0.0,4705.0,normal,0.11225320398807526,0.11225320398807526
0.0,0.2578713968396187,0.644259937107563,0.00724640442058444,0.0,4706.0,normal,0.11636259406805038,0.11636259406805038
0.0,0.2517540380358696,0.6814449578523636,0.007246403722092509,0.0,4707.0,normal,0.11885762214660645,0.11885762214660645
0.0,0.22165310382843018,0.749707967042923,0.007246404187753797,0.0,4708.0,normal,0.11966374516487122,0.11966374516487122
0.0,0.24906744807958603,0.4606121927499771,0.00724640442058444,0.0,4709.0,normal,0.09623702988028526,0.09623702988028526
0.0,0.30630529671907425,0.3661699593067169,0.007246404187753797,0.0,4710.0,normal,0.09824037924408913,0.09824037924408913
0.0,0.31561844050884247,0.5129402279853821,0.00724640442058444,0.0,4711.0,normal,0.11478003859519958,0.11478003859519958
0.0,0.34906598925590515,0.46435898542404175,0.007246404653415084,0.0,4712.0,normal,0.11661141738295555,0.11661141738295555
0.0,0.40755337476730347,0.5242215991020203,0.007246403954923153,0.0,4713.0,normal,0.13429515808820724,0.13429515808820724
0.0,0.23853491246700287,0.3320244178175926,0.0072464048862457275,0.0,4714.0,normal,0.08127174898982048,0.08127174898982048
0.0,0.34755970537662506,0.2922881320118904,0.00724640442058444,0.0,4715.0,normal,0.09910307638347149,0.09910307638347149
0.0,0.26492056623101234,0.7507108747959137,0.007246404653415084,0.0,4716.0,normal,0.12841752544045448,0.12841752544045448
0.0,0.24352625012397766,0.22804977744817734,0.007246403256431222,0.0,4717.0,normal,0.07187254913151264,0.07187254913151264
0.0,0.2155160829424858,0.23704028129577637,0.00724640442058444,0.0,4718.0,normal,0.06716956570744514,0.06716956570744514
0.0,0.21184423565864563,0.5617345869541168,0.007246403489261866,0.0,4719.0,normal,0.09890462830662727,0.09890462830662727
0.0,0.2316228449344635,0.32826362550258636,0.007246403722092509,0.0,4720.0,normal,0.07951325364410877,0.07951325364410877
0.0,0.2448035404086113,0.2668367773294449,0.007246403256431222,0.0,4721.0,normal,0.07600671052932739,0.07600671052932739
0.0,0.23435074090957642,0.24683991633355618,0.007246403023600578,0.0,4722.0,normal,0.07191646005958319,0.07191646005958319
0.0,0.2022523656487465,0.36315444111824036,0.007246403489261866,0.0,4723.0,normal,0.07712823897600174,0.07712823897600174
0.0,0.23865675926208496,0.22520247101783752,0.007246403722092509,0.0,4724.0,normal,0.0706139225512743,0.0706139225512743
0.0,0.26862600445747375,0.23980912938714027,0.007246404187753797,0.0,4725.0,normal,0.07806843146681786,0.07806843146681786
0.0,0.2075645588338375,0.42349937558174133,0.007246403954923153,0.0,4726.0,normal,0.08422517217695713,0.08422517217695713
0.0,0.24987870454788208,0.6659470796585083,0.007246404187753797,0.0,4727.0,normal,0.11693277209997177,0.11693277209997177
0.0,0.23456508293747902,1.5028592646121979,0.007246405817568302,0.0,4728.0,normal,0.19756127148866653,0.19756127148866653
0.0,0.24284355342388153,2.421395242214203,0.007246403489261866,0.0,4729.0,normal,0.2910705618560314,0.2910705618560314
0.0,0.22341254353523254,1.71886146068573,0.00724640442058444,0.0,4730.0,normal,0.21693097800016403,0.21693097800016403
0.0,0.2106502279639244,0.7804896235466003,0.007246404187753797,0.0,4731.0,normal,0.12054133787751198,0.12054133787751198
0.0,0.2207273319363594,1.411796934902668,0.007246403954923153,0.0,4732.0,normal,0.18568747863173485,0.18568747863173485
0.0,0.2517048269510269,2.0528165698051453,0.007246403489261866,0.0,4733.0,normal,0.25598493963479996,0.25598493963479996
0.0,0.21733185648918152,2.0595017969608307,0.007246404187753797,0.0,4734.0,normal,0.2497788667678833,0.2497788667678833
0.0,0.4310760647058487,3.321865528821945,0.007246403489261866,0.0,4735.0,normal,0.4187640994787216,0.4187640994787216
0.0,0.2662254869937897,5.568381071090698,0.007246404187753797,0.0,4736.0,normal,0.6104455292224884,0.6104455292224884
0.0,0.28850632160902023,5.223861634731293,0.007246404187753797,0.0,4737.0,normal,0.5804496891796589,0.5804496891796589
0.0,0.26047056168317795,6.251039743423462,0.007246403489261866,0.0,4738.0,normal,0.6775603741407394,0.6775603741407394
0.0,0.24933553487062454,6.863934516906738,0.007246402790769935,0.0,4739.0,normal,0.7366229295730591,0.7366229295730591
0.0,0.2520570605993271,3.7778544425964355,0.007246403954923153,0.0,4740.0,normal,0.42855919525027275,0.42855919525027275
0.0,0.25858910381793976,5.4590595960617065,0.0072464048862457275,0.0,4741.0,normal,0.597986064851284,0.597986064851284
0.0,0.319110244512558,5.767411708831787,0.007246406050398946,0.0,4742.0,normal,0.6409255266189575,0.6409255266189575
0.0,0.3049321919679642,6.755838394165039,0.007246406516060233,0.0,4743.0,normal,0.7369325906038284,0.7369325906038284
0.0,0.24256815761327744,5.298800706863403,0.007246407447382808,0.0,4744.0,normal,0.5787560418248177,0.5787560418248177
0.0,0.2386186271905899,9.224217891693115,0.007246404653415084,0.0,4745.0,normal,0.9705077707767487,0.9705077707767487
0.0,0.2309272736310959,10.561871528625488,0.007246403954923153,0.0,4746.0,normal,1.1027348637580872,1.1027348637580872
0.0,0.3005613088607788,5.944655954837799,0.007246406050398946,0.0,4747.0,normal,0.6549402102828026,0.6549402102828026
0.0,0.33397383242845535,7.274634003639221,0.007246406516060233,0.0,4748.0,normal,0.794620469212532,0.794620469212532
0.0,0.3430180549621582,11.400472164154053,0.007246408378705382,0.0,4749.0,normal,1.2090131640434265,1.2090131640434265
0.0,0.3134458288550377,14.38088083267212,0.007246410707011819,0.0,4750.0,normal,1.5011395812034607,1.5011395812034607
0.0,0.347415566444397,9.64925742149353,0.007246407214552164,0.0,4751.0,normal,1.0347711443901062,1.0347711443901062
0.0,0.3066941872239113,5.704936549067497,0.0072464055847376585,0.0,4752.0,normal,0.6321947872638702,0.6321947872638702
0.0,0.21684537827968597,5.556863903999329,0.007246406050398946,0.0,4753.0,normal,0.5994178056716919,0.5994178056716919
0.0,0.19932755082845688,3.0405656695365906,0.007246404653415084,0.0,4754.0,normal,0.34428440034389496,0.34428440034389496
0.0,0.2313249185681343,1.3105667233467102,0.0072464055847376585,0.0,4755.0,normal,0.1776839941740036,0.1776839941740036
0.0,0.30078841745853424,1.3518421053886414,0.007246405817568302,0.0,4756.0,normal,0.19570421054959297,0.19570421054959297
0.0,0.28571850061416626,1.8205514252185822,0.007246406050398946,0.0,4757.0,normal,0.23956115543842316,0.23956115543842316
0.0,0.3441429138183594,2.186192214488983,0.007246406748890877,0.0,4758.0,normal,0.2878101244568825,0.2878101244568825
0.0,0.5002578943967819,0.689492255449295,0.007246406516060233,0.0,4759.0,normal,0.1693631187081337,0.1693631187081337
0.0,0.22858520597219467,0.5254063308238983,0.0072464055847376585,0.0,4760.0,normal,0.09861999750137329,0.09861999750137329
0.0,0.2669336199760437,0.4131307899951935,0.00724640442058444,0.0,4761.0,normal,0.09506212174892426,0.09506212174892426
0.0,0.3152141124010086,0.6348939836025238,0.007246403722092509,0.0,4762.0,normal,0.1268945410847664,0.1268945410847664
0.0,0.2462351843714714,0.5078554153442383,0.007246404187753797,0.0,4763.0,normal,0.10039490088820457,0.10039490088820457
0.0,0.20843636244535446,0.6044775545597076,0.00724640442058444,0.0,4764.0,normal,0.10249735042452812,0.10249735042452812
0.0,0.20937300473451614,0.5982456207275391,0.007246405817568302,0.0,4765.0,normal,0.10206148400902748,0.10206148400902748
0.0,0.19909710437059402,0.5312980860471725,0.0072464055847376585,0.0,4766.0,normal,0.09331154823303223,0.09331154823303223
0.0,0.2045636922121048,0.4392218142747879,0.0072464062832295895,0.0,4767.0,normal,0.08519724383950233,0.08519724383950233
0.0,0.20035696029663086,1.0911924839019775,0.0072464062832295895,0.0,4768.0,normal,0.14955296367406845,0.14955296367406845
0.0,0.2082560583949089,0.7218061089515686,0.007246406050398946,0.0,4769.0,normal,0.11419414542615414,0.11419414542615414
0.0,0.2088647559285164,0.6464123725891113,0.0072464055847376585,0.0,4770.0,normal,0.10677650943398476,0.10677650943398476
0.0,0.21624237298965454,2.123599350452423,0.0072464048862457275,0.0,4771.0,normal,0.255970723927021,0.255970723927021
0.0,0.26124537736177444,1.2136123776435852,0.007246402790769935,0.0,4772.0,normal,0.17397263646125793,0.17397263646125793
0.0,0.1908363774418831,0.5136511325836182,0.0072464048862457275,0.0,4773.0,normal,0.08989471197128296,0.08989471197128296
0.0,0.21487094834446907,0.6852888315916061,0.007246403722092509,0.0,4774.0,normal,0.11186539381742477,0.11186539381742477
0.0,0.21553219854831696,0.4509508013725281,0.007246403954923153,0.0,4775.0,normal,0.08856384083628654,0.08856384083628654
0.0,0.20502835884690285,0.6437111794948578,0.007246403256431222,0.0,4776.0,normal,0.10573911666870117,0.10573911666870117
0.0,0.2298143431544304,1.3856658935546875,0.007246403954923153,0.0,4777.0,normal,0.18489178270101547,0.18489178270101547
0.0,0.2082611843943596,1.2032537162303925,0.007246404187753797,0.0,4778.0,normal,0.1623399332165718,0.1623399332165718
0.0,0.1946818232536316,0.6506046950817108,0.007246404187753797,0.0,4779.0,normal,0.10435915738344193,0.10435915738344193
0.0,0.2543530687689781,1.1687646806240082,0.007246404187753797,0.0,4780.0,normal,0.16810940206050873,0.16810940206050873
0.0,0.4429933801293373,3.830682098865509,0.007246404187753797,0.0,4781.0,normal,0.4720292091369629,0.4720292091369629
0.0,0.5034453496336937,2.1033319234848022,0.007246403489261866,0.0,4782.0,normal,0.31138458102941513,0.31138458102941513
0.0,0.34233593940734863,2.6424203515052795,0.007246402790769935,0.0,4783.0,normal,0.33307154662907124,0.33307154662907124
0.0,0.47380974888801575,1.4681240916252136,0.007246400695294142,0.0,4784.0,normal,0.24193667620420456,0.24193667620420456
0.0,0.32238756120204926,1.6529466062784195,0.007246400695294142,0.0,4785.0,normal,0.2301344871520996,0.2301344871520996
0.0,0.3812185674905777,6.288900375366211,0.00724640185944736,0.0,4786.0,normal,0.7054961025714874,0.7054961025714874
0.0,0.24513773620128632,1.429650068283081,0.007246400462463498,0.0,4787.0,normal,0.19235487282276154,0.19235487282276154
0.0,0.24365290999412537,0.9219090938568115,0.007246401393786073,0.0,4788.0,normal,0.141283817589283,0.141283817589283
0.0,0.34894876182079315,0.9243525564670563,0.0072464002296328545,0.0,4789.0,normal,0.16258732974529266,0.16258732974529266
0.0,0.2563125416636467,1.4287529587745667,0.007246400928124785,0.0,4790.0,normal,0.194500133395195,0.194500133395195
0.0,0.26825936138629913,1.4126430451869965,0.007246401626616716,0.0,4791.0,normal,0.19527848437428474,0.19527848437428474
0.0,0.2396177090704441,0.7398604154586792,0.007246401160955429,0.0,4792.0,normal,0.12227191030979156,0.12227191030979156
0.0,0.29508689045906067,0.611609548330307,0.00724640185944736,0.0,4793.0,normal,0.12054065614938736,0.12054065614938736
0.0,0.3195892870426178,0.558029443025589,0.007246401626616716,0.0,4794.0,normal,0.12008312344551086,0.12008312344551086
0.0,0.35938191413879395,1.4318238496780396,0.007246402092278004,0.0,4795.0,normal,0.21542108803987503,0.21542108803987503
0.0,0.34360891580581665,0.4029591977596283,0.007246401626616716,0.0,4796.0,normal,0.10938002914190292,0.10938002914190292
0.0,0.22328506410121918,0.3161022886633873,0.007246400462463498,0.0,4797.0,normal,0.07662956602871418,0.07662956602871418
0.0,0.3163305073976517,0.35507816076278687,0.007246400695294142,0.0,4798.0,normal,0.09913624078035355,0.09913624078035355
0.0,0.23769561201334,0.3797208219766617,0.007246400928124785,0.0,4799.0,normal,0.08587352558970451,0.08587352558970451
0.0,0.21113911271095276,0.2768143489956856,0.007246400695294142,0.0,4800.0,normal,0.07027157954871655,0.07027157954871655
0.0,0.20684170722961426,0.24753861874341965,0.007246401160955429,0.0,4801.0,normal,0.06648452579975128,0.06648452579975128
0.0,0.1817346028983593,0.31001222133636475,0.007246401160955429,0.0,4802.0,normal,0.06771046668291092,0.06771046668291092
0.0,0.2253054454922676,0.28781870752573013,0.007246401160955429,0.0,4803.0,normal,0.07420528307557106,0.07420528307557106
0.0,0.17632066272199154,0.34028127789497375,0.007246400928124785,0.0,4804.0,normal,0.06965458020567894,0.06965458020567894
0.0,0.18609490990638733,0.7810445874929428,0.007246400695294142,0.0,4805.0,normal,0.11568576470017433,0.11568576470017433
0.0,0.19505692273378372,0.675157442688942,0.007246400695294142,0.0,4806.0,normal,0.10688945651054382,0.10688945651054382
0.0,0.1805938333272934,0.37138426303863525,0.007246399763971567,0.0,4807.0,normal,0.07361951842904091,0.07361951842904091
0.0,0.18742206692695618,0.374095618724823,0.00724639929831028,0.0,4808.0,normal,0.07525629736483097,0.07525629736483097
0.0,0.23410027474164963,0.2360282689332962,0.0072464002296328545,0.0,4809.0,normal,0.07078520581126213,0.07078520581126213
0.0,0.21644094586372375,0.4601232707500458,0.007246400462463498,0.0,4810.0,normal,0.0896628350019455,0.0896628350019455
0.0,0.3046065866947174,0.29295092821121216,0.007246399996802211,0.0,4811.0,normal,0.09057873114943504,0.09057873114943504
0.0,0.16523418575525284,0.3824775293469429,0.007246399763971567,0.0,4812.0,normal,0.07165691256523132,0.07165691256523132
0.0,0.2284935787320137,1.1040894985198975,0.007246400462463498,0.0,4813.0,normal,0.15646998584270477,0.15646998584270477
0.0,0.22870063036680222,0.5239659994840622,0.0072464002296328545,0.0,4814.0,normal,0.09849904850125313,0.09849904850125313
0.0,0.19313446804881096,0.5127566456794739,0.007246399996802211,0.0,4815.0,normal,0.09026487730443478,0.09026487730443478
0.0,0.2219027727842331,0.9351391792297363,0.0072464002296328545,0.0,4816.0,normal,0.13825679570436478,0.13825679570436478
0.0,0.18620245903730392,0.4284917712211609,0.00724639929831028,0.0,4817.0,normal,0.08045198954641819,0.08045198954641819
0.0,0.19089198112487793,0.46443160623311996,0.007246399996802211,0.0,4818.0,normal,0.08498388528823853,0.08498388528823853
0.0,0.22547966241836548,0.45291394740343094,0.0072463995311409235,0.0,4819.0,normal,0.09074964746832848,0.09074964746832848
0.0,0.1907624900341034,1.1562133431434631,0.007246398134157062,0.0,4820.0,normal,0.15413615852594376,0.15413615852594376
0.0,0.22353604435920715,0.33246882259845734,0.0072463988326489925,0.0,4821.0,normal,0.07831641659140587,0.07831641659140587
0.0,0.17561015486717224,0.3752972483634949,0.007246398366987705,0.0,4822.0,normal,0.07301407866179943,0.07301407866179943
0.0,0.18939719907939434,0.3099311888217926,0.007246398599818349,0.0,4823.0,normal,0.0692348787561059,0.0692348787561059
0.0,0.23652105033397675,0.20763149484992027,0.007246399065479636,0.0,4824.0,normal,0.06842968054115772,0.06842968054115772
0.0,0.19860325753688812,0.3443893790245056,0.00724639929831028,0.0,4825.0,normal,0.07452191226184368,0.07452191226184368
0.0,0.1823490858078003,0.8087059557437897,0.007246399996802211,0.0,4826.0,normal,0.11770274117588997,0.11770274117588997
0.0,0.1897433027625084,0.7467829883098602,0.0072463988326489925,0.0,4827.0,normal,0.11298928409814835,0.11298928409814835
0.0,0.24596738815307617,1.682853102684021,0.007246398599818349,0.0,4828.0,normal,0.21784111112356186,0.21784111112356186
0.0,0.23468327522277832,1.0506040453910828,0.007246397901326418,0.0,4829.0,normal,0.15235938504338264,0.15235938504338264
0.0,0.3479202538728714,0.9263512492179871,0.0072463988326489925,0.0,4830.0,normal,0.16258150339126587,0.16258150339126587
0.0,0.26080746576189995,4.736342549324036,0.00724639929831028,0.0,4831.0,normal,0.5261580646038055,0.5261580646038055
0.0,0.28966858237981796,2.213471934199333,0.0072463995311409235,0.0,4832.0,normal,0.2796432189643383,0.2796432189643383
0.0,0.3094494938850403,3.7803220450878143,0.007246401160955429,0.0,4833.0,normal,0.44028446078300476,0.44028446078300476
0.0,0.33128079771995544,7.860411167144775,0.007246402790769935,0.0,4834.0,normal,0.8526596128940582,0.8526596128940582
0.0,0.209552563726902,3.4485835433006287,0.007246402092278004,0.0,4835.0,normal,0.3871311880648136,0.3871311880648136
0.0,0.25626444816589355,2.5563303232192993,0.007246403023600578,0.0,4836.0,normal,0.30724823474884033,0.30724823474884033
0.0,0.17707563936710358,6.079465627670288,0.007246401626616716,0.0,4837.0,normal,0.6437240391969681,0.6437240391969681
0.0,0.1880970373749733,8.0132395029068,0.007246400462463498,0.0,4838.0,normal,0.839305654168129,0.839305654168129
0.0,0.26402033120393753,3.8423540592193604,0.007246402790769935,0.0,4839.0,normal,0.43740180134773254,0.43740180134773254
0.0,0.18006671220064163,8.937809944152832,0.0072463988326489925,0.0,4840.0,normal,0.9301566332578659,0.9301566332578659
0.0,0.2529047280550003,10.447665214538574,0.007246403023600578,0.0,4841.0,normal,1.0957097709178925,1.0957097709178925
0.0,0.24163050204515457,16.69275176525116,0.007246403489261866,0.0,4842.0,normal,1.7179636061191559,1.7179636061191559
0.0,0.3044937364757061,19.281527757644653,0.007246402325108647,0.0,4843.0,normal,1.9894139543175697,1.9894139543175697
0.0,0.30567680299282074,21.964009284973145,0.007246400695294142,0.0,4844.0,normal,2.2578988075256348,2.2578988075256348
0.0,0.2014998197555542,18.34067130088806,0.007246399996802211,0.0,4845.0,normal,1.8747294545173645,1.8747294545173645
0.0,0.20738676190376282,15.267741203308105,0.007246396038681269,0.0,4846.0,normal,1.5686138272285461,1.5686138272285461
0.0,0.42663878202438354,34.415956020355225,0.007246397435665131,0.0,4847.0,normal,3.5272856950759888,3.5272856950759888
0.0,0.3839823603630066,37.930023193359375,0.0072463967371732,0.0,4848.0,normal,3.870161294937134,3.870161294937134
0.0,0.3301238864660263,27.120075464248657,0.0072464002296328545,0.0,4849.0,normal,2.778394728899002,2.778394728899002
0.0,0.27320291101932526,24.534581303596497,0.007246407214552164,0.0,4850.0,normal,2.5084611922502518,2.5084611922502518
0.0,0.22226759046316147,20.100540161132812,0.007246405351907015,0.0,4851.0,normal,2.05486997961998,2.05486997961998
0.0,0.32986199855804443,22.179075241088867,0.00724640884436667,0.0,4852.0,normal,2.2842423021793365,2.2842423021793365
0.0,0.2352532111108303,12.927075386047363,0.007246405119076371,0.0,4853.0,normal,1.3401204347610474,1.3401204347610474
0.0,0.2763337194919586,14.18399167060852,0.007246400928124785,0.0,4854.0,normal,1.4740283489227295,1.4740283489227295
0.0,0.2146645039319992,6.166822195053101,0.0072464002296328545,0.0,4855.0,normal,0.6599774360656738,0.6599774360656738
0.0,0.1880928799510002,5.264365911483765,0.007246399065479636,0.0,4856.0,normal,0.5644174814224243,0.5644174814224243
0.0,0.21135364472866058,6.190730452537537,0.0072464002296328545,0.0,4857.0,normal,0.6617060750722885,0.6617060750722885
0.0,0.21787582337856293,10.356847822666168,0.0072463988326489925,0.0,4858.0,normal,1.0796222314238548,1.0796222314238548
0.0,0.2068224623799324,6.558245897293091,0.00724640185944736,0.0,4859.0,normal,0.6975513696670532,0.6975513696670532
0.0,0.3340935558080673,13.459872722625732,0.007246403256431222,0.0,4860.0,normal,1.4131682515144348,1.4131682515144348
0.0,0.2749639227986336,16.025797843933105,0.007246410707011819,0.0,4861.0,normal,1.6579349637031555,1.6579349637031555
0.0,0.18577761948108673,8.847963213920593,0.007246411871165037,0.0,4862.0,normal,0.9223141446709633,0.9223141446709633
0.0,0.2903270348906517,7.781446695327759,0.007246409775689244,0.0,4863.0,normal,0.8365723937749863,0.8365723937749863
0.0,0.20811517536640167,7.905467748641968,0.007246410008519888,0.0,4864.0,normal,0.8325321525335312,0.8325321525335312
0.0,0.3317979574203491,9.428715944290161,0.007246405119076371,0.0,4865.0,normal,1.0095935463905334,1.0095935463905334
0.0,0.3212486132979393,14.612661957740784,0.0072464048862457275,0.0,4866.0,normal,1.5258781909942627,1.5258781909942627
0.0,0.18012253940105438,6.040547668933868,0.007246399996802211,0.0,4867.0,normal,0.6404415518045425,0.6404415518045425
0.0,0.36100319027900696,10.174014687538147,0.007246401160955429,0.0,4868.0,normal,1.089964434504509,1.089964434504509
0.0,0.23377934098243713,13.699371099472046,0.00724639929831028,0.0,4869.0,normal,1.4170554280281067,1.4170554280281067
0.0,0.26661335676908493,11.072152614593506,0.0072463988326489925,0.0,4870.0,normal,1.1609001755714417,1.1609001755714417
0.0,0.18204085528850555,6.650142431259155,0.007246400462463498,0.0,4871.0,normal,0.7017847895622253,0.7017847895622253
0.0,0.23528404533863068,14.30997896194458,0.007246405119076371,0.0,4872.0,normal,1.4784170389175415,1.4784170389175415
0.0,0.2694695517420769,7.029941082000732,0.007246405817568302,0.0,4873.0,normal,0.7572503089904785,0.7572503089904785
0.0,0.2726742923259735,4.21352219581604,0.00724640442058444,0.0,4874.0,normal,0.47624942660331726,0.47624942660331726
0.0,0.3158256411552429,5.740711569786072,0.007246405817568302,0.0,4875.0,normal,0.6375986039638519,0.6375986039638519
0.0,0.24754155427217484,4.293676257133484,0.007246403256431222,0.0,4876.0,normal,0.47923827171325684,0.47923827171325684
0.0,0.3776284158229828,3.9236668944358826,0.00724640185944736,0.0,4877.0,normal,0.4682547077536583,0.4682547077536583
0.0,0.23276245594024658,3.6345632076263428,0.007246398599818349,0.0,4878.0,normal,0.4103711247444153,0.4103711247444153
0.0,0.2139860801398754,3.4898014664649963,0.0072463995311409235,0.0,4879.0,normal,0.3921397179365158,0.3921397179365158
0.0,0.21163306385278702,3.502113252878189,0.007246397668495774,0.0,4880.0,normal,0.3929002583026886,0.3929002583026886
0.0,0.18402624875307083,3.1389387249946594,0.007246398134157062,0.0,4881.0,normal,0.35106145590543747,0.35106145590543747
0.0,0.2130473330616951,4.259948492050171,0.007246397901326418,0.0,4882.0,normal,0.46896663308143616,0.46896663308143616
0.0,0.19863640144467354,3.7081069946289062,0.007246398366987705,0.0,4883.0,normal,0.4109003096818924,0.4109003096818924
0.0,0.19884531013667583,1.7992884516716003,0.007246398366987705,0.0,4884.0,normal,0.2200602199882269,0.2200602199882269
0.0,0.19313137233257294,2.6187451481819153,0.007246397435665131,0.0,4885.0,normal,0.3008631020784378,0.3008631020784378
0.0,0.19711586833000183,1.9146811962127686,0.007246398599818349,0.0,4886.0,normal,0.23125361651182175,0.23125361651182175
0.0,0.2577044665813446,1.3280163705348969,0.0072463967371732,0.0,4887.0,normal,0.18470485508441925,0.18470485508441925
0.0,0.23483864217996597,1.5906065106391907,0.007246397901326418,0.0,4888.0,normal,0.20639070123434067,0.20639070123434067
0.0,0.14751224219799042,1.564797192811966,0.007246395573019981,0.0,4889.0,normal,0.1863444820046425,0.1863444820046425
0.0,0.27392973005771637,1.4692164063453674,0.00724639487452805,0.0,4890.0,normal,0.20206990092992783,0.20206990092992783
0.0,0.31950879096984863,0.5182942152023315,0.007246394641697407,0.0,4891.0,normal,0.11609350517392159,0.11609350517392159
0.0,0.19715668261051178,0.6667589694261551,0.00724639487452805,0.0,4892.0,normal,0.10646955296397209,0.10646955296397209
0.0,0.1972276270389557,0.7717860043048859,0.007246394641697407,0.0,4893.0,normal,0.11698644608259201,0.11698644608259201
0.0,0.24689259380102158,0.7577328383922577,0.007246395107358694,0.0,4894.0,normal,0.12551412731409073,0.12551412731409073
0.0,0.20592356473207474,0.9562085568904877,0.007246396271511912,0.0,4895.0,normal,0.13716789335012436,0.13716789335012436
0.0,0.2783626690506935,0.32568390667438507,0.007246395573019981,0.0,4896.0,normal,0.08860324695706367,0.08860324695706367
0.0,0.20770318061113358,0.49166595935821533,0.007246395805850625,0.0,4897.0,normal,0.09106955677270889,0.09106955677270889
0.0,0.25027769804000854,0.6311427652835846,0.00724639487452805,0.0,4898.0,normal,0.11353214085102081,0.11353214085102081
0.0,0.20247361063957214,0.6285956501960754,0.007246393943205476,0.0,4899.0,normal,0.10371661186218262,0.10371661186218262
0.0,0.19757839292287827,0.715813398361206,0.007246394641697407,0.0,4900.0,normal,0.11145933717489243,0.11145933717489243
0.0,0.20820274949073792,0.5228351950645447,0.007246394408866763,0.0,4901.0,normal,0.09428638778626919,0.09428638778626919
0.0,0.1884622760117054,0.5142972767353058,0.0072463934775441885,0.0,4902.0,normal,0.08948450535535812,0.08948450535535812
0.0,0.17206937819719315,0.44695523381233215,0.007246392080560327,0.0,4903.0,normal,0.07947171851992607,0.07947171851992607
0.0,0.17688271403312683,0.39340898394584656,0.0072463927790522575,0.0,4904.0,normal,0.0750797651708126,0.0750797651708126
0.0,0.17451511323451996,0.3835190087556839,0.007246391847729683,0.0,4905.0,normal,0.0736172441393137,0.0736172441393137
0.0,0.18745284527540207,0.5646327137947083,0.00724639231339097,0.0,4906.0,normal,0.0943161565810442,0.0943161565810442
0.0,0.18864713609218597,0.3743743300437927,0.007246392546221614,0.0,4907.0,normal,0.07552918419241905,0.07552918419241905
0.0,0.17563676834106445,0.3156118243932724,0.0072463927790522575,0.0,4908.0,normal,0.06705085374414921,0.06705085374414921
0.0,0.2982383668422699,0.3186882883310318,0.007246391847729683,0.0,4909.0,normal,0.09187882766127586,0.09187882766127586
0.0,0.15535356104373932,0.3459678590297699,0.007246391847729683,0.0,4910.0,normal,0.06602981686592102,0.06602981686592102
0.0,0.19817500561475754,0.41335487365722656,0.007246391847729683,0.0,4911.0,normal,0.08133281394839287,0.08133281394839287
0.0,0.21123432368040085,0.4760473966598511,0.007246391847729683,0.0,4912.0,normal,0.09021393209695816,0.09021393209695816
0.0,0.2024654671549797,0.2878095284104347,0.007246392080560327,0.0,4913.0,normal,0.06963636539876461,0.06963636539876461
0.0,0.16183064132928848,0.271747425198555,0.007246390450745821,0.0,4914.0,normal,0.05990319140255451,0.05990319140255451
0.0,0.17242789268493652,0.2801381051540375,0.007246391149237752,0.0,4915.0,normal,0.06286171078681946,0.06286171078681946
0.0,0.18494068086147308,0.3044370263814926,0.00724639231339097,0.0,4916.0,normal,0.06779415905475616,0.06779415905475616
0.0,0.18350273370742798,0.33141661807894707,0.007246390916407108,0.0,4917.0,normal,0.07020452991127968,0.07020452991127968
0.0,0.16608617454767227,0.43577492237091064,0.007246390683576465,0.0,4918.0,normal,0.07715705037117004,0.07715705037117004
0.0,0.1662193238735199,0.41078806668519974,0.007246390450745821,0.0,4919.0,normal,0.0746849924325943,0.0746849924325943
0.0,0.21418673545122147,0.3732265830039978,0.007246391149237752,0.0,4920.0,normal,0.0805223286151886,0.0805223286151886
0.0,0.22127633541822433,0.4512561559677124,0.007246389985084534,0.0,4921.0,normal,0.08974320068955421,0.08974320068955421
0.0,0.15075334161520004,0.41413815319538116,0.007246388820931315,0.0,4922.0,normal,0.07192680425941944,0.07192680425941944
0.0,0.20891731977462769,0.37554530054330826,0.007246388820931315,0.0,4923.0,normal,0.07970031909644604,0.07970031909644604
0.0,0.18048742040991783,0.29352183640003204,0.007246388588100672,0.0,4924.0,normal,0.06581198610365391,0.06581198610365391
0.0,0.24442139267921448,0.29814836382865906,0.007246388820931315,0.0,4925.0,normal,0.07906143926084042,0.07906143926084042
0.0,0.24617978185415268,0.2305491715669632,0.007246389053761959,0.0,4926.0,normal,0.07265319675207138,0.07265319675207138
0.0,0.20609021931886673,0.21037474647164345,0.007246389286592603,0.0,4927.0,normal,0.06261783838272095,0.06261783838272095
0.0,0.16760729998350143,0.22552870213985443,0.007246388355270028,0.0,4928.0,normal,0.056436650454998016,0.056436650454998016
0.0,0.2288249358534813,0.2287508249282837,0.007246387656778097,0.0,4929.0,normal,0.06900238990783691,0.06900238990783691
0.0,0.21006253361701965,0.24007878452539444,0.007246389519423246,0.0,4930.0,normal,0.0663827108219266,0.0663827108219266
0.0,0.19614499062299728,0.2394500896334648,0.0072463874239474535,0.0,4931.0,normal,0.06353632919490337,0.06353632919490337
0.0,0.19093835726380348,0.3424132689833641,0.007246389286592603,0.0,4932.0,normal,0.07279131934046745,0.07279131934046745
0.0,0.19478817284107208,0.2122155949473381,0.007246388588100672,0.0,4933.0,normal,0.06054151430726051,0.06054151430726051
0.0,0.26720044016838074,0.3173300176858902,0.007246388355270028,0.0,4934.0,normal,0.08553541451692581,0.08553541451692581
0.0,0.16514476388692856,0.4207141548395157,0.0072463874239474535,0.0,4935.0,normal,0.0754626914858818,0.0754626914858818
0.0,0.16767506301403046,0.5294424891471863,0.007246389053761959,0.0,4936.0,normal,0.08684158325195312,0.08684158325195312
0.0,0.20385438948869705,0.2724504917860031,0.00724638719111681,0.0,4937.0,normal,0.0683782510459423,0.0683782510459423
0.0,0.2163313701748848,0.6965153217315674,0.007246388588100672,0.0,4938.0,normal,0.11328012496232986,0.11328012496232986
0.0,0.19296934455633163,0.6673462763428688,0.007246387656778097,0.0,4939.0,normal,0.10569081641733646,0.10569081641733646
0.0,0.2978866770863533,0.8099320232868195,0.007246386958286166,0.0,4940.0,normal,0.1409328617155552,0.1409328617155552
0.0,0.1602848321199417,0.5488610565662384,0.00724638719111681,0.0,4941.0,normal,0.08730539865791798,0.08730539865791798
0.0,0.17860522121191025,0.49827510118484497,0.007246386958286166,0.0,4942.0,normal,0.08591087907552719,0.08591087907552719
0.0,0.25613833963871,0.4494738280773163,0.007246386958286166,0.0,4943.0,normal,0.09653737582266331,0.09653737582266331
0.0,0.3217505142092705,0.4042523503303528,0.007246386958286166,0.0,4944.0,normal,0.1051376610994339,0.1051376610994339
0.0,0.20247212797403336,0.21791145205497742,0.007246389053761959,0.0,4945.0,normal,0.06264789216220379,0.06264789216220379
0.0,0.2333403378725052,0.3108890503644943,0.007246385794132948,0.0,4946.0,normal,0.07811930030584335,0.07811930030584335
0.0,0.23531275987625122,0.25239740312099457,0.00724638719111681,0.0,4947.0,normal,0.07266461290419102,0.07266461290419102
0.0,0.33919984102249146,0.26407569646835327,0.007246385328471661,0.0,4948.0,normal,0.09460986033082008,0.09460986033082008
0.0,0.3363945186138153,0.36746832728385925,0.00724638719111681,0.0,4949.0,normal,0.10438805818557739,0.10438805818557739
0.0,0.24835927784442902,0.3063495457172394,0.007246384397149086,0.0,4950.0,normal,0.08066913485527039,0.08066913485527039
0.0,0.26583431661129,0.455628365278244,0.007246385561302304,0.0,4951.0,normal,0.0990920215845108,0.0990920215845108
0.0,0.295998752117157,0.3120647072792053,0.007246384397149086,0.0,4952.0,normal,0.09076854214072227,0.09076854214072227
0.0,0.2770053297281265,0.3046605885028839,0.007246383698657155,0.0,4953.0,normal,0.08622944727540016,0.08622944727540016
0.0,0.231463223695755,0.3243815749883652,0.007246385328471661,0.0,4954.0,normal,0.07909312471747398,0.07909312471747398
0.0,0.21623030304908752,0.3895745649933815,0.007246383698657155,0.0,4955.0,normal,0.08256584033370018,0.08256584033370018
0.0,0.19074586778879166,0.27281665802001953,0.007246385095641017,0.0,4956.0,normal,0.06579316034913063,0.06579316034913063
0.0,0.16979403048753738,0.24886255711317062,0.007246384862810373,0.0,4957.0,normal,0.059207383543252945,0.059207383543252945
0.0,0.16668879240751266,0.28197140991687775,0.007246383465826511,0.0,4958.0,normal,0.061897220090031624,0.061897220090031624
0.0,0.1769416332244873,0.1842946782708168,0.00724638719111681,0.0,4959.0,normal,0.05418011732399464,0.05418011732399464
0.0,0.15576615929603577,0.28510452806949615,0.007246387889608741,0.0,4960.0,normal,0.060026006773114204,0.060026006773114204
0.0,0.19234590977430344,0.3930110037326813,0.007246384862810373,0.0,4961.0,normal,0.07813260704278946,0.07813260704278946
0.0,0.1437947265803814,0.281621515750885,0.007246383232995868,0.0,4962.0,normal,0.057283418253064156,0.057283418253064156
0.0,0.17265767976641655,0.25602930784225464,0.00724638462997973,0.0,4963.0,normal,0.0604967912659049,0.0604967912659049
0.0,0.21315935254096985,0.271568238735199,0.007246381836012006,0.0,4964.0,normal,0.07015101797878742,0.07015101797878742
0.0,0.16082247346639633,0.3282843753695488,0.007246384397149086,0.0,4965.0,normal,0.06535525619983673,0.06535525619983673
0.0,0.16225776821374893,0.6265598982572556,0.007246381836012006,0.0,4966.0,normal,0.0954698696732521,0.0954698696732521
0.0,0.1734710857272148,0.6727128326892853,0.007246383698657155,0.0,4967.0,normal,0.10232782363891602,0.10232782363891602
0.0,0.1562874186784029,0.4784276783466339,0.007246381836012006,0.0,4968.0,normal,0.0794625747948885,0.0794625747948885
0.0,0.16938887536525726,0.26749560236930847,0.00724638276733458,0.0,4969.0,normal,0.060989659279584885,0.060989659279584885
0.0,0.17900575697422028,0.4785245954990387,0.0072463813703507185,0.0,4970.0,normal,0.08401593193411827,0.08401593193411827
0.0,0.18591994792222977,0.35144273936748505,0.007246380439028144,0.0,4971.0,normal,0.0726905819028616,0.0726905819028616
0.0,0.16641000658273697,0.23598824441432953,0.007246380904689431,0.0,4972.0,normal,0.05724314786493778,0.05724314786493778
0.0,0.16259528696537018,0.32808196544647217,0.007246379973366857,0.0,4973.0,normal,0.0656895749270916,0.0656895749270916
0.0,0.23726444691419601,0.3204255849123001,0.0072463760152459145,0.0,4974.0,normal,0.07985777035355568,0.07985777035355568
0.0,0.1514427475631237,0.27064184844493866,0.007246375549584627,0.0,4975.0,normal,0.05771505460143089,0.05771505460143089
0.0,0.15170003473758698,0.29310086369514465,0.007246375782415271,0.0,4976.0,normal,0.06001241318881512,0.06001241318881512
0.0,0.1619044914841652,0.38353222608566284,0.007246382301673293,0.0,4977.0,normal,0.07109644263982773,0.07109644263982773
0.0,0.17523106187582016,0.667600754648447,0.0072463813703507185,0.0,4978.0,normal,0.10216860473155975,0.10216860473155975
0.0,0.12893103435635567,1.1155474185943604,0.0072463746182620525,0.0,4979.0,normal,0.1377032734453678,0.1377032734453678
0.0,0.18902157992124557,1.4024949371814728,0.00724637764506042,0.0,4980.0,normal,0.17841613292694092,0.17841613292694092
0.0,0.19784408062696457,0.9923577159643173,0.007246377877891064,0.0,4981.0,normal,0.1391669102013111,0.1391669102013111
0.0,0.19153877720236778,1.019049271941185,0.007246374851092696,0.0,4982.0,normal,0.14057500660419464,0.14057500660419464
0.0,0.14289094880223274,1.163103073835373,0.0072463802061975,0.0,4983.0,normal,0.1452508196234703,0.1452508196234703
0.0,0.19686347246170044,0.5922404229640961,0.0072463746182620525,0.0,4984.0,normal,0.0989590622484684,0.0989590622484684
0.0,0.16047552973031998,0.3077135309576988,0.007246372289955616,0.0,4985.0,normal,0.06322877760976553,0.06322877760976553
0.0,0.1829744055867195,0.2669551894068718,0.007246373919770122,0.0,4986.0,normal,0.06365272216498852,0.06365272216498852
0.0,0.2086368054151535,0.2574780806899071,0.007246373454108834,0.0,4987.0,normal,0.06783748790621758,0.06783748790621758
0.0,0.15494292974472046,0.24218881130218506,0.007246370194479823,0.0,4988.0,normal,0.055569786578416824,0.055569786578416824
0.0,0.23935829102993011,0.2010321244597435,0.0072463746182620525,0.0,4989.0,normal,0.06833719462156296,0.06833719462156296
0.0,0.173173226416111,0.1918322667479515,0.007246371125802398,0.0,4990.0,normal,0.054180191829800606,0.054180191829800606
0.0,0.22050851583480835,0.1966058798134327,0.007246374152600765,0.0,4991.0,normal,0.06412461213767529,0.06412461213767529
0.0,0.16561688482761383,0.29189811646938324,0.007246371125802398,0.0,4992.0,normal,0.06267551146447659,0.06267551146447659
0.0,0.24010135978460312,0.35539329797029495,0.007246369495987892,0.0,4993.0,normal,0.08392192050814629,0.08392192050814629
0.0,0.16044218838214874,0.5409101098775864,0.007246369728818536,0.0,4994.0,normal,0.08654176816344261,0.08654176816344261
0.0,0.1329956091940403,0.47294480353593826,0.007246372057124972,0.0,4995.0,normal,0.07425592467188835,0.07425592467188835
0.0,0.15121369063854218,0.3360468000173569,0.007246382534503937,0.0,4996.0,normal,0.06420973874628544,0.06420973874628544
0.0,0.15515192598104477,0.4758288413286209,0.007246375782415271,0.0,4997.0,normal,0.07897558994591236,0.07897558994591236
0.0,0.1503967046737671,0.6449127867817879,0.007246373221278191,0.0,4998.0,normal,0.09493293799459934,0.09493293799459934
0.0,0.15117909759283066,0.3783946931362152,0.00724636809900403,0.0,4999.0,normal,0.06843761168420315,0.06843761168420315
0.0,0.15337486192584038,0.28452011942863464,0.007246372988447547,0.0,5000.0,normal,0.059489304199814796,0.059489304199814796
