field_loss,acoustic_loss,temperature_loss,smoothness_loss,physics_residual_loss,epoch,training_mode,mean_epoch_loss,total_loss
0.0,305.0492176256682,156595.9144736842,0.0254967790587168,0.020415390486289795,1.0,residual_pinn,15720.604851973685,15720.604851973685
0.0,544.2790298712881,114084.09066611843,0.10901537772856261,0.09117453113982552,2.0,residual_pinn,11517.279553865132,11517.279553865132
0.0,2267.158073475486,7004.888190018503,0.09244381322672493,0.24270388523214742,3.0,residual_pinn,1153.949377762644,1153.949377762644
0.0,282.7501258787356,3163.231753700658,0.08692181424090736,0.23007047568496905,4.0,residual_pinn,372.9005640933388,372.9005640933388
0.0,22.640908821632987,3128.78859349301,0.08585788113506217,0.2050728405776777,5.0,residual_pinn,317.43184380782276,317.43184380782276
0.0,4.9324791870619125,3417.5296952097037,0.08585615926667263,0.19941727268068413,6.0,residual_pinn,342.7637152420847,342.7637152420847
0.0,0.886789924220035,3193.9172684518912,0.08568751066923141,0.19559946734654277,7.0,residual_pinn,319.5929356625206,319.5929356625206
0.0,1.1878277251594944,3222.046875,0.08553739401854966,0.19106946650304293,8.0,residual_pinn,322.46563961631375,322.46563961631375
0.0,0.7914262743372666,3171.757227847451,0.08547269043169524,0.19112343145044228,9.0,residual_pinn,317.3573961759868,317.3573961759868
0.0,0.6904816705929605,2980.2307450143912,0.08548379728668615,0.18790616879337713,10.0,residual_pinn,298.18423943770557,298.18423943770557
0.0,0.9734799140378049,3180.6028089021383,0.08552245207523045,0.1876884549856186,11.0,residual_pinn,318.27802397075453,318.27802397075453
0.0,1.1435386601247286,3091.1009200246713,0.0854450385821493,0.18706892352355153,12.0,residual_pinn,309.36178428248354,309.36178428248354
0.0,1.1819587679285752,3277.217349403783,0.08550075167103817,0.19379528023694692,13.0,residual_pinn,327.981789036801,327.981789036801
0.0,0.7340630104667262,3086.5296181126646,0.08555571264342259,0.20173015327830063,14.0,residual_pinn,308.8242324026007,308.8242324026007
0.0,0.5922991915753013,3118.6595137746713,0.08544729532379854,0.19844057685450503,15.0,residual_pinn,312.00853207236844,312.00853207236844
0.0,0.5925989723519275,3022.5099583675988,0.0858135937075866,0.1964791730830544,16.0,residual_pinn,302.3934607254831,302.3934607254831
0.0,0.6800080396627125,3100.3015907689146,0.08548207973179064,0.19341538219075455,17.0,residual_pinn,310.1897864090769,310.1897864090769
0.0,0.7383321868745905,3134.244757401316,0.08567587325447484,0.1926213502883911,18.0,residual_pinn,313.5956918816817,313.5956918816817
0.0,0.8829329249105955,3096.8284012643912,0.08568289758343446,0.1900707334280014,19.0,residual_pinn,309.8827237580952,309.8827237580952
0.0,1.451085250628622,3302.0738204152963,0.08586268950449794,0.18966495520190188,20.0,residual_pinn,330.52086117393094,330.52086117393094
0.0,1.2740518576220463,3351.345748098273,0.08610938607077849,0.19100288497774223,21.0,residual_pinn,335.4127992328845,335.4127992328845
0.0,1.6676599540208514,3403.838475277549,0.08591818378159874,0.19605616989888644,22.0,residual_pinn,340.7412872314453,340.7412872314453
0.0,1.0212870475492979,3320.4686921772204,0.08620832938896983,0.19465243737948568,23.0,residual_pinn,332.27491198087995,332.27491198087995
0.0,2.743684216549522,3414.2958213404604,0.08604185479251962,0.18940161011720957,24.0,residual_pinn,342.00156924599094,342.00156924599094
0.0,1.946919753363258,2982.62060546875,0.08600254356861115,0.1878312763414885,25.0,residual_pinn,298.67453083239104,298.67453083239104
0.0,0.7602334681310152,3074.4561960320725,0.08491910170567663,0.18846720221795535,26.0,residual_pinn,307.6207709061472,307.6207709061472
0.0,0.534112622863368,3042.1384791324012,0.082556971593907,0.18776405877188632,27.0,residual_pinn,304.3435821533203,304.3435821533203
0.0,0.6613792384925642,3159.1018451891446,0.08234208979104694,0.18796464957688985,28.0,residual_pinn,316.06537427400286,316.06537427400286
0.0,0.869643971323967,3060.3335346422696,0.08243281551097568,0.1910162113214794,29.0,residual_pinn,306.2305113139905,306.2305113139905
0.0,0.9744568765163422,3178.9012001439146,0.08236488346990786,0.18703319524463854,30.0,residual_pinn,318.10784671181125,318.10784671181125
0.0,0.7649268860879698,3075.3461143092104,0.08241424984053562,0.1868830974164762,31.0,residual_pinn,307.7104122764186,307.7104122764186
0.0,1.4565536960175163,3157.9907612047696,0.08237453903022565,0.185931259864255,32.0,residual_pinn,316.1131013569079,316.1131013569079
0.0,0.9346552075524079,3141.8750064247533,0.08239462736405824,0.18824102376636706,33.0,residual_pinn,314.39739106830797,314.39739106830797
0.0,1.64686823204944,3086.9483449835525,0.08220780170277546,0.18434444305143857,34.0,residual_pinn,309.0467593544408,309.0467593544408
0.0,1.1928560122063285,3351.263800370066,0.08213472797682411,0.18411511025930705,35.0,residual_pinn,335.387476067794,335.387476067794
0.0,1.9135886242515163,3118.3137078536183,0.0820956657591619,0.18153823912143707,36.0,residual_pinn,312.23634739925984,312.23634739925984
0.0,0.8759828884350626,2994.366763466283,0.08211218526488856,0.17875287877885918,37.0,residual_pinn,299.6338597347862,299.6338597347862
0.0,1.0740436621402438,3032.3201583059213,0.08229075333005503,0.18000995563833336,38.0,residual_pinn,303.468949167352,303.468949167352
0.0,1.8077618487571414,3270.5350791529604,0.08219657289354425,0.17894559628085085,39.0,residual_pinn,327.43706873843547,327.43706873843547
0.0,0.891928073606993,3007.045557925576,0.08215320894592687,0.17860697366689382,40.0,residual_pinn,300.9049112420333,300.9049112420333
0.0,0.5977989121487266,3045.488641036184,0.08217902050206535,0.178628240761004,41.0,residual_pinn,304.6903959575452,304.6903959575452
0.0,0.8862409136797252,2982.3693140933387,0.08220516890287399,0.17911277789818614,42.0,residual_pinn,298.43620942768297,298.43620942768297
0.0,1.867557654255315,3166.8867251747533,0.08254529574983999,0.18879223262008868,43.0,residual_pinn,317.0852010626542,317.0852010626542
0.0,1.2191168783526671,2968.8953857421875,0.08231190670477717,0.19064963334485105,44.0,residual_pinn,297.15654875102797,297.15654875102797
0.0,0.8658866913695085,3018.3751413445725,0.08210311712403047,0.1883489677780553,45.0,residual_pinn,302.03363920512953,302.03363920512953
0.0,1.501051403974232,3099.2217375102796,0.08194966888741444,0.18367361865545573,46.0,residual_pinn,310.2448497571443,310.2448497571443
0.0,1.731306631314127,3123.2397075452304,0.08183281711841885,0.18162295143855245,47.0,residual_pinn,312.6924880178351,312.6924880178351
0.0,0.7453484190137762,3022.552625154194,0.08185823183310659,0.18223957874273,48.0,residual_pinn,302.42665180407073,302.42665180407073
0.0,0.8173970580101013,3018.8329564144738,0.0818369216040561,0.1812860008917357,49.0,residual_pinn,302.0690034565173,302.0690034565173
0.0,1.6277158777964742,3163.0967310855262,0.08186420602233786,0.18179810204003988,50.0,residual_pinn,316.6575020237973,316.6575020237973
0.0,2.2342449803101387,3064.4480879934213,0.08191843879850287,0.18252653981509961,51.0,residual_pinn,306.9140111019737,306.9140111019737
0.0,0.8151537940690392,3013.0369359066613,0.08185446497641112,0.18185884152588092,52.0,residual_pinn,301.4890032316509,301.4890032316509
0.0,0.6791816667506569,2981.626085783306,0.08205081757746245,0.18121983503040515,53.0,residual_pinn,298.32067790784333,298.32067790784333
0.0,1.5219476489644301,3038.4712620785363,0.08206892405685626,0.1816457384511044,54.0,residual_pinn,304.1737863641036,304.1737863641036
0.0,2.361105122064289,3155.597855417352,0.08200858690236744,0.1860614050375788,55.0,residual_pinn,316.0547276547081,316.0547276547081
0.0,3.353861678587763,3063.6169305098683,0.0813466506569009,0.18291217716116653,56.0,residual_pinn,307.0548352693257,307.0548352693257
0.0,1.3662667321531397,2965.2009020353617,0.08124186529924995,0.1828764441766237,57.0,residual_pinn,296.81569149619656,296.81569149619656
0.0,0.7304893747756356,2989.6424881784537,0.08127720497156445,0.18357784653964795,58.0,residual_pinn,299.1327731483861,299.1327731483861
0.0,0.979717692262248,2998.214226973684,0.0812508142308185,0.18287342473080284,59.0,residual_pinn,300.03972505268297,300.03972505268297
0.0,0.828778409644177,3036.5587350945725,0.08121426521163237,0.18514640629291534,60.0,residual_pinn,303.84421057450146,303.84421057450146
0.0,0.7129007499468955,2973.063360916941,0.081159045821742,0.18456899178655525,61.0,residual_pinn,297.4714331375925,297.4714331375925
0.0,2.821945469630392,3189.936883223684,0.08121214022761897,0.18515360276950033,62.0,residual_pinn,319.5806635806435,319.5806635806435
0.0,1.70792403425041,3058.8551475123354,0.08106630060233568,0.1859150740661119,63.0,residual_pinn,306.2497534500925,306.2497534500925
0.0,0.9201985346643549,2978.215460526316,0.08102807167329286,0.18558600388075175,64.0,residual_pinn,298.02820547003495,298.02820547003495
0.0,1.8412784259570272,2986.3942614103617,0.08109452889153831,0.18565595306848226,65.0,residual_pinn,299.0303111829256,299.0303111829256
0.0,1.143728008395747,2994.2119654605262,0.08132833320843547,0.18654779697719373,66.0,residual_pinn,299.67266042608964,299.67266042608964
0.0,1.2200343922564858,2956.501201428865,0.08132678427194294,0.18872915757329842,67.0,residual_pinn,295.9170660721628,295.9170660721628
0.0,0.8244450641305823,2970.6712839226975,0.08100440274727971,0.18821741013150467,68.0,residual_pinn,297.25489566200656,297.25489566200656
0.0,0.935442041409643,2985.6076274671054,0.08104929484819111,0.1878980029570429,69.0,residual_pinn,298.77069734272203,298.77069734272203
0.0,0.7296061311897478,2989.9439183285363,0.08088293906889464,0.18828505669769488,70.0,residual_pinn,299.16318953664677,299.16318953664677
0.0,0.8964444383194572,3008.3484914679275,0.08082189803060733,0.18852413484924718,71.0,residual_pinn,301.0370330810547,301.0370330810547
0.0,0.9672428855770513,3008.829230057566,0.08071182001578181,0.18784475326538086,72.0,residual_pinn,301.09919658460115,301.09919658460115
0.0,1.7291765401237889,3087.8651572779604,0.08076978200360348,0.18894910184960617,73.0,residual_pinn,309.15529110557156,309.15529110557156
0.0,1.674462627423437,2972.986283151727,0.08071168590533107,0.1881918954221826,74.0,residual_pinn,297.6563841167249,297.6563841167249
0.0,1.4398315893976312,3081.139012386924,0.08070183623778193,0.18769887717146622,75.0,residual_pinn,308.4246745862459,308.4246745862459
0.0,4.490809506491611,3443.6677117598683,0.0808129271394328,0.18878784305170962,76.0,residual_pinn,345.2878586618524,345.2878586618524
0.0,5.438763091438695,3244.1748303865133,0.08078633758582567,0.1899007017675199,77.0,residual_pinn,325.52827052066203,325.52827052066203
0.0,2.203535201518159,2846.464695980674,0.08073626772353523,0.1883835682743474,78.0,residual_pinn,285.11006084241365,285.11006084241365
0.0,1.7731502173762572,2996.3771844161183,0.08068992511222237,0.18832548433228544,79.0,residual_pinn,300.01522024054276,300.01522024054276
0.0,2.4751913139694617,3322.2335654810854,0.08070877390472513,0.19033712227093547,80.0,residual_pinn,332.7414663214433,332.7414663214433
0.0,10.57234821821514,3242.7575940583883,0.0807535303266425,0.1965241126324001,81.0,residual_pinn,326.4139323987459,326.4139323987459
0.0,2.8168176945887113,2975.34324244449,0.08068938867041939,0.1944422008175599,82.0,residual_pinn,298.12116964239823,298.12116964239823
0.0,1.7292496781600148,2915.59666041324,0.08068838166563135,0.19320333003997803,83.0,residual_pinn,291.928875571803,291.928875571803
0.0,2.0682571546027533,2953.5347257915296,0.08071112083761316,0.19352935568282478,84.0,residual_pinn,295.79052011590255,295.79052011590255
0.0,1.6721819200013812,3024.3644312808387,0.08068362466598812,0.1922310504474138,85.0,residual_pinn,302.79414287366365,302.79414287366365
0.0,1.8531177467421482,2958.1366288034537,0.08064161201840953,0.19134988361283353,86.0,residual_pinn,296.2074568899054,296.2074568899054
0.0,1.6095172700129057,2978.430464895148,0.0806706085016853,0.19153065038354775,87.0,residual_pinn,298.18814247532896,298.18814247532896
0.0,1.333993994875958,2953.3627415707238,0.08068597708877764,0.19141076348329844,88.0,residual_pinn,295.6262439928557,295.6262439928557
0.0,2.623644331568166,3068.5284616570725,0.08066859723705995,0.1921195670178062,89.0,residual_pinn,307.4008226896587,307.4008226896587
0.0,1.8900790716472424,2934.4020610608554,0.08064473655663039,0.1914448181265279,90.0,residual_pinn,293.84139854029604,293.84139854029604
0.0,0.7668902560284263,2948.5329846833883,0.08063940860723194,0.19182983276091123,91.0,residual_pinn,295.0298991956209,295.0298991956209
0.0,1.0469976616533179,2913.6894659745067,0.08065670963964965,0.19263985909913717,92.0,residual_pinn,291.60164923416943,291.60164923416943
0.0,0.7030228878322401,2876.8376079358554,0.080680713057518,0.19244212225863808,93.0,residual_pinn,287.84764661287005,287.84764661287005
0.0,0.5194201563533983,2894.085674085115,0.08070726339754306,0.19248651830773605,94.0,residual_pinn,289.5357417056435,289.5357417056435
0.0,1.2322349313058352,2974.913863332648,0.08062739434995149,0.19227123809488197,95.0,residual_pinn,297.7610963520251,297.7610963520251
0.0,1.6745641341334896,3041.608334189967,0.08070067433934462,0.19254112322079509,96.0,residual_pinn,304.5190365439967,304.5190365439967
0.0,1.3853455672138615,2906.1172388980262,0.08071990938563096,0.19220411228506187,97.0,residual_pinn,290.91205074912625,290.91205074912625
0.0,4.186466317427786,3227.340235659951,0.08070892997478184,0.19288484203188042,98.0,residual_pinn,323.5946422376131,323.5946422376131
0.0,9.48258422393548,3255.8801398026317,0.08065345138311386,0.19398282233037448,99.0,residual_pinn,327.5079650878906,327.5079650878906
0.0,2.839436446365557,2995.1451223273025,0.08082170941327747,0.1952284778419294,100.0,residual_pinn,300.1059658652858,300.1059658652858
0.0,1.5626492735586668,3002.9208470394738,0.08068904045381044,0.1971733326974668,101.0,residual_pinn,300.628372995477,300.628372995477
0.0,1.6417122326399152,2823.4542557565787,0.08075169238604997,0.19645054246249952,102.0,residual_pinn,282.6974559583162,282.6974559583162
0.0,1.4603939495588605,2894.9324951171875,0.0807357489278442,0.19825052430755213,103.0,residual_pinn,289.80919446443255,289.80919446443255
0.0,2.006422968287217,3050.3716719777963,0.08065293886159595,0.19829057941311284,104.0,residual_pinn,305.4623196250514,305.4623196250514
0.0,1.6487919609797628,2899.4434300472863,0.08075993743382003,0.19669727275246068,105.0,residual_pinn,290.29781060469776,290.29781060469776
0.0,3.1147040348303947,2891.6852513363488,0.08067832769531953,0.1956039635758651,106.0,residual_pinn,289.8150674920333,289.8150674920333
0.0,2.8057123453993547,2890.458560341283,0.08065405174305565,0.19553131414087196,107.0,residual_pinn,289.63058873226765,289.63058873226765
0.0,6.202996009274533,3160.1887913754113,0.08065196048272283,0.19564060396269747,108.0,residual_pinn,317.28308426706417,317.28308426706417
0.0,4.976732385785956,2950.9021895559213,0.08066373553715254,0.1957947149088508,109.0,residual_pinn,296.10918386358964,296.10918386358964
0.0,0.9721289418245617,2877.9386821546054,0.08070837667113856,0.19589121796582876,110.0,residual_pinn,288.0119299637644,288.0119299637644
0.0,0.7143478722948777,2799.7435816714637,0.08072506205031746,0.19601522229219737,111.0,residual_pinn,280.1408755653783,280.1408755653783
0.0,0.8629968440846393,2815.8129497327304,0.08079283919773604,0.19611232688552455,112.0,residual_pinn,281.7775573730469,281.7775573730469
0.0,0.5532111956884986,2773.4820042660363,0.08073127740307857,0.1957286768837979,113.0,residual_pinn,277.4824552034077,277.4824552034077
0.0,1.077494302862569,2818.330142372533,0.08074313637457396,0.195875620371417,114.0,residual_pinn,282.07214275159333,282.07214275159333
0.0,0.7570639346775255,2771.9348273026317,0.07898281200935967,0.19007475438870883,115.0,residual_pinn,277.36785326505964,277.36785326505964
0.0,0.6915140183348405,2813.6270045230262,0.07895638087862417,0.189398561653338,116.0,residual_pinn,281.52389927914265,281.52389927914265
0.0,0.9137916251232749,2758.4958110608554,0.07893969549944527,0.18961240194345774,117.0,residual_pinn,276.05525087055406,276.05525087055406
0.0,0.8926003857662803,2764.0904027035363,0.07902217107383828,0.19421457930615074,118.0,residual_pinn,276.61093460886104,276.61093460886104
0.0,0.7642902159377148,2730.0279862253287,0.07923770068507445,0.20452880153530523,119.0,residual_pinn,273.1800745913857,273.1800745913857
0.0,0.8848528752201482,2731.5244911595396,0.0789747771463896,0.2018808675439734,120.0,residual_pinn,273.3535581889905,273.3535581889905
0.0,1.450157642364502,2765.7787828947367,0.07896484669886138,0.20180888238706088,121.0,residual_pinn,276.892044870477,276.892044870477
0.0,0.7239095780410265,2685.215107164885,0.07892179567562907,0.2011845849062267,122.0,residual_pinn,268.69035379510177,268.69035379510177
0.0,0.8040593046891061,2753.9044703433387,0.07888626189608323,0.20066091888829282,123.0,residual_pinn,275.57527321263365,275.57527321263365
0.0,1.0107943070562262,2738.1203998766446,0.07885677838011791,0.20117452426960594,124.0,residual_pinn,274.03826342130964,274.03826342130964
0.0,0.7096817493438721,2757.9458072060033,0.07884244071809869,0.20223427367837807,125.0,residual_pinn,275.96068854081005,275.96068854081005
0.0,0.5418616431324106,2675.2534500925162,0.07907887626635401,0.20145099649303838,126.0,residual_pinn,267.6578200490851,267.6578200490851
0.0,0.6993518471717834,2725.0237844366775,0.07890581182743374,0.20277618263897143,127.0,residual_pinn,272.6664749948602,272.6664749948602
0.0,0.6641952724833238,2632.6285914370887,0.07893222021429162,0.20117399018061788,128.0,residual_pinn,263.41976366545026,263.41976366545026
0.0,0.8107482477238304,2635.5455643503287,0.07891098292250383,0.20114641440542122,129.0,residual_pinn,263.740767629523,263.740767629523
0.0,1.095484954746146,2712.3853952508225,0.07894163461107957,0.20275073302419563,130.0,residual_pinn,271.48186171682255,271.48186171682255
0.0,0.7852748867712522,2513.284134714227,0.07888186095576537,0.2035328910539025,131.0,residual_pinn,251.5097696404708,251.5097696404708
0.0,2.499024750370728,2759.384881270559,0.07882523301400636,0.20970165886377035,132.0,residual_pinn,276.46321065802323,276.46321065802323
0.0,4.344927163500535,2597.5832455283717,0.07888528273293846,0.21023694308180557,133.0,residual_pinn,260.65227869937297,260.65227869937297
0.0,2.2602268582896183,2488.2217824835525,0.0788526727180732,0.20985410636977145,134.0,residual_pinn,249.2991549843236,249.2991549843236
0.0,1.7242717586065595,2421.8269107216283,0.0788777882331296,0.2099877517474325,135.0,residual_pinn,242.55249103746917,242.55249103746917
0.0,1.137213371301952,2343.4449912623354,0.07885608312330748,0.20966465849625437,136.0,residual_pinn,234.5968555651213,234.5968555651213
0.0,0.819913135547387,2323.706427323191,0.07887657888625797,0.2100645695862017,137.0,residual_pinn,232.55957191868833,232.55957191868833
0.0,2.2922002296698722,2327.2068385074012,0.07880693870155435,0.21025080273025915,138.0,residual_pinn,233.2040931300113,233.2040931300113
0.0,3.1895200923869482,2131.4087620785363,0.0788392499089241,0.20997281450974314,139.0,residual_pinn,213.8037253931949,213.8037253931949
0.0,2.0143057986309656,1879.3355841385692,0.0788873708561847,0.2117105157751786,140.0,residual_pinn,188.36153974031149,188.36153974031149
0.0,2.038840124481603,1839.057681435033,0.07891960089143954,0.21429895413549324,141.0,residual_pinn,184.33891818397925,184.33891818397925
0.0,4.438795958694659,1905.3098080283717,0.07893044305475135,0.214487855371676,142.0,residual_pinn,191.44414359644838,191.44414359644838
0.0,3.652783237005535,1857.1705290141858,0.07888124451825493,0.21421333363181666,143.0,residual_pinn,186.47298190468237,186.47298190468237
0.0,3.176141873786324,1801.9738833778783,0.07887644673648633,0.21497428495632975,144.0,residual_pinn,180.85805953176398,180.85805953176398
0.0,1.1989645299158598,1522.5685810289885,0.07892472806729768,0.2167805464644181,145.0,residual_pinn,152.5222780328048,152.5222780328048
0.0,1.6468253355277211,1626.716462787829,0.07891926639958431,0.21581675661237618,146.0,residual_pinn,163.02654025429175,163.02654025429175
0.0,1.1693364946465743,1563.2784937808387,0.07902094133590397,0.21625831958494687,147.0,residual_pinn,156.58729593377365,156.58729593377365
0.0,1.4299731317319369,1530.3012566817433,0.07886779543600585,0.21249163699777504,148.0,residual_pinn,153.3413106014854,153.3413106014854
0.0,2.611889494092841,1612.8617746453535,0.07881024911215431,0.2152643533129441,149.0,residual_pinn,161.834024128161,161.834024128161
0.0,2.326704784443504,1588.1302297491777,0.07891337338246797,0.21252958790252083,150.0,residual_pinn,159.30356678209807,159.30356678209807
0.0,1.3365081485949064,1586.217683490954,0.07895905210783608,0.20629971356768356,151.0,residual_pinn,158.91365011114823,158.91365011114823
0.0,3.0842461648740267,1803.8415784333881,0.0789025186708099,0.20344007485791257,152.0,residual_pinn,181.0253014815481,181.0253014815481
0.0,2.423847364751916,1517.2807842053865,0.07894629200822428,0.20158504420205167,153.0,residual_pinn,152.23695574308695,152.23695574308695
0.0,1.5226329941498606,1573.5688637181331,0.07884413160775837,0.2027792922760311,154.0,residual_pinn,157.68563320762232,157.68563320762232
0.0,1.3832747779394452,1466.2362960012335,0.0789889583462163,0.2011115417668694,155.0,residual_pinn,146.92434893156351,146.92434893156351
0.0,1.113600680702611,1479.7865086605675,0.0790803063856928,0.19983430363629995,156.0,residual_pinn,148.2253088700144,148.2253088700144
0.0,0.7484654517550218,1421.0772833573192,0.07882805090201528,0.1998911068627709,157.0,residual_pinn,142.28135279605263,142.28135279605263
0.0,0.8144671383656954,1425.9248464483965,0.0788933023026115,0.1989643958054091,158.0,residual_pinn,142.77922098260177,142.77922098260177
0.0,0.8063812679366061,1437.4443295127467,0.07891168994338889,0.19901902816797556,159.0,residual_pinn,143.92956041034898,143.92956041034898
0.0,1.1331126172291606,1474.6091051603619,0.07888364595802207,0.1996323725110606,160.0,residual_pinn,147.7114412408126,147.7114412408126
0.0,1.2868071261205172,1532.4327199835527,0.07891065941045158,0.1995277640066649,161.0,residual_pinn,153.52453392430357,153.52453392430357
0.0,1.1641420894547512,1665.7537841796875,0.07892083259005296,0.19871164701486888,162.0,residual_pinn,166.83202703375565,166.83202703375565
0.0,1.0179531950699656,1497.0884560032894,0.07882254962858401,0.19819815770575874,163.0,residual_pinn,149.9361985859118,149.9361985859118
0.0,0.6371273900333204,1361.8758191560444,0.07885690347144478,0.19794479483052305,164.0,residual_pinn,136.33874431409333,136.33874431409333
0.0,0.784147604515678,1358.4325400904606,0.07883531482596147,0.19760433466810928,165.0,residual_pinn,136.0237896567897,136.0237896567897
0.0,0.5839677343243047,1443.8842516447369,0.07829720252438595,0.20698064879367226,166.0,residual_pinn,144.5298339442203,144.5298339442203
0.0,0.5254250113901339,1356.3800755550988,0.08127750613187489,0.23139279923940959,167.0,residual_pinn,135.77029940956518,135.77029940956518
0.0,1.0092993300212056,1617.137280915913,0.08171226397940987,0.2303990109970695,168.0,residual_pinn,161.94271288420023,161.94271288420023
0.0,1.1993685317666907,1451.9186818976152,0.08195551053473824,0.22982509591077505,169.0,residual_pinn,145.45882656699732,145.45882656699732
0.0,0.8838436309444276,1362.578937731291,0.08537099314363379,0.22754615309991336,170.0,residual_pinn,136.46168999922904,136.46168999922904
0.0,0.611111382120534,1371.0001959549754,0.08538910628933656,0.22755921749692215,171.0,residual_pinn,137.24926878276625,137.24926878276625
0.0,0.5613973689706702,1387.5512502569902,0.08539971513183493,0.2275315844698956,172.0,residual_pinn,138.89442885549445,138.89442885549445
0.0,0.5956458167025918,1367.7567074424342,0.08541155449653927,0.22764256910273903,173.0,residual_pinn,136.9218380576686,136.9218380576686
0.0,0.7646852041545668,1334.926324141653,0.08540692101967962,0.22752563420094943,174.0,residual_pinn,133.6725945723684,133.6725945723684
0.0,1.2588092543576892,1377.0863390470806,0.08539735525846481,0.22779638359421178,175.0,residual_pinn,137.9874476382607,137.9874476382607
0.0,1.8632236750502336,1348.3552567331415,0.08541341988663924,0.2297710878284354,176.0,residual_pinn,135.2354198255037,135.2354198255037
0.0,1.6313496796708358,1306.2851434004933,0.08562067268710387,0.23331241623351448,177.0,residual_pinn,130.98239557366622,130.98239557366622
0.0,0.7586699073251925,1233.8693173057154,0.08556556662446574,0.23538183460110113,178.0,residual_pinn,123.56648455168072,123.56648455168072
0.0,0.5478523953964836,1243.7984763697575,0.0855693856352254,0.23525751264471756,179.0,residual_pinn,124.51722295660721,124.51722295660721
0.0,0.5670383729432759,1233.697739450555,0.08556163742354042,0.23355228885223991,180.0,residual_pinn,123.51081557022898,123.51081557022898
0.0,0.7388556207481184,1375.217863384046,0.08558068149968197,0.2334365852569279,181.0,residual_pinn,137.69718270552787,137.69718270552787
0.0,0.8787293371401335,1212.9722643400494,0.08571704829994001,0.23341587656422666,182.0,residual_pinn,121.50059910824424,121.50059910824424
0.0,0.4522044141041605,1188.2410535310444,0.08558915202554904,0.23309435734623357,183.0,residual_pinn,118.94213927419563,118.94213927419563
0.0,0.4553322721468775,1219.8101710269325,0.0855728132944358,0.23321275883599332,184.0,residual_pinn,122.09968466507762,122.09968466507762
0.0,0.590560362527245,1453.5732646741365,0.08559312592995794,0.23491883591601723,185.0,residual_pinn,145.50321398283305,145.50321398283305
0.0,0.7686458324131212,1244.9261362176192,0.08556672930717468,0.23356672258753525,186.0,residual_pinn,124.67398171675832,124.67398171675832
0.0,0.6050523754797483,1228.1379201788652,0.08558287902882225,0.23434877866192869,187.0,residual_pinn,122.96251899317691,122.96251899317691
0.0,0.5664604463075337,1183.4292313425165,0.085567024193312,0.23308583545057396,188.0,residual_pinn,118.48380580701325,118.48380580701325
0.0,0.5434094730176424,1147.3100425318669,0.08557907060572975,0.23293155353320272,189.0,residual_pinn,114.8672597784745,114.8672597784745
0.0,0.587124294356296,1159.706483539782,0.08559039117474306,0.23304263227864316,190.0,residual_pinn,116.11566021567897,116.11566021567897
0.0,0.6906562541660509,1168.8791118421052,0.0855998338053101,0.23300294499648244,191.0,residual_pinn,117.05362380178352,117.05362380178352
0.0,0.5304852002545407,1236.777424059416,0.08559645986870716,0.23295462523636065,192.0,residual_pinn,123.8114168267501,123.8114168267501
0.0,1.5533173366596824,1265.3620444849919,0.08559143268748333,0.23297973683005885,193.0,residual_pinn,126.87444706967003,126.87444706967003
0.0,0.879948804253026,1168.0476234837581,0.08557086045804776,0.23290617450287468,194.0,residual_pinn,117.00832166169819,117.00832166169819
0.0,0.5128413376055265,1186.4341751901727,0.0855591501060285,0.2327782817577061,195.0,residual_pinn,118.77354170146741,118.77354170146741
0.0,0.515538110544807,1138.7947644685444,0.08555850112124493,0.2349710974254106,196.0,residual_pinn,114.01035770617034,114.01035770617034
0.0,0.607741897043429,1238.494555021587,0.08555985791118521,0.23536018713524468,197.0,residual_pinn,123.99881925080952,123.99881925080952
0.0,0.7313884418261679,1191.249108565481,0.0855725446813985,0.23416377996143542,198.0,residual_pinn,119.29888353849712,119.29888353849712
0.0,1.1239377730771114,1482.1383056640625,0.08557774401024769,0.23375487013867027,199.0,residual_pinn,148.46627446224815,148.46627446224815
0.0,1.0068449754464,1038.7988265188117,0.08561186531656667,0.23430446025572324,200.0,residual_pinn,104.10896461888363,104.10896461888363
0.0,0.6837004156489122,1080.961011384663,0.08560444493042796,0.23274474159667366,201.0,residual_pinn,108.2603988647461,108.2603988647461
0.0,0.4914954147840801,1023.8672469289679,0.08563057333230972,0.23252183355783163,202.0,residual_pinn,102.51255697953074,102.51255697953074
0.0,0.5164210247366052,1148.0220385099713,0.08560248856481753,0.23245202397045336,203.0,residual_pinn,114.933013313695,114.933013313695
0.0,0.7308199468411898,1108.941211901213,0.08561689210565467,0.23270239014374583,204.0,residual_pinn,111.06783736379523,111.06783736379523
0.0,0.6960692060621161,1156.8525615491365,0.08562898204514854,0.2332505364167063,205.0,residual_pinn,115.85207898993241,115.85207898993241
0.0,0.7280581154321369,1075.9489874588817,0.08555107406879726,0.23281274265364596,206.0,residual_pinn,107.76806961862664,107.76806961862664
0.0,0.66758641208473,1051.9139323987458,0.08560841805056522,0.2325869720233114,207.0,residual_pinn,105.35244951750103,105.35244951750103
0.0,1.1314791927212162,1148.43007539448,0.08559687631694894,0.23244931117484444,208.0,residual_pinn,115.0968306692023,115.0968306692023
0.0,0.7174446535737891,1071.9334106445312,0.08560461354883094,0.23343557197796672,209.0,residual_pinn,107.36445577521073,107.36445577521073
0.0,0.622099612888537,1140.8953616493627,0.08560445002819363,0.23264932240310468,210.0,residual_pinn,114.24150466918945,114.24150466918945
0.0,0.8261409794029436,982.2712964509662,0.08561642193480541,0.23520743141048833,211.0,residual_pinn,98.4201630040219,98.4201630040219
0.0,0.5962245825089907,1037.8513360274465,0.08560949995329506,0.23589028261209788,212.0,residual_pinn,103.93225278352436,103.93225278352436
0.0,0.5298150056286862,996.5905552914268,0.08561556237308603,0.2330325998758015,213.0,residual_pinn,99.79260514911853,99.79260514911853
0.0,0.4647636233191741,965.5524581106085,0.08576301720581557,0.23259247761023671,214.0,residual_pinn,96.67575053164833,96.67575053164833
0.0,0.5605945634214502,994.5221075760691,0.08565603863251836,0.23256784599078328,215.0,residual_pinn,99.59186955502159,99.59186955502159
0.0,0.6121494566139422,951.3078822085732,0.08555675062694047,0.23246191363585622,216.0,residual_pinn,95.28074485377262,95.28074485377262
0.0,0.6823643132259971,964.6101106342517,0.08557291407334178,0.23244649407110715,217.0,residual_pinn,96.62500542088559,96.62500542088559
0.0,0.6713090350753382,983.6057610762747,0.0855508474142928,0.23237333407527522,218.0,residual_pinn,98.5223543267501,98.5223543267501
0.0,0.508519612644848,1048.0048828125,0.08556114019531953,0.232401400020248,219.0,residual_pinn,104.929712395919,104.929712395919
0.0,0.5504708776348516,1025.1147332442433,0.08557110083730597,0.23279316801773875,220.0,residual_pinn,102.64912775943154,102.64912775943154
0.0,0.7129781183443571,1084.2826859323602,0.08572310797478024,0.2473038607522061,221.0,residual_pinn,108.59988282856189,108.59988282856189
0.0,0.4759235570305272,936.3445241827714,0.0854410701676419,0.2556433112997758,222.0,residual_pinn,93.75947370027241,93.75947370027241
0.0,0.48147549048850413,960.8415543405633,0.08407437056303024,0.25527645412244293,223.0,residual_pinn,96.21018419767681,96.21018419767681
0.0,0.5536488898490605,968.6521863435444,0.08410802483558655,0.26330172858740153,224.0,residual_pinn,97.00648558767219,97.00648558767219
0.0,0.5613304658939964,929.1426375539679,0.08403546127833818,0.26322037922708613,225.0,residual_pinn,93.05705341539885,93.05705341539885
0.0,0.5436418699590784,933.1369339792352,0.08395648041838094,0.26303550757859884,226.0,residual_pinn,93.45292412607293,93.45292412607293
0.0,0.5178439334819191,929.4326155813117,0.08392559736967087,0.2625870704650879,227.0,residual_pinn,93.07728556582802,93.07728556582802
0.0,0.5675629722444635,1092.8412475585938,0.08393060886546184,0.26238007451358597,228.0,residual_pinn,109.42807227686832,109.42807227686832
0.0,0.537394708708713,1039.4276733398438,0.0839338157522051,0.26227777412063197,229.0,residual_pinn,104.08067361932052,104.08067361932052
0.0,0.4840712225750873,999.6281384919819,0.08393222877853795,0.2624740177079251,230.0,residual_pinn,100.09007223028885,100.09007223028885
0.0,0.6351161787384435,886.7022110788446,0.08393076219056782,0.2623176574707031,231.0,residual_pinn,88.8276750664962,88.8276750664962
0.0,0.501350749480097,941.5303955078125,0.08392494956129476,0.26255418752369125,232.0,residual_pinn,94.28376278124358,94.28376278124358
0.0,0.5229991392085427,911.2768659089741,0.08394765853881836,0.26259147650317144,233.0,residual_pinn,91.26274294602244,91.26274294602244
0.0,0.4948947876691818,942.3886301141036,0.08396754100134499,0.26294643627969844,234.0,residual_pinn,94.36833582426372,94.36833582426372
0.0,0.4813281972157328,867.5909407766242,0.0839727595448494,0.2624295651912689,235.0,residual_pinn,86.88580462807103,86.88580462807103
0.0,0.5066433376387546,850.2834055047286,0.08398647410304923,0.2646861656715995,236.0,residual_pinn,85.16033734773335,85.16033734773335
0.0,0.4549775045169027,920.8022139699835,0.08402972746836512,0.26409716041464554,237.0,residual_pinn,92.20183101453279,92.20183101453279
0.0,0.49915639036580134,875.2828272769326,0.08402835067949797,0.26520596679888275,238.0,residual_pinn,87.6588363647461,87.6588363647461
0.0,0.6847204550316459,934.0540932103207,0.08393029280399021,0.26306363783384623,239.0,residual_pinn,93.57286011545281,93.57286011545281
0.0,0.6028264337464383,909.8866673519736,0.08392419979760521,0.2629120240086003,240.0,residual_pinn,91.13972131829513,91.13972131829513
0.0,1.2145952143167194,881.6600727282072,0.0840429118589351,0.2645229603114881,241.0,residual_pinn,88.43958423012181,88.43958423012181
0.0,0.6837177825601477,834.9353107653166,0.08388283025277288,0.26516847704586227,242.0,residual_pinn,83.66098614742882,83.66098614742882
0.0,0.4799268896642484,826.5143978721217,0.08393620778071254,0.2641870410818803,243.0,residual_pinn,82.7780442488821,82.7780442488821
0.0,0.5728475349514108,832.1756463301809,0.08397404065257624,0.2625442319794705,244.0,residual_pinn,83.36258677432411,83.36258677432411
0.0,0.4578566174758108,839.3325259560033,0.08394859103780043,0.2622839008506976,245.0,residual_pinn,84.05525227596885,84.05525227596885
0.0,0.4513231978604668,846.5215076647306,0.0839365677613961,0.2622250177358326,246.0,residual_pinn,84.77283598247327,84.77283598247327
0.0,0.5708802820820558,969.5013524105674,0.08394839967551984,0.26249803994831283,247.0,residual_pinn,97.09476109554893,97.09476109554893
0.0,0.6486029342601174,943.2802975303248,0.08393884763905876,0.2630293792799899,248.0,residual_pinn,94.48825173628957,94.48825173628957
0.0,0.7344262035269487,854.702297813014,0.08396442587438382,0.26255385499251516,249.0,residual_pinn,85.64757076062654,85.64757076062654
0.0,0.6542981110121074,939.5918354235197,0.08395005174373325,0.2623633930557652,250.0,residual_pinn,94.12047797755191,94.12047797755191
0.0,0.6215933710336685,817.4057858115748,0.08231134555841747,0.26043066852971125,251.0,residual_pinn,81.89505807976974,81.89505807976974
0.0,0.48442111909389496,834.8463014301501,0.08215718990878056,0.26031877178894847,252.0,residual_pinn,83.61165709244578,83.61165709244578
0.0,0.4810179162182306,800.0764031661184,0.08211364165732735,0.26011972992043747,253.0,residual_pinn,80.13396453857422,80.13396453857422
0.0,0.56206456140468,836.2310823139392,0.08211875236348103,0.26007378101348877,254.0,residual_pinn,83.76563493829025,83.76563493829025
0.0,0.4723388505609412,860.8237513491982,0.08211645562397807,0.26077488535328913,255.0,residual_pinn,86.20702613027473,86.20702613027473
0.0,0.5092540822531048,784.8797511050576,0.08227472830759852,0.26141372009327535,256.0,residual_pinn,78.62008104826275,78.62008104826275
0.0,0.5101579647315176,810.8744378340872,0.08231701897947412,0.2601687406238757,257.0,residual_pinn,81.21960860804508,81.21960860804508
0.0,0.44204763440709366,824.8371887207031,0.08222275972366333,0.2600991757292497,258.0,residual_pinn,82.60225035014905,82.60225035014905
0.0,0.4906584502835023,901.2405813116776,0.08211707245362432,0.2602292111045436,259.0,residual_pinn,90.25231913516396,90.25231913516396
0.0,0.7375769364206415,891.1627727307772,0.08211215507043035,0.26023163136683014,260.0,residual_pinn,89.29392152083547,89.29392152083547
0.0,0.6918486905725378,862.5600762618216,0.08211596780701687,0.2601802725540964,261.0,residual_pinn,86.42450111790707,86.42450111790707
0.0,0.6197668063013178,814.8729304263467,0.082180323961534,0.2609669377929286,262.0,residual_pinn,81.64145479704204,81.64145479704204
0.0,0.5856477288823378,790.7441502621299,0.0822974874785072,0.26512704711211355,263.0,residual_pinn,79.22217308847527,79.22217308847527
0.0,0.4693036259789216,794.0591992829975,0.08215130708719555,0.26397852364339325,264.0,residual_pinn,79.53028729087428,79.53028729087428
0.0,0.46922871862587173,798.9581844932154,0.08256164428434874,0.2652036030041544,265.0,residual_pinn,80.02031306216591,80.02031306216591
0.0,0.4910650116048361,822.2639593827097,0.0830157920718193,0.2728913740107888,266.0,residual_pinn,82.35604988901238,82.35604988901238
0.0,0.44587410280579015,793.9012933028372,0.0830455794930458,0.27055037649054275,267.0,residual_pinn,79.51051200063606,79.51051200063606
0.0,0.46851787755363866,842.1900939941406,0.08302946231867138,0.2699274342311056,268.0,residual_pinn,84.34386042544716,84.34386042544716
0.0,0.502901263142887,787.8000078703228,0.08302084434973567,0.269694679661801,269.0,residual_pinn,78.91170140316612,78.91170140316612
0.0,0.500758663604134,786.2681370785361,0.08303971588611603,0.2711753155055799,270.0,residual_pinn,78.75823593139648,78.75823593139648
0.0,0.4964862309004131,833.7913898668791,0.0830211623718864,0.2700882020749544,271.0,residual_pinn,83.50959787870708,83.50959787870708
0.0,0.5252138133111753,834.4260559082031,0.08304567909554432,0.2698656179403004,272.0,residual_pinn,83.57878855655068,83.57878855655068
0.0,0.46349233937890905,853.1152263440584,0.08304749978216071,0.2698096852553518,273.0,residual_pinn,85.43535634091026,85.43535634091026
0.0,0.416100642398784,766.1789470471834,0.08304095974093989,0.2696674575931148,274.0,residual_pinn,76.73223736411647,76.73223736411647
0.0,0.4578782618045807,823.9044864052221,0.08313198818972237,0.2695409624200118,275.0,residual_pinn,82.51313761660927,82.51313761660927
0.0,0.5622707715159968,930.3518901624178,0.08305932855919788,0.26983056570354264,276.0,residual_pinn,93.1787792005037,93.1787792005037
0.0,0.5454006634260479,814.6857829846834,0.08303843360198171,0.26982741136299937,277.0,residual_pinn,81.60879416214793,81.60879416214793
0.0,0.4733551105386333,726.2965071828742,0.08303378875318326,0.26981193768350703,278.0,residual_pinn,72.75545541863693,72.75545541863693
0.0,0.5666214611969496,807.8151293302838,0.08304714568351444,0.2697637786990718,279.0,residual_pinn,80.92596756784539,80.92596756784539
0.0,0.44812786108569097,714.8498053299753,0.08303948570238917,0.26964481410227326,280.0,residual_pinn,71.60572257794831,71.60572257794831
0.0,0.4456984228209445,745.9681685598273,0.08306124688763368,0.2695918365528709,281.0,residual_pinn,74.71706922430741,74.71706922430741
0.0,0.4435473398158425,742.2219294497842,0.08310674915188238,0.26989907183145223,282.0,residual_pinn,74.34205005043431,74.34205005043431
0.0,0.537916749715805,753.6497256630346,0.08306194449725904,0.26981078794128016,283.0,residual_pinn,75.50369282772667,75.50369282772667
0.0,0.5264531428876676,744.0185177451685,0.08308924695378855,0.2700320341085133,284.0,residual_pinn,74.53829966093365,74.53829966093365
0.0,0.5590596497058868,717.3409086528577,0.08304402585092344,0.26973717934206914,285.0,residual_pinn,71.87703042281301,71.87703042281301
0.0,0.4880236261769345,710.2615725868627,0.08303729444742203,0.26997751154397664,286.0,residual_pinn,71.15491485595703,71.15491485595703
0.0,0.43543995367853267,777.9926227770353,0.08302725498613558,0.27018071162073237,287.0,residual_pinn,77.91752067365144,77.91752067365144
0.0,0.46816361734741613,781.2516094006991,0.0830553832807039,0.2708035597675725,288.0,residual_pinn,78.25002750597503,78.25002750597503
0.0,0.4761873295432643,981.3242741634971,0.08308542951157219,0.271103477791736,289.0,residual_pinn,98.258931009393,98.258931009393
0.0,0.5988695692074927,793.6428126284951,0.08317071866048009,0.2767732394369025,290.0,residual_pinn,79.51589062339382,79.51589062339382
0.0,0.5054223631557665,734.9418929250617,0.08303368366078327,0.2755109495238254,291.0,residual_pinn,73.62697701705129,73.62697701705129
0.0,0.44782485695261703,698.1076595908717,0.08302115139208342,0.2724270240256661,292.0,residual_pinn,69.93172595375462,69.93172595375462
0.0,0.4318642475103077,775.159338700144,0.08301749747050435,0.2689791384496187,293.0,residual_pinn,77.63335689745452,77.63335689745452
0.0,0.44630337467319087,732.1419051320929,0.08303398364468624,0.26776978530381856,294.0,residual_pinn,73.33438030042146,73.33438030042146
0.0,0.44606094925027145,772.8201165450247,0.08305665066367701,0.2678066946958241,295.0,residual_pinn,77.40215823524876,77.40215823524876
0.0,0.5211168872682672,729.7542644299959,0.08301107820711638,0.26751585226309926,296.0,residual_pinn,73.110553339908,73.110553339908
0.0,0.5203417414113095,699.1841189735815,0.08300551811331197,0.2674409605954823,297.0,residual_pinn,70.05337464182,70.05337464182
0.0,0.4967023745963448,754.1169272974918,0.08301349337163724,0.26747554540634155,298.0,residual_pinn,75.54193396317332,75.54193396317332
0.0,0.5696436778495186,685.4141556589227,0.08300548948739704,0.26745943646681936,299.0,residual_pinn,68.68624084874203,68.68624084874203
0.0,0.43215075684221166,719.7373592979029,0.08301148877332085,0.2674572687400015,300.0,residual_pinn,72.09106405157792,72.09106405157792
0.0,0.46430706507281255,713.6941014340049,0.08301791038952376,0.26755340162076446,301.0,residual_pinn,71.49318012438323,71.49318012438323
0.0,0.48109359333389684,690.2533039293791,0.08300763054897911,0.2674945498767652,302.0,residual_pinn,69.15244895533512,69.15244895533512
0.0,0.47592174850012126,773.9860952276932,0.0830150074080417,0.26756430142804194,303.0,residual_pinn,77.52470317639802,77.52470317639802
0.0,0.54361681561721,693.7835107100638,0.08304502775794581,0.2679623459514819,304.0,residual_pinn,69.51802293877853,69.51802293877853
0.0,0.43609743369253057,680.0974016691509,0.08302769535466244,0.26787264880381134,305.0,residual_pinn,68.12789866798802,68.12789866798802
0.0,0.4650018513202667,674.9907885099713,0.0827250002246154,0.2665009733877684,306.0,residual_pinn,67.62286758422852,67.62286758422852
0.0,0.4241522495683871,747.1139044510691,0.08119846527513705,0.261268265937504,307.0,residual_pinn,74.82640848661724,74.82640848661724
0.0,0.6044211450376009,832.3509168122944,0.08120647033578471,0.2613380237629539,308.0,residual_pinn,83.38617063823499,83.38617063823499
0.0,0.8274854217704973,883.1185366981908,0.0812180403031801,0.26177246947037547,309.0,residual_pinn,88.50759034407766,88.50759034407766
0.0,0.5598416861734892,680.965182655736,0.08129577848472093,0.26254169093935115,310.0,residual_pinn,68.23880828054328,68.23880828054328
0.0,0.4470200538635254,699.0367206774259,0.08125003427267075,0.2626111977978757,311.0,residual_pinn,70.02340055766858,70.02340055766858
0.0,0.5066823104494497,657.9721486944901,0.08106036876377307,0.2615111485907906,312.0,residual_pinn,65.92875621193333,65.92875621193333
0.0,0.5066793843319541,676.3803935803866,0.07934531608694478,0.26045474723765727,313.0,residual_pinn,67.769387345565,67.769387345565
0.0,0.45066560412708084,714.5218859220806,0.07940300357969184,0.2636610818536658,314.0,residual_pinn,71.57265833804482,71.57265833804482
0.0,0.46024219456471893,753.2917424252158,0.07945292874386436,0.26126538138640554,315.0,residual_pinn,75.45132235476845,75.45132235476845
0.0,0.5014653613692835,660.3497073524877,0.07950836184777711,0.26040284257186086,316.0,residual_pinn,66.16528079384251,66.16528079384251
0.0,0.44439077534173665,669.2977294921875,0.07947700470685959,0.25965418156824616,317.0,residual_pinn,67.04859121222245,67.04859121222245
0.0,0.5437388733813637,671.4673767089844,0.0794309844311915,0.25931502329675776,318.0,residual_pinn,67.28538854498612,67.28538854498612
0.0,0.5827397390415794,793.1747934441818,0.07940637751629478,0.2593317267141844,319.0,residual_pinn,79.46393002961811,79.46393002961811
0.0,0.46713640187916,670.6384803370426,0.07946125888510754,0.2593883338727449,320.0,residual_pinn,67.187188600239,67.187188600239
0.0,0.4370973118041691,661.0121235094572,0.07948322868660877,0.25919478661135625,321.0,residual_pinn,66.21852673982319,66.21852673982319
0.0,0.4329230965752351,665.639733565481,0.0793981395269695,0.2591567070860612,322.0,residual_pinn,66.68044562088816,66.68044562088816
0.0,0.45988045240703385,678.3540263928866,0.07942818458143033,0.2591822884584728,323.0,residual_pinn,67.9572696685791,67.9572696685791
0.0,0.6717131765265214,678.0923172800165,0.07937707046144887,0.25922726800567225,324.0,residual_pinn,67.97346586930125,67.97346586930125
0.0,0.5614872370895586,745.2603567023026,0.07938629231954876,0.2592445831549795,325.0,residual_pinn,74.6682270451596,74.6682270451596
0.0,0.5476252217041818,623.5149544163754,0.07938330267605029,0.2593160679465846,326.0,residual_pinn,62.49092092012104,62.49092092012104
0.0,0.42821649658052546,611.5956525300678,0.0793884141664756,0.25920398454917104,327.0,residual_pinn,61.27509819833856,61.27509819833856
0.0,0.5491831883003837,614.2352294921875,0.07939428679252926,0.25919365882873535,328.0,residual_pinn,61.56324918646561,61.56324918646561
0.0,0.5012726862179605,635.2518310546875,0.0793844273215846,0.25917417281552363,329.0,residual_pinn,63.65532443397924,63.65532443397924
0.0,0.4829446077346802,591.7465242084704,0.07939416091693074,0.25912599187148244,330.0,residual_pinn,59.301122966565586,59.301122966565586
0.0,0.45283336702146026,643.0128639622739,0.07938997918053677,0.2591143360263423,331.0,residual_pinn,64.421733053107,64.421733053107
0.0,0.44475123286247253,711.6359542043585,0.07938722481853083,0.25915440132743434,332.0,residual_pinn,71.2824303476434,71.2824303476434
0.0,0.4467427722717586,715.8803124678763,0.07940041430686649,0.2592438349598332,333.0,residual_pinn,71.7072746879176,71.7072746879176
0.0,0.49370544364577845,631.0836687589947,0.07938939685884275,0.2592552978741495,334.0,residual_pinn,63.237003326416016,63.237003326416016
0.0,0.495492663822676,650.6316857588919,0.07938343208087117,0.25919168560128464,335.0,residual_pinn,65.19215613917301,65.19215613917301
0.0,0.42535878561044993,778.7966983192846,0.07939380799469195,0.2592053538874576,336.0,residual_pinn,77.99463342365466,77.99463342365466
0.0,0.7343466799510153,638.72887460809,0.07940171776633513,0.25958811766222906,337.0,residual_pinn,64.04968683343185,64.04968683343185
0.0,0.4839805129327272,593.1774332146896,0.07939021563843678,0.25965343651018646,338.0,residual_pinn,59.44447497317665,59.44447497317665
0.0,0.47846450146875885,603.7148260819284,0.07947704352830585,0.25989706108444616,339.0,residual_pinn,60.49713998091848,60.49713998091848
0.0,0.45168715401699666,594.5781233938117,0.07944534836631072,0.25956262569678457,340.0,residual_pinn,59.57807842053865,59.57807842053865
0.0,0.4956322108444415,603.4582423159951,0.07946606999949406,0.2596684647233863,341.0,residual_pinn,60.47489126105057,60.47489126105057
0.0,0.42417698314315394,567.4297694156045,0.07946607117590151,0.2595031245758659,342.0,residual_pinn,56.857736687911185,56.857736687911185
0.0,0.44776843566643565,589.6327498586554,0.07946575276161495,0.25991745214713247,343.0,residual_pinn,59.082794189453125,59.082794189453125
0.0,0.4546959831526405,617.9723205566406,0.07940671789018731,0.2599312019975562,344.0,residual_pinn,61.91813800209447,61.91813800209447
0.0,0.4256895294314937,588.7559798391242,0.07943173184206612,0.25985456767835113,345.0,residual_pinn,58.99069484911467,58.99069484911467
0.0,0.5166515441317308,599.4499519749692,0.0794269262175811,0.260408911265825,346.0,residual_pinn,60.07833922536749,60.07833922536749
0.0,0.45163589010113164,613.6447850277549,0.07946830556580894,0.26357520410889074,347.0,residual_pinn,61.48513824061344,61.48513824061344
0.0,0.43117281402412216,588.2915850187603,0.07942091908894088,0.2629716427702653,348.0,residual_pinn,58.945662247507194,58.945662247507194
0.0,0.454099839455203,574.4176956979852,0.07940954205236937,0.2606505657497205,349.0,residual_pinn,57.56262528268915,57.56262528268915
0.0,0.4734896625343122,670.8956957365338,0.07945247465058376,0.25998133577798543,350.0,residual_pinn,67.21423942164371,67.21423942164371
0.0,0.461029389971181,609.5917229903372,0.07946834674007014,0.26055243925044413,351.0,residual_pinn,61.08140824970446,61.08140824970446
0.0,0.5798854122036382,597.6821176629318,0.07949945409046977,0.2612586774324116,352.0,residual_pinn,59.914289574874076,59.914289574874076
0.0,0.5042333163713154,639.4391262656764,0.07946611235016271,0.2595447505775251,353.0,residual_pinn,64.0746898651123,64.0746898651123
0.0,0.4558842182159424,624.3284044767681,0.07944957088483007,0.25940193784864324,354.0,residual_pinn,62.553932089554635,62.553932089554635
0.0,0.4363213432462592,627.9510755037006,0.07944099252161227,0.2593533004585065,355.0,residual_pinn,62.912280534443106,62.912280534443106
0.0,0.44629924234591034,570.9611061497739,0.07942860338248704,0.25924436199037654,356.0,residual_pinn,57.21526698062294,57.21526698062294
0.0,0.4491470887472755,624.5248304668226,0.07939620119960684,0.25916450431472376,357.0,residual_pinn,62.572199520311855,62.572199520311855
0.0,0.434782580325478,585.286451239335,0.07939583651329342,0.2592158897926933,358.0,residual_pinn,58.64549476221988,58.64549476221988
0.0,0.43754390038942037,560.8841408177426,0.07938740951450247,0.2592285793078573,359.0,residual_pinn,56.205815164666426,56.205815164666426
0.0,0.4458973062665839,536.0205439517373,0.07938125847201598,0.25959246880129766,360.0,residual_pinn,53.72116309718082,53.72116309718082
0.0,0.446779360112391,554.9392852783203,0.0793524643308238,0.26081516397626775,361.0,residual_pinn,55.61333485653526,55.61333485653526
0.0,0.42395740355315964,610.0514012386924,0.0792173484438344,0.2617624480473368,362.0,residual_pinn,61.12006960417095,61.12006960417095
0.0,0.47995921028287786,577.0753864489103,0.07935915142297745,0.25998157733365107,363.0,residual_pinn,57.83349769993832,57.83349769993832
0.0,0.48967197066859197,622.7097746196546,0.07939331037433524,0.25966465002612066,364.0,residual_pinn,62.398848383050215,62.398848383050215
0.0,0.4610113329009006,539.9573219700864,0.07939709017151281,0.25938842014262553,365.0,residual_pinn,54.11784392909,54.11784392909
0.0,0.43059589909879786,620.9021421733655,0.0794762690600596,0.2614582729967017,366.0,residual_pinn,62.206453022203945,62.206453022203945
0.0,0.48023313989764765,573.4416014018811,0.07942500200710799,0.2611184480943178,367.0,residual_pinn,57.47028953150699,57.47028953150699
0.0,0.4790956989714974,581.6865202251233,0.07943300706775565,0.2595838088738291,368.0,residual_pinn,58.29440247385126,58.29440247385126
0.0,0.42906966178040756,568.8162632992393,0.07946608842987764,0.2597864270210266,369.0,residual_pinn,56.99739365828665,56.99739365828665
0.0,0.44012925656218277,558.2620688990543,0.07944300300196598,0.2594374355516936,370.0,residual_pinn,55.94415057332892,55.94415057332892
0.0,0.4409650164215188,566.4630753366571,0.07944026981529437,0.2594874077721646,371.0,residual_pinn,56.76442286842748,56.76442286842748
0.0,0.4293371148799595,570.8546102423417,0.0794543486676718,0.25954029591459976,372.0,residual_pinn,57.201256099500156,57.201256099500156
0.0,0.45584366666643245,564.514120001542,0.07964808689920526,0.2616420262738278,373.0,residual_pinn,56.57272971303839,56.57272971303839
0.0,0.4629303216934204,585.5380835282175,0.07944328808470776,0.2594560996482247,374.0,residual_pinn,58.67631229601408,58.67631229601408
0.0,0.4423309956726275,623.3291802657278,0.07939246767445614,0.25934155363785594,375.0,residual_pinn,62.45128832365337,62.45128832365337
0.0,0.461623456917311,575.160241377981,0.0793896533156696,0.2594172185973117,376.0,residual_pinn,57.63825998808208,57.63825998808208
0.0,0.5532039098049465,606.791538439299,0.0793887447369726,0.25928056396936117,377.0,residual_pinn,60.819693414788496,60.819693414788496
0.0,0.5307591447704717,582.6019271047492,0.0793884969071338,0.2594480451784636,378.0,residual_pinn,58.39625920747456,58.39625920747456
0.0,0.5231070534179085,588.7831348619962,0.07940307063491721,0.2598020293210682,379.0,residual_pinn,59.0128856458162,59.0128856458162
0.0,0.5671267803562315,547.2889621132299,0.0793856849011622,0.2606190568522403,380.0,residual_pinn,54.872353302805045,54.872353302805045
0.0,0.4860965962472715,561.5009348016036,0.07937085471655193,0.2622005092470269,381.0,residual_pinn,56.27750286303068,56.27750286303068
0.0,0.4562523474818782,517.0036902176706,0.07941343635320663,0.2630647185601686,382.0,residual_pinn,51.821897205553554,51.821897205553554
0.0,0.5014816663767162,520.9409187718442,0.07933281911046881,0.26139340902629654,383.0,residual_pinn,52.22449483369526,52.22449483369526
0.0,0.4782131973065828,579.2002434981497,0.07933789962216427,0.2629390892229582,384.0,residual_pinn,58.045928854691354,58.045928854691354
0.0,0.5079540986763803,514.8417527048211,0.07937251423534594,0.2612160130550987,385.0,residual_pinn,51.615857174522,51.615857174522
0.0,0.6251862849059858,528.28284414191,0.07938933411711141,0.25954336241671916,386.0,residual_pinn,52.98324605038292,52.98324605038292
0.0,0.47684808153855174,522.2732624254728,0.07939316253913076,0.25927059273970754,387.0,residual_pinn,52.35259437561035,52.35259437561035
0.0,0.6043544231276763,509.5767926667866,0.07940020529847396,0.25915947870204326,388.0,residual_pinn,51.108435781378496,51.108435781378496
0.0,0.44944393477941813,515.3997987446032,0.07939121440837257,0.25916246207136856,389.0,residual_pinn,51.65975410059879,51.65975410059879
0.0,0.46382438156165573,547.5430827893709,0.07939123323089198,0.25918235120020416,390.0,residual_pinn,54.876961055554844,54.876961055554844
0.0,0.5157503360196164,506.61479909796464,0.07939597297655909,0.2591847087207593,391.0,residual_pinn,50.794519926372324,50.794519926372324
0.0,0.5403754044520227,595.859823126542,0.07939083795798452,0.25919532932733236,392.0,residual_pinn,59.72394642076994,59.72394642076994
0.0,0.49859619219052165,612.5375807912726,0.07939247277222182,0.2592138271582754,393.0,residual_pinn,61.383369746961094,61.383369746961094
0.0,0.44046243240958766,531.7843668084396,0.0795923271461537,0.2603563384005898,394.0,residual_pinn,53.29654633371454,53.29654633371454
0.0,0.4728663242176959,536.2788126092208,0.0793963635438367,0.2592329524065319,395.0,residual_pinn,53.75234774539345,53.75234774539345
0.0,0.4307757129794673,556.8862128006784,0.07939282883154719,0.25921350874398885,396.0,residual_pinn,55.80466852690044,55.80466852690044
0.0,0.503974724757044,563.1255846525494,0.07939247512503673,0.2592343593898572,397.0,residual_pinn,56.44324734336451,56.44324734336451
0.0,0.8115013061385405,566.5762441534745,0.07939268609410838,0.2592094760192068,398.0,residual_pinn,56.84981757716129,56.84981757716129
0.0,0.5371195611200834,583.9465018824527,0.07939459854050686,0.2591694420889804,399.0,residual_pinn,58.53196053755911,58.53196053755911
0.0,0.49657076597213745,475.0654525756836,0.0793954965315367,0.2591559604594582,400.0,residual_pinn,47.63574640374435,47.63574640374435
0.0,0.5031191314521589,504.1045488056384,0.07938953018502186,0.25918737053871155,401.0,residual_pinn,50.54096758993048,50.54096758993048
0.0,0.41326616626036794,505.1454941598993,0.07938115259534434,0.25933801970983805,402.0,residual_pinn,50.62710551211708,50.62710551211708
0.0,0.4657035807245656,482.81384759200245,0.07938363638363387,0.2593189415178801,403.0,residual_pinn,48.40442627354672,48.40442627354672
0.0,0.4298482662753055,526.732417056435,0.07939231042799197,0.25916711437074763,404.0,residual_pinn,52.78909783614309,52.78909783614309
0.0,0.4548496376526983,509.12497269479854,0.07938631153420399,0.2593196850073965,405.0,residual_pinn,51.03336961645829,51.03336961645829
0.0,0.45489620142861414,484.85983356676604,0.07939534124575164,0.2592047452926636,406.0,residual_pinn,48.60685358549419,48.60685358549419
0.0,0.41825156384392786,473.8466090152138,0.07939710624908146,0.2592681081671464,407.0,residual_pinn,47.4982093007941,47.4982093007941
0.0,0.45566820627764654,484.2818683825041,0.0795119710658726,0.2590513527393341,408.0,residual_pinn,48.54920286881296,48.54920286881296
0.0,0.4212303632184079,485.7139687789114,0.0793961608096173,0.2592042810038516,409.0,residual_pinn,48.68553528032805,48.68553528032805
0.0,0.5144354026568564,552.9331857781661,0.07939501734156358,0.2594570846934068,410.0,residual_pinn,55.42612186231111,55.42612186231111
0.0,0.4963654577732086,510.20064504523026,0.0793927107986651,0.2594565404088874,411.0,residual_pinn,51.149253042120684,51.149253042120684
0.0,0.5363447509313884,516.7312943307977,0.0793876934208368,0.25961886738476,412.0,residual_pinn,51.81032993918971,51.81032993918971
0.0,0.7513313152288136,499.9479072972348,0.07939102304609198,0.25934277553307383,413.0,residual_pinn,50.17496219434236,50.17496219434236
0.0,0.7129342908921995,532.6347383197985,0.07939497342235163,0.25933358386943217,414.0,residual_pinn,53.435964935704284,53.435964935704284
0.0,0.49854580352180883,709.992511146947,0.07946033579738516,0.26006406859347697,415.0,residual_pinn,71.12894008034154,71.12894008034154
0.0,0.6627023282803988,579.8454116018195,0.0789918283882894,0.26621558634858383,416.0,residual_pinn,58.14765307777807,58.14765307777807
0.0,0.48590111261919927,481.49745178222656,0.0780154027436909,0.26821446418762207,417.0,residual_pinn,48.277649076361406,48.277649076361406
0.0,0.5064271359067214,492.5967102050781,0.07818477208677091,0.26518652156779643,418.0,residual_pinn,49.39138663442511,49.39138663442511
0.0,0.5040008857061988,510.4927833958676,0.07820612388221841,0.2647090664035396,419.0,residual_pinn,51.180461381611075,51.180461381611075
0.0,0.49261085767495005,515.888213308234,0.07819755885161851,0.26417716867045354,420.0,residual_pinn,51.71767325150339,51.71767325150339
0.0,0.6510160486949118,532.3800366050318,0.0782931525456278,0.26455078470079524,421.0,residual_pinn,53.39857779051128,53.39857779051128
0.0,0.48841602002319534,498.5653654399671,0.07826648574126394,0.26464467142757614,422.0,residual_pinn,49.98459805940327,49.98459805940327
0.0,0.45243692162789795,534.9699875681024,0.07819121487830814,0.26432271693882187,423.0,residual_pinn,53.61782887107447,53.61782887107447
0.0,0.44031027037846415,473.31015295731396,0.07819925483904387,0.26405567401333857,424.0,residual_pinn,47.44939297123959,47.44939297123959
0.0,0.462420716881752,500.7326885022615,0.07818637945150074,0.2639927848389274,425.0,residual_pinn,50.196062690333314,50.196062690333314
0.0,0.5028788439537349,493.20417464406864,0.07823407924488972,0.2642211208218022,426.0,residual_pinn,49.45132717333342,49.45132717333342
0.0,0.4573245307332591,515.0505483526932,0.07821351799525712,0.26398101605867086,427.0,residual_pinn,51.62682879598517,51.62682879598517
0.0,0.4731793042860533,579.5460012335526,0.07819860271717373,0.26406381789006683,428.0,residual_pinn,58.07955375470613,58.07955375470613
0.0,0.6346857712457055,519.9226234837582,0.07817919787607695,0.26418056613520574,429.0,residual_pinn,52.149527298776725,52.149527298776725
0.0,0.6646134500440798,537.1316576505963,0.0781509150799952,0.26409435585925456,430.0,residual_pinn,53.876407623291016,53.876407623291016
0.0,0.4736753953130622,547.5483334189967,0.07815475605036083,0.26427776562540156,431.0,residual_pinn,54.87990620261744,54.87990620261744
0.0,0.7114401616548237,451.18458316200656,0.07814594044497139,0.2639797784780201,432.0,residual_pinn,45.291052165784336,45.291052165784336
0.0,0.6624675824453956,578.3794210333573,0.07814935241874896,0.26413299064887197,433.0,residual_pinn,58.00075641431307,58.00075641431307
0.0,0.6929495444423274,539.7128890188117,0.0781597487236324,0.2646368741989136,434.0,residual_pinn,54.14025065773412,54.14025065773412
0.0,0.7286836301025591,518.2777083547492,0.07816977759725169,0.2659280755017933,435.0,residual_pinn,52.00400904605263,52.00400904605263
0.0,0.46335685331570475,523.7382266395971,0.0781493665356385,0.2650076543029986,436.0,residual_pinn,52.496902666593854,52.496902666593854
0.0,0.539246960690147,530.5212322034334,0.07815692416931454,0.26416955809844167,437.0,residual_pinn,53.19029792986418,53.19029792986418
0.0,0.4517161532452232,517.9540469520971,0.0781509582149355,0.2638839608744571,438.0,residual_pinn,51.9160435325221,51.9160435325221
0.0,0.4604017491403379,463.15311150801807,0.07815614891679663,0.2638103601179625,439.0,residual_pinn,46.437681900827506,46.437681900827506
0.0,0.5006463527679443,483.3409909700093,0.078147412522843,0.26380408594482824,440.0,residual_pinn,48.46451714164332,48.46451714164332
0.0,0.43535096708096954,503.67776649876646,0.07815469566144441,0.2641796406946684,441.0,residual_pinn,50.48517327559622,50.48517327559622
0.0,0.46357169041508123,481.24011069849917,0.07815140211268475,0.26394489721248027,442.0,residual_pinn,48.24702865199039,48.24702865199039
0.0,0.41912593418046046,485.6295053582442,0.07815157857380416,0.26383694692661885,443.0,residual_pinn,48.67706755587929,48.67706755587929
0.0,0.47774293705036763,507.34895003469364,0.07816442337475325,0.2640569398277684,444.0,residual_pinn,50.86075757679186,50.86075757679186
0.0,0.5683677525896775,491.72197442305713,0.07815537797777276,0.2641756424778386,445.0,residual_pinn,49.31619659223055,49.31619659223055
0.0,0.663464997944079,454.8595372250206,0.07815144916898326,0.2643667365375318,446.0,residual_pinn,45.648991885938145,45.648991885938145
0.0,0.5867998576477954,502.7276362368935,0.07815216952248623,0.26455156426680715,447.0,residual_pinn,50.420485847874694,50.420485847874694
0.0,0.44234292758138555,523.9592767012747,0.07815481839995635,0.2640710269149981,448.0,residual_pinn,52.5147119823255,52.5147119823255
0.0,0.6718347119657617,501.3117394698294,0.07814919478014896,0.26377729836263153,449.0,residual_pinn,50.29582555670487,50.29582555670487
0.0,0.8582876465822521,449.6844827752364,0.07815214011229966,0.2637614231360586,450.0,residual_pinn,45.17039027966951,45.17039027966951
0.0,0.6085226410313657,454.4642960397821,0.07815449449576829,0.26443086172405045,451.0,residual_pinn,45.59848504317434,45.59848504317434
0.0,0.7625084362531963,522.8237625925165,0.0781535784664907,0.26379762511504323,452.0,residual_pinn,52.465165640178476,52.465165640178476
0.0,0.5741787709687886,539.7867487857217,0.07815064803550117,0.2653574990598779,453.0,residual_pinn,54.12395396985506,54.12395396985506
0.0,0.4704967392118354,470.12817704050167,0.07815590579258769,0.2637927971388164,454.0,residual_pinn,47.13720452158075,47.13720452158075
0.0,0.6041364207079536,520.6507873535156,0.07815077273469222,0.26391512155532837,455.0,residual_pinn,52.21620705253199,52.21620705253199
0.0,0.605857292288228,477.5546216462788,0.0781534263177922,0.2640240866886942,456.0,residual_pinn,47.90694417451557,47.90694417451557
0.0,0.537475207134297,531.8767049689042,0.07815459841176083,0.2643017988455923,457.0,residual_pinn,53.32550460413883,53.32550460413883
0.0,0.7116825580596924,472.0550934640985,0.07815427137048621,0.2640829352956069,458.0,residual_pinn,47.378162032679505,47.378162032679505
0.0,0.4648178423705854,509.00050113075656,0.07815037589324147,0.26475404281365245,459.0,residual_pinn,51.02339674297132,51.02339674297132
0.0,0.4559469505360252,536.0246598093133,0.07824380499751944,0.2659022761018653,460.0,residual_pinn,53.724159039949114,53.724159039949114
0.0,0.5111615171557978,500.1608348645662,0.07824925843038057,0.2705185805496417,461.0,residual_pinn,50.14927924306769,50.14927924306769
0.0,0.44372909163173874,528.8888774671053,0.07834394589850777,0.2736364163850483,462.0,residual_pinn,53.00891504789654,53.00891504789654
0.0,0.44578203245213155,460.75328867059005,0.07828187275873988,0.2716648013968217,463.0,residual_pinn,46.195566980462324,46.195566980462324
0.0,0.4052911400794983,458.5916009200247,0.07818655120699029,0.26874157786369324,464.0,residual_pinn,45.97100247834858,45.97100247834858
0.0,0.4306317724679646,458.40271116557875,0.07824880355282833,0.2682672801770662,465.0,residual_pinn,45.95713690707558,45.95713690707558
0.0,0.4776230870108855,479.3299102783203,0.07825914103733866,0.2680536665414509,466.0,residual_pinn,48.059234719527396,48.059234719527396
0.0,0.4320680977482545,490.6361646150288,0.07824914314244923,0.26616501651312174,467.0,residual_pinn,49.18056096528706,49.18056096528706
0.0,0.5957727581262589,450.3187536942331,0.07821993961146004,0.26474946109872116,468.0,residual_pinn,45.181416511535645,45.181416511535645
0.0,0.5494619482441953,417.0871927361739,0.07822277749839582,0.26413458742593465,469.0,residual_pinn,41.84893628170616,41.84893628170616
0.0,0.43644517268005173,432.5532186407792,0.07821399993018101,0.26397794955655146,470.0,residual_pinn,43.37292013670269,43.37292013670269
0.0,0.49418675585796956,472.51225682308797,0.07820832964621093,0.2639394245649639,471.0,residual_pinn,47.380367479826276,47.380367479826276
0.0,0.4807666728371068,434.4521404065584,0.07818973378131264,0.2638801257861288,472.0,residual_pinn,43.571665713661595,43.571665713661595
0.0,0.5631413318608937,456.41279120194287,0.07821000681111687,0.26388732696834366,473.0,residual_pinn,45.78420719347502,45.78420719347502
0.0,0.4488874132695951,419.7646371941817,0.07820043124650654,0.2638670708003797,474.0,residual_pinn,42.096537389253314,42.096537389253314
0.0,0.4482708698824832,464.8655925549959,0.07819848507642746,0.2638870258080332,475.0,residual_pinn,46.60651322415001,46.60651322415001
0.0,0.5366233987243552,432.06199003520766,0.07820718853097212,0.26388698345736455,476.0,residual_pinn,43.34382408543637,43.34382408543637
0.0,0.5119381954795436,532.6128242894223,0.07818869148430072,0.2638695553729409,477.0,residual_pinn,53.393967277125306,53.393967277125306
0.0,0.7665037967656788,514.1459430895353,0.07821442186832428,0.2640640704255355,478.0,residual_pinn,51.59821334638094,51.59821334638094
0.0,0.4313876942584389,477.17356792249177,0.07819827332308418,0.2638615714876275,479.0,residual_pinn,47.83393187271921,47.83393187271921
0.0,0.42522381795080083,452.6959429289165,0.07820306365427218,0.2638824142907795,480.0,residual_pinn,45.384937587537266,45.384937587537266
0.0,0.546654528693149,482.2344006990132,0.07822119405395106,0.2678298024754775,481.0,residual_pinn,48.36346505817614,48.36346505817614
0.0,0.5130484715888375,421.41494309274776,0.07822185284213017,0.2830485136885392,482.0,residual_pinn,42.27632040726511,42.27632040726511
0.0,0.4675506204366684,430.22474750719573,0.07757254846786198,0.2797148415916844,483.0,residual_pinn,43.14783698634098,43.14783698634098
0.0,0.46223661774083186,434.9174909089741,0.07748703266444959,0.27850652368445145,484.0,residual_pinn,43.61592262669613,43.61592262669613
0.0,0.42687051704055384,446.6170325028269,0.0774979630583211,0.2782778316422513,485.0,residual_pinn,44.77878179048237,44.77878179048237
0.0,0.45358984564480026,466.78125481856495,0.07748356932087948,0.27831853377191645,486.0,residual_pinn,46.80055081216913,46.80055081216913
0.0,0.41051477507541057,412.6659642269737,0.07748894981647793,0.27833585990102666,487.0,residual_pinn,41.38040853801527,41.38040853801527
0.0,0.4520071627278077,441.72588870399875,0.0774827623053601,0.27831008716633443,488.0,residual_pinn,44.29469620554071,44.29469620554071
0.0,0.43361266192636994,462.7655968917044,0.07748514492260783,0.27821059603440135,489.0,residual_pinn,46.39498007924933,46.39498007924933
0.0,0.4107028300824918,464.56179408023235,0.07748249643727352,0.278267093394932,490.0,residual_pinn,46.570021428559954,46.570021428559954
0.0,0.4019380047133094,420.0311841462788,0.07748511472814962,0.27880717892395823,491.0,residual_pinn,42.115262633875794,42.115262633875794
0.0,0.4722477715266378,446.02509588944287,0.07748465161574514,0.2785940264400683,492.0,residual_pinn,44.72869371113024,44.72869371113024
0.0,0.5189229963641417,464.77020665218953,0.07748552960784812,0.27829321277768987,493.0,residual_pinn,46.61251002863834,46.61251002863834
0.0,0.4567523473187497,430.3517094662315,0.07748430653622276,0.27822870486661005,494.0,residual_pinn,43.15821988959061,43.15821988959061
0.0,0.6299762223896227,408.937086406507,0.07748378225063023,0.2782014969148134,495.0,residual_pinn,41.0513993313438,41.0513993313438
0.0,0.6229678219870517,399.7882818924753,0.07748600370005558,0.27820713269083125,496.0,residual_pinn,40.13511727985583,40.13511727985583
0.0,0.42648700663917943,405.81459045410156,0.07748422732478694,0.2781962360206403,497.0,residual_pinn,40.69845149391576,40.69845149391576
0.0,0.49303036065478073,438.1678980777138,0.07748406105919887,0.27827805594394084,498.0,residual_pinn,43.94709938450863,43.94709938450863
0.0,0.5685287102272636,457.38901439465974,0.0774842924193332,0.279263879123487,499.0,residual_pinn,45.88440965351305,45.88440965351305
0.0,0.5530392166815306,446.2370468942743,0.0775390804598206,0.281928151845932,500.0,residual_pinn,44.76638261895431,44.76638261895431
0.0,0.4270698922245126,394.8104352449116,0.07753106990927144,0.2828711679107265,501.0,residual_pinn,39.59862282401637,39.59862282401637
0.0,0.48810428773102005,418.4738809685958,0.07749313978772414,0.27946208182134125,502.0,residual_pinn,41.97683023151598,41.97683023151598
0.0,0.4554444692636791,425.2356928775185,0.07750850053210008,0.27863987966587667,503.0,residual_pinn,42.646397841604134,42.646397841604134
0.0,0.3987493969892201,387.89049329255755,0.0775776038828649,0.2788504597387816,504.0,residual_pinn,38.9005634910182,38.9005634910182
0.0,0.42405328625126887,393.36699395430713,0.0775781367954455,0.2786298205977992,505.0,residual_pinn,39.45325269197163,39.45325269197163
0.0,0.41563806486757177,455.83586200914885,0.07755591288993233,0.27859219908714294,506.0,residual_pinn,45.69845224681654,45.69845224681654
0.0,0.5362117714003513,499.78024613229854,0.0775302205430834,0.2786259588442351,507.0,residual_pinn,50.1170062516865,50.1170062516865
0.0,0.4714161467395331,455.3091029116982,0.07753022485657741,0.27936272087850067,508.0,residual_pinn,45.65700686605353,45.65700686605353
0.0,0.4742484806399596,409.5302959241365,0.07753217494801472,0.2786579461474168,509.0,residual_pinn,41.079622620030456,41.079622620030456
0.0,0.47867815118086965,470.1615905761719,0.07752844769703715,0.27846049948742513,510.0,residual_pinn,47.1436182323255,47.1436182323255
0.0,0.5116179381546221,475.8848764519942,0.07754148778162505,0.27841221188244064,511.0,residual_pinn,47.722530364990234,47.722530364990234
0.0,0.4865603399904151,439.45601051732115,0.07753413915634155,0.2784025324018378,512.0,residual_pinn,44.074630887884844,44.074630887884844
0.0,0.41560478194763784,428.7454777767784,0.0775432269039907,0.2783505916595459,513.0,residual_pinn,42.98938194074129,42.98938194074129
0.0,0.5257093412311453,396.4027099609375,0.07752325581876855,0.27837080861392777,514.0,residual_pinn,39.77712736631695,39.77712736631695
0.0,0.6582578585336083,587.1154905620374,0.07753019936774906,0.2783112055376956,515.0,residual_pinn,58.87490884881271,58.87490884881271
0.0,0.8773409049761923,474.84855973093136,0.07752063321439844,0.2790836927137877,516.0,residual_pinn,47.69211016203228,47.69211016203228
0.0,1.115611688086861,452.10417496530636,0.07752908491774609,0.2789903800738485,517.0,residual_pinn,45.46531581878662,45.46531581878662
0.0,0.6508578595362211,406.5809326171875,0.07751255011872242,0.2784919017239621,518.0,residual_pinn,40.81998985692074,40.81998985692074
0.0,0.5355043387726733,379.3354909796464,0.0775263164388506,0.2784218945001301,519.0,residual_pinn,38.072369023373255,38.072369023373255
0.0,0.4502890345297362,377.42891090794615,0.07751693027584176,0.278424648862136,520.0,residual_pinn,37.864668595163444,37.864668595163444
0.0,0.4092243172620472,435.0386448910362,0.07748181412094518,0.2782237341529445,521.0,residual_pinn,43.6174074223167,43.6174074223167
0.0,0.6478509150053325,415.8457882529811,0.07751797531780444,0.2785450627929286,522.0,residual_pinn,41.745880026566354,41.745880026566354
0.0,0.6174071713497764,397.0729892128392,0.07749118185357044,0.27901051232689306,523.0,residual_pinn,39.86255678377653,39.86255678377653
0.0,0.5028081410809567,396.22112635562297,0.07751362966863733,0.2786868857709985,524.0,residual_pinn,39.754419577749154,39.754419577749154
0.0,0.4677310138940811,376.08220552143297,0.07753331057335201,0.2783829710985485,525.0,residual_pinn,37.73348205967953,37.73348205967953
0.0,0.4411302553979974,404.68399529708057,0.0775410983907549,0.27833756961320577,526.0,residual_pinn,40.58833704496685,40.58833704496685
0.0,0.4029524475336075,420.0251938669305,0.07754372766143397,0.27843876104605825,527.0,residual_pinn,42.114832175405404,42.114832175405404
0.0,0.43469298827020747,370.83652857730266,0.07751735495893579,0.2783205791523582,528.0,residual_pinn,37.20230097519724,37.20230097519724
0.0,0.4808582255714818,383.7247796309622,0.07753414895973708,0.2783118800113076,529.0,residual_pinn,38.500357828642194,38.500357828642194
0.0,0.45059410286577123,412.4108942935341,0.0775370119433654,0.2783518104176772,530.0,residual_pinn,41.36292086149517,41.36292086149517
0.0,0.4529818649354734,398.2759347212942,0.07751844666506115,0.27836403407548604,531.0,residual_pinn,39.94990323719225,39.94990323719225
0.0,0.47556516841838237,422.9639017205489,0.07752429497869391,0.27870887831637736,532.0,residual_pinn,42.4232510516518,42.4232510516518
0.0,0.4901023209095001,396.64516770212276,0.07763717245114476,0.29095426986092016,533.0,residual_pinn,39.79551546197189,39.79551546197189
0.0,0.48995073061240346,372.7468342028166,0.07752410400854914,0.2947304468405874,534.0,residual_pinn,37.40602352744654,37.40602352744654
0.0,0.5154686789763602,397.5754731830798,0.07752488239815361,0.29355914498630326,535.0,residual_pinn,39.89387421858938,39.89387421858938
0.0,0.5866294016963557,389.47346416272615,0.07753020877900876,0.2933315744525508,536.0,residual_pinn,39.097882321006374,39.097882321006374
0.0,0.6118333088724237,381.3501458418997,0.0775449181857862,0.293660011730696,537.0,residual_pinn,38.29062456833689,38.29062456833689
0.0,0.49000759422779083,410.2325816907381,0.07748733578543913,0.29345311302887767,538.0,residual_pinn,41.15447977969521,41.15447977969521
0.0,0.5391936741377178,379.9009415475946,0.07748592292007647,0.2931079472366132,539.0,residual_pinn,38.13111877441406,38.13111877441406
0.0,0.5601140143055665,474.4618008262233,0.07748801614108838,0.29312384128570557,540.0,residual_pinn,47.59139111167506,47.59139111167506
0.0,0.49766191840171814,379.4683548776727,0.07749716584619723,0.29341178661898565,541.0,residual_pinn,38.07958517576519,38.07958517576519
0.0,0.5117161132787403,388.3096184981497,0.07753006643370579,0.2938408506544013,542.0,residual_pinn,38.96656678852282,38.96656678852282
0.0,0.48579282823361847,375.37241002133015,0.07754388843712054,0.29473903147797836,543.0,residual_pinn,37.66775076012863,37.66775076012863
0.0,0.40648973772400304,357.34176475123354,0.07751275912711494,0.2937113360354775,544.0,residual_pinn,35.84872039995695,35.84872039995695
0.0,0.4983679573786886,351.18157677901416,0.07751597777793282,0.29204288125038147,545.0,residual_pinn,35.250911260906015,35.250911260906015
0.0,0.50788934685682,364.8577961168791,0.07752067242798052,0.2911562527480878,546.0,residual_pinn,36.62034978364643,36.62034978364643
0.0,0.44406712133633464,412.99093065763776,0.07751649657362386,0.2911173136610734,547.0,residual_pinn,41.42089467299612,41.42089467299612
0.0,0.5153111705654546,474.9110701711554,0.0775341215102296,0.291184990029586,548.0,residual_pinn,47.62716574417917,47.62716574417917
0.0,0.4279713128742419,350.47211817691203,0.07753622375036541,0.29130422912145915,549.0,residual_pinn,35.16581379739862,35.16581379739862
0.0,0.4501517720912632,438.11560540450245,0.07751252815911644,0.2912035286426544,550.0,residual_pinn,43.9345881311517,43.9345881311517
0.0,0.45649959774393783,364.75994069952714,0.07752582156344463,0.2914184802456906,551.0,residual_pinn,36.600312534131504,36.600312534131504
0.0,0.6309175067826321,473.1568972938939,0.07752100339061335,0.2913477154154527,552.0,residual_pinn,47.47488584016499,47.47488584016499
0.0,0.6586190791506517,390.59033684981495,0.07750202793824046,0.2913513277706347,553.0,residual_pinn,39.2237676821257,39.2237676821257
0.0,0.4232471271565086,366.62845009251646,0.07748274387497651,0.2916350050976402,554.0,residual_pinn,36.78053293730083,36.78053293730083
0.0,0.6638405981816744,408.41877345034953,0.07750415841215536,0.29242482938264547,555.0,residual_pinn,41.00776461551064,41.00776461551064
0.0,0.7842720307801899,430.93536136024875,0.07748557744841826,0.2914868091282092,556.0,residual_pinn,43.28341373644377,43.28341373644377
0.0,0.6303587030423315,375.2994007311369,0.07751761259217012,0.29154368607621445,557.0,residual_pinn,37.68904244272333,37.68904244272333
0.0,0.4605731791571567,354.23518291272615,0.07755422788230996,0.29156337129442317,558.0,residual_pinn,35.548668058295,35.548668058295
0.0,0.44051769218946757,371.2802694220292,0.0775394765169997,0.29130495535699946,559.0,residual_pinn,37.24913858112536,37.24913858112536
0.0,0.5829292676950756,360.3518692819696,0.0775575190782547,0.2915794472945364,560.0,residual_pinn,36.18480883146587,36.18480883146587
0.0,0.4714449777414924,380.64133975380344,0.07761164950697046,0.29132069568885,561.0,residual_pinn,38.19143661699797,38.19143661699797
0.0,0.596025066940408,390.3148594906456,0.07751813060358952,0.2920188621470803,562.0,residual_pinn,39.18377012955515,39.18377012955515
0.0,0.5733982371656519,344.86450034693667,0.07752235939628199,0.29156590135473953,563.0,residual_pinn,34.634163203992344,34.634163203992344
0.0,0.6544977010864961,373.2510504471628,0.0775099577088105,0.2912223401822542,564.0,residual_pinn,37.48900343242445,37.48900343242445
0.0,0.6410263494441384,403.54432116056745,0.07752267545775364,0.2912001515689649,565.0,residual_pinn,40.515634085002695,40.515634085002695
0.0,0.4901701415839948,355.6360296952097,0.0774867232692869,0.2911001475233781,566.0,residual_pinn,35.69462203979492,35.69462203979492
0.0,0.5079325249320582,320.4970530459755,0.0774828975922183,0.29105588323191595,567.0,residual_pinn,32.18427291669344,32.18427291669344
0.0,0.788977994730598,364.3221684506065,0.07748467632030186,0.29106250091602925,568.0,residual_pinn,36.62299361981844,36.62299361981844
0.0,0.6700426967520463,339.05050097013776,0.07753629237413406,0.29117726338537114,569.0,residual_pinn,34.07205400968853,34.07205400968853
0.0,0.6136511885806134,343.51196128443667,0.07753594180471018,0.2914631915719886,570.0,residual_pinn,34.50695002706427,34.50695002706427
0.0,0.5400412819887462,348.881960417095,0.07753221180878188,0.2913742849701329,571.0,residual_pinn,35.029218573319284,35.029218573319284
0.0,0.7051688024872228,323.1557986610814,0.07753515478811766,0.29124068272741216,572.0,residual_pinn,32.489614486694336,32.489614486694336
0.0,0.4659622248850371,346.98722076416016,0.07752212411478947,0.2911745105919085,573.0,residual_pinn,34.824908909044765,34.824908909044765
0.0,0.49680478008169876,373.28698891087583,0.07754039529122804,0.2912465302567733,574.0,residual_pinn,37.46106288307592,37.46106288307592
0.0,0.4563112070685939,419.3526474802118,0.07752117396969545,0.29117176093553243,575.0,residual_pinn,42.05952112298263,42.05952112298263
0.0,0.43604871395387146,373.4825005782278,0.07762386218497627,0.29132695888218124,576.0,residual_pinn,37.46847428773579,37.46847428773579
0.0,0.4259539693593979,326.3280370611894,0.07751997089699696,0.29138939161049693,577.0,residual_pinn,32.75100963994076,32.75100963994076
0.0,0.4074527244818838,338.6770437140214,0.07751956699710143,0.29138837990007904,578.0,residual_pinn,33.982210309881914,33.982210309881914
0.0,0.4102709630602284,341.87774096037214,0.07750756097467322,0.2912051881614484,579.0,residual_pinn,34.30282452231959,34.30282452231959
0.0,0.42333871988873734,344.9534992418791,0.077518871740291,0.2911832599263442,580.0,residual_pinn,34.61301246442293,34.61301246442293
0.0,0.41657412836426183,353.25264458907276,0.07748747734647048,0.29136892996336283,581.0,residual_pinn,35.44159126281738,35.44159126281738
0.0,0.4108074903488159,314.6443810713919,0.07748599193598095,0.2913533998163123,582.0,residual_pinn,31.579610071684186,31.579610071684186
0.0,0.5921568980342463,348.1214744166324,0.07748476611940484,0.29115194552823115,583.0,residual_pinn,34.96356918937281,34.96356918937281
0.0,0.4512600302696228,384.3029014185855,0.07748555901803468,0.29106899625376653,584.0,residual_pinn,38.55352351540014,38.55352351540014
0.0,0.5516542572724191,442.70943209999484,0.07648649145113795,0.2899030321522763,585.0,residual_pinn,44.41408910249409,44.41408910249409
0.0,0.9941975129278082,395.0410051847759,0.07569708361437447,0.28945187204762507,586.0,residual_pinn,39.73567089281584,39.73567089281584
0.0,0.7494621723890305,314.0013909590872,0.07572111369747865,0.29216596484184265,587.0,residual_pinn,31.58303461576763,31.58303461576763
0.0,0.47435700971829264,324.1358791150545,0.07578636588234651,0.2942779221032795,588.0,residual_pinn,32.541677474975586,32.541677474975586
0.0,0.5790054837339803,338.191062525699,0.07577989838625256,0.29129753928435476,589.0,residual_pinn,33.96782679306833,33.96782679306833
0.0,0.43618279695510864,387.4080706144634,0.07573398712434266,0.29020537043872635,590.0,residual_pinn,38.86085133803518,38.86085133803518
0.0,0.562079549620026,374.608054713199,0.07571900361462643,0.28935565917115463,591.0,residual_pinn,37.60594388058311,37.60594388058311
0.0,0.45265933714414897,334.2901844225432,0.07569354890208495,0.2892539171796096,592.0,residual_pinn,33.55226064983167,33.55226064983167
0.0,0.44008848227952657,430.4194191380551,0.0756910608003014,0.29029295162150737,593.0,residual_pinn,43.16277448754562,43.16277448754562
0.0,0.5000096128175133,437.8553916529605,0.0756801080546881,0.2893784406938051,594.0,residual_pinn,43.91826308401007,43.91826308401007
0.0,0.5160070877326163,371.33711965460526,0.07567878890978663,0.28978514514471354,595.0,residual_pinn,37.269675405401934,37.269675405401934
0.0,0.520993068030006,369.17774200439453,0.07567627414276726,0.28972064507635015,596.0,residual_pinn,37.05472938637985,37.05472938637985
0.0,0.4804557922639345,389.11638520893297,0.07570576354076988,0.2892596454996812,597.0,residual_pinn,39.04044096093429,39.04044096093429
0.0,0.4374595402102721,323.85328112150495,0.0756977996543834,0.28902465575619746,598.0,residual_pinn,32.50550832246479,32.50550832246479
0.0,0.4224174854002501,404.29409147563734,0.07571134167282205,0.2890569677478389,599.0,residual_pinn,40.54658523358797,40.54658523358797
0.0,0.6406610059110742,368.68125594289677,0.07571432465001156,0.2891225720706739,600.0,residual_pinn,37.028956614042585,37.028956614042585
0.0,0.4042198673674935,308.60438778525906,0.07570687289300718,0.2890387099040182,601.0,residual_pinn,30.97397272210372,30.97397272210372
0.0,0.41019423384415477,335.8810376619038,0.07567589377102099,0.28900718845819173,602.0,residual_pinn,33.70282770458021,33.70282770458021
0.0,0.43664326008997467,341.72758363422594,0.07567432954123146,0.28898206980604874,603.0,residual_pinn,34.29276993400172,34.29276993400172
0.0,0.440186597799,340.2941525107936,0.0756701611374554,0.28902716856253774,604.0,residual_pinn,34.15013945730109,34.15013945730109
0.0,0.5450215488672256,346.1302201120477,0.07567653059959412,0.28896208656461614,605.0,residual_pinn,34.75470688468531,34.75470688468531
0.0,0.5980869759070245,440.9392258493524,0.07566982860627927,0.28897751946198313,606.0,residual_pinn,44.246222044292246,44.246222044292246
0.0,0.49997387748015554,407.793412057977,0.07567595376780159,0.28903740017037644,607.0,residual_pinn,40.91202479914615,40.91202479914615
0.0,0.4747584485693982,337.96705627441406,0.0756712912728912,0.2891178915375157,608.0,residual_pinn,33.9243533987748,33.9243533987748
0.0,0.6573376702634912,352.42538853695515,0.07567261865264491,0.28911315453679937,609.0,residual_pinn,35.40670108795166,35.40670108795166
0.0,0.42275879414458023,377.99929126940276,0.07567431228725534,0.2891372097165961,610.0,residual_pinn,37.91717845515201,37.91717845515201
0.0,0.4551657673559691,459.1143598054585,0.07567588161481054,0.289101674368507,611.0,residual_pinn,46.03516448171515,46.03516448171515
0.0,0.5277491972634667,407.4407838520251,0.07566979605900614,0.28923236382635015,612.0,residual_pinn,40.88233586361534,40.88233586361534
0.0,0.4446562865847035,415.5101278204667,0.07566969998573002,0.28921955039626673,613.0,residual_pinn,41.672650588186166,41.672650588186166
0.0,0.5118117708908884,336.0598080283717,0.07567246179831655,0.2892370004402964,614.0,residual_pinn,33.74105137272885,33.74105137272885
0.0,0.4315688774773949,303.9988535830849,0.07567302529749118,0.28919396745531184,615.0,residual_pinn,30.51890297939903,30.51890297939903
0.0,0.4071366606574309,318.7434965434827,0.07567164929289567,0.2891500388321124,616.0,residual_pinn,31.988476301494398,31.988476301494398
0.0,0.4595613424715243,327.6929289165296,0.07567194496330462,0.2892133326906907,617.0,residual_pinn,32.89391101034064,32.89391101034064
0.0,0.48370012954661723,317.3347473144531,0.07567398054035086,0.2896002687905964,618.0,residual_pinn,31.86295946020829,31.86295946020829
0.0,0.4324987185628791,312.25697928980776,0.07567567574350458,0.29056857918438156,619.0,residual_pinn,31.345038815548545,31.345038815548545
0.0,0.3899203178129698,334.66708474410206,0.07475983273041875,0.2896206457363932,620.0,residual_pinn,33.577392854188616,33.577392854188616
0.0,0.5971555913749494,338.93984061793276,0.07398044827737306,0.2900444253494865,621.0,residual_pinn,34.04611873626709,34.04611873626709
0.0,0.8887399309559872,320.35441950747844,0.07395913216628526,0.28953717099992854,622.0,residual_pinn,32.24584243172094,32.24584243172094
0.0,0.504105795370905,330.2585553620991,0.0739397351679049,0.2893415360074294,623.0,residual_pinn,33.15930838333933,33.15930838333933
0.0,0.39978480182195963,315.3365643149928,0.07394552270048543,0.2893787638137215,624.0,residual_pinn,31.646250247955322,31.646250247955322
0.0,0.5254735350608826,337.6458410965769,0.07389271455375772,0.28908667438908625,625.0,residual_pinn,33.90228301600406,33.90228301600406
0.0,0.6180403279630762,391.7473738820929,0.07390503781406503,0.28919471565045807,626.0,residual_pinn,39.33096112703022,39.33096112703022
0.0,0.6196948932973962,386.1157266717208,0.07390430020658594,0.2895072792705737,627.0,residual_pinn,38.76815790879099,38.76815790879099
0.0,0.558402313997871,329.0137200606497,0.07389715313911438,0.2894765656245382,628.0,residual_pinn,33.04569560603092,33.04569560603092
0.0,0.4089523781287043,287.5002332988538,0.07390582679133666,0.28942271596507024,629.0,residual_pinn,28.86445130799946,28.86445130799946
0.0,0.3877437546064979,330.0375438489412,0.07386783941795952,0.2891244998103694,630.0,residual_pinn,33.113909219440664,33.113909219440664
0.0,0.5132353494041845,393.5894237317537,0.07386099664788497,0.2891754570760225,631.0,residual_pinn,39.494200907255475,39.494200907255475
0.0,0.4277830868959427,307.0450720536081,0.07386258401368793,0.2891365117148349,632.0,residual_pinn,30.822671137358014,30.822671137358014
0.0,0.47633184335733714,310.559839349044,0.07386098841303274,0.28908155309526545,633.0,residual_pinn,31.183852346319902,31.183852346319902
0.0,0.6895764995562402,300.62073075143917,0.07386096057138945,0.2890509147393076,634.0,residual_pinn,30.232587011236895,30.232587011236895
0.0,0.609783588271392,302.6192831742136,0.073861673082176,0.2890025832151112,635.0,residual_pinn,30.41647885975085,30.41647885975085
0.0,0.4479953630974418,287.80187506424755,0.07387927213781759,0.28907627808420283,636.0,residual_pinn,28.902388723273027,28.902388723273027
0.0,0.5896455888685427,298.4059765464381,0.07399975822160118,0.2903274532995726,637.0,residual_pinn,29.99125977566368,29.99125977566368
0.0,0.43687090591380473,348.89255162289265,0.07402037986015018,0.29177410351602656,638.0,residual_pinn,35.0095086850618,35.0095086850618
0.0,0.41140225372816386,354.953025416324,0.07391396439389179,0.29006956282414886,639.0,residual_pinn,35.6102870138068,35.6102870138068
0.0,0.5170958081358358,350.9802639609889,0.0739139083184694,0.28965462038391515,640.0,residual_pinn,35.23410641519647,35.23410641519647
0.0,0.5450315977397718,324.8233755011308,0.07386944246919531,0.2892372467015919,641.0,residual_pinn,32.623962000796666,32.623962000796666
0.0,0.667228223069718,334.40545895225125,0.07389671159418006,0.2891209235316829,642.0,residual_pinn,33.6065986532914,33.6065986532914
0.0,0.47480723340260356,324.0291499087685,0.07388694858864735,0.28910676586000544,643.0,residual_pinn,32.5304829446893,32.5304829446893
0.0,0.5380851618553463,332.88778204666943,0.07389552185409948,0.2891775385329598,644.0,residual_pinn,33.42900828311318,33.42900828311318
0.0,0.6053614475225148,265.0037508512798,0.07386826449318935,0.28926179597252294,645.0,residual_pinn,26.65406716497321,26.65406716497321
0.0,0.4509712073363756,284.19001729864823,0.07390747258537694,0.2893564889305516,646.0,residual_pinn,28.54182720184326,28.54182720184326
0.0,0.41676533222198486,300.2783676950555,0.07387452925506391,0.28901195839831706,647.0,residual_pinn,30.143785024944105,30.143785024944105
0.0,0.4069564397397794,327.68596368086963,0.07385966573890887,0.289126488723253,648.0,residual_pinn,32.88259410858154,32.88259410858154
0.0,0.4153183188877608,370.8667160837274,0.07386544738945208,0.2892890321580987,649.0,residual_pinn,37.20235844662315,37.20235844662315
0.0,0.48776969941038834,343.01968343634354,0.07386292360330883,0.28964177244587946,650.0,residual_pinn,34.4321803544697,34.4321803544697
0.0,0.7653246020015917,363.39704252544203,0.07385996964417006,0.2900418482328716,651.0,residual_pinn,36.525466316624694,36.525466316624694
0.0,0.6508843036074388,366.96960690147,0.0738596661310447,0.28946304164434733,652.0,residual_pinn,36.859777099207825,36.859777099207825
0.0,0.4723908603191376,289.2360703317743,0.07386918718877591,0.2893469176794353,653.0,residual_pinn,29.050713739897077,29.050713739897077
0.0,0.5694692997555983,307.7767125179893,0.07386223579707898,0.2891404816978856,654.0,residual_pinn,30.924173505682695,30.924173505682695
0.0,0.8254397778134597,289.20445452238386,0.0738609558657596,0.28906214080358805,655.0,residual_pinn,29.11813299279464,29.11813299279464
0.0,0.47226445925863164,296.6655494288394,0.07386085940034766,0.2893606361589934,656.0,residual_pinn,29.793637024728877,29.793637024728877
0.0,0.4769525069155191,280.092938071803,0.07386198483015362,0.2893404866519727,657.0,residual_pinn,28.137311935424805,28.137311935424805
0.0,0.40603758629999664,277.99227343107526,0.07386025747186259,0.2890557395784478,658.0,residual_pinn,27.91303408773322,27.91303408773322
0.0,0.4333363293032897,259.4900926288806,0.07386109742679094,0.28899238454668147,659.0,residual_pinn,26.068269478647334,26.068269478647334
0.0,0.5325215505926233,285.3120799817537,0.0738625871507745,0.2890336042956302,660.0,residual_pinn,28.670309016579075,28.670309016579075
0.0,0.5950352973059604,309.0600280761719,0.07386389806082375,0.28908609559661463,661.0,residual_pinn,31.057612067774723,31.057612067774723
0.0,0.45244388909716354,318.93308619449016,0.07385461973516565,0.2892680779883736,662.0,residual_pinn,32.016417704130475,32.016417704130475
0.0,0.5597046049017655,302.9191087421618,0.07386490271279686,0.294786788915333,663.0,residual_pinn,30.437023564388877,30.437023564388877
0.0,0.4494967813554563,270.9971582513106,0.07386092920052378,0.297412036280883,664.0,residual_pinn,27.22304966575221,27.22304966575221
0.0,0.5466601542736355,284.4030617161801,0.0738609597871178,0.2973017410228127,665.0,residual_pinn,28.583061870775726,28.583061870775726
0.0,0.5144884186355692,297.78369140625,0.07385948496429544,0.2973286885964243,666.0,residual_pinn,29.914692778336374,29.914692778336374
0.0,0.4678345369665246,355.8309438605058,0.07386036217212677,0.297504628959455,667.0,residual_pinn,35.71010604657625,35.71010604657625
0.0,0.5942885499251517,349.3444944682874,0.07386288870322077,0.29741956842573064,668.0,residual_pinn,35.08674280267013,35.08674280267013
0.0,0.6534619033336639,287.1333919324373,0.07386450587134612,0.2975211378775145,669.0,residual_pinn,28.877477595680638,28.877477595680638
0.0,0.783776080137805,307.93574102301346,0.07386456822094165,0.29799223730438634,670.0,residual_pinn,30.983822772377415,30.983822772377415
0.0,0.5388027311939942,289.0908620733964,0.07386910954588338,0.2990674298060568,671.0,residual_pinn,29.050447463989258,29.050447463989258
0.0,0.4762483270544755,286.1347567909642,0.07389499364714873,0.2989626307236521,672.0,residual_pinn,28.742316948740108,28.742316948740108
0.0,0.7284287676999444,397.891192787572,0.0739651040027016,0.2980406425501171,673.0,residual_pinn,39.968307846470886,39.968307846470886
0.0,0.5448891481286601,264.65509314286084,0.07395328463692415,0.2979406667383094,674.0,residual_pinn,26.607980075635407,26.607980075635407
0.0,0.44152634943786423,281.8079295911287,0.07404771525608866,0.29916189846239594,675.0,residual_pinn,28.30271725905569,28.30271725905569
0.0,0.3931203366894471,289.7822498522307,0.07396358212358073,0.2988158182093972,676.0,residual_pinn,29.090429004869964,29.090429004869964
0.0,0.4520232489234523,278.9889265361585,0.0739782134953298,0.29870438105181646,677.0,residual_pinn,28.02286680121171,28.02286680121171
0.0,0.4492975991023214,289.66422271728516,0.07389010528200551,0.297588155457848,678.0,residual_pinn,29.089735081321315,29.089735081321315
0.0,0.44867630616614695,324.71644913522823,0.073859104984685,0.29756373637600947,679.0,residual_pinn,32.59483001106664,32.59483001106664
0.0,0.7588088637904117,259.0770580894069,0.07386229344104465,0.29757515693965714,680.0,residual_pinn,26.092918797543174,26.092918797543174
0.0,0.6222582271224574,388.7606715152138,0.073859803378582,0.2973753057028118,681.0,residual_pinn,39.03394940024928,39.03394940024928
0.0,0.5416914616760454,339.2998103091591,0.0738652619092088,0.2975814232700749,682.0,residual_pinn,34.07177101938348,34.07177101938348
0.0,0.5194718884794336,284.65576252184417,0.07389546342586216,0.2975398631472337,683.0,residual_pinn,28.602920130679482,28.602920130679482
0.0,0.4823926138250451,271.12971135189656,0.07389639121921439,0.2974807290654433,684.0,residual_pinn,27.242893193897448,27.242893193897448
0.0,0.4591020659396523,301.3913204795436,0.07387122943213112,0.29734399130469874,685.0,residual_pinn,30.26438095695094,30.26438095695094
0.0,0.4227981081134395,274.71958321019224,0.07386019629867453,0.29728891190729645,686.0,residual_pinn,27.589940071105957,27.589940071105957
0.0,0.39883398539141607,280.00797673275594,0.07386319456916106,0.2972868633897681,687.0,residual_pinn,28.11398629138344,28.11398629138344
0.0,0.4631239646359494,278.90818786621094,0.07385791602887605,0.29727829757489654,688.0,residual_pinn,28.016864676224557,28.016864676224557
0.0,0.415034186683203,265.01745444849917,0.07385996376213275,0.2972484858412492,689.0,residual_pinn,26.618170135899593,26.618170135899593
0.0,0.3904344439506531,292.4858061137952,0.07386520465737895,0.2973087022179051,690.0,residual_pinn,29.360092639923096,29.360092639923096
0.0,0.44611424599823196,288.5337721172132,0.07385749173791785,0.297477093182112,691.0,residual_pinn,28.976041342082777,28.976041342082777
0.0,0.41900156830486496,264.14724410207646,0.07386120526414168,0.2977183006311718,692.0,residual_pinn,26.53198995088276,26.53198995088276
0.0,0.6045569604948947,239.62913673802427,0.07386256754398346,0.29777086251660395,693.0,residual_pinn,24.11729541577791,24.11729541577791
0.0,0.456575209372922,293.57689465974505,0.07390473783016205,0.2991743479904376,694.0,residual_pinn,29.48261782997533,29.48261782997533
0.0,0.4867832425393556,265.06837864925984,0.07392153026242006,0.299356714675301,695.0,residual_pinn,26.637827170522588,26.637827170522588
0.0,0.44793053520353215,258.8998360884817,0.07402667285580385,0.30409076182465805,696.0,residual_pinn,26.013680006328382,26.013680006328382
0.0,0.522687869636636,268.9498596191406,0.07396878811873887,0.3048298939278251,697.0,residual_pinn,27.03370525962428,27.03370525962428
0.0,0.47450544724338933,257.8089290418123,0.07390214189102776,0.30002780650791366,698.0,residual_pinn,25.909492593062552,25.909492593062552
0.0,0.3924317281497152,253.77058250025698,0.07388753483169958,0.29946142905636836,699.0,residual_pinn,25.489185584218877,25.489185584218877
0.0,0.44612682728390946,319.711047122353,0.07391425026090521,0.29938625975659017,700.0,residual_pinn,32.09396505355835,32.09396505355835
0.0,0.5132028397760893,356.6487868459601,0.07390771296463515,0.2994582009942908,701.0,residual_pinn,35.80116051121762,35.80116051121762
0.0,0.8927469975069949,318.7904157136616,0.0739386465988661,0.2992128290628132,702.0,residual_pinn,32.091209712781406,32.091209712781406
0.0,0.6707555855575361,294.19778603001646,0.07404274336601559,0.299636025177805,703.0,residual_pinn,29.587595487895765,29.587595487895765
0.0,0.8284365652423156,287.57434001721833,0.07390455156564713,0.2994427163349955,704.0,residual_pinn,28.956760958621377,28.956760958621377
0.0,0.4150147312565854,252.1257906462017,0.07389874521054719,0.29933912189383255,705.0,residual_pinn,25.329211335433158,25.329211335433158
0.0,0.41466151256310313,260.0741211740594,0.07386349494519986,0.2992295967905145,706.0,residual_pinn,26.123960896542197,26.123960896542197
0.0,0.4078980707808545,298.8012988441869,0.0738686801571595,0.2992190216716967,707.0,residual_pinn,29.995325389661286,29.995325389661286
0.0,0.42994140951257004,257.0594345895868,0.07389206556897414,0.29934571761833995,708.0,residual_pinn,25.82556112189042,25.82556112189042
0.0,0.4378087010822798,322.28868103027344,0.07387274895843707,0.2994208775068584,709.0,residual_pinn,32.350066435964486,32.350066435964486
0.0,0.4904953845237431,304.59833165218953,0.07390862507255454,0.2994491269713954,710.0,residual_pinn,30.591573464243037,30.591573464243037
0.0,0.45740680239702525,290.2220852500514,0.07391157981596495,0.2994372280020463,711.0,residual_pinn,29.147329430831107,29.147329430831107
0.0,0.4008811363264134,240.66057867752878,0.07386578423412223,0.29921852130638926,712.0,residual_pinn,24.179849197990016,24.179849197990016
0.0,0.5666475162694329,275.09042679636104,0.07389604653182782,0.29935743620521144,713.0,residual_pinn,27.65600289796528,27.65600289796528
0.0,0.6862670324350658,269.2740398206209,0.07387318932696392,0.29928040661309896,714.0,residual_pinn,27.098279350682308,27.098279350682308
0.0,0.5101031088515332,254.25746957879318,0.073866159115967,0.2993241266200417,715.0,residual_pinn,25.56139343663266,25.56139343663266
0.0,0.5824079631190551,248.4032536556846,0.07388091753972204,0.29927384853363037,716.0,residual_pinn,24.990428673593623,24.990428673593623
0.0,0.47073998263007716,276.13366940147,0.0739081101982217,0.299374858015462,717.0,residual_pinn,27.741148045188503,27.741148045188503
0.0,0.41018985682412196,237.45957424766138,0.07388793481023688,0.29939437539953934,718.0,residual_pinn,23.86162963666414,23.86162963666414
0.0,0.4223091398414813,274.96508307206005,0.07387182743925798,0.29972593564736216,719.0,residual_pinn,27.614636772557308,27.614636772557308
0.0,0.5834552394716364,269.5584917570415,0.07387325010801617,0.2998643031245784,720.0,residual_pinn,27.10622044613487,27.10622044613487
0.0,0.4424284853433308,285.2300463224712,0.07403026403565156,0.29970534067404897,721.0,residual_pinn,28.64516295884785,28.64516295884785
0.0,0.514164454058597,309.0004288522821,0.07385877402205217,0.299314105197003,722.0,residual_pinn,31.036501181753056,31.036501181753056
0.0,0.5932248971964184,234.06745268169203,0.07389742724205318,0.29946723423506083,723.0,residual_pinn,23.559031913155003,23.559031913155003
0.0,0.5390697043193015,239.28931226228414,0.07391325305951268,0.2994652578705235,724.0,residual_pinn,24.070387764980918,24.070387764980918
0.0,0.4632155503097333,291.26252626117906,0.07388835478770106,0.29944810898680435,725.0,residual_pinn,29.25253536826686,29.25253536826686
0.0,0.44077005041273015,266.8751477693257,0.07393076231605128,0.29976623622994675,726.0,residual_pinn,26.809342283951608,26.809342283951608
0.0,0.47882492918717234,286.4286820261102,0.07389238163044579,0.29958119517878484,727.0,residual_pinn,28.772286866840563,28.772286866840563
0.0,0.627757750059429,394.3761733205695,0.07391045281761571,0.2994327702020344,728.0,residual_pinn,39.59680823275917,39.59680823275917
0.0,0.5017433942932832,275.33852707712276,0.07388323623883097,0.29938245917621414,729.0,residual_pinn,27.667834382308158,27.667834382308158
0.0,0.4421276654067792,272.6633469431024,0.07391224605472464,0.29935047501011897,730.0,residual_pinn,27.38839192139475,27.38839192139475
0.0,0.42586766810793625,231.73164287366365,0.07389964202516958,0.29941191328199285,731.0,residual_pinn,23.29197426846153,23.29197426846153
0.0,0.5586488999818501,243.91958537854646,0.07393817407520194,0.29959370274292796,732.0,residual_pinn,24.537344631395843,24.537344631395843
0.0,0.405814213188071,231.95899200439453,0.07390375043216504,0.2992952497381913,733.0,residual_pinn,23.31068774273521,23.31068774273521
0.0,0.41272212015955073,234.54608636153372,0.0739265880302379,0.29937188405739634,734.0,residual_pinn,23.570786727102178,23.570786727102178
0.0,0.5119820692037281,253.11902578253495,0.07389431564431441,0.2993585357540532,735.0,residual_pinn,25.44792948271099,25.44792948271099
0.0,0.5260252999631982,253.35552175421464,0.07388782422793538,0.2994293366607867,736.0,residual_pinn,25.474395350406045,25.474395350406045
0.0,0.523142839732923,268.17072577225537,0.07387263170982662,0.29922993402732045,737.0,residual_pinn,26.95531769802696,26.95531769802696
0.0,0.4078237045752375,236.3946573357833,0.07388380209082052,0.29931122064590454,738.0,residual_pinn,23.754655938399466,23.754655938399466
0.0,0.41081708826516805,255.18745261744448,0.07388618745301899,0.29934704146887126,739.0,residual_pinn,25.634539052059775,25.634539052059775
0.0,0.4268974057937923,268.27660169099505,0.07387167842764604,0.29925956380994695,740.0,residual_pinn,26.946659188521537,26.946659188521537
0.0,0.4231466745075427,313.717310052169,0.07385879598165813,0.299199093329279,741.0,residual_pinn,31.489974473652087,31.489974473652087
0.0,0.5175259101547693,263.1854786119963,0.07386173935312974,0.2991684643845809,742.0,residual_pinn,26.4556629281295,26.4556629281295
0.0,0.5227277616136953,271.10190742894224,0.07386024413924468,0.29936213085525915,743.0,residual_pinn,27.248365427318372,27.248365427318372
0.0,0.44676620866123,275.3911462081106,0.07386809783546548,0.2996001698468861,744.0,residual_pinn,27.662122124119808,27.662122124119808
0.0,0.44158658228422465,282.17803071674547,0.07385886931105663,0.29943181025354487,745.0,residual_pinn,28.339756262929814,28.339756262929814
0.0,0.4081789184557764,243.9092463443154,0.07386246402012675,0.2996475398540497,746.0,residual_pinn,24.506218609056976,24.506218609056976
0.0,0.47858407544462306,308.6876598157381,0.07386132917906109,0.29965092947608546,747.0,residual_pinn,30.998140736630088,30.998140736630088
0.0,0.43421927721876846,260.3899343390214,0.07392643666581104,0.29962030994264705,748.0,residual_pinn,26.15949575524581,26.15949575524581
0.0,0.4103805477681913,248.01222188849198,0.07391133786816347,0.2996485892095064,749.0,residual_pinn,24.91695926063939,24.91695926063939
0.0,0.5007453333390387,230.1589226973684,0.0739249061597021,0.29973210943372625,750.0,residual_pinn,23.149711458306562,23.149711458306562
0.0,0.4806734205860841,214.42800180535568,0.07389747665116661,0.29945345144522817,751.0,residual_pinn,21.572576071086683,21.572576071086683
0.0,0.5396121238407335,242.58313951994242,0.07390814078481574,0.2994787771450846,752.0,residual_pinn,24.3998798069201,24.3998798069201
0.0,0.5535234863820829,316.532425729852,0.0739933181750147,0.3003771916816109,753.0,residual_pinn,31.79768517142848,31.79768517142848
0.0,0.5020362021107423,288.91596503006787,0.07388626588018317,0.2996452748775482,754.0,residual_pinn,29.025663325661107,29.025663325661107
0.0,0.4752065696214375,246.18799350136206,0.07387075730060276,0.2992452006590994,755.0,residual_pinn,24.74745898497732,24.74745898497732
0.0,0.47280568511862503,241.57342569451583,0.073861856993876,0.29926309460087824,756.0,residual_pinn,24.285523590288665,24.285523590288665
0.0,0.5827277381169168,312.44962029708057,0.0739079070718665,0.29932337685635213,757.0,residual_pinn,31.3951358795166,31.3951358795166
0.0,0.676681421305004,324.4829246119449,0.07388096969378621,0.2993547022342682,758.0,residual_pinn,32.61725852363988,32.61725852363988
0.0,0.4447907350565258,295.8474683259663,0.07390176073500984,0.29945024691129984,759.0,residual_pinn,29.70734571155749,29.70734571155749
0.0,0.481992621170847,218.49071502685547,0.0738547914906552,0.29951508107938263,760.0,residual_pinn,21.979114532470703,21.979114532470703
0.0,0.6474027978746515,267.99169841565583,0.0738660148099849,0.2994827832046308,761.0,residual_pinn,26.96229191830284,26.96229191830284
0.0,0.5260437428951263,295.7216403358861,0.07385633689792533,0.29922466999606084,762.0,residual_pinn,29.710988898026315,29.710988898026315
0.0,0.4896765665004128,349.59319506193464,0.07386888994982369,0.29919268739850896,763.0,residual_pinn,35.09086789582905,35.09086789582905
0.0,0.693281258407392,247.8569171303197,0.07387909332388326,0.2993736737652829,764.0,residual_pinn,24.957980055558053,24.957980055558053
0.0,0.6231434251132765,225.70606111225328,0.0738766765908191,0.29948918913540085,765.0,residual_pinn,22.728878021240234,22.728878021240234
0.0,0.401890566474513,233.18199358488383,0.07390071922226955,0.2995271008265646,766.0,residual_pinn,23.432225101872493,23.432225101872493
0.0,0.4478484188255511,247.12430371736227,0.07387307207835347,0.299358794563695,767.0,residual_pinn,24.835629814549495,24.835629814549495
0.0,0.43543110552587005,210.3543572676809,0.07385927281881634,0.29959379685552495,768.0,residual_pinn,21.156174760115775,21.156174760115775
0.0,0.4238221339489284,280.5355971486945,0.07385760937866412,0.2995047428106007,769.0,residual_pinn,28.171967606795462,28.171967606795462
0.0,0.42343198155101974,225.59005335757607,0.07386534543413865,0.29941899525491816,770.0,residual_pinn,22.677327407033818,22.677327407033818
0.0,0.40811696178034734,274.78308025159333,0.07385755487178501,0.29923617526104573,771.0,residual_pinn,27.593548724525853,27.593548724525853
0.0,0.5161153580013075,221.69374044317948,0.07392685742754686,0.2995392444886659,772.0,residual_pinn,22.3062475104081,22.3062475104081
0.0,0.46256341902833237,232.8773024709601,0.07391828259355143,0.29936661375196355,773.0,residual_pinn,23.41387573041414,23.41387573041414
0.0,0.42758950512660177,212.16618387322677,0.07386228638259988,0.29916178866436605,774.0,residual_pinn,21.33574556049548,21.33574556049548
0.0,0.4077289151517968,224.51616508082338,0.073916851689941,0.2994640406809355,775.0,residual_pinn,22.56680491096095,22.56680491096095
0.0,0.4241119168306652,288.1441449617085,0.07391454906840074,0.2995607084349582,776.0,residual_pinn,28.932889085066947,28.932889085066947
0.0,0.5898038791982751,260.75080148797286,0.07391093828176197,0.29958480125979375,777.0,residual_pinn,26.226695512470446,26.226695512470446
0.0,0.5343059379803506,248.31393312153062,0.0741361265904025,0.3038804640895442,778.0,residual_pinn,24.972350471898128,24.972350471898128
0.0,0.4637116232984944,257.3599207024825,0.0738529351196791,0.3161716320012745,779.0,residual_pinn,25.86404464119359,25.86404464119359
0.0,0.425881290906354,244.40156474866365,0.07386257773951481,0.3159805630382739,780.0,residual_pinn,24.560624423779938,24.560624423779938
0.0,0.47813284004989426,290.7356021278783,0.07386478036642075,0.3160882952966188,781.0,residual_pinn,29.204489456979854,29.204489456979854
0.0,0.6174258401519374,277.4721262078536,0.07385480952890296,0.3160465359687805,782.0,residual_pinn,27.90599587089137,27.90599587089137
0.0,0.5985324116129624,389.8779128225226,0.07386579168470282,0.31595978297685323,783.0,residual_pinn,39.14278793334961,39.14278793334961
0.0,0.4387044718391017,329.7620247288754,0.07393468524280347,0.316366383903905,784.0,residual_pinn,33.09927724537096,33.09927724537096
0.0,0.44259221302835566,215.06181014211555,0.07399870651332956,0.3166929499099129,785.0,residual_pinn,21.63006897976524,21.63006897976524
0.0,0.4512285558800948,213.03793937281557,0.07397656770128953,0.3168240518946397,786.0,residual_pinn,21.429421776219417,21.429421776219417
0.0,0.6752851981865732,238.50754627428557,0.07395708992293007,0.3165243220956702,787.0,residual_pinn,24.02116218366121,24.02116218366121
0.0,0.5398493879719785,241.68969646253083,0.07396526124916579,0.31621082205521434,788.0,residual_pinn,24.31225912194503,24.31225912194503
0.0,0.6436808971982253,205.80703092876234,0.07388420050081454,0.31600817096860784,789.0,residual_pinn,20.744734412745427,20.744734412745427
0.0,0.5341575396688361,252.96280429237768,0.07388724739614286,0.3159745962996232,790.0,residual_pinn,25.438404183638724,25.438404183638724
0.0,0.4192620515823364,264.5603738082083,0.07387634288323552,0.3159531794096294,791.0,residual_pinn,26.575179953324167,26.575179953324167
0.0,0.4498631969878548,229.66031727037932,0.07423923556741915,0.3182467222213745,792.0,residual_pinn,23.091541541250127,23.091541541250127
0.0,0.5694563161385687,228.1632224635074,0.07388853164095628,0.31636256293246623,793.0,residual_pinn,22.965544851202715,22.965544851202715
0.0,0.40329932382232264,202.93413864938836,0.07386427372694016,0.3159672680654024,794.0,residual_pinn,20.409363897223223,20.409363897223223
0.0,0.399311164492055,216.5919858029014,0.07386038648454767,0.3160410586156343,795.0,residual_pinn,21.77435834784257,21.77435834784257
0.0,0.39177345680563075,225.27255730879935,0.07385827051965814,0.31608409160061884,796.0,residual_pinn,22.640912106162624,22.640912106162624
0.0,0.4327016261063124,202.63299721165708,0.07386531249472969,0.31600384022060196,797.0,residual_pinn,20.3851341950266,20.3851341950266
0.0,0.4477238866843675,196.03298347874693,0.07385820856219844,0.31599196634794535,798.0,residual_pinn,19.728135510494834,19.728135510494834
0.0,0.46523619560818924,215.77902663381477,0.07385776662512829,0.3160012646725303,799.0,residual_pinn,21.706244067141885,21.706244067141885
0.0,0.45778578441394,232.71257139507094,0.0738775341918594,0.31608023768977117,800.0,residual_pinn,23.398116714075993,23.398116714075993
0.0,0.4902128726243973,246.2933907759817,0.07388744660113987,0.31602347367688227,801.0,residual_pinn,24.762678723586234,24.762678723586234
0.0,0.5815169113247018,241.80623586554276,0.07390383121214415,0.3159231386686626,802.0,residual_pinn,24.332214807209215,24.332214807209215
0.0,0.5136891619155282,231.18231201171875,0.07388998724912342,0.31593181585010727,803.0,residual_pinn,23.25625695680317,23.25625695680317
0.0,0.645605571960148,216.56993865966797,0.07386667948020131,0.3158741954125856,804.0,residual_pinn,21.82139607479698,21.82139607479698
0.0,0.5600573263670269,229.7900828311318,0.07386454194784164,0.3160557464549416,805.0,residual_pinn,23.12631913235313,23.12631913235313
0.0,0.456888914892548,233.19034415797182,0.07385898577539544,0.31618020722740575,806.0,residual_pinn,23.445723383050215,23.445723383050215
0.0,0.4639075304332532,197.5708381251285,0.07392424227375734,0.33249062299728394,807.0,residual_pinn,19.886810603894684,19.886810603894684
0.0,0.44506973028182983,208.73335346422698,0.07386268008696406,0.3308848283792797,808.0,residual_pinn,20.99913155405145,20.99913155405145
0.0,0.4426044829581913,259.58373702199833,0.07385759643818203,0.33023126972349065,809.0,residual_pinn,26.083610835828278,26.083610835828278
0.0,0.4640846715161675,232.0529022216797,0.07386147819067303,0.33010080927296687,810.0,residual_pinn,23.334810708698473,23.334810708698473
0.0,0.5696574841675005,310.10900397049755,0.07386193620531183,0.3302115452916999,811.0,residual_pinn,31.161546255412855,31.161546255412855
0.0,0.5982821034757715,243.60439521388003,0.07386388159111927,0.3301726014990556,812.0,residual_pinn,24.516806828348262,24.516806828348262
0.0,0.6390181873974047,272.5430594996402,0.07385747213112681,0.33007945669324773,813.0,residual_pinn,27.41881104519493,27.41881104519493
0.0,0.5836201702293596,260.28048184043485,0.07387073455672515,0.3300980094232057,814.0,residual_pinn,26.18147629185727,26.18147629185727
0.0,0.638570321233649,210.31339665463096,0.07395511826402262,0.3303754251254232,815.0,residual_pinn,21.19578898580451,21.19578898580451
0.0,0.4528009636621726,219.2698281940661,0.07386032609563124,0.3300841089926268,816.0,residual_pinn,22.054244568473415,22.054244568473415
0.0,0.3870777503440255,216.64073381925883,0.07386139192079243,0.330108106136322,817.0,residual_pinn,21.778193022075452,21.778193022075452
0.0,0.5300954933229246,226.9749856246145,0.0738624518639163,0.3300411544348064,818.0,residual_pinn,22.840214980276006,22.840214980276006
0.0,0.9178960840953024,268.47230931332234,0.0738624275514954,0.3300256980092902,819.0,residual_pinn,27.067506413710746,27.067506413710746
0.0,0.3921167858337101,202.26386782997534,0.07394355731575113,0.3303388890467192,820.0,residual_pinn,20.341541641636898,20.341541641636898
0.0,0.46834517701676015,194.15848882574784,0.0739025634370352,0.33021815827018336,821.0,residual_pinn,19.546235235113848,19.546235235113848
0.0,0.5259334413628829,201.07529027838456,0.07397268006676122,0.3326084974565004,822.0,residual_pinn,20.24967532408865,20.24967532408865
0.0,0.5609987354592273,258.4297585738333,0.07392352623374839,0.3334912265601911,823.0,residual_pinn,25.99222163150185,25.99222163150185
0.0,0.47542701112596614,258.68221523887235,0.07385711881675218,0.33369287064200953,824.0,residual_pinn,26.000368871186907,26.000368871186907
0.0,0.8584033752742567,249.36287608899568,0.07386164053490288,0.3335918156724227,825.0,residual_pinn,25.145020083377236,25.145020083377236
0.0,0.43705241146840546,278.7873117547286,0.07385948025866558,0.3334324454006396,826.0,residual_pinn,28.003178245142887,28.003178245142887
0.0,0.4265201397632298,239.16558235570005,0.07386228206910585,0.3333393900017989,827.0,residual_pinn,24.038889508498343,24.038889508498343
0.0,0.39408502139543233,256.1573695132607,0.07386340475396107,0.33343459587348134,828.0,residual_pinn,25.73159112428364,25.73159112428364
0.0,0.42653164816530126,210.70268169202302,0.0738561263209895,0.3334639464554034,829.0,residual_pinn,21.192614153811807,21.192614153811807
0.0,0.44233428255507823,209.6143610100997,0.07386323417487897,0.3333859914227536,830.0,residual_pinn,21.08693511862504,21.08693511862504
0.0,0.43610233225320516,210.54919674521997,0.07386102997942974,0.3333365054507005,831.0,residual_pinn,21.17916654285632,21.17916654285632
0.0,0.6658245466257396,268.4195247449373,0.07385918066689842,0.3333776216757925,832.0,residual_pinn,27.012149007696856,27.012149007696856
0.0,0.45921614530839416,186.7187624479595,0.07386303889124017,0.33318453870321574,833.0,residual_pinn,18.800731709128932,18.800731709128932
0.0,0.4571899010946876,261.35541895816203,0.07386043589366109,0.33339484271250275,834.0,residual_pinn,26.264012888858193,26.264012888858193
0.0,0.5631444987497831,275.93262441534745,0.07386258832718197,0.33340934860078913,835.0,residual_pinn,27.7429256439209,27.7429256439209
0.0,0.5755356142395421,293.5452575683594,0.07387622171326687,0.333374095590491,836.0,residual_pinn,29.506664376509818,29.506664376509818
0.0,0.5766292465360541,263.0901698062294,0.07396513223648071,0.33387425698732076,837.0,residual_pinn,26.461429746527422,26.461429746527422
0.0,0.48828183506664474,231.97483825683594,0.07397857151533428,0.3340895819036584,838.0,residual_pinn,23.332248160713597,23.332248160713597
0.0,0.6920158000368821,192.0429374293277,0.07390591580616801,0.3334826293744539,839.0,residual_pinn,19.379740790316934,19.379740790316934
0.0,0.4629880338907242,211.0433903744346,0.07392878203015578,0.33359956270770025,840.0,residual_pinn,21.233993178919743,21.233993178919743
0.0,0.458144264785867,189.5503238878752,0.07387868824758027,0.33357812072101395,841.0,residual_pinn,19.083713155043753,19.083713155043753
0.0,0.5555107170029691,200.3702412655479,0.07385939438092082,0.33356218118416636,842.0,residual_pinn,20.185175795304147,20.185175795304147
0.0,0.5726220952837091,226.90181431017425,0.07386312084762674,0.3333465896154705,843.0,residual_pinn,22.84173428384881,22.84173428384881
0.0,0.47611473892864425,214.67780143336245,0.0738577442733865,0.33334764367655706,844.0,residual_pinn,21.600031601755244,21.600031601755244
0.0,0.47274013334199,197.81758679841695,0.07386209854954168,0.333392985557255,845.0,residual_pinn,19.91333966506155,19.91333966506155
0.0,0.5819707795193321,328.0729855989155,0.07386053471188796,0.3333888461715297,846.0,residual_pinn,32.96072447927374,32.96072447927374
0.0,0.5627202046544928,217.7214728907535,0.07386220011271928,0.33340534567832947,847.0,residual_pinn,21.921725197842246,21.921725197842246
0.0,0.4910321619949843,229.99649810791016,0.07385886186047604,0.3334027701302579,848.0,residual_pinn,23.13488975324129,23.13488975324129
0.0,0.4102526965894197,213.035838880037,0.07386318672644465,0.3334565303827587,849.0,residual_pinn,21.42267377753007,21.42267377753007
0.0,0.453230514338142,374.3888288799085,0.07385753840208054,0.33356106438134847,850.0,residual_pinn,37.56657781099018,37.56657781099018
0.0,0.5452709009772853,341.5084481490286,0.07385994690029245,0.33356723032499613,851.0,residual_pinn,34.29694923601652,34.29694923601652
0.0,0.6282909324294642,239.13022493061266,0.07388985313867268,0.33356754717073944,852.0,residual_pinn,24.075732381720293,24.075732381720293
0.0,0.6387963530264402,230.72178690057052,0.07399605724372361,0.33423923661834315,853.0,residual_pinn,23.23706145035593,23.23706145035593
0.0,0.47755195906287745,192.80981766550164,0.07392046365298723,0.333841904213554,854.0,residual_pinn,19.413572963915374,19.413572963915374
0.0,0.4349990094962873,230.00875051398026,0.07393753607022135,0.33368026112255295,855.0,residual_pinn,23.124940018904837,23.124940018904837
0.0,0.43925763274493973,225.52343830309417,0.07391767243021413,0.3334354036732724,856.0,residual_pinn,22.677235151592054,22.677235151592054
0.0,0.47846329094547974,265.39227335076583,0.07389940439086211,0.33349800737280594,857.0,residual_pinn,26.671964971642744,26.671964971642744
0.0,0.6173294170906669,349.35842012104234,0.0739001663107621,0.3334525682424244,858.0,residual_pinn,35.096348787608896,35.096348787608896
0.0,0.4888990984151238,237.03940381501852,0.07390203091659044,0.3334872205006449,859.0,residual_pinn,23.8387642910606,23.8387642910606
0.0,0.52487965320286,235.72501975611635,0.07391024263281572,0.3337130828907615,860.0,residual_pinn,23.714545275035658,23.714545275035658
0.0,0.4654056971010409,227.8979054501182,0.0739001737613427,0.33353190045607717,861.0,residual_pinn,22.91992107190584,22.91992107190584
0.0,0.4349566682388908,211.62647046540914,0.07389810877410989,0.3334672168681496,862.0,residual_pinn,21.286680321944388,21.286680321944388
0.0,0.3986414968967438,201.07907144646896,0.07385901949907604,0.33340740988129064,863.0,residual_pinn,20.224669757642243,20.224669757642243
0.0,0.4193164565061268,192.14498459665398,0.07387043104359978,0.33360047716843455,864.0,residual_pinn,19.335415915439004,19.335415915439004
0.0,0.4300639652892163,184.14121607730263,0.07391150844724555,0.3334547940053438,865.0,residual_pinn,18.5371759565253,18.5371759565253
0.0,0.46305695019270243,184.64152848093133,0.07390608795379337,0.3334420840991171,866.0,residual_pinn,18.59380423395257,18.59380423395257
0.0,0.648336480322637,233.70733441804586,0.07394320792273472,0.3336458943392101,867.0,residual_pinn,23.537463012494538,23.537463012494538
0.0,0.8756746281134454,237.11894707930716,0.07390625029802322,0.3334377204117022,868.0,residual_pinn,23.92406930421528,23.92406930421528
0.0,0.4907553192032011,204.26837077893708,0.07388308565867574,0.3333734854271537,869.0,residual_pinn,20.56202000065854,20.56202000065854
0.0,0.4270035051985791,196.99428799277857,0.07385845599990142,0.33333468594049154,870.0,residual_pinn,19.82185609717118,19.82185609717118
0.0,0.38476839034180893,209.97793298018607,0.07386056255353124,0.3333398621333273,871.0,residual_pinn,21.111774670450313,21.111774670450313
0.0,0.5868296442847503,191.05193891023336,0.0738601994357611,0.33352403891713994,872.0,residual_pinn,19.259606010035466,19.259606010035466
0.0,0.5012571380326623,184.13207485801294,0.07386472193818343,0.3334649330691287,873.0,residual_pinn,18.550498987499036,18.550498987499036
0.0,0.7263568522114503,182.84668771844161,0.07386345847656853,0.3333610170765927,874.0,residual_pinn,18.46696959043804,18.46696959043804
0.0,0.5736619312512247,208.57557718377365,0.07385472757251639,0.33345774600380346,875.0,residual_pinn,21.009329042936628,21.009329042936628
0.0,0.43464957883483485,246.3222326981394,0.07386185581746854,0.3334381156846097,876.0,residual_pinn,24.75619035018118,24.75619035018118
0.0,0.5457085410231038,196.6790163140548,0.0739247896953633,0.33362852115380137,877.0,residual_pinn,19.814102775172184,19.814102775172184
0.0,0.48395455589419917,188.05933942292867,0.07395703894527335,0.33390554942582784,878.0,residual_pinn,18.939813237441214,18.939813237441214
0.0,0.41081555266129344,216.3399517661647,0.07394335458153173,0.3339394095696901,879.0,residual_pinn,21.753249494652998,21.753249494652998
0.0,0.41542354539821025,191.39428590473375,0.07393272064234081,0.3339863482274507,880.0,residual_pinn,19.259609021638568,19.259609021638568
0.0,0.38855130029352086,184.13065538908305,0.07388060618388026,0.3334042931857862,881.0,residual_pinn,18.527810498287803,18.527810498287803
0.0,0.4732503138090435,234.16983995939555,0.07387519784663853,0.33335524797439575,882.0,residual_pinn,23.54866419340435,23.54866419340435
0.0,0.6853862977341602,203.27341983192846,0.07386400472176702,0.33330215278424713,883.0,residual_pinn,20.50144328569111,20.50144328569111
0.0,0.6750957691355756,226.59924798262747,0.07387066005091918,0.3333874438938342,884.0,residual_pinn,22.8319767650805,22.8319767650805
0.0,0.46984222178396423,207.4684167159231,0.07390887290239334,0.3335736566468289,885.0,residual_pinn,20.877863281651546,20.877863281651546
0.0,0.44867132682549327,213.8964739347759,0.07391125512750525,0.33349130812444183,886.0,residual_pinn,21.516426839326556,21.516426839326556
0.0,0.41156378937394994,187.46524569862768,0.07385781485783427,0.3333557687307659,887.0,residual_pinn,18.865866033654463,18.865866033654463
0.0,0.46462279401327433,191.20941362882914,0.07391230095373957,0.33353453560879354,888.0,residual_pinn,19.2509157030206,19.2509157030206
0.0,0.4718742511774364,184.24349533884148,0.07388788618539509,0.3335197818906684,889.0,residual_pinn,18.555771275570518,18.555771275570518
0.0,0.4785541970478861,212.6483413294742,0.0739088329045396,0.3335469082782143,890.0,residual_pinn,21.397595706738922,21.397595706738922
0.0,0.42490728042627635,184.00814417788857,0.07389932596369793,0.33345108753756475,891.0,residual_pinn,18.522836082860042,18.522836082860042
0.0,0.4900117775327281,185.74785493549547,0.07389092876722939,0.33351807531557587,892.0,residual_pinn,18.70983460074977,18.70983460074977
0.0,0.4905799266539122,171.49543159886412,0.0739005004104815,0.3335888997504586,893.0,residual_pinn,17.28471346905357,17.28471346905357
0.0,0.5637493862917549,166.93150289435135,0.07391339854190224,0.3335790085165124,894.0,residual_pinn,16.842954133686266,16.842954133686266
0.0,0.523917102500012,171.91804885864258,0.0739661192423419,0.33359158195947347,895.0,residual_pinn,17.333646372744912,17.333646372744912
0.0,0.8107704206516868,245.15692259136,0.07391183784133509,0.3337328292821583,896.0,residual_pinn,24.71491575241089,24.71491575241089
0.0,0.6011025764440235,181.80121813322367,0.07388205042010859,0.33350090917788056,897.0,residual_pinn,18.337386733607243,18.337386733607243
0.0,0.4274701660400943,180.3182268644634,0.0738653258273476,0.34300564464769867,898.0,residual_pinn,18.155310906861956,18.155310906861956
0.0,0.43816834060769333,210.42804155851664,0.07386892288923264,0.3562299217048444,899.0,residual_pinn,21.169754480060778,21.169754480060778
0.0,0.41686501393192693,168.5365857576069,0.0738607868552208,0.35621627067264755,900.0,residual_pinn,16.976346342187178,16.976346342187178
0.0,0.5363601555949763,240.21989962929175,0.07387752909409373,0.35620032799871343,901.0,residual_pinn,24.16857591428255,24.16857591428255
0.0,0.49332723805778905,225.22189772756477,0.073911441784156,0.3562704340407723,902.0,residual_pinn,22.660178234702663,22.660178234702663
0.0,0.5758707107681977,205.4741763064736,0.07390069098849046,0.35623728287847417,903.0,residual_pinn,20.701910144404362,20.701910144404362
0.0,0.46535551469576986,191.9321658485814,0.0738748162984848,0.35613951086997986,904.0,residual_pinn,19.325595604745967,19.325595604745967
0.0,0.4341532548791484,184.6312894319233,0.07386314319936853,0.35610161015861913,905.0,residual_pinn,18.589263589758623,18.589263589758623
0.0,0.5110620479834708,201.56253674155786,0.07386056372993871,0.35608605020924616,906.0,residual_pinn,20.297768542641087,20.297768542641087
0.0,0.490452337421869,166.89988306949013,0.07385986964953573,0.35607735891091197,907.0,residual_pinn,16.827379954488652,16.827379954488652
0.0,0.4759841075069026,211.82906381707443,0.07386162681014914,0.35612324037049947,908.0,residual_pinn,21.31740861189993,21.31740861189993
0.0,0.492648845440463,182.67111005281149,0.07386644537511625,0.356097222943055,909.0,residual_pinn,18.404944495150918,18.404944495150918
0.0,0.4347190770663713,199.9715122423674,0.07385418603294774,0.3561692802529586,910.0,residual_pinn,20.123405205576045,20.123405205576045
0.0,0.5892281751883658,176.8872050235146,0.07387174195364903,0.3561605026847438,911.0,residual_pinn,17.84587604121158,17.84587604121158
0.0,0.9651997010958823,193.80499267578125,0.0738787921635728,0.35613027371858297,912.0,residual_pinn,19.612846223931562,19.612846223931562
0.0,0.5220160186290741,164.2255291185881,0.07395752833077782,0.3565385623982078,913.0,residual_pinn,16.56630784586856,16.56630784586856
0.0,0.7537723340486225,174.2966079711914,0.0739856370185551,0.35758619716292933,914.0,residual_pinn,17.619873774679082,17.619873774679082
0.0,0.7633696367081843,175.24460441187807,0.07390108234003971,0.3563266035757567,915.0,residual_pinn,17.716462737635563,17.716462737635563
0.0,0.5529010719374606,166.51954952039216,0.07388810107582494,0.3564769249213369,916.0,residual_pinn,16.801877548820094,16.801877548820094
0.0,0.6218646576530055,170.89550058465255,0.07389954203053524,0.35633044180117157,917.0,residual_pinn,17.2532511761314,17.2532511761314
0.0,0.5977826871370014,168.5442603261847,0.07390041296419345,0.35611608310749654,918.0,residual_pinn,17.01328962727597,17.01328962727597
0.0,0.4742962435672158,254.41737044484992,0.0739114492347366,0.3561916194464031,919.0,residual_pinn,25.57591132113808,25.57591132113808
0.0,0.5884311152131934,194.59308343184622,0.07387402339985497,0.3562675024333753,920.0,residual_pinn,19.61631538993434,19.61631538993434
0.0,0.5241685423411822,164.74872749730162,0.07414996545565755,0.3564154129279287,921.0,residual_pinn,16.61905544682553,16.61905544682553
0.0,0.40610114288957494,167.71550730655068,0.07386646968753714,0.3561746713362242,922.0,residual_pinn,16.89208191319516,16.89208191319516
0.0,0.6959753883512396,212.90573401200143,0.07386048961626857,0.3561731074985705,923.0,residual_pinn,21.469079720346553,21.469079720346553
0.0,0.6790910316141028,172.52116916054175,0.07391328835173656,0.3562332454480623,924.0,residual_pinn,17.427254651722155,17.427254651722155
0.0,0.4201548005405225,176.2555923461914,0.07390514525927995,0.3562533039795725,925.0,residual_pinn,17.748911154897588,17.748911154897588
0.0,0.41955431354673284,160.8220893458316,0.0739744046801015,0.36068625512876007,926.0,residual_pinn,16.205887593721087,16.205887593721087
0.0,0.6582927735228288,173.33026926141036,0.07396884968406275,0.35945665365771245,927.0,residual_pinn,17.50433023352372,17.50433023352372
0.0,0.45877258871731,163.97276908472963,0.07393076349245875,0.35734303687748153,928.0,residual_pinn,16.528462610746686,16.528462610746686
0.0,0.4559084702479212,214.1294049714741,0.0739328782809408,0.3569072626138988,929.0,residual_pinn,21.543509985271253,21.543509985271253
0.0,0.5687439512265356,195.32602932578638,0.07394295577940188,0.35681666982801336,930.0,residual_pinn,19.685730607886065,19.685730607886065
0.0,0.3896728079569967,171.82131315532484,0.0739618339820912,0.3569642493599339,931.0,residual_pinn,17.299460762425472,17.299460762425472
0.0,0.5504987435905557,202.26674371016654,0.07392211728974392,0.3568024776483837,932.0,residual_pinn,20.376151285673444,20.376151285673444
0.0,0.5741124764869088,185.77871503328024,0.07393841092523776,0.3567198938445041,933.0,residual_pinn,18.732063343650417,18.732063343650417
0.0,0.40277546016793503,176.60532328957007,0.07388379895373394,0.3565179721305245,934.0,residual_pinn,17.780433893203735,17.780433893203735
0.0,0.44633422478249196,177.76327835886102,0.07389352117714129,0.3562618995967664,935.0,residual_pinn,17.9049156339545,17.9049156339545
0.0,0.4365482424434863,153.48205847489206,0.07391927352077082,0.35637927212213216,936.0,residual_pinn,15.474849500154194,15.474849500154194
0.0,0.5296566125593687,175.32879437898336,0.07398096079889097,0.3567986315802524,937.0,residual_pinn,17.678189553712542,17.678189553712542
0.0,0.42556516434016983,191.06848626387747,0.07391137355252315,0.3563111110737449,938.0,residual_pinn,19.231288658945186,19.231288658945186
0.0,0.497945647490652,167.78112070184005,0.07391508472593207,0.35631972394491496,939.0,residual_pinn,16.917028853767796,16.917028853767796
0.0,0.5422018703661466,220.9745326795076,0.0738954359763547,0.35624404016293976,940.0,residual_pinn,22.245213157252262,22.245213157252262
0.0,0.45624344913583054,205.5299441688939,0.07390241560183074,0.3561329794557471,941.0,residual_pinn,20.683552240070544,20.683552240070544
0.0,0.4449951029137561,193.82236962569388,0.07393862503139596,0.3560682205777419,942.0,residual_pinn,19.510540008544922,19.510540008544922
0.0,0.4207160441499007,174.0045704088713,0.07390201444688596,0.3569730128112592,943.0,residual_pinn,17.52399314077277,17.52399314077277
0.0,0.5725750734931544,174.09567822908102,0.07391602153840818,0.3564100140019467,944.0,residual_pinn,17.563419944361637,17.563419944361637
0.0,0.4434486980500974,166.01421878212378,0.07387737772966686,0.3562408983707428,945.0,residual_pinn,16.72942967163889,16.72942967163889
0.0,0.49996940399471085,153.32279606869346,0.07387697579045045,0.356254180795268,946.0,residual_pinn,15.471593003523978,15.471593003523978
0.0,0.4433788421906923,171.4389483803197,0.07389757194017109,0.35626987563936335,947.0,residual_pinn,17.27189284876773,17.27189284876773
0.0,0.4495421275496483,190.6094990780479,0.07391732970350667,0.3564237764007167,948.0,residual_pinn,19.190197066256875,19.190197066256875
0.0,0.5019852487664473,181.08548997577867,0.07390102940170389,0.3599185786749187,949.0,residual_pinn,18.24863320902774,18.24863320902774
0.0,0.5559678391406411,192.94987086245888,0.07390323085220236,0.3567152117428027,950.0,residual_pinn,19.445548107749538,19.445548107749538
0.0,0.4426014078290839,206.55660047029195,0.0738747280679251,0.35624570752445023,951.0,residual_pinn,20.783498914618242,20.783498914618242
0.0,0.4301233793559827,177.41356899863794,0.0738889429914324,0.35619963313403885,952.0,residual_pinn,17.866696081663434,17.866696081663434
0.0,0.37380089257892807,165.57535191586143,0.07388962177853835,0.3561815980233644,953.0,residual_pinn,16.67160819706164,16.67160819706164
0.0,0.5890792616103825,164.438222383198,0.0738861066730399,0.357004325640829,954.0,residual_pinn,16.601033135464316,16.601033135464316
0.0,0.51066024836741,166.03048244275544,0.07388273704993098,0.3583955874568538,955.0,residual_pinn,16.744714410681475,16.744714410681475
0.0,0.5452326277368947,180.23520017925063,0.07388799559128911,0.3582663849780434,956.0,residual_pinn,18.172088121113024,18.172088121113024
0.0,0.44434210501219096,193.38636880171927,0.07388194650411606,0.3581865822014056,957.0,residual_pinn,19.467018403505023,19.467018403505023
0.0,0.47838840359135676,231.26200947008635,0.07388568669557571,0.3583374007752067,958.0,residual_pinn,23.26140712436877,23.26140712436877
0.0,0.7361181205824802,168.08341899671052,0.07391428790594402,0.35828117634120743,959.0,residual_pinn,16.995089781911748,16.995089781911748
0.0,0.5614829957485199,162.39222315738076,0.07386767432877892,0.35815309850793137,960.0,residual_pinn,16.391027877205296,16.391027877205296
0.0,0.416742280125618,155.1436478464227,0.07387717538758327,0.35816762321873713,961.0,residual_pinn,15.63722434796785,15.63722434796785
0.0,0.43459175683950124,203.0692626551578,0.07387122511863708,0.35824967371790034,962.0,residual_pinn,20.43336316158897,20.43336316158897
0.0,0.7372182772347802,211.46371058413857,0.07390662635627546,0.3583357224338933,963.0,residual_pinn,21.333344108179997,21.333344108179997
0.0,0.6223108572395224,193.03978327700966,0.07389457994385769,0.3582698373418105,964.0,residual_pinn,19.467962490884883,19.467962490884883
0.0,0.4164194605852428,165.0392054507607,0.07386808960061324,0.35820610899674266,965.0,residual_pinn,16.62671889756855,16.62671889756855
0.0,0.422634913733131,178.06373636346115,0.07389080249949505,0.3583228995925502,966.0,residual_pinn,17.930427802236455,17.930427802236455
0.0,0.5407054565454784,251.05585158498664,0.07388103361192502,0.35833844856212016,967.0,residual_pinn,25.253254589281585,25.253254589281585
0.0,0.4971062062602294,200.11503621151573,0.07388315624312351,0.3583653396681735,968.0,residual_pinn,20.150455650530365,20.150455650530365
0.0,0.4303571848492873,145.45477234689812,0.07386734493468937,0.3582595131899181,969.0,residual_pinn,14.671068743655557,14.671068743655557
0.0,0.46185486959783656,143.09517428749487,0.0739015854502979,0.3582936290063356,970.0,residual_pinn,14.44141307630037,14.44141307630037
0.0,0.4135152258371052,132.79287719726562,0.07385996336999692,0.3582086437626889,971.0,residual_pinn,13.401504642085024,13.401504642085024
0.0,0.43373456597328186,172.2071876525879,0.07388632117133391,0.35828122026041936,972.0,residual_pinn,17.346988251334743,17.346988251334743
0.0,0.5869781210234291,180.59906367251747,0.07386380316395509,0.358197797285883,973.0,residual_pinn,18.216815195585554,18.216815195585554
0.0,0.5673984477394506,168.21448175530685,0.07388283351534292,0.3581789088876624,974.0,residual_pinn,16.97444019819561,16.97444019819561
0.0,0.44565880769177485,167.16024459035773,0.07389058956974431,0.3583776746925555,975.0,residual_pinn,16.844688541010807,16.844688541010807
0.0,0.5099914403338182,141.41378422787315,0.07391602114627235,0.358313334615607,976.0,residual_pinn,14.282904022618345,14.282904022618345
0.0,0.7386262322727003,176.8156597739772,0.0739082019580038,0.3583694163121675,977.0,residual_pinn,17.868824130610417,17.868824130610417
0.0,0.44976346116316945,151.1762600948936,0.07391385734081268,0.3584659632883574,978.0,residual_pinn,15.247121484656082,15.247121484656082
0.0,0.539906479026142,195.4095318442897,0.07390265754963223,0.3584371036604831,979.0,residual_pinn,19.68847370147705,19.68847370147705
0.0,0.5978741237991735,186.49113986366675,0.07423802112278186,0.3601600904213755,980.0,residual_pinn,18.808416667737458,18.808416667737458
0.0,0.45770648200260966,174.00558792917352,0.073936444364096,0.35842349184186834,981.0,residual_pinn,17.531639525764867,17.531639525764867
0.0,0.7863953835085818,176.5679373490183,0.07389665473448603,0.35828022580397756,982.0,residual_pinn,17.8535963359632,17.8535963359632
0.0,0.9126483656858143,249.7442647030479,0.07390833214709633,0.35832538573365463,983.0,residual_pinn,25.19648501747533,25.19648501747533
0.0,0.38790904142354665,145.5527572631836,0.07391056888981869,0.35909832151312576,984.0,residual_pinn,14.672463028054489,14.672463028054489
0.0,0.42622803779024826,134.71343592593544,0.07392137066314095,0.35935764877419724,985.0,residual_pinn,13.596221246217427,13.596221246217427
0.0,0.40791132810868713,141.1367581016139,0.07387834787368774,0.3582142152284321,986.0,residual_pinn,14.234773535477487,14.234773535477487
0.0,0.4120591769092961,132.29878315172698,0.07387009772815202,0.3582338816241214,987.0,residual_pinn,13.351807092365465,13.351807092365465
0.0,0.4759596664654581,171.5964190834447,0.07387007694495351,0.3583674446532601,988.0,residual_pinn,17.294364502555446,17.294364502555446
0.0,0.5478512974161851,172.12255979839125,0.07387342068709825,0.3588778894198568,989.0,residual_pinn,17.361408032869036,17.361408032869036
0.0,0.47626513556430217,163.6900694997687,0.07388833047528016,0.35858862964730515,990.0,residual_pinn,16.503813517721074,16.503813517721074
0.0,0.40603074274565043,189.5559451454564,0.07388811127135628,0.3582677794130225,991.0,residual_pinn,19.076322505348607,19.076322505348607
0.0,0.4340167539684396,193.50543293200042,0.0738691401324774,0.3583043437255056,992.0,residual_pinn,19.476870888157894,19.476870888157894
0.0,0.5737072119587346,213.2566160904734,0.07387381752854899,0.3584677263310081,993.0,residual_pinn,21.479944053449127,21.479944053449127
0.0,0.4471245361001868,149.24698337755706,0.07387318658201318,0.35826079782686737,994.0,residual_pinn,15.05364307604338,15.05364307604338
0.0,0.44810759550646734,144.9677364951686,0.07388393933835782,0.3581595342410238,995.0,residual_pinn,14.62590533808658,14.62590533808658
0.0,0.45547029768165787,168.96211563913445,0.07388530789237273,0.35820627996796056,996.0,residual_pinn,17.026820534153988,17.026820534153988
0.0,0.6086610736031282,187.86809820877878,0.07397041430598811,0.3585841624360335,997.0,residual_pinn,18.948099788866546,18.948099788866546
0.0,0.7407758596696352,178.45489582262542,0.07393620123988703,0.35842387456642955,998.0,residual_pinn,18.033183900933516,18.033183900933516
0.0,0.6118179293055284,162.397560521176,0.07393844621746164,0.35837222871027496,999.0,residual_pinn,16.40165424346924,16.40165424346924
0.0,0.44601610773488093,174.31075608102898,0.07388360523863842,0.35819693772416367,1000.0,residual_pinn,17.559793045646266,17.559793045646266
0.0,0.43292878411318125,175.86623402645714,0.07386720023657146,0.3581731272371192,1001.0,residual_pinn,17.71272029374775,17.71272029374775
0.0,0.508537191309427,170.35770817806846,0.07387276150678333,0.35816895648052816,1002.0,residual_pinn,17.176989053425036,17.176989053425036
0.0,0.4857371002435684,179.58541026868318,0.07388641998956078,0.3583583110257199,1003.0,residual_pinn,18.09521900980096,18.09521900980096
0.0,0.49276418748654816,156.57355579576995,0.07389281337198458,0.3583018889552669,1004.0,residual_pinn,15.795433445980674,15.795433445980674
0.0,0.5673219953712664,187.80188972071596,0.07387592604285792,0.3582878755895715,1005.0,residual_pinn,18.9331760908428,18.9331760908428
0.0,0.6553466633746499,212.57304061086555,0.07388592197706825,0.3583221435546875,1006.0,residual_pinn,21.42790066568475,21.42790066568475
0.0,0.4712593508394141,151.61625711541427,0.0738783470894161,0.35839216646395233,1007.0,residual_pinn,15.295410833860698,15.295410833860698
0.0,0.45365115686466817,138.30556728965357,0.07386444312961478,0.3581491740126359,1008.0,residual_pinn,13.960795578203703,13.960795578203703
0.0,0.5517292344256451,185.66414802952818,0.07386435176196851,0.35814517893289266,1009.0,residual_pinn,18.716268690008867,18.716268690008867
0.0,0.6612592888505835,137.8940594321803,0.07388326408047426,0.3582361936569214,1010.0,residual_pinn,13.961176006417526,13.961176006417526
0.0,0.5485791187537344,158.13757163599917,0.07388232373877575,0.3582088994352441,1011.0,residual_pinn,15.962988376617432,15.962988376617432
0.0,0.4305521116444939,132.2581124556692,0.0738662869522446,0.35813684683097036,1012.0,residual_pinn,13.351429010692396,13.351429010692396
0.0,0.5071583209853423,131.90449604235198,0.07386386120005657,0.35825976415684346,1013.0,residual_pinn,13.33140062030993,13.33140062030993
0.0,0.42961941894732025,149.0272953635768,0.07386462351209239,0.3582886724095595,1014.0,residual_pinn,15.028175981421219,15.028175981421219
0.0,0.3785357585078792,203.4326256199887,0.0738726426896296,0.35827455865709407,1015.0,residual_pinn,20.458490923831338,20.458490923831338
0.0,0.5257568375060433,166.3629319040399,0.07387647346446388,0.35816402498044464,1016.0,residual_pinn,16.780955364829616,16.780955364829616
0.0,0.41853073239326477,128.63896701210425,0.07389097347071297,0.35822329395695734,1017.0,residual_pinn,12.987119649585924,12.987119649585924
0.0,0.42454210394307185,143.78952849538703,0.07387093376172216,0.35812790927134064,1018.0,residual_pinn,14.503367574591385,14.503367574591385
0.0,0.6798947547611437,148.70095483880294,0.07386607010113566,0.35811183797685725,1019.0,residual_pinn,15.045578730733771,15.045578730733771
0.0,0.44368577160333333,147.77096457230417,0.07386954246382964,0.35811614676525716,1020.0,residual_pinn,14.90533911554437,14.90533911554437
0.0,0.53461302424732,153.74340559306899,0.07386952246490278,0.358138393414648,1021.0,residual_pinn,15.52077088857952,15.52077088857952
0.0,0.6720481577672457,247.14933977629008,0.07386030923379094,0.35811550523105423,1022.0,residual_pinn,24.888848605908844,24.888848605908844
0.0,0.7337101415583962,199.64368639494242,0.07386587913099088,0.3582625091075897,1023.0,residual_pinn,20.150630750154193,20.150630750154193
0.0,0.5470112381797088,157.59188320762232,0.07390814666685305,0.358548735317431,1024.0,residual_pinn,15.908140985589279,15.908140985589279
0.0,0.5099783720154512,150.97632960269326,0.07393152776517366,0.3584239529935937,1025.0,residual_pinn,15.239168116920872,15.239168116920872
0.0,0.4964109988589036,126.4313511095549,0.07393176736016023,0.35842415063004746,1026.0,residual_pinn,12.781956622475072,12.781956622475072
0.0,0.4360614669950385,131.49150607460425,0.07391247114068583,0.35845372394511577,1027.0,residual_pinn,13.275904128426,13.275904128426
0.0,0.5024382817117792,130.67644380268297,0.07392274784414392,0.35836137125366613,1028.0,residual_pinn,13.207664790906405,13.207664790906405
0.0,0.492867836826726,149.2731873361688,0.073857933674988,0.35815142487224777,1029.0,residual_pinn,15.065400449853195,15.065400449853195
0.0,0.5728219324036649,153.45464626111482,0.07386890759593562,0.35808353204476207,1030.0,residual_pinn,15.499530892623099,15.499530892623099
0.0,0.5477266295960075,131.1507558320698,0.07387909489242654,0.3581298291683197,1031.0,residual_pinn,13.264127957193475,13.264127957193475
0.0,0.4311338568988599,138.14047622680664,0.0739007988258412,0.358484348184184,1032.0,residual_pinn,13.939818081102873,13.939818081102873
0.0,0.5061289032823161,118.08429818404348,0.07397651593936116,0.36093985406976,1033.0,residual_pinn,11.9494484349301,11.9494484349301
0.0,0.46146292984485626,169.21221281352797,0.07391043634791124,0.359092221448296,1034.0,residual_pinn,17.053119207683363,17.053119207683363
0.0,0.4347273127028817,193.26667705335115,0.07389096092236669,0.35827006634912995,1035.0,residual_pinn,19.453135113967093,19.453135113967093
0.0,0.5233657234593442,132.9667157624897,0.07391020773272765,0.35824488024962575,1036.0,residual_pinn,13.440864939438669,13.440864939438669
0.0,0.7673087614147287,170.77466342323706,0.07391738734747234,0.35831821435376215,1037.0,residual_pinn,17.27045586234645,17.27045586234645
0.0,0.6532490622056158,135.90495019210013,0.07386440430816851,0.3582212485765156,1038.0,residual_pinn,13.760660397379022,13.760660397379022
0.0,0.4470687006649218,147.01126620644018,0.0738896562864906,0.35826594892301056,1039.0,residual_pinn,14.830061686666388,14.830061686666388
0.0,0.5676373494298834,172.90125776592055,0.0738843479438832,0.35817052502381175,1040.0,residual_pinn,17.44316469995599,17.44316469995599
0.0,0.5630290523955697,134.27989598324424,0.07389470189809799,0.3582053059025815,1041.0,residual_pinn,13.580110800893683,13.580110800893683
0.0,0.6700050564188706,136.75929099635073,0.07390529505516354,0.35826387844587626,1042.0,residual_pinn,13.849452068931178,13.849452068931178
0.0,0.6265994114311118,153.49212726793792,0.0738673904224446,0.35817252962212814,1043.0,residual_pinn,15.514043406436318,15.514043406436318
0.0,0.47634115501454,133.55521653827867,0.07390331947489788,0.3583629272486034,1044.0,residual_pinn,13.490321560909873,13.490321560909873
0.0,0.5356760715183458,117.2106903477719,0.07387434651977137,0.3581674867554715,1045.0,residual_pinn,11.86771515796059,11.86771515796059
0.0,0.5265753535847915,137.6384616651033,0.0738943042723756,0.3581865210282175,1046.0,residual_pinn,13.908674716949463,13.908674716949463
0.0,0.8633591877786737,168.6285912363153,0.07390557621654711,0.3582205991995962,1047.0,residual_pinn,17.075048371365195,17.075048371365195
0.0,0.506547851782096,130.7808255647358,0.07390625970928293,0.35825967004424647,1048.0,residual_pinn,13.218913630435342,13.218913630435342
0.0,0.6489638137189966,134.2380983453048,0.07393388920708706,0.3583913712125075,1049.0,residual_pinn,13.593138694763184,13.593138694763184
0.0,0.688560132917605,174.55703333804482,0.07389157814414878,0.3582168315586291,1050.0,residual_pinn,17.6329322112234,17.6329322112234
0.0,0.6154517907845346,191.43024063110352,0.07388821832443539,0.35804141979468496,1051.0,residual_pinn,19.305613241697614,19.305613241697614
0.0,0.5223940124637202,198.73133488705284,0.07388579218011153,0.3561093901333056,1052.0,residual_pinn,20.016917278892116,20.016917278892116
0.0,0.4496578738877648,183.64741917660362,0.07389797270298004,0.35618280580169276,1053.0,residual_pinn,18.49398650621113,18.49398650621113
0.0,0.5057201456082495,138.1526870727539,0.07389513599245172,0.35612994746158,1054.0,residual_pinn,13.955720776005796,13.955720776005796
0.0,0.6635488514837465,163.95495685778167,0.07388438088329215,0.3561140094932757,1055.0,residual_pinn,16.567511458145944,16.567511458145944
0.0,0.627415700962669,114.75169312326531,0.07385946888672679,0.3560735285282135,1056.0,residual_pinn,11.639953036057321,11.639953036057321
0.0,0.6319978597917055,154.4360291330438,0.07391780379571412,0.35630783752391215,1057.0,residual_pinn,15.609329273826198,15.609329273826198
0.0,0.46165553911736135,134.8863599676835,0.07390295988635014,0.3564817560346503,1058.0,residual_pinn,13.620310708096152,13.620310708096152
0.0,0.4773598987805216,127.90841233102898,0.07388864339966524,0.35617042999518544,1059.0,residual_pinn,12.92562484741211,12.92562484741211
0.0,0.7227692776604703,149.17779500860917,0.07389944909434569,0.3561430604834306,1060.0,residual_pinn,15.101643060383044,15.101643060383044
0.0,0.5268781608656833,151.20902352584037,0.0738996086936248,0.3561359236114903,1061.0,residual_pinn,15.265586576963726,15.265586576963726
0.0,0.446959630439156,126.83969778763621,0.07388096851737876,0.3560419929654975,1062.0,residual_pinn,12.812660066705002,12.812660066705002
0.0,0.43405149798644216,134.06580613788805,0.07389704883098602,0.3561725883107436,1063.0,residual_pinn,13.532702998111123,13.532702998111123
0.0,0.5577022048987841,169.52982932642885,0.07391615094322908,0.3562436495956622,1064.0,residual_pinn,17.10384414070531,17.10384414070531
0.0,0.44641247391700745,141.96572233501234,0.07387933291886982,0.3561915629788449,1065.0,residual_pinn,14.325167932008442,14.325167932008442
0.0,0.5527967967485127,159.93449984098734,0.07386177033185959,0.3562099698342775,1066.0,residual_pinn,16.143323471671657,16.143323471671657
0.0,0.7179184814817027,208.69271730121812,0.07388855830619209,0.35631190318810313,1067.0,residual_pinn,21.05218189641049,21.05218189641049
0.0,0.4987278086574454,130.69217139796206,0.07385857716987007,0.3561274926913412,1068.0,residual_pinn,13.208268416555304,13.208268416555304
0.0,0.45446239647112396,127.73324263723273,0.07386833390122965,0.35609104288251775,1069.0,residual_pinn,12.903519530045358,12.903519530045358
0.0,0.5468647354527524,138.3022655687834,0.07399784028530121,0.3569520837382266,1070.0,residual_pinn,13.978994921634072,13.978994921634072
0.0,0.48451627320364904,122.66739092375103,0.07398444218070883,0.3568830348943409,1071.0,residual_pinn,12.403029943767347,12.403029943767347
0.0,0.4164258131855412,136.7855957432797,0.07392834479871549,0.3567945643475181,1072.0,residual_pinn,13.801220642892938,13.801220642892938
0.0,0.4401353832922484,120.23742414775647,0.0739109049502172,0.356538093403766,1073.0,residual_pinn,12.151118956114116,12.151118956114116
0.0,0.4192684653558229,123.60592289974815,0.07388643528285779,0.35618857804097626,1074.0,residual_pinn,12.483759127165142,12.483759127165142
0.0,0.5426787969313169,200.21194618626646,0.07388051991399966,0.3560630396792763,1075.0,residual_pinn,20.169031318865326,20.169031318865326
0.0,0.7008993264875913,161.85581789518656,0.07389012096743834,0.35629518251670034,1076.0,residual_pinn,16.365085551613255,16.365085551613255
0.0,0.7700284299881834,161.07315886648078,0.07386409687368493,0.3560676025716882,1077.0,residual_pinn,16.30062188600239,16.30062188600239
0.0,0.5557394168878856,140.40812522486635,0.07387323128549676,0.35607371204777766,1078.0,residual_pinn,14.19126161776091,14.19126161776091
0.0,0.45382219239285115,162.81330048410516,0.07388486673957423,0.3560792035178134,1079.0,residual_pinn,16.411396779512103,16.411396779512103
0.0,0.4969087870497453,121.73363775956004,0.07387659502656836,0.3560987695267326,1080.0,residual_pinn,12.312049363788805,12.312049363788805
0.0,0.500716507434845,122.41692914460835,0.07387978779642206,0.3561193252864637,1081.0,residual_pinn,12.381142515885202,12.381142515885202
0.0,0.4392261693352147,165.01742995412727,0.07386526230134462,0.3562183678150177,1082.0,residual_pinn,16.628904041491058,16.628904041491058
0.0,0.47445191678247955,127.06914520263672,0.07386121349899392,0.35617784449928686,1083.0,residual_pinn,12.841115926441393,12.841115926441393
0.0,0.5036929500730414,136.28956644158615,0.0738580426887462,0.356138256035353,1084.0,residual_pinn,13.769002512881631,13.769002512881631
0.0,0.6618873743634475,121.51634316695363,0.07387036124342367,0.35632312611529704,1085.0,residual_pinn,12.323337379254793,12.323337379254793
0.0,0.6481434349950991,123.9959178723787,0.07387828395554893,0.35618600092436137,1086.0,residual_pinn,12.568533169595819,12.568533169595819
0.0,0.4475559866742084,149.7824448033383,0.07389444387272785,0.3561684865700571,1087.0,residual_pinn,15.107067559894762,15.107067559894762
0.0,0.7196910051923049,175.78038908305922,0.07386588030739834,0.35616269080262436,1088.0,residual_pinn,17.761287086888363,17.761287086888363
0.0,0.7326058917923978,141.03186496935393,0.07389589673594425,0.35631883771795975,1089.0,residual_pinn,14.289034592477899,14.289034592477899
0.0,0.6949417732263866,127.51832279406096,0.07385442209871192,0.356183985346242,1090.0,residual_pinn,12.93013166126452,12.93013166126452
0.0,0.5242199223292502,157.57431150737563,0.07386488428241328,0.356046819373181,1091.0,residual_pinn,15.901573645441156,15.901573645441156
0.0,0.46682120859622955,150.92314629805716,0.07386904327492964,0.356043898745587,1092.0,residual_pinn,15.224976840772127,15.224976840772127
0.0,0.4971526955303393,120.08702388562654,0.07388598824802198,0.3561014329132281,1093.0,residual_pinn,12.147437723059403,12.147437723059403
0.0,0.46860115779073613,156.42785604376542,0.07388292998075485,0.3563144363855061,1094.0,residual_pinn,15.775831473501105,15.775831473501105
0.0,0.8391959212328258,165.0276318600303,0.07388933512725328,0.35629945679714803,1095.0,residual_pinn,16.70992733302869,16.70992733302869
0.0,0.8421864807605743,125.3757657502827,0.07390109135916359,0.3563176377823478,1096.0,residual_pinn,12.745340748837119,12.745340748837119
0.0,0.7110597240297418,121.33184212132504,0.07386077901250437,0.35604825459028544,1097.0,residual_pinn,12.31469410344174,12.31469410344174
0.0,0.7485311392106508,277.1599859940378,0.07390554641422473,0.35617132092777054,1098.0,residual_pinn,27.905017752396432,27.905017752396432
0.0,0.736219059479864,150.0491505673057,0.07387966074441608,0.35622804102144745,1099.0,residual_pinn,15.191475717644943,15.191475717644943
0.0,0.6200681038592991,113.8626998098273,0.07389407761787113,0.35611836847506073,1100.0,residual_pinn,11.549590336649041,11.549590336649041
0.0,0.8569848529602352,147.61649382741828,0.07389978750755913,0.3561270738902845,1101.0,residual_pinn,14.97235433678878,14.97235433678878
0.0,0.5796962129442316,165.4717085988898,0.0738955296968159,0.3561133977613951,1102.0,residual_pinn,16.702416771336605,16.702416771336605
0.0,0.7337319945034227,159.49693740041633,0.07392056011839916,0.356203179610403,1103.0,residual_pinn,16.13575644242136,16.13575644242136
0.0,1.2194654220028927,168.0882427817897,0.07391801437264994,0.3562410803217637,1104.0,residual_pinn,17.092037276217813,17.092037276217813
0.0,0.7055189625213021,116.61380185578999,0.07389514736439053,0.35623673545686824,1105.0,residual_pinn,11.841802496659128,11.841802496659128
0.0,0.6366148551827983,132.2626698142604,0.07388951903895329,0.3562633724589097,1106.0,residual_pinn,13.3929107063695,13.3929107063695
0.0,0.7467547121800875,136.71294121993216,0.07387756438631761,0.35647360431520564,1107.0,residual_pinn,13.859986706783896,13.859986706783896
0.0,0.8191906739222375,128.31894262213456,0.07389963575099644,0.35628896794821086,1108.0,residual_pinn,13.035056616130628,13.035056616130628
0.0,0.756809347554257,126.84160373085423,0.07388140221959666,0.35613607262310226,1109.0,residual_pinn,12.874829869521292,12.874829869521292
0.0,0.5407432843195764,140.02923202514648,0.07391539765031714,0.35615592096981247,1110.0,residual_pinn,14.150383572829398,14.150383572829398
0.0,0.9394218670694452,150.29678164030375,0.07390257324043073,0.35617387608477946,1111.0,residual_pinn,15.256875264017205,15.256875264017205
0.0,0.7431644452245612,109.20182438900596,0.07389779153623079,0.35624218300769206,1112.0,residual_pinn,11.108134470487895,11.108134470487895
0.0,0.5087186694145203,111.03374400891755,0.07388713799024883,0.35612952709198,1113.0,residual_pinn,11.244425773620605,11.244425773620605
0.0,0.6171132177114487,108.17558308651573,0.07392137850585737,0.3562335026891608,1114.0,residual_pinn,10.980300740191812,10.980300740191812
0.0,0.6605681259381143,117.78357957538806,0.07388774776145031,0.3563164692176016,1115.0,residual_pinn,11.949797705600137,11.949797705600137
0.0,0.7173306377310502,140.69864714773078,0.07387251995111767,0.3561824387625644,1116.0,residual_pinn,14.252642982884458,14.252642982884458
0.0,0.4487074284177077,144.46902927599456,0.07386242715935958,0.3561166195492995,1117.0,residual_pinn,14.575949543400816,14.575949543400816
0.0,0.4684755653142929,114.53951785438939,0.07388568983266228,0.3560734234358135,1118.0,residual_pinn,11.586948746129087,11.586948746129087
0.0,0.6513893212142744,141.26769095972963,0.07391633956055892,0.35626636994512456,1119.0,residual_pinn,14.296369376935457,14.296369376935457
0.0,0.4975461010870181,122.87118490118729,0.07387205566230573,0.35608189984371785,1120.0,residual_pinn,12.425929671839663,12.425929671839663
0.0,0.6009183824062347,124.27991927297492,0.07391507845175893,0.35625053393213374,1121.0,residual_pinn,12.587496456347013,12.587496456347013
0.0,0.5279001083813215,137.7713126132363,0.073891518539504,0.35625008376021133,1122.0,residual_pinn,13.922030850460654,13.922030850460654
0.0,0.43919103082857636,110.02171928004215,0.07386595834242671,0.35624686667793676,1123.0,residual_pinn,11.12932845165855,11.12932845165855
0.0,0.5890434180435381,150.4750209607576,0.07386073548542826,0.35614334595830816,1124.0,residual_pinn,15.204618353592721,15.204618353592721
0.0,0.5954891882444683,149.63108042666786,0.07386494663200881,0.3563208642758821,1125.0,residual_pinn,15.121531787671541,15.121531787671541
0.0,0.4884770732176931,134.67335490176552,0.07386146917154915,0.3561212702801353,1126.0,residual_pinn,13.60433628684596,13.60433628684596
0.0,0.9082420327161488,134.26197895250823,0.07389537362675917,0.3561612257831975,1127.0,residual_pinn,13.647157618873997,13.647157618873997
0.0,1.271774991562492,109.65507507324219,0.07393160815301694,0.3562346806651668,1128.0,residual_pinn,11.259182804509214,11.259182804509214
0.0,0.6202142269987809,116.36475352237099,0.07389441759962785,0.35619272683796127,1129.0,residual_pinn,11.799832218571714,11.799832218571714
0.0,0.5368052266146007,123.40650156924599,0.07386813822545503,0.3561617590879139,1130.0,residual_pinn,12.487321150930304,12.487321150930304
0.0,0.5539367951844868,143.91531572843851,0.07390329986810684,0.3561482853011081,1131.0,residual_pinn,14.54162893797222,14.54162893797222
0.0,0.5104939733680925,118.60663925973992,0.07389754056930542,0.356313589372133,1132.0,residual_pinn,12.002089224363628,12.002089224363628
0.0,0.47382160864378275,112.40471970407586,0.07388458361751155,0.35609572968984904,1133.0,residual_pinn,11.374540153302645,11.374540153302645
0.0,0.4637623374399386,121.33157328555458,0.07389631671340842,0.35619537297048065,1134.0,residual_pinn,12.265224381497031,12.265224381497031
0.0,0.5571307304658388,169.6154122603567,0.07392466185908568,0.3563270223768134,1135.0,residual_pinn,17.112296857331927,17.112296857331927
0.0,0.7167314353742098,185.53158810264185,0.07390870467612617,0.35612450932201584,1136.0,residual_pinn,18.735812889902217,18.735812889902217
0.0,0.7480889362724203,165.20965234856857,0.0738658944242879,0.3561989100355851,1137.0,residual_pinn,16.709896338613408,16.709896338613408
0.0,0.3780765902054937,104.25125362998561,0.07387041771098186,0.35627292018187673,1138.0,residual_pinn,10.540061674619976,10.540061674619976
0.0,0.50280152653393,119.35193312795539,0.07390526211575459,0.35630005911776896,1139.0,residual_pinn,12.075079315587095,12.075079315587095
0.0,0.6614138633012772,145.01454363371195,0.07386902562881771,0.3561733004293944,1140.0,residual_pinn,14.67304801940918,14.67304801940918
0.0,0.6339665721905859,166.14788376657586,0.07396834147603888,0.35664686090067815,1141.0,residual_pinn,16.78094522576583,16.78094522576583
0.0,0.3873644000605533,155.60241819682875,0.07398788003545058,0.35705849371458354,1142.0,residual_pinn,15.677120409513774,15.677120409513774
0.0,0.5286276246372023,143.8018698441355,0.0739527489793928,0.3566282501346187,1143.0,residual_pinn,14.525273448542544,14.525273448542544
0.0,0.3973449680366014,141.1527623628315,0.07389017351363834,0.3560861035397178,1144.0,residual_pinn,14.234048717900327,14.234048717900327
0.0,0.5188876806121123,170.96319760774313,0.07386731317168788,0.3562853885324378,1145.0,residual_pinn,17.239419686166865,17.239419686166865
0.0,0.4054943229022779,136.9319624649851,0.07387332539809377,0.3564544257364775,1146.0,residual_pinn,13.813634797146445,13.813634797146445
0.0,0.5653251205620012,124.93968722694798,0.07388696741116674,0.35639602259585734,1147.0,residual_pinn,12.646367963991667,12.646367963991667
0.0,0.5012843216720381,106.20512590910259,0.0738729277723714,0.35650320272696645,1148.0,residual_pinn,10.760113615738717,10.760113615738717
0.0,0.5995438004794874,124.46770577681691,0.07385922027261634,0.3560583011100167,1149.0,residual_pinn,12.605978162665116,12.605978162665116
0.0,0.5837724444113279,115.41789807771382,0.07387470336336839,0.3560421921704945,1150.0,residual_pinn,11.697842321897808,11.697842321897808
0.0,0.5546837284376747,119.68487609060188,0.0738840663903638,0.35610712045117426,1151.0,residual_pinn,12.118729490982858,12.118729490982858
0.0,0.5777233603753542,121.21803082917866,0.07387774476879522,0.35603066808299016,1152.0,residual_pinn,12.276644857306229,12.276644857306229
0.0,0.6989491252522719,105.2388243424265,0.07385906145760887,0.35604768364053024,1153.0,residual_pinn,10.702970253793817,10.702970253793817
0.0,0.49594630222571523,106.55657457050525,0.07386165190684169,0.3562252207806236,1154.0,residual_pinn,10.794162511825562,10.794162511825562
0.0,0.5118902615810695,103.88432131315533,0.07386376277396553,0.35654533379956294,1155.0,residual_pinn,10.530158143294486,10.530158143294486
0.0,0.5485266964686545,99.8198433926231,0.0738904656548249,0.35615960077235576,1156.0,residual_pinn,10.131000079606709,10.131000079606709
0.0,0.5582520036320937,179.12580269261412,0.07389111777669505,0.3561317073671441,1157.0,residual_pinn,18.063538752104108,18.063538752104108
0.0,0.5955103369135606,131.36496835005912,0.07388435304164886,0.35621501583802073,1158.0,residual_pinn,13.294914847926089,13.294914847926089
0.0,0.46817914514165176,110.07032173558285,0.07388935159695775,0.35610193170999227,1159.0,residual_pinn,11.139972962831196,11.139972962831196
0.0,0.530813206183283,123.15587776585629,0.07388920258534581,0.35614100412318583,1160.0,residual_pinn,12.461059269152189,12.461059269152189
0.0,0.8445420704389873,140.95378976119193,0.0738743920075266,0.35958067837514374,1161.0,residual_pinn,14.303939392692165,14.303939392692165
0.0,0.5452356444377648,123.9943962097168,0.07389598339796066,0.3612002698998702,1162.0,residual_pinn,12.548301885002537,12.548301885002537
0.0,0.528440574282094,160.02412033081055,0.07389417447541889,0.36081196289313466,1163.0,residual_pinn,16.147876187374717,16.147876187374717
0.0,0.5794340623052496,107.32627708033512,0.07390259676857998,0.3590354056734788,1164.0,residual_pinn,10.888113423397666,10.888113423397666
0.0,0.9903377012202614,123.29603857743113,0.07388452597354588,0.35646219002573115,1165.0,residual_pinn,12.567011808094225,12.567011808094225
0.0,0.6447014134181174,121.2892733122173,0.07388779560202047,0.35618021770527486,1166.0,residual_pinn,12.297180100491172,12.297180100491172
0.0,0.5098928746424223,144.89664941085013,0.07388889711154134,0.35613649612978887,1167.0,residual_pinn,14.630951831215306,14.630951831215306
0.0,0.39552530175761175,135.14560809888337,0.07389811936177705,0.35618140509254054,1168.0,residual_pinn,13.632979480843796,13.632979480843796
0.0,0.43630673853974594,117.00142910605983,0.07388708779686376,0.3561417083991201,1169.0,residual_pinn,11.826712909497713,11.826712909497713
0.0,0.4155667706539756,101.3955740677683,0.07388647214362495,0.35615999918234975,1170.0,residual_pinn,10.261981311597323,10.261981311597323
0.0,0.4541926964333183,111.41350535342568,0.07391594115056489,0.3562617960729097,1171.0,residual_pinn,11.27151137904117,11.27151137904117
0.0,0.3973432693042253,88.52236386349327,0.07390253951675013,0.35621562600135803,1172.0,residual_pinn,8.971021903188605,8.971021903188605
0.0,0.38660505414009094,89.76787165591591,0.07388784501113389,0.35609899225987884,1173.0,residual_pinn,9.093412625162225,9.093412625162225
0.0,0.441014322795366,162.79737352070055,0.07396334448927327,0.3565035242783396,1174.0,residual_pinn,16.407288927780954,16.407288927780954
0.0,0.8098191179727253,181.19919003938375,0.07389339138018458,0.35615796635025426,1175.0,residual_pinn,18.32119359468159,18.32119359468159
0.0,0.7204335378973108,181.80456061112253,0.07392592884992298,0.35630522276225846,1176.0,residual_pinn,18.363869529021414,18.363869529021414
0.0,0.6619751610253987,150.51037035490336,0.07392108479612752,0.35635409072825786,1177.0,residual_pinn,15.222763638747367,15.222763638747367
0.0,0.9384359450716722,152.60555166947213,0.07393394724318855,0.3562705987378171,1178.0,residual_pinn,15.48756604445608,15.48756604445608
0.0,0.5250073083137211,102.53151943809108,0.0739115602091739,0.3563200439277448,1179.0,residual_pinn,10.397481177982531,10.397481177982531
0.0,0.5864097538747286,129.25602099769995,0.07387402810548481,0.3564031986813796,1180.0,residual_pinn,13.082218007037515,13.082218007037515
0.0,0.5190024093577736,124.49761360570004,0.07386251931127749,0.3560863623493596,1181.0,residual_pinn,12.592863810689826,12.592863810689826
0.0,0.43661527727779587,101.48862095883018,0.07385901479344618,0.3560592202763808,1182.0,residual_pinn,10.275484135276393,10.275484135276393
0.0,0.6692762029798407,163.3566484953228,0.07388724151410554,0.35616312842620046,1183.0,residual_pinn,16.508831174750078,16.508831174750078
0.0,0.8588862246588657,191.93940212852075,0.07386107468291332,0.35608939434352677,1184.0,residual_pinn,19.405019458971527,19.405019458971527
0.0,0.527475829971464,122.32726789775647,0.07386942560735502,0.35610606168445785,1185.0,residual_pinn,12.377526258167467,12.377526258167467
0.0,0.4986729174852371,97.18567757857473,0.07386204482693422,0.35615048439879166,1186.0,residual_pinn,9.857610790353073,9.857610790353073
0.0,0.4452927489029734,96.41463932238128,0.07386375336270583,0.3561736486460033,1187.0,residual_pinn,9.769833037727757,9.769833037727757
0.0,0.40530114424856084,85.26778552406712,0.0738617479801178,0.35628891304919597,1188.0,residual_pinn,8.647160781057257,8.647160781057257
0.0,0.5395137902937437,116.86582605462326,0.07389034134776969,0.35630106298547043,1189.0,residual_pinn,11.833810053373638,11.833810053373638
0.0,0.5858202529580969,164.33359939173647,0.07389779035982333,0.3562616266702351,1190.0,residual_pinn,16.589845142866437,16.589845142866437
0.0,0.9147201949044278,118.31302582590203,0.07389940909649197,0.356198765729603,1191.0,residual_pinn,12.053561888243022,12.053561888243022
0.0,1.2785968372696324,121.22425079345703,0.0738756515477833,0.3560957814517774,1192.0,residual_pinn,12.417448068919935,12.417448068919935
0.0,0.972657342490397,102.17328995152523,0.07387310384135497,0.3560568784412585,1193.0,residual_pinn,10.45115990387766,10.45115990387766
0.0,0.5492200804384131,99.16253923114978,0.07389361019197263,0.35610140781653554,1194.0,residual_pinn,10.065402758748908,10.065402758748908
0.0,0.411197808228041,159.60846991288034,0.073920218960235,0.3566582187225944,1195.0,residual_pinn,16.08244868328697,16.08244868328697
0.0,0.5477321069491538,111.05400366532176,0.07395854827604796,0.35704218713860764,1196.0,residual_pinn,11.254349081139816,11.254349081139816
0.0,0.4654929630066219,122.8723558124743,0.07396187201926582,0.35680886632517766,1197.0,residual_pinn,12.419713334033364,12.419713334033364
0.0,0.4875149146506661,99.457275390625,0.07393548676842138,0.3562324909787429,1198.0,residual_pinn,10.082550651148745,10.082550651148745
0.0,0.620602377151188,90.11200011403938,0.07388417579625782,0.3561113539494966,1199.0,residual_pinn,9.17462608688756,9.17462608688756
0.0,0.689357119171243,106.34993081343801,0.07386708573291176,0.35604442577613027,1200.0,residual_pinn,10.812162549872147,10.812162549872147
0.0,0.5113887637853622,125.51599201403167,0.07386776373574608,0.3560869631014372,1201.0,residual_pinn,12.693179155650892,12.693179155650892
0.0,1.3077298308673657,151.77465940776625,0.07386780687068638,0.35609627711145503,1202.0,residual_pinn,15.478315152620015,15.478315152620015
0.0,1.0068780701411397,127.89134637933029,0.07385362174950148,0.3560976935060401,1203.0,residual_pinn,13.02981246145148,13.02981246145148
0.0,0.5296638113887686,129.91276791221216,0.07386939306008189,0.3561725271375556,1204.0,residual_pinn,13.136520435935573,13.136520435935573
0.0,0.3875479635439421,100.24063853213661,0.0738660391224058,0.35636237263679504,1205.0,residual_pinn,10.140903247030158,10.140903247030158
0.0,0.4207157131872679,104.93863467166298,0.07386300242260883,0.35614919819329915,1206.0,residual_pinn,10.617314941004702,10.617314941004702
0.0,0.4296523724731646,97.18691594977128,0.07386715749376699,0.35616421072106613,1207.0,residual_pinn,9.84393212669774,9.84393212669774
0.0,0.5417440565008866,97.41284581234581,0.0738705929956938,0.3560968888433356,1208.0,residual_pinn,9.888936645106265,9.888936645106265
0.0,0.4173612186783238,125.30302971287777,0.0738836668039623,0.35619351110960307,1209.0,residual_pinn,12.6530889460915,12.6530889460915
0.0,0.4221364683226535,116.59522247314453,0.07388661958669361,0.3561142651658309,1210.0,residual_pinn,11.783255727667557,11.783255727667557
0.0,0.4712736504642587,109.33744530928762,0.07386528347667895,0.3561253265330666,1211.0,residual_pinn,11.067305339010138,11.067305339010138
0.0,0.4831594213059074,92.58213504992034,0.07387284895307139,0.3561263947110427,1212.0,residual_pinn,9.394152051524111,9.394152051524111
0.0,0.4642066963409123,91.3677295885588,0.07389734214858006,0.3561502585285588,1213.0,residual_pinn,9.2689242613943,9.2689242613943
0.0,0.5922086082006756,104.13777622423675,0.07389361568187412,0.35612400425107854,1214.0,residual_pinn,10.571526464663053,10.571526464663053
0.0,0.4996229080777419,102.98037237870066,0.07390261245401282,0.35620082208984777,1215.0,residual_pinn,10.43727707862854,10.43727707862854
0.0,0.4103316201975471,113.04064539859169,0.07386552228739388,0.356117634396804,1216.0,residual_pinn,11.425436283412733,11.425436283412733
0.0,0.5900348064146543,89.75882660715203,0.07391961977670067,0.3562386663336503,1217.0,residual_pinn,9.133209692804437,9.133209692804437
0.0,0.44157513976097107,99.68807340923108,0.07390107018382926,0.3561488719362962,1218.0,residual_pinn,10.096432736045436,10.096432736045436
0.0,0.7314477453106328,159.6820182800293,0.07388322682757127,0.3560721293876046,1219.0,residual_pinn,16.15379305889732,16.15379305889732
0.0,0.8878822828594007,98.46918096040424,0.07389972672650688,0.3562263360148982,1220.0,residual_pinn,10.063812117827567,10.063812117827567
0.0,0.7122845430123178,101.1687216507761,0.07389624652109648,0.3561144675079145,1221.0,residual_pinn,10.298635658464933,10.298635658464933
0.0,0.6463792182897267,107.75490951538086,0.07390625696433217,0.356457581645564,1222.0,residual_pinn,10.944108159918533,10.944108159918533
0.0,0.421820657817941,128.15380979839125,0.07388170102709218,0.3559026906364842,1223.0,residual_pinn,12.93902944263659,12.93902944263659
0.0,0.6751096774088708,103.90933619047466,0.07389904088095615,0.35424425413734034,1224.0,residual_pinn,10.565074995944375,10.565074995944375
0.0,0.5253422777903708,140.67703568307977,0.0739196558531962,0.3542194335084212,1225.0,residual_pinn,14.211890496705708,14.211890496705708
0.0,0.5907736248091647,103.11208905671772,0.07390762159698888,0.3543071919365933,1226.0,residual_pinn,10.468490199038857,10.468490199038857
0.0,0.5160483545378635,102.50174873753598,0.07390651538183815,0.3543927449929087,1227.0,residual_pinn,10.39251937364277,10.39251937364277
0.0,0.8292475389806848,103.17739295959473,0.07387902744506535,0.35409068120153325,1228.0,residual_pinn,10.522692090586611,10.522692090586611
0.0,0.7233135966878188,88.79233601218776,0.07388697839096973,0.3540761878615932,1229.0,residual_pinn,9.062998859505905,9.062998859505905
0.0,0.42683098112282,82.77865158884148,0.07392085657307976,0.3542033967218901,1230.0,residual_pinn,8.402347847035056,8.402347847035056
0.0,0.3807579341687654,84.70719749049137,0.0738910491529264,0.35400738527900294,1231.0,residual_pinn,8.585966700001768,8.585966700001768
0.0,0.401779368519783,80.48254474840667,0.07390053570270538,0.3541375288837834,1232.0,residual_pinn,8.16771916339272,8.16771916339272
0.0,0.667722750651209,113.94543718036853,0.07387389125008333,0.3542201722923078,1233.0,residual_pinn,11.567203898178903,11.567203898178903
0.0,0.5420794675224706,177.13496800472862,0.07386538817694313,0.35416592892847565,1234.0,residual_pinn,17.861022723348515,17.861022723348515
0.0,0.572580906905626,124.19486176340203,0.07385947594517156,0.35403008994303253,1235.0,residual_pinn,12.573098810095535,12.573098810095535
0.0,0.6520076237226787,110.5509366487202,0.0738664406694864,0.35401360769020884,1236.0,residual_pinn,11.224590226223594,11.224590226223594
0.0,0.6371346461145502,103.96603734869706,0.07389935223679793,0.3541013708240108,1237.0,residual_pinn,10.563135962737235,10.563135962737235
0.0,0.5539725744410565,103.98315269068668,0.07388277783205635,0.354036818993719,1238.0,residual_pinn,10.548207973179064,10.548207973179064
0.0,0.6245241259273729,102.0035121315404,0.07390990500387393,0.3544322111104664,1239.0,residual_pinn,10.364394852989598,10.364394852989598
0.0,0.559844035851328,102.29282198454204,0.07386394276430733,0.3541776365355441,1240.0,residual_pinn,10.380362159327456,10.380362159327456
0.0,0.588935839502435,107.32758070293225,0.07387856903829072,0.35404585066594574,1241.0,residual_pinn,10.889643976562901,10.889643976562901
0.0,0.5059282285602469,114.28088619834499,0.07389181852340698,0.3540380189293309,1242.0,residual_pinn,11.568373002504048,11.568373002504048
0.0,0.5734862246011433,117.42029772306743,0.07387850041452207,0.35404514639001144,1243.0,residual_pinn,11.89582573740106,11.89582573740106
0.0,0.4883036527194475,92.25496071263363,0.07390490056652772,0.35434253278531525,1244.0,residual_pinn,9.36228649239791,9.36228649239791
0.0,0.537955608807112,117.10948522467362,0.07391582507836192,0.35429296995464127,1245.0,residual_pinn,11.857665061950684,11.857665061950684
0.0,0.6275219587903273,95.41539985255191,0.07389864247096212,0.35412195168043437,1246.0,residual_pinn,9.706151510539808,9.706151510539808
0.0,0.47818332283120407,94.94755303232293,0.07391340677675448,0.35420090273806926,1247.0,residual_pinn,9.629507905558535,9.629507905558535
0.0,0.4184597016949403,105.26047897338867,0.0738899547018503,0.35411257492868525,1248.0,residual_pinn,10.648846036509463,10.648846036509463
0.0,0.4835761244359769,88.5689626994886,0.07390592992305756,0.35416078253796224,1249.0,residual_pinn,8.992723050870394,8.992723050870394
0.0,0.43396776836169393,95.2684296055844,0.0738827225409056,0.35413942525261327,1250.0,residual_pinn,9.652744770050049,9.652744770050049
0.0,0.4457928373625404,102.36302385832134,0.07386879505295503,0.3540346967546563,1251.0,residual_pinn,10.364557994039435,10.364557994039435
0.0,0.9685408912206951,107.13424421611585,0.07385728429806859,0.35399647919755234,1252.0,residual_pinn,10.946225693351344,10.946225693351344
0.0,0.5569582158013394,91.68193355359529,0.07387766085172955,0.35413201231705516,1253.0,residual_pinn,9.318692345368234,9.318692345368234
0.0,0.4490163028240204,87.09616490414268,0.07389880285451286,0.35441189847494425,1254.0,residual_pinn,8.83855616418939,8.83855616418939
0.0,0.3768049502059033,93.39752468309905,0.07389640964959797,0.35439978932079513,1255.0,residual_pinn,9.454248679311652,9.454248679311652
0.0,0.6436208839479246,109.17748963205437,0.07390689026368291,0.3551265267949355,1256.0,residual_pinn,11.085681036898965,11.085681036898965
0.0,0.5443278315820193,145.04927484612716,0.07391170137806942,0.35525965533758463,1257.0,residual_pinn,14.653014785365054,14.653014785365054
0.0,0.45757939313587387,129.29423643413344,0.07389112483513982,0.35429754696394267,1258.0,residual_pinn,13.060064190312437,13.060064190312437
0.0,0.5099302483232397,85.69077983655427,0.07389302708600697,0.3541165402061061,1259.0,residual_pinn,8.710170469785991,8.710170469785991
0.0,0.5610289338387942,107.78791467767013,0.0738874603258936,0.35411143930334793,1260.0,residual_pinn,10.930103025938335,10.930103025938335
0.0,1.1734227255771035,267.9907852975946,0.07398027103198201,0.354697889403293,1261.0,residual_pinn,27.072932193153783,27.072932193153783
0.0,1.3428400613759692,169.4235994439376,0.07392528849212747,0.3544999957084656,1262.0,residual_pinn,17.250074838337145,17.250074838337145
0.0,1.3808928728103638,118.29398064864309,0.07392461833200957,0.354398659969631,1263.0,residual_pinn,12.144713000247354,12.144713000247354
0.0,0.940573798198449,120.53373236405223,0.07390096940492329,0.35440432554797124,1264.0,residual_pinn,12.280623611650968,12.280623611650968
0.0,0.4896867557575828,151.239738665129,0.07388850301504135,0.35424517016661794,1265.0,residual_pinn,15.261030397917095,15.261030397917095
0.0,0.5232217703994951,229.5271080418637,0.0738999655372218,0.35416727944424276,1266.0,residual_pinn,23.096467068320827,23.096467068320827
0.0,0.5390611659539374,146.4482367666144,0.07387216859742214,0.35395944118499756,1267.0,residual_pinn,14.79172588649549,14.79172588649549
0.0,0.4878078636370207,113.98974549142937,0.07389394860518606,0.35403000994732503,1268.0,residual_pinn,11.535634266702752,11.535634266702752
0.0,0.43508576248821457,105.60721768830952,0.07387907293282057,0.35397826056731374,1269.0,residual_pinn,10.686830984918695,10.686830984918695
0.0,0.5426345302870399,98.10769231695878,0.07386673163426549,0.35400162245097916,1270.0,residual_pinn,9.958389809257106,9.958389809257106
0.0,0.5538216688131031,123.01559930098684,0.07386730454469982,0.3539467171618813,1271.0,residual_pinn,12.451412577378122,12.451412577378122
0.0,0.7866383492946625,115.35731867740029,0.0738963763180532,0.354048186226895,1272.0,residual_pinn,11.73215933849937,11.73215933849937
0.0,0.6887602084561398,114.89794520327919,0.07390380258622922,0.35406372578520523,1273.0,residual_pinn,11.666648262425474,11.666648262425474
0.0,0.9313310165154306,120.86473444888466,0.07386858447601921,0.35400413996294927,1274.0,residual_pinn,12.31183355732968,12.31183355732968
0.0,1.2378400877902382,151.23606671785055,0.07386872446850727,0.3539838837949853,1275.0,residual_pinn,15.41026624880339,15.41026624880339
0.0,0.6179262807494715,102.042413209614,0.07386986989724009,0.35403203023107427,1276.0,residual_pinn,10.366923394956087,10.366923394956087
0.0,0.4329278445557544,86.7385233828896,0.07389860561019496,0.35414992194426687,1277.0,residual_pinn,8.79954779775519,8.79954779775519
0.0,0.5805154207505678,95.95319486919202,0.0738647062527506,0.35417407907937704,1278.0,residual_pinn,9.75053334236145,9.75053334236145
0.0,0.4197793218650316,79.38484693828381,0.07386755629589684,0.35399787206398814,1279.0,residual_pinn,8.061533915369134,8.061533915369134
0.0,0.5241651770315672,82.12247266267475,0.0738979417242502,0.3540905023875989,1280.0,residual_pinn,8.35618449512281,8.35618449512281
0.0,0.4755029082298279,87.45961540623715,0.07388609490896526,0.3541242590076045,1281.0,residual_pinn,8.880169115568462,8.880169115568462
0.0,0.9881837022931952,109.17655784205387,0.07390368533761878,0.35421303071473775,1282.0,residual_pinn,11.154409333279258,11.154409333279258
0.0,1.1425178050994873,86.53961884348016,0.07391318835710224,0.3542173504829407,1283.0,residual_pinn,8.9215827741121,8.9215827741121
0.0,0.5071605796876707,81.93192993967156,0.07388562434598019,0.35405904838913366,1284.0,residual_pinn,8.333725377133018,8.333725377133018
0.0,0.42444940460355657,93.75984974911339,0.07388905514227717,0.35403954198485926,1285.0,residual_pinn,9.499973485344334,9.499973485344334
0.0,0.6620146459654758,89.2788317830939,0.07391451024695446,0.35438132599780436,1286.0,residual_pinn,9.099420120841579,9.099420120841579
0.0,0.4389170023955797,78.56255842510022,0.07389260279504876,0.3541630804538727,1287.0,residual_pinn,7.983150356694272,7.983150356694272
0.0,0.433246647841052,111.3584048622533,0.07389449406611293,0.35413512273838643,1288.0,residual_pinn,11.26159806000559,11.26159806000559
0.0,0.4729656679065604,117.742870130037,0.07388711210928466,0.35402564155428035,1289.0,residual_pinn,11.907977530830784,11.907977530830784
0.0,0.6135020271727913,145.4188073810778,0.0738717733245147,0.3540315690793489,1290.0,residual_pinn,14.703678143651862,14.703678143651862
0.0,0.5255315076363715,122.12259272525185,0.07392350545054988,0.35426647882712514,1291.0,residual_pinn,12.356488629391318,12.356488629391318
0.0,0.4501355666863291,100.22188728734066,0.07387507981375645,0.35427066526914897,1292.0,residual_pinn,10.151336895792108,10.151336895792108
0.0,0.6294779510874497,132.13395449989721,0.07389168323654878,0.3541215517018971,1293.0,residual_pinn,13.378398192556281,13.378398192556281
0.0,0.565244587628465,103.43239432887027,0.07388984451168462,0.3540600146117963,1294.0,residual_pinn,10.49538913526033,10.49538913526033
0.0,0.46775312800156443,94.61770308645148,0.07386394668566554,0.35401831959423263,1295.0,residual_pinn,9.594416078768278,9.594416078768278
0.0,0.5467740038507863,78.74856085526316,0.07391233506955598,0.35409193133053024,1296.0,residual_pinn,8.023315893976312,8.023315893976312
0.0,0.5240913551104697,114.27510191264905,0.07391835474654247,0.3542139702721646,1297.0,residual_pinn,11.571445810167413,11.571445810167413
0.0,0.9984749108552933,175.6347457484195,0.07390079804156956,0.35414193492186696,1298.0,residual_pinn,17.80227902061061,17.80227902061061
0.0,0.8137981279900199,100.32980145906147,0.07386198522228944,0.354015124471564,1299.0,residual_pinn,10.234834721213893,10.234834721213893
0.0,0.6053518323521865,72.20657007317794,0.07389986358190838,0.35407508047003494,1300.0,residual_pinn,7.380829911482961,7.380829911482961
0.0,0.4688059703299874,82.36233199270148,0.07389930478836361,0.3555018886139518,1301.0,residual_pinn,8.369239430678519,8.369239430678519
0.0,0.48621155792161036,105.54668908370168,0.07390176112714567,0.35406315954107986,1302.0,residual_pinn,10.691013085214715,10.691013085214715
0.0,0.41548115720874385,73.86656510202508,0.07385780936793278,0.353997655605015,1303.0,residual_pinn,7.508845605348286,7.508845605348286
0.0,0.4893055181754263,73.29472441422313,0.07388373895695335,0.3539956792404777,1304.0,residual_pinn,7.466427326202393,7.466427326202393
0.0,0.6784577071666718,95.36349246376439,0.07388957864359806,0.3540533906535098,1305.0,residual_pinn,9.711140908693013,9.711140908693013
0.0,0.6396142887441736,122.74462167840255,0.0739319414684647,0.35440351304255036,1306.0,residual_pinn,12.441521995945982,12.441521995945982
0.0,0.5553621869338187,126.54868457191868,0.07394335575793919,0.35579742569672435,1307.0,residual_pinn,12.80521781821,12.80521781821
0.0,0.6416061802914268,116.19230049534848,0.07388013052312951,0.359609327818218,1308.0,residual_pinn,11.787206436458387,11.787206436458387
0.0,0.5612192310784992,87.02430624710887,0.07388192376023844,0.35498072128546865,1309.0,residual_pinn,8.853866828115363,8.853866828115363
0.0,0.5462767313185491,87.7247593528346,0.0738727156268923,0.3541137999609897,1310.0,residual_pinn,8.920836436121087,8.920836436121087
0.0,0.5126856330193972,91.9014536205091,0.07390814117695156,0.3543063888424321,1311.0,residual_pinn,9.331808956045853,9.331808956045853
0.0,0.578619825212579,90.90481728001645,0.07388498477245632,0.35404521854300247,1312.0,residual_pinn,9.245304459019712,9.245304459019712
0.0,0.6789130395964572,99.44660688701428,0.0739041849186546,0.354061484336853,1313.0,residual_pinn,10.119544869975039,10.119544869975039
0.0,0.5093612200335452,104.91198569849918,0.0739168199269395,0.35416865662524577,1314.0,residual_pinn,10.632183802755256,10.632183802755256
0.0,0.5497118854208997,84.90091243543122,0.07392778090740505,0.35427565794242055,1315.0,residual_pinn,8.639157709322477,8.639157709322477
0.0,0.44708061139834554,84.60749736585115,0.07394035591890938,0.35450522680031626,1316.0,residual_pinn,8.589313519628424,8.589313519628424
0.0,0.6294262095501548,83.09547083001388,0.07393608281486913,0.3544102169965443,1317.0,residual_pinn,8.474570349643106,8.474570349643106
0.0,0.6091719803057218,83.96814727783203,0.07387903175855938,0.35407508360712153,1318.0,residual_pinn,8.557750865032798,8.557750865032798
0.0,0.48320378363132477,88.91129363210578,0.07387443200538032,0.35399841321142095,1319.0,residual_pinn,9.02686377575523,9.02686377575523
0.0,0.5627294998419913,96.13937016537315,0.07389375449795473,0.35405666577188594,1320.0,residual_pinn,9.765583427328812,9.765583427328812
0.0,0.5067745407945231,115.70564290096885,0.07391576586585295,0.35420433627931697,1321.0,residual_pinn,11.711035653164512,11.711035653164512
0.0,0.5680822510468332,109.89552708675987,0.07392810324304983,0.3542748924932982,1322.0,residual_pinn,11.142293302636398,11.142293302636398
0.0,0.5571999440067693,88.11530303955078,0.07388467380875036,0.35455783574204697,1323.0,residual_pinn,8.962120570634541,8.962120570634541
0.0,0.45407783357720627,89.35269466199372,0.07389203498238012,0.3541540205478668,1324.0,residual_pinn,9.06519513381155,9.06519513381155
0.0,0.4618750096935975,81.72096232364052,0.07391168530050077,0.3542241265899257,1325.0,residual_pinn,8.303589482056466,8.303589482056466
0.0,0.4426605434794175,90.20500383879009,0.07387101963946693,0.35404498012442337,1326.0,residual_pinn,9.148130579998618,9.148130579998618
0.0,0.6390106952504108,92.06004474037572,0.0738843800990205,0.3541037910862973,1327.0,residual_pinn,9.372911428150378,9.372911428150378
0.0,0.6542289806039709,107.28254900480572,0.07388223864530262,0.3540674149990082,1328.0,residual_pinn,10.898201691476922,10.898201691476922
0.0,0.5981925459284532,121.26888335378547,0.07389572850967709,0.3540095514372775,1329.0,residual_pinn,12.285622797514263,12.285622797514263
0.0,0.5219264140254573,114.93347710057309,0.07388693917738764,0.3540002044878508,1330.0,residual_pinn,11.636827682193957,11.636827682193957
0.0,0.8384894258097598,101.91724837453742,0.07386639361318789,0.3539807592567645,1331.0,residual_pinn,10.398514258234124,10.398514258234124
0.0,0.8206576155988794,86.13135849802117,0.07388537416332647,0.3539905187330748,1332.0,residual_pinn,8.816360574019583,8.816360574019583
0.0,0.6673101147538737,83.66954100759406,0.0738895531547697,0.35401619421808345,1333.0,residual_pinn,8.539512295471994,8.539512295471994
0.0,0.5822876676132804,82.60499733372738,0.07386392864741777,0.3539653655729796,1334.0,residual_pinn,8.416047071155749,8.416047071155749
0.0,0.556494688517169,83.06096609015214,0.07387685971824746,0.35397721748603017,1335.0,residual_pinn,8.45648717880249,8.45648717880249
0.0,0.4394929024733995,100.6518574764854,0.07388903671189358,0.35417653071252925,1336.0,residual_pinn,10.192196431912874,10.192196431912874
0.0,0.5497326458755293,82.59181896008943,0.07387298463206542,0.35413806061995656,1337.0,residual_pinn,8.408236127150687,8.408236127150687
0.0,0.5161711087352351,90.3033786572908,0.07388330094124142,0.35416617518977117,1338.0,residual_pinn,9.172683138596383,9.172683138596383
0.0,0.5711824682198072,74.34741833335475,0.07389385292404577,0.35403450225528915,1339.0,residual_pinn,7.588076629136738,7.588076629136738
0.0,0.47410051603066294,88.01647507516961,0.073888424980013,0.35414655741892365,1340.0,residual_pinn,8.935576827902542,8.935576827902542
0.0,0.4476805721458636,79.16956228958934,0.07389807034479945,0.35427861621505335,1341.0,residual_pinn,8.045615334259836,8.045615334259836
0.0,0.4028186139307524,78.354693964908,0.07388647684925481,0.3540314686925788,1342.0,residual_pinn,7.955130639829133,7.955130639829133
0.0,0.47435009793231364,90.20288407175164,0.07386988793548785,0.3540389161360891,1343.0,residual_pinn,9.154255929746126,9.154255929746126
0.0,0.7204969729247847,80.4140258588289,0.07385940222363722,0.35400025624977915,1344.0,residual_pinn,8.224595007143522,8.224595007143522
0.0,0.5409187854904878,90.73841596904553,0.0738821574731877,0.3539890662619942,1345.0,residual_pinn,9.22111870113172,9.22111870113172
0.0,0.5004839912841195,76.2240259270919,0.07387329167441319,0.3540274767499221,1346.0,residual_pinn,7.761595864044993,7.761595864044993
0.0,0.4207831456472999,88.4942462318822,0.07386992440411919,0.35402733714956985,1347.0,residual_pinn,8.972677544543618,8.972677544543618
0.0,0.6657995299289101,92.01985549926758,0.0738865576292339,0.35411797699175385,1348.0,residual_pinn,9.374251666821932,9.374251666821932
0.0,0.9453889955031244,137.1571159362793,0.07388570198887273,0.35402074456214905,1349.0,residual_pinn,13.943885978899504,13.943885978899504
0.0,0.9523154371663144,148.81326012862357,0.07388871123916224,0.3541446139937953,1350.0,residual_pinn,15.110898494720459,15.110898494720459
0.0,0.7972620490350222,117.0276675977205,0.0739527038837734,0.3543296393595244,1351.0,residual_pinn,11.901349808040418,11.901349808040418
0.0,0.7229922821647242,100.27481400339227,0.07396203122640911,0.3548325849206824,1352.0,residual_pinn,10.211261146946958,10.211261146946958
0.0,0.7034286566470799,116.42942067196495,0.07394286911738546,0.35449971493921784,1353.0,residual_pinn,11.822775288632041,11.822775288632041
0.0,0.8133519997722224,91.09203137849507,0.07400019662944894,0.35469216265176473,1354.0,residual_pinn,9.31104286093461,9.31104286093461
0.0,0.458805030898044,81.44311704133686,0.07389874756336212,0.35421659287653473,1355.0,residual_pinn,8.275189550299393,8.275189550299393
0.0,0.42467080448803146,84.40999342265881,0.07389236437646966,0.35406377127296046,1356.0,residual_pinn,8.565034678107814,8.565034678107814
0.0,0.5458450168371201,75.2393519752904,0.07388543965000856,0.3541176193638852,1357.0,residual_pinn,7.672210254167256,7.672210254167256
0.0,0.7236227534319225,83.57941567270379,0.0738618738557163,0.3539713777993855,1358.0,residual_pinn,8.541756579750462,8.541756579750462
0.0,0.7281827048251504,74.25776832982113,0.07387226937632811,0.35415239553702504,1359.0,residual_pinn,7.610522320396022,7.610522320396022
0.0,0.7465746998786926,78.56541663721988,0.07385147323733882,0.35407182574272156,1360.0,residual_pinn,8.044956533532394,8.044956533532394
0.0,0.6560561743221784,67.96015468396638,0.07387654953881313,0.35402794574436386,1361.0,residual_pinn,6.966323300411827,6.966323300411827
0.0,0.5601896800492939,71.59710572895251,0.07388713524529808,0.35403124752797577,1362.0,residual_pinn,7.31084616560685,7.31084616560685
0.0,0.4439643095982702,67.19839417307,0.07389219693447414,0.35399563532126577,1363.0,residual_pinn,6.847726721512644,6.847726721512644
0.0,0.5141196737163946,90.19959530077483,0.07388000856888921,0.35405405885294866,1364.0,residual_pinn,9.161883078123394,9.161883078123394
0.0,0.8520428475580717,76.82702747144197,0.07386001238697454,0.3545021979432357,1365.0,residual_pinn,7.892254798035872,7.892254798035872
0.0,0.9290967583656311,83.5461973893015,0.07389597594738007,0.35611510904211746,1366.0,residual_pinn,8.579745719307347,8.579745719307347
0.0,0.9242196632058997,97.45704992193924,0.07387670247178328,0.35491928144505147,1367.0,residual_pinn,9.969734744021768,9.969734744021768
0.0,0.4841459487613879,101.0698894701506,0.07388762776788912,0.35447945877125386,1368.0,residual_pinn,10.242960402840062,10.242960402840062
0.0,0.4903614952376014,68.84244567469547,0.07388243941884291,0.35432283658730357,1369.0,residual_pinn,7.021443505036204,7.021443505036204
0.0,0.4494987843852294,64.04360148781224,0.07388493771615781,0.3541019841244346,1370.0,residual_pinn,6.533364433991282,6.533364433991282
0.0,0.48017243727257375,68.46260663082725,0.07388875398196672,0.3539996492235284,1371.0,residual_pinn,6.981389786067762,6.981389786067762
0.0,0.4602586823074441,80.50254420230263,0.07389760723239497,0.35404575655334874,1372.0,residual_pinn,8.181405719957853,8.181405719957853
0.0,0.6047839875283995,77.10201002422131,0.07390726592979933,0.3541716164664218,1373.0,residual_pinn,7.870270528291401,7.870270528291401
0.0,0.5359582532393304,64.72898157019364,0.07388696035272196,0.35414020795571177,1374.0,residual_pinn,6.619198410134566,6.619198410134566
0.0,0.4222868343717174,68.51473758095189,0.07389467405645471,0.35403346544817876,1375.0,residual_pinn,6.975029343052914,6.975029343052914
0.0,0.4465645002691369,105.549627806011,0.0739091799447411,0.3541773902742486,1376.0,residual_pinn,10.683389161762438,10.683389161762438
0.0,0.6552596547101673,112.78085809004934,0.07389089935704281,0.35418640469249923,1377.0,residual_pinn,11.448251071729159,11.448251071729159
0.0,0.7344872182921359,110.22187684711658,0.07390089725193225,0.3541999020074543,1378.0,residual_pinn,11.208200279035067,11.208200279035067
0.0,0.42628396341675207,72.88881432382684,0.07389901852921436,0.35406444731511566,1379.0,residual_pinn,7.413239679838481,7.413239679838481
0.0,0.4666730730157149,74.93192672729492,0.07388461538051304,0.35404708981513977,1380.0,residual_pinn,7.6256263256073,7.6256263256073
0.0,0.8181322248358476,85.91096496582031,0.07388693407962196,0.35399202296608373,1381.0,residual_pinn,8.793816629209017,8.793816629209017
0.0,0.6449871729863318,117.99700847424958,0.07387589427985643,0.353974544688275,1382.0,residual_pinn,11.967790089155498,11.967790089155498
0.0,0.9181213112253892,92.08138074372944,0.07386532504307597,0.3539569942574752,1383.0,residual_pinn,9.43085127127798,9.43085127127798
0.0,0.5323861962870547,77.68529008564197,0.07387248701170872,0.35398782240717036,1384.0,residual_pinn,7.914098720801504,7.914098720801504
0.0,0.42102845797413274,85.86097777517219,0.07387301561079528,0.3539653922382154,1385.0,residual_pinn,8.709393877732126,8.709393877732126
0.0,0.4375356027954503,72.62116944162469,0.07390136114860836,0.3540321478718205,1386.0,residual_pinn,7.388722444835462,7.388722444835462
0.0,0.860543502004523,74.7924737428364,0.07390758904971574,0.3541409294856222,1387.0,residual_pinn,7.690465688705444,7.690465688705444
0.0,0.9526574141100833,71.65899517661647,0.07388922768203836,0.35406729265263204,1388.0,residual_pinn,7.3955322692268775,7.3955322692268775
0.0,0.7750580812755384,61.437952744333366,0.0739218502452499,0.3541846024362664,1389.0,residual_pinn,6.33792153157686,6.33792153157686
0.0,0.6729186804671037,63.928370224802116,0.0739031939914352,0.35430640609640823,1390.0,residual_pinn,6.56654671618813,6.56654671618813
0.0,0.5085755516039697,56.51154427779348,0.07391107905852168,0.3541919149850544,1391.0,residual_pinn,5.791984344783582,5.791984344783582
0.0,0.45234538693177073,83.55853151020251,0.07390461391524265,0.35419423486057083,1392.0,residual_pinn,8.48543677831951,8.48543677831951
0.0,0.6361236705591804,74.78047260485198,0.0738911750285249,0.35406815221435145,1393.0,residual_pinn,7.6443734419973275,7.6443734419973275
0.0,0.4819485976507789,73.59518332230418,0.07386388864956404,0.3541130643141897,1394.0,residual_pinn,7.495012684872276,7.495012684872276
0.0,0.5708640186410201,81.86540422941509,0.0738749496246639,0.35403261686626236,1395.0,residual_pinn,8.339810421592311,8.339810421592311
0.0,0.5566372463577672,77.61026121440686,0.07387417750923257,0.35403331800511006,1396.0,residual_pinn,7.911450524079172,7.911450524079172
0.0,0.47178027033805847,131.0691815426475,0.07389743743758452,0.35417671109500687,1397.0,residual_pinn,13.240386586440238,13.240386586440238
0.0,0.5124512989270059,121.94266128540039,0.0739089772105217,0.35427202205908925,1398.0,residual_pinn,12.335879200383237,12.335879200383237
0.0,0.9300184547901154,131.95763357062089,0.07388422677391454,0.35411086992213603,1399.0,residual_pinn,13.420872587906686,13.420872587906686
0.0,1.176549803269537,86.83592525281404,0.07388423618517424,0.354046620820698,1400.0,residual_pinn,8.958001538326865,8.958001538326865
0.0,0.5246338671759555,108.71936918559827,0.0738822308025862,0.3540597495279814,1401.0,residual_pinn,11.015964081412868,11.015964081412868
0.0,0.6184785718980589,115.75045294510691,0.07388991195904582,0.3541873646409888,1402.0,residual_pinn,11.737854480743408,11.737854480743408
0.0,0.682598435565045,91.61115917406585,0.0739133977576306,0.35416484192798015,1403.0,residual_pinn,9.336747960040444,9.336747960040444
0.0,0.8351780129106421,88.8054632889597,0.07389882716693376,0.35423964575717326,1404.0,residual_pinn,9.086700866096898,9.086700866096898
0.0,0.5870732806230846,128.23933832268966,0.07390856154655155,0.35418471380283956,1405.0,residual_pinn,12.980462576213636,12.980462576213636
0.0,1.0341759433871822,93.37857115896125,0.07389767311121288,0.3542483323498776,1406.0,residual_pinn,9.58381216149581,9.58381216149581
0.0,0.5686603486537933,65.71701832821495,0.07389221810980846,0.3540620223471993,1407.0,residual_pinn,6.724534963306628,6.724534963306628
0.0,0.5477359271363208,74.35146673102128,0.07389001195368014,0.3540818001094617,1408.0,residual_pinn,7.583796802319978,7.583796802319978
0.0,0.4950015293924432,85.34867547687732,0.07388916062681299,0.3541656826671801,1409.0,residual_pinn,8.672978827827855,8.672978827827855
0.0,0.6090161031798312,77.9518494856985,0.07388933355871,0.3541509618884639,1410.0,residual_pinn,7.956097891456203,7.956097891456203
0.0,0.5070589341615376,79.13233506052117,0.07390503193202771,0.3546869362655439,1411.0,residual_pinn,8.053809517308286,8.053809517308286
0.0,0.5429512450569555,95.66851886950042,0.07389441838389949,0.35427015078695195,1412.0,residual_pinn,9.714564047361675,9.714564047361675
0.0,0.6131043026321813,76.28489424052991,0.07392985256094682,0.35430723585580526,1413.0,residual_pinn,7.790237753014815,7.790237753014815
0.0,0.5083369236243399,84.32068433259663,0.07387551233956688,0.35407814540361104,1414.0,residual_pinn,8.572837716654726,8.572837716654726
0.0,0.4450051980583291,71.33320316515471,0.07388555572221153,0.35409900702928243,1415.0,residual_pinn,7.261425695921245,7.261425695921245
0.0,0.509488864948875,77.02740368090178,0.07388875555051,0.35409354693011236,1416.0,residual_pinn,7.8437419941550806,7.8437419941550806
0.0,0.5224739375867342,89.14934419330798,0.07387676521351463,0.3540195007073252,1417.0,residual_pinn,9.058524959965757,9.058524959965757
0.0,0.578438412202032,88.25375546907124,0.07387004557408784,0.3540034356870149,1418.0,residual_pinn,8.980157074175382,8.980157074175382
0.0,0.5841437264492637,149.99291209170693,0.07536307173339944,0.36546898358746577,1419.0,residual_pinn,15.15643556494462,15.15643556494462
0.0,0.47956343073593943,181.23126421476664,0.07612676604797966,0.3691290726787166,1420.0,residual_pinn,18.259758648119476,18.259758648119476
0.0,0.7092366422477522,122.6877824883712,0.07608696034080104,0.36784657365397405,1421.0,residual_pinn,12.451214664860776,12.451214664860776
0.0,1.0836348110123684,94.25748242829975,0.07608696034080104,0.3676576096760599,1422.0,residual_pinn,9.683045475106491,9.683045475106491
0.0,0.6498749773753317,64.90543245014392,0.07608696034080104,0.36778692822707326,1423.0,residual_pinn,6.661101228312442,6.661101228312442
0.0,0.6474513450735494,82.1163262818989,0.07608696034080104,0.3676102553543292,1424.0,residual_pinn,8.381688205819382,8.381688205819382
0.0,0.4461814212171655,69.54041390669973,0.07608696034080104,0.36775675729701396,1425.0,residual_pinn,7.08385779983119,7.08385779983119
0.0,0.7654799458227659,82.6337033321983,0.07608696034080104,0.3677735485528645,1426.0,residual_pinn,8.45704832829927,8.45704832829927
0.0,0.6902846152845182,82.4032406054045,0.07608696034080104,0.36755246708267614,1427.0,residual_pinn,8.41894046883834,8.41894046883834
0.0,0.7956652782465282,81.50356342917995,0.07608696034080104,0.36751705564950643,1428.0,residual_pinn,8.350045505322909,8.350045505322909
0.0,0.6608882750335493,74.43365518670333,0.07608696034080104,0.3675403140093151,1429.0,residual_pinn,7.616101490823846,7.616101490823846
0.0,0.5266734549873754,59.968455967150234,0.07608696034080104,0.36753129959106445,1430.0,residual_pinn,6.142737752512882,6.142737752512882
0.0,0.46598563539354426,68.8092616231818,0.07608696034080104,0.3675714699845565,1431.0,residual_pinn,7.014684852800872,7.014684852800872
0.0,0.5494846960431651,68.11567808452405,0.07608696034080104,0.36749088921045003,1432.0,residual_pinn,6.962018257693241,6.962018257693241
0.0,0.7385538079236683,74.6864793677079,0.07608696034080104,0.36762989508478267,1433.0,residual_pinn,7.65692599196183,7.65692599196183
0.0,1.0034771044003337,77.77855190477874,0.07608696034080104,0.36753401787657486,1434.0,residual_pinn,8.019108571504292,8.019108571504292
0.0,0.981591201142261,99.9418003684596,0.07608696034080104,0.3676155319339351,1435.0,residual_pinn,10.231064256868864,10.231064256868864
0.0,0.5723274687403127,64.6665308099044,0.07608696034080104,0.3676041521524128,1436.0,residual_pinn,6.621683258759348,6.621683258759348
0.0,0.5142282467139395,56.30527385912443,0.07608696034080104,0.36750040869963796,1437.0,residual_pinn,5.773927487825093,5.773927487825093
0.0,0.7760175403795744,67.50172303852283,0.07608696034080104,0.36760698180449636,1438.0,residual_pinn,6.945940758052625,6.945940758052625
0.0,0.6020512894580239,58.74441889712685,0.07608696034080104,0.36765378243044805,1439.0,residual_pinn,6.03542191103885,6.03542191103885
0.0,0.47992530621980367,55.36639745611893,0.07608696073293686,0.3675949746056607,1440.0,residual_pinn,5.673188623629119,5.673188623629119
0.0,0.4181644391072424,67.9958724975586,0.07608696034080104,0.36759654628603083,1441.0,residual_pinn,6.923784067756252,6.923784067756252
0.0,0.5300317594879552,66.60683501394172,0.07608696034080104,0.3675732487126401,1442.0,residual_pinn,6.807251566334775,6.807251566334775
0.0,0.45266035512874003,65.41735398141961,0.07608696034080104,0.36750533078846176,1443.0,residual_pinn,6.672822287208156,6.672822287208156
0.0,0.7069606828062158,69.94102237099095,0.07608696034080104,0.36755200749949407,1444.0,residual_pinn,7.176053925564415,7.176053925564415
0.0,0.9358017185800954,69.07077036405865,0.07608696034080104,0.3675027677887364,1445.0,residual_pinn,7.13479198907551,7.13479198907551
0.0,0.6427587129567799,75.17171016492341,0.07608696034080104,0.36749445607787684,1446.0,residual_pinn,7.686276498593782,7.686276498593782
0.0,0.7184769840616929,136.43399911177787,0.07608696034080104,0.36762190649383947,1447.0,residual_pinn,13.827662191892925,13.827662191892925
0.0,0.6573014165225782,128.4058594954641,0.07608696034080104,0.3678056409484462,1448.0,residual_pinn,13.012631604545994,13.012631604545994
0.0,0.7552413814946225,144.07083591661956,0.07608696034080104,0.3677367897410142,1449.0,residual_pinn,14.598710398924979,14.598710398924979
0.0,0.41063586269554336,77.38327909770764,0.07608696034080104,0.3677659881742377,1450.0,residual_pinn,7.861036037143908,7.861036037143908
0.0,0.6232998637776626,59.83896737349661,0.07614756414764806,0.3678181406698729,1451.0,residual_pinn,6.149145954533627,6.149145954533627
0.0,0.5923362468418322,54.064686022306745,0.07608696034080104,0.36766126124482407,1452.0,residual_pinn,5.565506301428142,5.565506301428142
0.0,0.44180566307745484,63.89651760302092,0.07608696034080104,0.36772165016124125,1453.0,residual_pinn,6.51858935858074,6.51858935858074
0.0,0.5524609951596511,97.88776106583445,0.07608696034080104,0.36794803958190114,1454.0,residual_pinn,9.939867590603075,9.939867590603075
0.0,0.5836374571448878,72.05152049817536,0.07608696034080104,0.3676142755307649,1455.0,residual_pinn,7.36244515368813,7.36244515368813
0.0,0.42481011858111933,84.95557473835193,0.07608696073293686,0.3675500640743657,1456.0,residual_pinn,8.621078855112978,8.621078855112978
0.0,0.7479826855032068,82.58757179661801,0.07608696034080104,0.36758717267136826,1457.0,residual_pinn,8.448916849337126,8.448916849337126
0.0,0.6586521079665736,91.25239322060033,0.07608696034080104,0.36793263648685653,1458.0,residual_pinn,9.297567700084887,9.297567700084887
0.0,0.4661078515805696,81.68925717002467,0.07608696034080104,0.36761755692331416,1459.0,residual_pinn,8.302713318874961,8.302713318874961
0.0,0.431917525043613,74.05215413946854,0.07608696034080104,0.36756069409219844,1460.0,residual_pinn,7.532159378654079,7.532159378654079
0.0,0.43542677085650594,81.71079575388055,0.07608696034080104,0.36759052935399505,1461.0,residual_pinn,8.298728390743857,8.298728390743857
0.0,0.48252498554555995,81.24444941470497,0.07608696034080104,0.36770597257112203,1462.0,residual_pinn,8.261525091372038,8.261525091372038
0.0,0.4543604850769043,55.59354782104492,0.07608696034080104,0.3679384338228326,1463.0,residual_pinn,5.690825010600843,5.690825010600843
0.0,0.6852368665368933,58.36765550312243,0.07608696034080104,0.3677821755409241,1464.0,residual_pinn,6.014395431468361,6.014395431468361
0.0,0.4988822623303062,62.11134880467465,0.07608696034080104,0.3676138975118336,1465.0,residual_pinn,6.351477052036085,6.351477052036085
0.0,1.1306470899205459,101.785333131489,0.07608696034080104,0.3675127280385871,1466.0,residual_pinn,10.445218462693063,10.445218462693063
0.0,0.656052819208095,84.75286564074065,0.07608696034080104,0.36756721766371475,1467.0,residual_pinn,8.647058085391397,8.647058085391397
0.0,0.822674025046198,69.62553787231445,0.07608696034080104,0.36750030517578125,1468.0,residual_pinn,7.167643020027562,7.167643020027562
0.0,0.8165564521362907,69.29559426558644,0.07608696034080104,0.36755806835074173,1469.0,residual_pinn,7.133430932697497,7.133430932697497
0.0,0.6698014861659,60.41847801208496,0.07608696034080104,0.3675124927570945,1470.0,residual_pinn,6.216363680990119,6.216363680990119
0.0,0.4827479069170199,54.536636553312604,0.07608696034080104,0.36745255871822957,1471.0,residual_pinn,5.590762891267476,5.590762891267476
0.0,0.6619203749455904,48.73280505130165,0.07608696034080104,0.36750129963222306,1472.0,residual_pinn,5.046218959908736,5.046218959908736
0.0,0.4417402038448735,62.02833968714664,0.07608696034080104,0.3674913393823724,1473.0,residual_pinn,6.331735548220183,6.331735548220183
0.0,0.5575183849585684,73.32238809685958,0.07608696034080104,0.36770377504198176,1474.0,residual_pinn,7.484317233687953,7.484317233687953
0.0,0.5284348506676523,66.6195949755217,0.07608696034080104,0.3678257732014907,1475.0,residual_pinn,6.8082333614951684,6.8082333614951684
0.0,0.5803873711510709,77.21819255226536,0.07608696034080104,0.36772666949974864,1476.0,residual_pinn,7.878474110051205,7.878474110051205
0.0,0.47636933232608597,68.83995176616467,0.07608696034080104,0.36771679081414876,1477.0,residual_pinn,7.019845071591829,7.019845071591829
0.0,0.6534158399230555,64.70689351935135,0.07608696034080104,0.36772183838643524,1478.0,residual_pinn,6.641949151691637,6.641949151691637
0.0,0.5132815618264047,52.27768817700838,0.07608696034080104,0.3676294982433319,1479.0,residual_pinn,5.370992403281362,5.370992403281362
0.0,0.4727239922473305,69.02867548089279,0.07608696034080104,0.3678857354741347,1480.0,residual_pinn,7.038005138698377,7.038005138698377
0.0,0.598015275440718,85.91629550331517,0.07608696034080104,0.36778903321215983,1481.0,residual_pinn,8.751816046865363,8.751816046865363
0.0,0.5468138079894217,79.40376392163728,0.07608696034080104,0.36766394031675237,1482.0,residual_pinn,8.090309883418836,8.090309883418836
0.0,0.6226147460310083,109.07162074038857,0.07608696034080104,0.36758764009726674,1483.0,residual_pinn,11.07224840866892,11.07224840866892
0.0,0.4801559401185889,75.46517241628547,0.07608696073293686,0.36752636495389435,1484.0,residual_pinn,7.683105343266537,7.683105343266537
0.0,0.5192521920329646,91.24091138337788,0.07608696034080104,0.36750129178950663,1485.0,residual_pinn,9.268496199658042,9.268496199658042
0.0,0.49996069701094376,93.87532404849404,0.07608696034080104,0.36751751209560196,1486.0,residual_pinn,9.528080588892886,9.528080588892886
0.0,0.6650331914424896,87.07581580312629,0.07608696034080104,0.36753527427974503,1487.0,residual_pinn,8.881146205099006,8.881146205099006
0.0,0.6047775070918234,73.94792938232422,0.07608696034080104,0.3676453201394332,1488.0,residual_pinn,7.556317404696816,7.556317404696816
0.0,0.5678075928437082,59.11724441929867,0.07608696034080104,0.3675297090881749,1489.0,residual_pinn,6.0658432182512785,6.0658432182512785
0.0,0.5656300861584512,58.44654931520161,0.07608696034080104,0.36751448480706467,1490.0,residual_pinn,5.998336653960378,5.998336653960378
0.0,0.48955305155954865,56.07898295553107,0.07608696034080104,0.36753132782484355,1491.0,residual_pinn,5.7463663440001636,5.7463663440001636
0.0,0.44633145159796667,64.99790884319104,0.07608696034080104,0.36752351177366155,1492.0,residual_pinn,6.629613851246081,6.629613851246081
0.0,0.6815937545738722,74.2401130073949,0.07608696034080104,0.3675524780624791,1493.0,residual_pinn,7.60088963257639,7.60088963257639
0.0,0.8016842603683472,55.04529390837017,0.07608696034080104,0.3677776644104405,1494.0,residual_pinn,5.705448301214921,5.705448301214921
0.0,0.4602588172021665,50.77229981673391,0.07608696034080104,0.3676475819788481,1495.0,residual_pinn,5.209850750471416,5.209850750471416
0.0,0.435177890093703,60.71424122860557,0.07608696034080104,0.36769642327961166,1496.0,residual_pinn,6.199033674440886,6.199033674440886
0.0,0.48486870684121786,55.48998511464972,0.07608696034080104,0.3676992937138206,1497.0,residual_pinn,5.686546400973671,5.686546400973671
0.0,0.8375689606917532,71.5025278392591,0.07608696034080104,0.36846555691016347,1498.0,residual_pinn,7.358417598824752,7.358417598824752
0.0,0.5230180276067633,63.88266523260819,0.07608696034080104,0.3677645388402437,1499.0,residual_pinn,6.5334509046454174,6.5334509046454174
0.0,0.6491825815878416,66.76269892642372,0.07608696034080104,0.36763368311681244,1500.0,residual_pinn,6.84667424151772,6.84667424151772
0.0,0.6609108620568326,82.91987710250051,0.07608696034080104,0.36754398283205536,1501.0,residual_pinn,8.464728618922987,8.464728618922987
0.0,0.4489938138346923,76.65235981188323,0.07608696034080104,0.3676606542185733,1502.0,residual_pinn,7.795605069712589,7.795605069712589
0.0,0.6873967553439894,72.040897268998,0.07608726620674133,0.36778838854087026,1503.0,residual_pinn,7.382152331502814,7.382152331502814
0.0,0.500878139546043,60.66941010324579,0.07608696034080104,0.36770841949864436,1504.0,residual_pinn,6.20769190788269,6.20769190788269
0.0,0.6413519053082717,83.46852714137027,0.07608696034080104,0.3675943816962995,1505.0,residual_pinn,8.515687001378913,8.515687001378913
0.0,0.6529076758183932,92.09005707188656,0.07608696034080104,0.3676253478778036,1506.0,residual_pinn,9.38015425832648,9.38015425832648
0.0,0.9150877704745844,83.59863642642372,0.07608696034080104,0.3677256781803934,1507.0,residual_pinn,8.583458072260806,8.583458072260806
0.0,0.7227666111368882,66.96432906702945,0.07608696034080104,0.36767341118109853,1508.0,residual_pinn,6.881558129661961,6.881558129661961
0.0,0.6595296898954793,60.65614057842054,0.07608696034080104,0.3678301823766608,1509.0,residual_pinn,6.238107405210796,6.238107405210796
0.0,0.6484258802313554,45.63973717940481,0.0760912506988174,0.3680363815081747,1510.0,residual_pinn,4.7342671469638224,4.7342671469638224
0.0,0.5747618879142561,54.79818263806795,0.07608696034080104,0.36763983651211385,1511.0,residual_pinn,5.635338971489354,5.635338971489354
0.0,0.43307057258329895,52.92031368456389,0.07608696034080104,0.3675446933821628,1512.0,residual_pinn,5.419204272721943,5.419204272721943
0.0,0.5569452713978919,61.72520602376837,0.07608696034080104,0.3674792098371606,1513.0,residual_pinn,6.3244619683215495,6.3244619683215495
0.0,0.5411246983628524,71.98531281320672,0.07608696034080104,0.36747750796769796,1514.0,residual_pinn,7.347308347099705,7.347308347099705
0.0,0.6229439142503237,89.18808836685984,0.07608696034080104,0.3675797456189206,1515.0,residual_pinn,9.083959943369814,9.083959943369814
0.0,1.0400085700185675,74.24818922344006,0.07608696034080104,0.3679421826412803,1516.0,residual_pinn,7.6734192622335335,7.6734192622335335
0.0,0.5500335034571195,50.25412087691458,0.07608696034080104,0.36766563120641205,1517.0,residual_pinn,5.175989627838135,5.175989627838135
0.0,0.46503943832297073,46.841326362208314,0.07608696034080104,0.3674986299715544,1518.0,residual_pinn,4.817694764388235,4.817694764388235
0.0,0.6156623637989947,43.85280970523232,0.07608696034080104,0.3674629722770892,1519.0,residual_pinn,4.548964136525204,4.548964136525204
0.0,0.6391585657471105,50.7437175951506,0.07608696034080104,0.3676719383189553,1520.0,residual_pinn,5.2427750072981185,5.2427750072981185
0.0,0.5706425544462705,64.76595527247379,0.07608696034080104,0.3677349372913963,1521.0,residual_pinn,6.63130195517289,6.63130195517289
0.0,0.5068354543886686,50.20957193876568,0.07608696034080104,0.3677371975622679,1522.0,residual_pinn,5.16290219206559,5.16290219206559
0.0,0.45083942538813543,57.41861433731882,0.07608696034080104,0.3675922186751115,1523.0,residual_pinn,5.872592976218776,5.872592976218776
0.0,0.9598585806394878,48.019488987169765,0.07608696034080104,0.36749111508068283,1524.0,residual_pinn,5.034474059155113,5.034474059155113
0.0,0.6783412930212522,61.22630069130346,0.07608696034080104,0.36755243884889705,1525.0,residual_pinn,6.298857977515773,6.298857977515773
0.0,0.42907699472025823,47.8541091617785,0.07608696034080104,0.3674999867614947,1526.0,residual_pinn,4.911780595779419,4.911780595779419
0.0,0.6111880533005062,51.385986177544844,0.07610798352643063,0.36761453590895,1527.0,residual_pinn,5.301403120944374,5.301403120944374
0.0,0.6760933469784888,69.41377659847862,0.07608696034080104,0.3677516046323274,1528.0,residual_pinn,7.1171759680697795,7.1171759680697795
0.0,0.4355270172420301,66.01499778346012,0.07608696034080104,0.36763272003123637,1529.0,residual_pinn,6.7291727944424276,6.7291727944424276
0.0,0.5678567356969181,56.7835030806692,0.07608696073293686,0.367478841229489,1530.0,residual_pinn,5.8324739556563525,5.8324739556563525
0.0,0.6074070561873285,63.25374251917789,0.07608696034080104,0.36768344358394023,1531.0,residual_pinn,6.487428476935939,6.487428476935939
0.0,0.4155955769513783,47.861631995753235,0.07608756579850849,0.36801428543893916,1532.0,residual_pinn,4.9098881545819735,4.9098881545819735
0.0,0.5637178562189403,64.32155468589382,0.0760884049691652,0.36793587866582367,1533.0,residual_pinn,6.5854970781426685,6.5854970781426685
0.0,0.5005678401181572,51.90140071668123,0.07608696034080104,0.36756942460411474,1534.0,residual_pinn,5.330814901151155,5.330814901151155
0.0,0.5294192315716493,51.049334475868626,0.07608696034080104,0.36760088487675313,1535.0,residual_pinn,5.251381773697703,5.251381773697703
0.0,0.5880960163317228,56.01887903715435,0.07608696034080104,0.3675139781675841,1536.0,residual_pinn,5.760062820033023,5.760062820033023
0.0,0.5667541858397032,62.27538078709652,0.07608696034080104,0.36750507197882,1537.0,residual_pinn,6.381443801679109,6.381443801679109
0.0,0.6330854422167728,111.68461578770687,0.07608696034080104,0.36753755807876587,1538.0,residual_pinn,11.33563696710687,11.33563696710687
0.0,0.8980271220207214,93.01744420904862,0.07608696034080104,0.3675299129988018,1539.0,residual_pinn,9.521907354656019,9.521907354656019
0.0,0.9814905336028651,68.3855209350586,0.07608696034080104,0.3675812373035832,1540.0,residual_pinn,7.075412775340833,7.075412775340833
0.0,0.7399979625877581,67.88520833065635,0.07608696034080104,0.3678738788554543,1541.0,residual_pinn,6.977112280695062,6.977112280695062
0.0,0.5235376483515689,60.365444886057,0.07608696034080104,0.3678877792860332,1542.0,residual_pinn,6.181845062657406,6.181845062657406
0.0,0.4420506820866936,65.84814453125,0.07608696034080104,0.36779087311343145,1543.0,residual_pinn,6.71380793420892,6.71380793420892
0.0,0.4169883202565344,56.01033843191046,0.07608696034080104,0.3676331560862692,1544.0,residual_pinn,5.724999151731792,5.724999151731792
0.0,0.6114404562272524,99.36220972161544,0.07608696034080104,0.36749980951610367,1545.0,residual_pinn,10.099063559582358,10.099063559582358
0.0,0.4941894466939725,57.429047333566764,0.07608696034080104,0.36760313887345164,1546.0,residual_pinn,5.882307278482537,5.882307278482537
0.0,0.546485605992769,42.183031734667324,0.07608696034080104,0.3675960318038338,1547.0,residual_pinn,4.368164288370233,4.368164288370233
0.0,0.4706891092814897,43.57908499868292,0.07608696034080104,0.36764775608715256,1548.0,residual_pinn,4.492615511542873,4.492615511542873
0.0,0.4541856709279512,42.470077313874896,0.07608710856814134,0.36762302486520065,1549.0,residual_pinn,4.378411531448364,4.378411531448364
0.0,0.5748792180889531,43.95347785949707,0.07608696034080104,0.3676188995963649,1550.0,residual_pinn,4.550889918678685,4.550889918678685
0.0,0.4518440773612575,81.51867093537983,0.07608696034080104,0.3680153881248675,1551.0,residual_pinn,8.282841833014237,8.282841833014237
0.0,0.7305297663337306,89.30453410901521,0.07608696034080104,0.3677150120860652,1552.0,residual_pinn,9.117135223589445,9.117135223589445
0.0,0.5461277240201047,53.510889555278574,0.07608696034080104,0.36759250885561895,1553.0,residual_pinn,5.500878070530138,5.500878070530138
0.0,0.5560122783246794,51.86374373185007,0.07608696034080104,0.36764487310459737,1554.0,residual_pinn,5.338145682686253,5.338145682686253
0.0,0.6283530404693202,61.24120310733193,0.07608696034080104,0.36747678173215764,1555.0,residual_pinn,6.290342970898277,6.290342970898277
0.0,0.48074441677645635,53.543784743861146,0.07608696034080104,0.36758135964995936,1556.0,residual_pinn,5.49108992752276,5.49108992752276
0.0,0.6037264168262482,54.06105493244372,0.07608696034080104,0.3675473206921628,1557.0,residual_pinn,5.567409829089516,5.567409829089516
0.0,0.7840001677211962,52.23882158179032,0.07608696034080104,0.3677074846468474,1558.0,residual_pinn,5.421257207268162,5.421257207268162
0.0,0.5050598265309083,47.02669816268118,0.07608696034080104,0.36758910041106374,1559.0,residual_pinn,4.84424530832391,4.84424530832391
0.0,0.5347229979540172,78.19824058131168,0.07608696034080104,0.36750600996770355,1560.0,residual_pinn,7.9673237800598145,7.9673237800598145
0.0,0.9542866960952157,92.1145133972168,0.07608696034080104,0.36751335388735723,1561.0,residual_pinn,9.44286446822317,9.44286446822317
0.0,0.644407653494885,56.00521489193565,0.07608696034080104,0.3675359424791838,1562.0,residual_pinn,5.769960980666311,5.769960980666311
0.0,0.5801412698469663,81.27083105789988,0.07608696034080104,0.36753188308916596,1563.0,residual_pinn,8.283669132935373,8.283669132935373
0.0,0.7655444396169562,75.41777399966591,0.07608696034080104,0.36761575309853806,1564.0,residual_pinn,7.735452275527151,7.735452275527151
0.0,0.5348683956422304,59.48366084851717,0.07608696034080104,0.36749681202988876,1565.0,residual_pinn,6.095893822218242,6.095893822218242
0.0,0.50286938799055,55.43895099037572,0.07608696034080104,0.36761541272464554,1566.0,residual_pinn,5.68503493384311,5.68503493384311
0.0,0.6721909806916588,62.25277408800627,0.07608696034080104,0.367609126003165,1567.0,residual_pinn,6.400280927356921,6.400280927356921
0.0,0.8649015254095981,71.81926546598736,0.07608696034080104,0.3675698888929267,1568.0,residual_pinn,7.395468222467523,7.395468222467523
0.0,0.5312143187773856,55.47273756328382,0.07608696034080104,0.36770271156963547,1569.0,residual_pinn,5.694091294941149,5.694091294941149
0.0,0.4312581419944763,62.50997061478464,0.07608696034080104,0.36782868598636825,1570.0,residual_pinn,6.377836026643452,6.377836026643452
0.0,0.44163922102827774,72.57029272380628,0.07608696034080104,0.368626113000669,1571.0,residual_pinn,7.386023872777035,7.386023872777035
0.0,0.847195931171116,79.85868433902138,0.07608696034080104,0.3681444415920659,1572.0,residual_pinn,8.19592645293788,8.19592645293788
0.0,0.5252001897284859,58.65578018991571,0.07608696034080104,0.36800469536530345,1573.0,residual_pinn,6.011222908371373,6.011222908371373
0.0,0.82321203539246,65.72586049531635,0.07608696034080104,0.36769632446138484,1574.0,residual_pinn,6.777802479894538,6.777802479894538
0.0,0.5299288081495386,48.55376022740414,0.07608696034080104,0.3675465521059538,1575.0,residual_pinn,5.00192087575009,5.00192087575009
0.0,0.5618508175799721,50.52861163490697,0.07608696034080104,0.36745456174800273,1576.0,residual_pinn,5.205781183744731,5.205781183744731
0.0,0.5271664387301395,77.86872251410233,0.07608696034080104,0.367485711449071,1577.0,residual_pinn,7.932858542392128,7.932858542392128
0.0,0.5958372307451147,73.31829703481574,0.07608696073293686,0.367495397203847,1578.0,residual_pinn,7.4915510102322225,7.4915510102322225
0.0,0.5550712135277296,68.100189811305,0.07608696034080104,0.36750761145039607,1579.0,residual_pinn,6.961588470559371,6.961588470559371
0.0,0.5336833737398449,55.63556972302889,0.07608696034080104,0.3674833523599725,1580.0,residual_pinn,5.71084633626436,5.71084633626436
0.0,0.47464027687122945,49.69085261696264,0.07608696034080104,0.3674429529591611,1581.0,residual_pinn,5.104562056692023,5.104562056692023
0.0,0.5279525800755149,48.10408672533537,0.07608696034080104,0.36748539146624115,1582.0,residual_pinn,4.956552103946083,4.956552103946083
0.0,0.5283331651436655,70.96843719482422,0.07608696034080104,0.3675821235305385,1583.0,residual_pinn,7.2430728611193205,7.2430728611193205
0.0,0.5907439573814994,48.03920786004318,0.07608696034080104,0.36755177849217463,1584.0,residual_pinn,4.962629104915418,4.962629104915418
0.0,0.592054977228767,55.58526280051783,0.07608696034080104,0.36754313268159566,1585.0,residual_pinn,5.717496006112349,5.717496006112349
0.0,0.7161781003600672,70.46162253931949,0.07608696034080104,0.3675535431033687,1586.0,residual_pinn,7.229957618211445,7.229957618211445
0.0,0.4527934585746966,88.57155749672337,0.07608696073293686,0.3675827760445444,1587.0,residual_pinn,8.988277322367617,8.988277322367617
0.0,0.9713842962917528,108.49392660040604,0.07608696034080104,0.367544235367524,1588.0,residual_pinn,11.084228565818385,11.084228565818385
0.0,0.4873410902525249,52.48726006558067,0.07608696034080104,0.3675540622911955,1589.0,residual_pinn,5.386753998304668,5.386753998304668
0.0,0.4639794802979419,49.82411695781507,0.07608696034080104,0.36756931794317144,1590.0,residual_pinn,5.115768884357653,5.115768884357653
0.0,0.5003114601499156,69.13459506787751,0.07608703994437267,0.3676622478585494,1591.0,residual_pinn,7.054092457419948,7.054092457419948
0.0,0.7454467776574587,64.9698997296785,0.07608696073293686,0.3679838588363246,1592.0,residual_pinn,6.686681973306756,6.686681973306756
0.0,0.5956899053172061,85.83149618851512,0.07608696034080104,0.3677369183615634,1593.0,residual_pinn,8.742865738115812,8.742865738115812
0.0,0.6830609723141319,114.1205062866211,0.07608751835007417,0.36781519494558634,1594.0,residual_pinn,11.589249083870335,11.589249083870335
0.0,0.8313901259710914,110.31646808825042,0.07608696034080104,0.3675855931482817,1595.0,residual_pinn,11.238487871069657,11.238487871069657
0.0,0.819724462534252,81.12668469077663,0.07608696073293686,0.3677637733911213,1596.0,residual_pinn,8.317194248500623,8.317194248500623
0.0,0.654830528717292,73.84789958753083,0.07608732110575626,0.3678328928194548,1597.0,residual_pinn,7.5563435930954785,7.5563435930954785
0.0,0.7572071285624253,88.47472040276779,0.07608696034080104,0.3675740659236908,1598.0,residual_pinn,9.039475265302157,9.039475265302157
0.0,0.45790769199007436,63.90700295096949,0.07608696034080104,0.3675148643945393,1599.0,residual_pinn,6.522837707870885,6.522837707870885
0.0,0.4402237699220055,54.43054761384663,0.07608696034080104,0.36745894739502355,1600.0,residual_pinn,5.571649802358527,5.571649802358527
0.0,0.42515049482646744,45.676559046695104,0.07608696034080104,0.3675239039094825,1601.0,residual_pinn,4.693242788314819,4.693242788314819
0.0,0.5382218345215446,45.27948941682514,0.07608696034080104,0.36752847464461075,1602.0,residual_pinn,4.676150635669106,4.676150635669106
0.0,0.6308379251705972,37.86048527767784,0.07608696034080104,0.36749694692461116,1603.0,residual_pinn,3.9527702457026432,3.9527702457026432
0.0,0.4738581635450062,42.5089158509907,0.07608696034080104,0.3676859156081551,1604.0,residual_pinn,4.386236178247552,4.386236178247552
0.0,0.5852945917531064,58.44367007205361,0.07608696034080104,0.3676385079559527,1605.0,residual_pinn,6.00199410162474,6.00199410162474
0.0,0.5197492979074779,75.89628580996865,0.07608696034080104,0.3675029371914111,1606.0,residual_pinn,7.734133080432289,7.734133080432289
0.0,0.7637553497364646,68.28433629086143,0.07608696034080104,0.36751566121452733,1607.0,residual_pinn,7.021740599682457,7.021740599682457
0.0,0.6881735858164335,46.157918428119864,0.07608696034080104,0.36760938951843664,1608.0,residual_pinn,4.793991866864656,4.793991866864656
0.0,0.9059782067411825,55.897946407920436,0.07608696034080104,0.36757948837782206,1609.0,residual_pinn,5.811552612405074,5.811552612405074
0.0,0.4483554284823568,31.983030419600638,0.07608696034080104,0.36755658921442536,1610.0,residual_pinn,3.328534145104258,3.328534145104258
0.0,0.4483079659311395,36.09154585788124,0.07608696034080104,0.3676350822574214,1611.0,residual_pinn,3.7393841429760584,3.7393841429760584
0.0,0.6640895950166803,37.68706773456774,0.07608696034080104,0.36752592733031825,1612.0,residual_pinn,3.9420816772862484,3.9420816772862484
0.0,0.5417885521524831,52.30000766954924,0.07608696034080104,0.36751624000699895,1613.0,residual_pinn,5.378914381328382,5.378914381328382
0.0,0.44065325981692266,46.277461302907845,0.07608696034080104,0.36636951408888163,1614.0,residual_pinn,4.756318067249499,4.756318067249499
0.0,0.5379286282940915,39.88107932241339,0.07608696034080104,0.36583688698316874,1615.0,residual_pinn,4.1360817269275065,4.1360817269275065
0.0,0.540757240433442,52.3776643652665,0.07608696034080104,0.3655255452582711,1616.0,residual_pinn,5.386274827154059,5.386274827154059
0.0,0.5052094498747274,39.92378064205772,0.07608696034080104,0.36546815696515533,1617.0,residual_pinn,4.133771174832394,4.133771174832394
0.0,0.499437648214792,43.28792828007748,0.07608696034080104,0.36551456074965627,1618.0,residual_pinn,4.469036265423424,4.469036265423424
0.0,0.6978367959198198,48.9395741914448,0.07608696034080104,0.3655273145750949,1619.0,residual_pinn,5.073881814354344,5.073881814354344
0.0,1.0851635274134184,46.78320483157509,0.07608696034080104,0.3658222038494913,1620.0,residual_pinn,4.935739805823879,4.935739805823879
0.0,0.5126072458530727,46.24590301513672,0.07608696034080104,0.3656315144739653,1621.0,residual_pinn,4.7674792691280965,4.7674792691280965
0.0,0.4328697166944805,51.34083105388441,0.07608696034080104,0.36565929964969035,1622.0,residual_pinn,5.2610273361206055,5.2610273361206055
0.0,0.48998416881812246,41.53322927575363,0.07608696034080104,0.3656692724478872,1623.0,residual_pinn,4.2916910209153825,4.2916910209153825
0.0,0.43649351283123616,43.171002061743486,0.07608696034080104,0.3654563913219853,1624.0,residual_pinn,4.444748941220735,4.444748941220735
0.0,0.44997317853726837,40.22004358392013,0.07608696034080104,0.365498014186558,1625.0,residual_pinn,4.152353123614662,4.152353123614662
0.0,0.5646871979299345,35.854702748750384,0.07608696034080104,0.3656629857264067,1626.0,residual_pinn,3.738778440575851,3.738778440575851
0.0,0.8279232712168443,54.057313417133535,0.07608696034080104,0.365575500224766,1627.0,residual_pinn,5.611677960345619,5.611677960345619
0.0,1.1008755517633337,51.41971146432977,0.07608696034080104,0.36555343082076625,1628.0,residual_pinn,5.402505981294732,5.402505981294732
0.0,0.8940449066852268,49.983015160811576,0.07608696034080104,0.36554975572385284,1629.0,residual_pinn,5.217469836536207,5.217469836536207
0.0,0.511952029247033,31.558094225431745,0.07608696034080104,0.36559010179419266,1630.0,residual_pinn,3.298563241958618,3.298563241958618
0.0,0.41694793810969905,46.36214005319696,0.07608696034080104,0.365547765242426,1631.0,residual_pinn,4.759962740697358,4.759962740697358
0.0,0.5356979558342382,46.893064398514596,0.07608696034080104,0.3654853811389522,1632.0,residual_pinn,4.836798943971333,4.836798943971333
0.0,0.5010345115473396,60.67472508079127,0.07608696034080104,0.36567948209611995,1633.0,residual_pinn,6.208051593680131,6.208051593680131
0.0,0.5082813673897794,47.302819101434004,0.0760870834714488,0.3663217268492046,1634.0,residual_pinn,4.87237464754205,4.87237464754205
0.0,0.5450942335944426,45.73744362278988,0.07608696034080104,0.3661558565340544,1635.0,residual_pinn,4.723183211527373,4.723183211527373
0.0,0.47125765367558126,35.37637961538214,0.07608696034080104,0.3656052037289268,1636.0,residual_pinn,3.6722544494428133,3.6722544494428133
0.0,0.6509444243029544,41.68716631437603,0.07608696034080104,0.36547734078608063,1637.0,residual_pinn,4.339257654390837,4.339257654390837
0.0,0.7283799326733539,50.07774563839561,0.07608696034080104,0.3655407820877276,1638.0,residual_pinn,5.193809082633571,5.193809082633571
0.0,0.7580402054284748,37.92220411802593,0.07608696034080104,0.3654526079955854,1639.0,residual_pinn,3.9841780035119307,3.9841780035119307
0.0,0.46307076121631424,53.72659492492676,0.07608696034080104,0.36543472817069605,1640.0,residual_pinn,5.505621508548134,5.505621508548134
0.0,0.821129731441799,52.88890176070364,0.07608696034080104,0.3654065728187561,1641.0,residual_pinn,5.4934611947912915,5.4934611947912915
0.0,0.522235496263755,48.81842472678736,0.07608696034080104,0.3653999755257054,1642.0,residual_pinn,5.026633977890015,5.026633977890015
0.0,0.5130919265119653,63.510439822548314,0.07608696073293686,0.3654212606580634,1643.0,residual_pinn,6.494008955202605,6.494008955202605
0.0,0.5557366350763723,58.19320457860043,0.07608696034080104,0.36542606353759766,1644.0,residual_pinn,5.9708147048950195,5.9708147048950195
0.0,0.9962551405555323,88.58236614026521,0.07608696034080104,0.36546445677154943,1645.0,residual_pinn,9.09783841434278,9.09783841434278
0.0,0.5306006285705065,68.38522740414268,0.07608696034080104,0.3653901595818369,1646.0,residual_pinn,6.984986305236816,6.984986305236816
0.0,0.4456883888495596,38.96555860419022,0.07608696034080104,0.3655528253630588,1647.0,residual_pinn,4.026053252973054,4.026053252973054
0.0,0.4924756523809935,41.19870647631193,0.07608696034080104,0.3658345357367867,1648.0,residual_pinn,4.258753682437696,4.258753682437696
0.0,0.41310234603128937,48.44645239177503,0.07608696034080104,0.3659255379124692,1649.0,residual_pinn,4.967662629328276,4.967662629328276
0.0,0.42947617173194885,43.83653585534347,0.07608696034080104,0.3656216091231296,1650.0,residual_pinn,4.509915389512715,4.509915389512715
0.0,0.43306635163332285,51.03938795390882,0.07608696034080104,0.36550898928391307,1651.0,residual_pinn,5.230907339798777,5.230907339798777
0.0,0.45767494722416524,57.28849300585295,0.07608696034080104,0.36551377804655777,1652.0,residual_pinn,5.860740122042205,5.860740122042205
0.0,0.6167896209578765,47.481000097174395,0.07608696034080104,0.3653838132557116,1653.0,residual_pinn,4.911800729601007,4.911800729601007
0.0,0.4824984748112528,44.71116065979004,0.07608696034080104,0.3655099978572444,1654.0,residual_pinn,4.6079712415996354,4.6079712415996354
0.0,0.5863766089866036,53.298662185668945,0.07608696073293686,0.3654820746497104,1655.0,residual_pinn,5.487494167528655,5.487494167528655
0.0,0.48654314326612574,56.4435342487536,0.07608696034080104,0.3655183754469219,1656.0,residual_pinn,5.782018322693674,5.782018322693674
0.0,0.436800302643525,35.13279161955181,0.07608696034080104,0.36541322971645157,1657.0,residual_pinn,3.6409848802968074,3.6409848802968074
0.0,0.6789007453542006,31.756031237150495,0.07608696034080104,0.3654277842295797,1658.0,residual_pinn,3.3517304784373234,3.3517304784373234
0.0,0.6021832949236819,40.499675148411804,0.07608696034080104,0.3654766474899493,1659.0,residual_pinn,4.210756201493113,4.210756201493113
0.0,0.43069719013414887,37.13109739203202,0.07608696034080104,0.36563526956658615,1660.0,residual_pinn,3.8396171017696985,3.8396171017696985
0.0,0.3978287781539716,37.330067785162676,0.07608696034080104,0.36562611711652654,1661.0,residual_pinn,3.8529395555195056,3.8529395555195056
0.0,0.4076725213151229,43.446989460995326,0.07608696034080104,0.3655837429197211,1662.0,residual_pinn,4.466596157927262,4.466596157927262
0.0,0.48399837393509715,44.14602600900751,0.07608696034080104,0.36547782389741196,1663.0,residual_pinn,4.551754386801469,4.551754386801469
0.0,0.45251424453760447,43.62658430400648,0.07608696034080104,0.36548356947145966,1664.0,residual_pinn,4.493514010780736,4.493514010780736
0.0,0.5253271099768186,47.928898560373405,0.07608771912361446,0.3658656917120281,1665.0,residual_pinn,4.938346316939906,4.938346316939906
0.0,0.4997199805159318,38.89952885477167,0.07610029413511879,0.36638824720131724,1666.0,residual_pinn,4.030340728006865,4.030340728006865
0.0,0.5049544212065245,50.07828561883224,0.0760875265849264,0.3661269043621264,1667.0,residual_pinn,5.149236528496993,5.149236528496993
0.0,0.6149221125401949,50.15196704864502,0.07608696034080104,0.365536652113262,1668.0,residual_pinn,5.178539119268718,5.178539119268718
0.0,0.8831525068534049,46.16119339591578,0.07608696034080104,0.36556032927412735,1669.0,residual_pinn,4.83311034503736,4.83311034503736
0.0,0.4856158334173654,38.803988456726074,0.07608696034080104,0.3654552368741286,1670.0,residual_pinn,4.017871856689453,4.017871856689453
0.0,0.40446069209199204,34.9879093170166,0.07608696034080104,0.3654399420085706,1671.0,residual_pinn,3.620031526214198,3.620031526214198
0.0,0.4676273896505958,31.255402414422285,0.07608696034080104,0.3655476146622708,1672.0,residual_pinn,3.2594248872054252,3.2594248872054252
0.0,0.46080940020711797,57.53508788660953,0.07608696073293686,0.3656120723799655,1673.0,residual_pinn,5.886036207801418,5.886036207801418
0.0,0.5188431135917965,40.12191079792223,0.07608696034080104,0.3654624051169345,1674.0,residual_pinn,4.156310351271379,4.156310351271379
0.0,0.5959407459748419,38.33052228626452,0.07608696034080104,0.3654411623352452,1675.0,residual_pinn,3.9925889341454757,3.9925889341454757
0.0,0.4536125471717433,55.07823090804251,0.07608696034080104,0.365430999743311,1676.0,residual_pinn,5.638893064699675,5.638893064699675
0.0,0.4400742838257237,36.15218549025686,0.07608696034080104,0.36550011603455795,1677.0,residual_pinn,3.7435878327018335,3.7435878327018335
0.0,0.5041178935452512,32.6464911009136,0.07608696034080104,0.36550432129910115,1678.0,residual_pinn,3.40582757874539,3.40582757874539
0.0,0.589377077786546,43.58675981822767,0.07608696034080104,0.36593640164325114,1679.0,residual_pinn,4.5169493901102165,4.5169493901102165
0.0,0.6711706707352086,64.61127301266319,0.07608696034080104,0.36582303047180176,1680.0,residual_pinn,6.635747966013457,6.635747966013457
0.0,0.4503908533799021,38.95320008930407,0.07608696034080104,0.36555955755083186,1681.0,residual_pinn,4.025758511141727,4.025758511141727
0.0,0.41236827561729833,32.837526622571446,0.07608696034080104,0.3656185630120729,1682.0,residual_pinn,3.4065926263206885,3.4065926263206885
0.0,0.5620861382860887,36.68993227105392,0.07608696034080104,0.3654435888717049,1683.0,residual_pinn,3.8217591862929496,3.8217591862929496
0.0,0.4678097100634324,25.115676327755576,0.07608696073293686,0.36545923352241516,1684.0,residual_pinn,2.6454799488971106,2.6454799488971106
0.0,0.4235387358226274,48.72346285769814,0.07608696034080104,0.3654959499835968,1685.0,residual_pinn,4.9974080010464315,4.9974080010464315
0.0,0.5420569973556619,111.42188192668713,0.07608696034080104,0.36544842312210485,1686.0,residual_pinn,11.290949231699893,11.290949231699893
0.0,0.5148578929273706,65.23304929231342,0.07608696034080104,0.36539734351007563,1687.0,residual_pinn,6.666620718805413,6.666620718805413
0.0,0.42890939979176773,48.00563721907766,0.07608696034080104,0.3654257749256335,1688.0,residual_pinn,4.92669255482523,4.92669255482523
0.0,0.44456595809836136,43.06546738273219,0.07608696034080104,0.36552505116713674,1689.0,residual_pinn,4.435816846395793,4.435816846395793
0.0,0.4965223560207768,47.2930259202656,0.07608696034080104,0.3655356498141038,1690.0,residual_pinn,4.868965117554915,4.868965117554915
0.0,0.43102461727041946,34.349408400686166,0.07608696034080104,0.36545080730789586,1691.0,residual_pinn,3.5614952727368006,3.5614952727368006
0.0,0.5077574723645261,31.18975255363866,0.07608696034080104,0.365412585045162,1692.0,residual_pinn,3.2608724205117476,3.2608724205117476
0.0,0.4929149793951135,36.82558054673044,0.07608696034080104,0.3653724899417476,1693.0,residual_pinn,3.821482689757096,3.821482689757096
0.0,0.6555623443503129,59.635485096981654,0.07608696034080104,0.36552195799978154,1694.0,residual_pinn,6.135017520502994,6.135017520502994
0.0,0.7741426943164122,107.93987916645251,0.07608696034080104,0.3658075834575452,1695.0,residual_pinn,10.989201759037218,10.989201759037218
0.0,0.5974563360214233,49.176249955829825,0.07608696034080104,0.36554310666887385,1696.0,residual_pinn,5.077474958018253,5.077474958018253
0.0,0.40161362447236715,33.52479513067948,0.07608696034080104,0.3653812879010251,1697.0,residual_pinn,3.473144769668579,3.473144769668579
0.0,0.5581124895497372,35.91831468280993,0.07608696034080104,0.3654734962864926,1698.0,residual_pinn,3.7438058978632878,3.7438058978632878
0.0,0.6186879747792294,39.25353547146446,0.07608696034080104,0.3656000510642403,1699.0,residual_pinn,4.089455585730703,4.089455585730703
0.0,0.5326735204771945,36.25475697768362,0.07608696034080104,0.3655212568609338,1700.0,residual_pinn,3.7723669754831413,3.7723669754831413
0.0,0.4556302890965813,45.70794647618344,0.07608696034080104,0.36697045752876684,1701.0,residual_pinn,4.702422167125501,4.702422167125501
0.0,0.47280109399243403,36.895689713327506,0.07608696034080104,0.3657581555215936,1702.0,residual_pinn,3.8245093759737516,3.8245093759737516
0.0,0.4717385788497172,36.20068680612665,0.07608696034080104,0.36556855785219294,1703.0,residual_pinn,3.7547776259874044,3.7547776259874044
0.0,0.5029976242466977,35.030426025390625,0.07608696034080104,0.3654435198558004,1704.0,residual_pinn,3.643990918209678,3.643990918209678
0.0,0.8196432990463156,33.22619638944927,0.07608696034080104,0.36548562740024765,1705.0,residual_pinn,3.5269012702138802,3.5269012702138802
0.0,0.5823895052859658,43.66920220224481,0.07608696034080104,0.3655362897797635,1706.0,residual_pinn,4.523756165253489,4.523756165253489
0.0,0.5467234912671541,38.43143387844688,0.07608696034080104,0.36566649455773204,1707.0,residual_pinn,3.9928591000406364,3.9928591000406364
0.0,0.6640545953261224,35.416424098767735,0.07608696034080104,0.3654739731236508,1708.0,residual_pinn,3.7148050697226274,3.7148050697226274
0.0,0.5894298945602617,38.4847489407188,0.07608696034080104,0.365421009691138,1709.0,residual_pinn,4.006707329499094,4.006707329499094
0.0,0.5533324762394554,29.442166127656634,0.07608696034080104,0.3655182327094831,1710.0,residual_pinn,3.095239438508686,3.095239438508686
0.0,0.5914233177900314,44.25308789704975,0.07608696034080104,0.3654815742844029,1711.0,residual_pinn,4.583945958237899,4.583945958237899
0.0,1.0718960354202671,99.96594780369809,0.07608696034080104,0.36559282164824636,1712.0,residual_pinn,10.251337804292378,10.251337804292378
0.0,0.7129272693081906,49.46408934342234,0.07608696034080104,0.3655143866413518,1713.0,residual_pinn,5.129350053636651,5.129350053636651
0.0,0.39323276359783976,47.7115525697407,0.07608696034080104,0.3657112796055643,1714.0,residual_pinn,4.890177300101833,4.890177300101833
0.0,0.7200954430981686,45.56489613181666,0.07608696034080104,0.36559187581664637,1715.0,residual_pinn,4.74087215097327,4.74087215097327
0.0,0.7244893045801866,30.251817853827227,0.07608696034080104,0.365413835174159,1716.0,residual_pinn,3.21042537689209,3.21042537689209
0.0,0.4421711760131936,33.40757420188502,0.07608696034080104,0.36550703487898173,1717.0,residual_pinn,3.4695467509721456,3.4695467509721456
0.0,0.6416301758665788,52.404434605648646,0.07608696034080104,0.36547451897671346,1718.0,residual_pinn,5.409121369060717,5.409121369060717
0.0,0.617543079351124,36.031183794925084,0.07608696034080104,0.3655703146206705,1719.0,residual_pinn,3.7669884593863237,3.7669884593863237
0.0,0.7623176951157419,40.75820822464792,0.07608696073293686,0.3656524513897143,1720.0,residual_pinn,4.268654007660715,4.268654007660715
0.0,0.4109882077104167,33.31128968690571,0.07608980410977413,0.36583403694002253,1721.0,residual_pinn,3.4537144773884823,3.4537144773884823
0.0,0.469387959492834,33.080060858475534,0.07608696034080104,0.3656933919379586,1722.0,residual_pinn,3.4422574262869987,3.4422574262869987
0.0,0.4001263419264241,40.3809488196122,0.07608696034080104,0.36551034607385335,1723.0,residual_pinn,4.158475587242528,4.158475587242528
0.0,0.5888232173104035,41.05847484187076,0.07608696034080104,0.3654273701341529,1724.0,residual_pinn,4.263959200758683,4.263959200758683
0.0,0.4653070686679137,30.68502255489952,0.07608696034080104,0.36541049574550827,1725.0,residual_pinn,3.201909171907525,3.201909171907525
0.0,0.5795313519866843,28.65761154576352,0.07608696034080104,0.36542752228285136,1726.0,residual_pinn,3.0220146492907873,3.0220146492907873
0.0,0.5107366513264807,31.73346639934339,0.07608696034080104,0.3654880649165103,1727.0,residual_pinn,3.3158472556816903,3.3158472556816903
0.0,0.42879074811935425,28.2420913294742,0.07608696034080104,0.36558351234385844,1728.0,residual_pinn,2.9503300691905774,2.9503300691905774
0.0,0.3921173818801579,24.8210012034366,0.07608696034080104,0.3657355088936655,1729.0,residual_pinn,2.6009016036987305,2.6009016036987305
0.0,0.44892086010230214,32.6855354309082,0.07608696034080104,0.36585293788658946,1730.0,residual_pinn,3.3987274232663607,3.3987274232663607
0.0,0.41327068640997533,28.556703165957803,0.07608696034080104,0.3655927996886404,1731.0,residual_pinn,2.9786881961320577,2.9786881961320577
0.0,0.4958164456643556,32.34082964846962,0.07608696034080104,0.3655393107941276,1732.0,residual_pinn,3.3736046113465963,3.3736046113465963
0.0,0.4680748119166023,36.24116882524992,0.07608696034080104,0.3655985719279239,1733.0,residual_pinn,3.758096086351495,3.758096086351495
0.0,0.5780272319128639,46.77595148588482,0.07608696034080104,0.36545987191953155,1734.0,residual_pinn,4.8335509362973665,4.8335509362973665
0.0,0.8174344065942263,54.396190342150234,0.07608696034080104,0.36544682948212875,1735.0,residual_pinn,5.643454840308742,5.643454840308742
0.0,0.5224831527785251,54.99821672941509,0.07608696034080104,0.36550337860458776,1736.0,residual_pinn,5.644673008667795,5.644673008667795
0.0,0.42236940719579397,42.875485470420436,0.07608696034080104,0.36554391917429474,1737.0,residual_pinn,4.412381266292773,4.412381266292773
0.0,0.5097595029755643,59.03823481108013,0.07608696034080104,0.3658084085113124,1738.0,residual_pinn,6.046160622646934,6.046160622646934
0.0,0.8109194008927596,69.89980898405376,0.07608696073293686,0.3657957817378797,1739.0,residual_pinn,7.192548689089324,7.192548689089324
0.0,0.6521641149332649,67.75912676359478,0.07608696073293686,0.3655329221173337,1740.0,residual_pinn,6.946703107733476,6.946703107733476
0.0,0.5119981491251996,40.40633251792506,0.07608696034080104,0.3654196372157649,1741.0,residual_pinn,4.183379210923848,4.183379210923848
0.0,0.6052280538960507,38.79446471364874,0.07608696034080104,0.36538559355233846,1742.0,residual_pinn,4.04083504174885,4.04083504174885
0.0,0.48951900005340576,26.462585097865055,0.07608696034080104,0.3653757572174072,1743.0,residual_pinn,2.7845042630245813,2.7845042630245813
0.0,0.45363663685949224,28.488455471239593,0.07608696034080104,0.365442997530887,1744.0,residual_pinn,2.979921554264269,2.979921554264269
0.0,0.5255626298879322,45.59956394998651,0.07608696034080104,0.36570710728043004,1745.0,residual_pinn,4.705444022228844,4.705444022228844
0.0,0.522739091986104,46.386862202694545,0.07608696034080104,0.3656683203421141,1746.0,residual_pinn,4.783605236756174,4.783605236756174
0.0,0.3947165365281858,55.75482910557797,0.07608696034080104,0.36551004961917277,1747.0,residual_pinn,5.694781516727648,5.694781516727648
0.0,0.49034952333098963,50.358821969283255,0.07608696034080104,0.36543088210256475,1748.0,residual_pinn,5.174299528724269,5.174299528724269
0.0,0.4519725692899604,26.191532285589922,0.07608696034080104,0.36541624445664256,1749.0,residual_pinn,2.7498937907971834,2.7498937907971834
0.0,0.40841581790070786,27.3007466165643,0.07608696034080104,0.3653705167142968,1750.0,residual_pinn,2.852099380995098,2.852099380995098
0.0,0.48921278354368714,29.234960806997197,0.07608696034080104,0.36538314976190267,1751.0,residual_pinn,3.0616813207927502,3.0616813207927502
0.0,0.5292273571616725,27.600904213754756,0.07608695994866521,0.36550031680809825,1752.0,residual_pinn,2.906290286465695,2.906290286465695
0.0,0.4914242076246362,39.12248777088366,0.07608696034080104,0.3654912851358715,1753.0,residual_pinn,4.050887151768333,4.050887151768333
0.0,0.4660962169107638,37.47492343501041,0.07608696034080104,0.3656489833405143,1754.0,residual_pinn,3.88108083448912,3.88108083448912
0.0,0.41006553565201004,45.33096684907612,0.07608759442442342,0.3658062611755572,1755.0,residual_pinn,4.655494972279198,4.655494972279198
0.0,0.46257734455560384,42.66610386497096,0.07608696073293686,0.36566449466504547,1756.0,residual_pinn,4.399496680811832,4.399496680811832
0.0,0.515674460091089,78.4637733760633,0.07608696034080104,0.36552553270992477,1757.0,residual_pinn,7.9898692557686255,7.9898692557686255
0.0,0.705650204106381,62.428647593448034,0.07608697328128312,0.36540445371678,1758.0,residual_pinn,6.4243395203038265,6.4243395203038265
0.0,0.7524288594722748,62.40000754908512,0.07651406291284059,0.36789172574093465,1759.0,residual_pinn,6.431101485302574,6.431101485302574
0.0,0.44389617599939046,40.94452064915707,0.07608696034080104,0.3657376860317431,1760.0,residual_pinn,4.223609503946807,4.223609503946807
0.0,0.45762965553685236,31.829486018732975,0.07608696034080104,0.3655615072501333,1761.0,residual_pinn,3.3148350809749805,3.3148350809749805
0.0,0.4156169530592467,23.232598806682386,0.07608696034080104,0.3655133074835727,1762.0,residual_pinn,2.4467390461971887,2.4467390461971887
0.0,0.5093192905187607,26.902780332063372,0.07608696034080104,0.3654849293984865,1763.0,residual_pinn,2.8324948298303703,2.8324948298303703
0.0,0.7750394940376282,40.49248278768439,0.07608696034080104,0.3654606624653465,1764.0,residual_pinn,4.244606507451911,4.244606507451911
0.0,0.9443454491464716,52.98011488663523,0.07608696034080104,0.3656313482083772,1765.0,residual_pinn,5.527248131601434,5.527248131601434
0.0,0.471830447253428,50.02720762553968,0.07608696034080104,0.36578863545467977,1766.0,residual_pinn,5.1374700885069995,5.1374700885069995
0.0,0.5919013682164644,39.24906329104775,0.07608696034080104,0.3654381209298184,1767.0,residual_pinn,4.0836348659113835,4.0836348659113835
0.0,0.5024532056168506,57.9374038294742,0.07608696034080104,0.36539439464870255,1768.0,residual_pinn,5.934574804807964,5.934574804807964
0.0,0.5420370360738352,78.00560459337737,0.07608696034080104,0.3653822086359325,1769.0,residual_pinn,7.949310365476106,7.949310365476106
0.0,0.424784118407651,50.493460504632246,0.07608696034080104,0.36554772446030065,1770.0,residual_pinn,5.174662044173793,5.174662044173793
0.0,0.5223034949679124,55.31578425357216,0.07608696034080104,0.3655547797679901,1771.0,residual_pinn,5.6763989047000285,5.6763989047000285
0.0,0.47957351254789454,43.911739349365234,0.07608696034080104,0.36540489761452927,1772.0,residual_pinn,4.527433508320859,4.527433508320859
0.0,0.42714854290610865,46.010968559666686,0.07608696034080104,0.36572138416139705,1773.0,residual_pinn,4.726903049569381,4.726903049569381
0.0,0.47864369185347305,40.636502717670645,0.07608696034080104,0.3657775003659098,1774.0,residual_pinn,4.199761215009187,4.199761215009187
0.0,0.4476844629174785,83.36314111006887,0.07608696034080104,0.3656540073846516,1775.0,residual_pinn,8.466221131776509,8.466221131776509
0.0,0.6963274298529876,62.052641918784694,0.07608696034080104,0.3657371025336416,1776.0,residual_pinn,6.384907647183067,6.384907647183067
0.0,0.4311551506582059,44.92544214349044,0.07608696034080104,0.3655734344532615,1777.0,residual_pinn,4.619137011076274,4.619137011076274
0.0,0.4136775292848286,40.529336377194056,0.07608696034080104,0.3654079735279083,1778.0,residual_pinn,4.176014316709418,4.176014316709418
0.0,0.5461095634259676,44.88995020013107,0.07608696034080104,0.36537501059080424,1779.0,residual_pinn,4.638558839496813,4.638558839496813
0.0,0.5931177515732614,34.290576232107064,0.07608696034080104,0.36541912430211115,1780.0,residual_pinn,3.588027445893539,3.588027445893539
0.0,0.5696174706283369,23.517647492258174,0.07608696034080104,0.365442261884087,1781.0,residual_pinn,2.5060368588096216,2.5060368588096216
0.0,0.5985416817037683,25.60129105417352,0.07608696034080104,0.3654750601241463,1782.0,residual_pinn,2.720189358058729,2.720189358058729
0.0,0.4757041797826165,36.57372304012901,0.07608696034080104,0.3655333644465396,1783.0,residual_pinn,3.792870876036192,3.792870876036192
0.0,0.4925572338857149,25.93769525226794,0.07608696034080104,0.3657704168244412,1784.0,residual_pinn,2.7326623954271017,2.7326623954271017
0.0,0.5316976740172035,32.95905680405466,0.07608696034080104,0.3656078388816432,1785.0,residual_pinn,3.442610351662887,3.442610351662887
0.0,0.6240031923118391,35.810483530948034,0.07608696034080104,0.36581453837846456,1786.0,residual_pinn,3.7462348687021354,3.7462348687021354
0.0,0.412437799729799,39.8708371614155,0.07608696034080104,0.3662784915221365,1787.0,residual_pinn,4.110003515293724,4.110003515293724
0.0,0.4312293419712468,34.51266825826544,0.07608696034080104,0.36617554175226313,1788.0,residual_pinn,3.57793464786128,3.57793464786128
0.0,0.7166283318870946,37.500185615138,0.07608696034080104,0.36564876217591136,1789.0,residual_pinn,3.933713586706864,3.933713586706864
0.0,0.51408562142598,26.876819560402318,0.07608696034080104,0.3655504003951424,1790.0,residual_pinn,2.830858581944516,2.830858581944516
0.0,0.484245470479915,42.60939327039217,0.07608696034080104,0.36551663593242045,1791.0,residual_pinn,4.398144483566284,4.398144483566284
0.0,0.4268556103894585,40.944750585054095,0.07608696034080104,0.36548978247140584,1792.0,residual_pinn,4.220199541041725,4.220199541041725
0.0,0.5199038041265387,43.58960442793997,0.07608696034080104,0.36544712436826604,1793.0,residual_pinn,4.503290339520103,4.503290339520103
0.0,0.4347627649181767,27.63030729795757,0.07608696034080104,0.36543527402375875,1794.0,residual_pinn,2.8903312055688155,2.8903312055688155
0.0,0.5438155429927927,31.145236266286748,0.07608696034080104,0.36539843835328756,1795.0,residual_pinn,3.263630986213684,3.263630986213684
0.0,0.5341762837610746,27.786028510645817,0.07608696034080104,0.36545412007131073,1796.0,residual_pinn,2.9257879570910803,2.9257879570910803
0.0,0.4850175380706787,31.233174022875335,0.07608696034080104,0.36549827456474304,1797.0,residual_pinn,3.2606751981534456,3.2606751981534456
0.0,0.4368676998113331,27.17719308953536,0.07608696034080104,0.36545692305815847,1798.0,residual_pinn,2.8454430103302,2.8454430103302
0.0,0.4321697918992293,25.459773515400133,0.07608696034080104,0.3655624264164975,1799.0,residual_pinn,2.6727719871621383,2.6727719871621383
0.0,0.4564578446902727,23.453687918813603,0.07608696034080104,0.3654282140104394,1800.0,residual_pinn,2.4770076274871826,2.4770076274871826
0.0,0.416866881282706,21.487258760552656,0.07608696034080104,0.36535799189617757,1801.0,residual_pinn,2.2724394735537077,2.2724394735537077
0.0,0.48281792355211156,23.09505598168624,0.07608696034080104,0.36536328259267303,1802.0,residual_pinn,2.4464099344454313,2.4464099344454313
0.0,0.5314077585935593,23.034451083133096,0.07608696034080104,0.3653765336463326,1803.0,residual_pinn,2.4500686871378043,2.4500686871378043
0.0,0.5400919459368053,20.187489660162676,0.07608710660746223,0.3656507526573382,1804.0,residual_pinn,2.1671369075775146,2.1671369075775146
0.0,0.4032375334124816,18.9791730579577,0.07608696073293686,0.36539159793602793,1805.0,residual_pinn,2.0189083940104435,2.0189083940104435
0.0,0.4776141251388349,18.907681264375384,0.07608696034080104,0.36538014757005793,1806.0,residual_pinn,2.02663338811774,2.02663338811774
0.0,0.57355014822985,32.59078414816605,0.07608696034080104,0.36548100804027756,1807.0,residual_pinn,3.4141410212767753,3.4141410212767753
0.0,0.7659754031582883,25.11464952167712,0.07608696034080104,0.36543825111891093,1808.0,residual_pinn,2.7050082307112846,2.7050082307112846
0.0,0.39148493111133575,24.25948963667217,0.07608696034080104,0.36565660332378586,1809.0,residual_pinn,2.544615990237186,2.544615990237186
0.0,0.41307537963515834,40.654823303222656,0.07608696034080104,0.36553250331627696,1810.0,residual_pinn,4.188455035811977,4.188455035811977
0.0,0.4279606616810748,19.06616170782792,0.07608696034080104,0.3655073423134653,1811.0,residual_pinn,2.0325634479522705,2.0325634479522705
0.0,0.3943692445755005,28.72345477656314,0.07608696034080104,0.36562275886535645,1812.0,residual_pinn,2.9915860389408313,2.9915860389408313
0.0,0.3976428116622724,37.42940561394943,0.07608696034080104,0.36541475590906647,1813.0,residual_pinn,3.8628150914844714,3.8628150914844714
0.0,0.49487110501841497,35.84590279428583,0.07608696034080104,0.36549412263067144,1814.0,residual_pinn,3.7239183877643787,3.7239183877643787
0.0,0.4199012870851316,20.35483711644223,0.07608696034080104,0.3655081140367608,1815.0,residual_pinn,2.159819170048362,2.159819170048362
0.0,0.38811286421198593,22.93392106106407,0.07608696034080104,0.36540549993515015,1816.0,residual_pinn,2.41135961758463,2.41135961758463
0.0,0.44403693079948425,22.737760945370322,0.07608696034080104,0.3655908233241031,1817.0,residual_pinn,2.4029469521422135,2.4029469521422135
0.0,0.47954188051976654,25.743850758201198,0.07610184777724116,0.36674845532367106,1818.0,residual_pinn,2.7107734240983663,2.7107734240983663
0.0,0.4084621871772565,31.35780736019737,0.07611112649503507,0.3666503429412842,1819.0,residual_pinn,3.2579438435403922,3.2579438435403922
0.0,0.37387438432166453,31.664978077537135,0.07609440543149647,0.3674479801403849,1820.0,residual_pinn,3.281822261057402,3.281822261057402
0.0,0.47428975097442927,28.07330402575041,0.07609593123197556,0.36622617432945653,1821.0,residual_pinn,2.9426158854835913,2.9426158854835913
0.0,0.4289548506862239,28.67228603363037,0.07608696034080104,0.3656218569529684,1822.0,residual_pinn,2.9933861180355676,2.9933861180355676
0.0,0.44227837104546397,34.581779630560625,0.07608696034080104,0.3654736845116866,1823.0,residual_pinn,3.5869854123968827,3.5869854123968827
0.0,0.5800036286052904,27.394338005467464,0.07608696034080104,0.3654599832861047,1824.0,residual_pinn,2.895784955275686,2.895784955275686
0.0,0.5603939843805212,28.722657705608167,0.07608696034080104,0.3653884137931623,1825.0,residual_pinn,3.024687823496367,3.024687823496367
0.0,0.5857556917165455,37.7672724472849,0.07608696034080104,0.36577796151763514,1826.0,residual_pinn,3.934260606765747,3.934260606765747
0.0,0.5480994472378179,25.105341559962223,0.07608696034080104,0.3661145191443594,1827.0,residual_pinn,2.6605698811380485,2.6605698811380485
0.0,0.5706544722381391,35.21210479736328,0.07608696034080104,0.36563833136307566,1828.0,residual_pinn,3.6757096303136727,3.6757096303136727
0.0,0.4321819802648143,29.61731127688759,0.07608696034080104,0.36553313387067693,1829.0,residual_pinn,3.0885251948707984,3.0885251948707984
0.0,0.5623885236288372,24.546420975735312,0.07608696034080104,0.36546683782025385,1830.0,residual_pinn,2.607470901388871,2.607470901388871
0.0,0.4321183703447643,32.71251286958393,0.07608696034080104,0.3654862720715372,1831.0,residual_pinn,3.3980279909937003,3.3980279909937003
0.0,0.49500090354367304,66.68880663420025,0.07608696112507268,0.36542493732352005,1832.0,residual_pinn,6.8082278276744645,6.8082278276744645
0.0,0.3884635904901906,52.27942898398951,0.07608696034080104,0.36539410446819504,1833.0,residual_pinn,5.34597931410137,5.34597931410137
0.0,0.692410061233922,82.11293682299163,0.07608696034080104,0.3653990642020577,1834.0,residual_pinn,8.39012014238458,8.39012014238458
0.0,0.7582554926997737,46.22958916111996,0.07608696034080104,0.3654997913460982,1835.0,residual_pinn,4.814964394820364,4.814964394820364
0.0,0.6830524143419767,39.5860393925717,0.07608696034080104,0.3655922459928613,1836.0,residual_pinn,4.135578130420885,4.135578130420885
0.0,0.9208755163769973,31.31346745240061,0.07608696034080104,0.3654600962212211,1837.0,residual_pinn,3.3558722891305623,3.3558722891305623
0.0,0.7244964045913596,46.82408046722412,0.07608696034080104,0.36555465114744085,1838.0,residual_pinn,4.867667141713594,4.867667141713594
0.0,0.4098370263451024,27.29149015326249,0.07608696034080104,0.36536545816220733,1839.0,residual_pinn,2.8514574264225208,2.8514574264225208
0.0,0.4289304904247585,32.127029820492396,0.07608696034080104,0.3653788441105893,1840.0,residual_pinn,3.33883135569723,3.33883135569723
0.0,0.5068516817532087,26.696318877370732,0.07608696034080104,0.36536720395088196,1841.0,residual_pinn,2.8113433875535665,2.8113433875535665
0.0,0.7247043440216466,19.522084185951634,0.07608696034080104,0.3653638817762074,1842.0,residual_pinn,2.1374900341033936,2.1374900341033936
0.0,0.7184673767340811,24.618810503106367,0.07608696034080104,0.3653976603558189,1843.0,residual_pinn,2.6459186704535234,2.6459186704535234
0.0,0.5851661704088512,29.66692809054726,0.07608696034080104,0.365462064743042,1844.0,residual_pinn,3.1240767428749487,3.1240767428749487
0.0,0.4653613363441668,45.184999415749,0.07608696034080104,0.3655842495592017,1845.0,residual_pinn,4.651935044087861,4.651935044087861
0.0,0.5631513383827711,43.75007333253559,0.07608696034080104,0.36574642124928924,1846.0,residual_pinn,4.528016642520302,4.528016642520302
0.0,0.39682983254131515,37.832855927316764,0.07608696034080104,0.3680383531670821,1847.0,residual_pinn,3.9032598671160246,3.9032598671160246
0.0,0.7626467935348812,98.10848512147602,0.07608696034080104,0.3661190412546459,1848.0,residual_pinn,10.003794274832073,10.003794274832073
0.0,0.48117897228190776,63.846057389911856,0.07608696034080104,0.36563984971297414,1849.0,residual_pinn,6.521209905022069,6.521209905022069
0.0,0.7483656453458887,90.77041485435085,0.07608696034080104,0.36542218609860067,1850.0,residual_pinn,9.267061233520508,9.267061233520508
0.0,1.0985320571221804,124.14674236899928,0.07608696034080104,0.3654073461105949,1851.0,residual_pinn,12.67472639836763,12.67472639836763
0.0,1.385683470650723,83.94245288246556,0.07608696034080104,0.3657341803375043,1852.0,residual_pinn,8.711759755485936,8.711759755485936
0.0,0.8523797141878229,99.55728510806435,0.07608696034080104,0.3656641495855231,1853.0,residual_pinn,10.166575482017116,10.166575482017116
0.0,0.6823078064542067,110.46618692498458,0.07608696034080104,0.3655027433445579,1854.0,residual_pinn,11.223435201142964,11.223435201142964
0.0,1.0311962036710036,46.84953247873407,0.07608696034080104,0.36543387802023636,1855.0,residual_pinn,4.931540250778198,4.931540250778198
0.0,0.522898427749935,46.44713341562372,0.07608696034080104,0.365386111171622,1856.0,residual_pinn,4.789636128827145,4.789636128827145
0.0,0.6191786551161816,24.07619581724468,0.07608696034080104,0.36541460689745453,1857.0,residual_pinn,2.57180118560791,2.57180118560791
0.0,0.5386453514036379,18.313423859445674,0.07608696034080104,0.3654983922054893,1858.0,residual_pinn,1.979425665579344,1.979425665579344
0.0,0.4933583532509051,26.077387006659258,0.07608696034080104,0.3653904670163205,1859.0,residual_pinn,2.7467538369329354,2.7467538369329354
0.0,0.6119910290366725,29.48506400459691,0.07608696034080104,0.36538530807746084,1860.0,residual_pinn,3.111247586576562,3.111247586576562
0.0,0.47777108142250463,35.834388632523385,0.07608696034080104,0.3653967255040219,1861.0,residual_pinn,3.719337124573557,3.719337124573557
0.0,0.42303544675049026,21.817970175492135,0.07608696034080104,0.36537563016540126,1862.0,residual_pinn,2.306746071890781,2.306746071890781
0.0,0.4230976206691642,20.923017501831055,0.07608696034080104,0.36540005865849945,1863.0,residual_pinn,2.2172657063132837,2.2172657063132837
0.0,0.5830572420044949,23.30410851930317,0.07608696034080104,0.3653913061869772,1864.0,residual_pinn,2.4873658669622323,2.4873658669622323
0.0,0.6705581279177415,43.31408350091232,0.07608696034080104,0.3656200970474042,1865.0,residual_pinn,4.505886297476919,4.505886297476919
0.0,0.615817948391563,44.62358630330939,0.07608704072864432,0.3657814970141963,1866.0,residual_pinn,4.625904823604383,4.625904823604383
0.0,0.480287472668447,38.94537614521227,0.07609124442464427,0.36590931917491715,1867.0,residual_pinn,4.030990682150188,4.030990682150188
0.0,0.5892876496440486,36.692476774516855,0.07608774069108461,0.36600127188782944,1868.0,residual_pinn,3.827509748308282,3.827509748308282
0.0,0.47658933306995194,30.662672193426836,0.07608696034080104,0.3655707538127899,1869.0,residual_pinn,3.2019466161727905,3.2019466161727905
0.0,0.41292159573027964,21.302737486989873,0.07608696034080104,0.36539744389684575,1870.0,residual_pinn,2.253202221895519,2.253202221895519
0.0,0.4151015297362679,18.858084302199515,0.07608696034080104,0.3653836391474071,1871.0,residual_pinn,2.0091715235459175,2.0091715235459175
0.0,0.43188762115804774,20.72885307512785,0.07608696034080104,0.365381143595043,1872.0,residual_pinn,2.1996053770968786,2.1996053770968786
0.0,0.4440579116344452,20.84410456607216,0.07608696034080104,0.3653724272000162,1873.0,residual_pinn,2.2135637057454964,2.2135637057454964
0.0,0.6802311586706262,18.081584855129844,0.07608696034080104,0.36536907679156255,1874.0,residual_pinn,1.9845460120000338,1.9845460120000338
0.0,0.40203777426167536,23.75091552734375,0.07608696034080104,0.3653817694438131,1875.0,residual_pinn,2.4958415784333883,2.4958415784333883
0.0,0.4225737813271974,34.59107378909462,0.07608696034080104,0.36550079207671315,1876.0,residual_pinn,3.583976569928621,3.583976569928621
0.0,0.43237118736693736,50.05407463876825,0.07608696034080104,0.36568502532808406,1877.0,residual_pinn,5.132254713460019,5.132254713460019
0.0,0.4066928076116662,38.769856452941895,0.07608696034080104,0.3654892570094058,1878.0,residual_pinn,3.9986776176251864,3.9986776176251864
0.0,0.41661650177679566,30.821861367476615,0.07608696034080104,0.3654610059763256,1879.0,residual_pinn,3.2058599748109518,3.2058599748109518
0.0,0.40930284167590897,20.730993471647565,0.07608696034080104,0.36538877298957423,1880.0,residual_pinn,2.1953032204979346,2.1953032204979346
0.0,0.5577480636144939,17.03485719781173,0.07608696034080104,0.36550132694997284,1881.0,residual_pinn,1.8553898805066158,1.8553898805066158
0.0,0.5111927280300542,14.95608605836567,0.07608734894739955,0.3661713725642154,1882.0,residual_pinn,1.638268646441008,1.638268646441008
0.0,0.4394199597208123,18.69499030866121,0.07608696034080104,0.3660157793446591,1883.0,residual_pinn,1.9977890190325285,1.9977890190325285
0.0,0.4147416321854842,20.661927323592337,0.07608696034080104,0.3654771572665164,1884.0,residual_pinn,2.189493179321289,2.189493179321289
0.0,0.46174882783701543,16.1936953193263,0.07608696034080104,0.36539047015340703,1885.0,residual_pinn,1.7520627285304822,1.7520627285304822
0.0,0.4344595380519566,18.392711062180368,0.07608696034080104,0.36543801897450495,1886.0,residual_pinn,1.9665112495422363,1.9665112495422363
0.0,0.5034448292694593,15.294106031719007,0.07608696034080104,0.36555339160718414,1887.0,residual_pinn,1.67045932067068,1.67045932067068
0.0,0.43559216041313975,17.07487588179739,0.07608696034080104,0.36548770885718496,1888.0,residual_pinn,1.8349591932798688,1.8349591932798688
0.0,0.49520707052004964,16.83382601487009,0.07608696034080104,0.3653971239140159,1889.0,residual_pinn,1.8227681454859281,1.8227681454859281
0.0,0.446191226181231,24.285082867271022,0.07608696034080104,0.3653969890192935,1890.0,residual_pinn,2.5580906240563643,2.5580906240563643
0.0,0.4287375478368056,30.7496650595414,0.07608696034080104,0.365478482685591,1891.0,residual_pinn,3.201066261843631,3.201066261843631
0.0,0.39422318417775004,27.598468429163884,0.07608696034080104,0.36550752112739965,1892.0,residual_pinn,2.879046640898052,2.879046640898052
0.0,0.45089408284739446,54.27489938234028,0.07608696034080104,0.3657622133430682,1893.0,residual_pinn,5.558049490577297,5.558049490577297
0.0,0.4683285324197066,52.17280362781725,0.07608696034080104,0.36555420254406173,1894.0,residual_pinn,5.35130576710952,5.35130576710952
0.0,0.7298654702148939,31.477380150242855,0.07608696034080104,0.36575254641081156,1895.0,residual_pinn,3.334090803798876,3.334090803798876
0.0,0.42836983188202504,24.514166330036364,0.07608696034080104,0.3656192014091893,1896.0,residual_pinn,2.5774569511413574,2.5774569511413574
0.0,0.614680058077762,38.17957617107191,0.07608696034080104,0.3653970878375204,1897.0,residual_pinn,3.981237769126892,3.981237769126892
0.0,0.4331523681941785,42.37709597537392,0.07608696034080104,0.365440109842702,1898.0,residual_pinn,4.364688503114801,4.364688503114801
0.0,0.5268149485713557,28.33602072063245,0.0760915640153383,0.36581464347086456,1899.0,residual_pinn,2.9793512193780196,2.9793512193780196
0.0,0.5219308075151945,35.05654033861662,0.07608696034080104,0.36562636494636536,1900.0,residual_pinn,3.6504072013654207,3.6504072013654207
0.0,0.4939917945548108,40.76717246206183,0.07608696034080104,0.36558670432944046,1901.0,residual_pinn,4.215878699955187,4.215878699955187
0.0,0.6069724959762473,44.74599702734696,0.07608696034080104,0.36554978552617523,1902.0,residual_pinn,4.636353511559336,4.636353511559336
0.0,0.5385728352948239,31.110638668662624,0.07608696034080104,0.3655351337633635,1903.0,residual_pinn,3.2591363756280196,3.2591363756280196
0.0,0.5429091610406575,42.33925202018336,0.07608696034080104,0.3657509386539459,1904.0,residual_pinn,4.382886516420465,4.382886516420465
0.0,0.5080505507557016,25.320361037003366,0.07608696034080104,0.36557065656310633,1905.0,residual_pinn,2.6740076479158903,2.6740076479158903
0.0,0.38257018908074025,18.346822763744154,0.07608696034080104,0.36546371955620616,1906.0,residual_pinn,1.951547136432246,1.951547136432246
0.0,0.54818153067639,20.96852909891229,0.07608696034080104,0.3654384095417826,1907.0,residual_pinn,2.246837477934988,2.246837477934988
0.0,0.6762255273367229,33.943363189697266,0.07608696034080104,0.35240386034313004,1908.0,residual_pinn,3.568626171664188,3.568626171664188
0.0,0.7228202678655323,19.538506332196686,0.07608696034080104,0.34061383259923833,1909.0,residual_pinn,2.1362804833211397,2.1362804833211397
0.0,0.42514450220685257,21.739591949864437,0.07608696034080104,0.34087161798226207,1910.0,residual_pinn,2.296879630339773,2.296879630339773
0.0,0.4262895411566684,19.870307872169896,0.07608696034080104,0.3407149895241386,1911.0,residual_pinn,2.110164610963119,2.110164610963119
0.0,0.411994437638082,22.317496299743652,0.07608696034080104,0.3407683184272365,1912.0,residual_pinn,2.3520298066892122,2.3520298066892122
0.0,0.5504968299677497,24.14466210415489,0.07608696034080104,0.34100710561400965,1913.0,residual_pinn,2.5624706745147705,2.5624706745147705
0.0,0.5569636139430498,21.558944777438516,0.07608696034080104,0.34076218385445445,1914.0,residual_pinn,2.3051678318726387,2.3051678318726387
0.0,0.6981505673182639,25.648638549603913,0.07608696034080104,0.340684103338342,1915.0,residual_pinn,2.742366771948965,2.742366771948965
0.0,0.5808929550020319,21.523910673041094,0.07608696034080104,0.3407552022682993,1916.0,residual_pinn,2.3064496454439665,2.3064496454439665
0.0,0.8034875659566176,19.75975859792609,0.07608696034080104,0.340634485608653,1917.0,residual_pinn,2.174541241244266,2.174541241244266
0.0,0.4396506077364871,22.53678658134059,0.07608696034080104,0.3406278726301695,1918.0,residual_pinn,2.3794759982510616,2.3794759982510616
0.0,0.43208076608808416,21.984381274173135,0.07608696034080104,0.34071035447873566,1919.0,residual_pinn,2.3227296628450094,2.3227296628450094
0.0,0.4540572354668065,18.550816987690173,0.07608696034080104,0.3409859867472398,1920.0,residual_pinn,1.9837961792945862,1.9837961792945862
0.0,0.42641792328734146,30.03795650130824,0.07608696073293686,0.3409355800402792,1921.0,residual_pinn,3.12697728213511,3.12697728213511
0.0,0.41657967473331253,61.34613679584704,0.07608696034080104,0.3406982359133269,1922.0,residual_pinn,6.255803748180992,6.255803748180992
0.0,0.6195654680854396,39.3998633434898,0.07608696034080104,0.34073931606192337,1923.0,residual_pinn,4.101777679041812,4.101777679041812
0.0,0.6086414989672209,36.306754764757656,0.07608696034080104,0.34074431814645467,1924.0,residual_pinn,3.7902825380626477,3.7902825380626477
0.0,0.4163900582413924,38.77694581684313,0.07608696034080104,0.34068785372533295,1925.0,residual_pinn,3.998845803110223,3.998845803110223
0.0,0.5234136604949048,30.313472923479583,0.07608696034080104,0.34063205750365005,1926.0,residual_pinn,3.173897689894626,3.173897689894626
0.0,0.428011596987122,33.69185482828241,0.07608696034080104,0.340638330108241,1927.0,residual_pinn,3.492655967411242,3.492655967411242
0.0,0.4883925655954762,34.50340953626131,0.07608696034080104,0.3411015554478294,1928.0,residual_pinn,3.585934086849815,3.585934086849815
0.0,0.3973304527370553,21.7303658535606,0.07608696073293686,0.3406406123387186,1929.0,residual_pinn,2.290371126250217,2.290371126250217
0.0,0.37543806904240656,19.39546941456042,0.07608696034080104,0.3407627438244067,1930.0,residual_pinn,2.0525152620516325,2.0525152620516325
0.0,0.44261748226065384,19.814428555338008,0.07608696073293686,0.3407446616574338,1931.0,residual_pinn,2.107845243654753,2.107845243654753
0.0,0.41503312399512843,29.11691625494706,0.07608696034080104,0.3407385129677622,1932.0,residual_pinn,3.0325765170549093,3.0325765170549093
0.0,0.49847461989051417,64.15139449270148,0.07608696034080104,0.34083646379019084,1933.0,residual_pinn,6.552722259571678,6.552722259571678
0.0,1.4066152478519238,120.95751822622199,0.07608875004868758,0.34123078929750544,1934.0,residual_pinn,12.415002584457397,12.415002584457397
0.0,0.8360749467423088,80.513579719945,0.07611267974502162,0.3414469141709177,1935.0,residual_pinn,8.256523383291144,8.256523383291144
0.0,0.9120029681607297,66.90172556826943,0.07608696034080104,0.34084513783454895,1936.0,residual_pinn,6.910462003005178,6.910462003005178
0.0,0.8167158929925216,51.11616345455772,0.07608696034080104,0.34067046799157796,1937.0,residual_pinn,5.312830937536139,5.312830937536139
0.0,0.4646782349599035,38.26975270321495,0.07608696034080104,0.3406703378024854,1938.0,residual_pinn,3.9577823312659013,3.9577823312659013
0.0,0.4880085736513138,31.80003577784488,0.07608696034080104,0.3406431235765156,1939.0,residual_pinn,3.3154739768881547,3.3154739768881547
0.0,0.4644704515996732,45.85715489638479,0.07608696034080104,0.3406014144420624,1940.0,residual_pinn,4.716474093888936,4.716474093888936
0.0,0.521872203601034,38.7793550491333,0.07608696034080104,0.3406897077434941,1941.0,residual_pinn,4.020183262072112,4.020183262072112
0.0,0.5421022521822076,30.876998299046566,0.07608696034080104,0.3408933140729603,1942.0,residual_pinn,3.2340140468195866,3.2340140468195866
0.0,0.4380368825636412,20.983536368922184,0.07608696034080104,0.3410029019180097,1943.0,residual_pinn,2.2238657317663493,2.2238657317663493
0.0,0.48416829462114136,19.188972724111455,0.07608696034080104,0.3412341020609203,1944.0,residual_pinn,2.053658770887475,2.053658770887475
0.0,0.39124301546498347,22.565730496456748,0.07608696034080104,0.34113603830337524,1945.0,residual_pinn,2.3727396507012215,2.3727396507012215
0.0,0.41253178292199183,36.77741904007761,0.07608696034080104,0.3407023282427537,1946.0,residual_pinn,3.7981228828430176,3.7981228828430176
0.0,0.46169955871607127,49.13732207448859,0.07608696034080104,0.34057829411406265,1947.0,residual_pinn,5.043934445632131,5.043934445632131
0.0,0.447796263977101,64.82340140091746,0.07608696034080104,0.34060996457150106,1948.0,residual_pinn,6.609764588506598,6.609764588506598
0.0,0.554907080374266,58.253568046971374,0.07608696073293686,0.3406442090084678,1949.0,residual_pinn,5.974207049921939,5.974207049921939
0.0,0.4579744025280601,45.499376347190456,0.07608696073293686,0.3406103316106294,1950.0,residual_pinn,4.679397934361508,4.679397934361508
0.0,0.7869163720231307,59.7083027488307,0.07608696034080104,0.3406678657782705,1951.0,residual_pinn,6.166084785210459,6.166084785210459
0.0,0.8471448531276301,43.826952382137904,0.07608696034080104,0.34915030159448324,1952.0,residual_pinn,4.590843715165791,4.590843715165791
0.0,0.6284711564842024,36.860523525037266,0.07608696034080104,0.353027354729803,1953.0,residual_pinn,3.850853807047794,3.850853807047794
0.0,0.5886351717145819,29.636194379706133,0.07608696034080104,0.35312368210993317,1954.0,residual_pinn,3.1204632708900855,3.1204632708900855
0.0,0.4022945173476872,24.249939316197445,0.07608696034080104,0.3530483010568117,1955.0,residual_pinn,2.5445620511707507,2.5445620511707507
0.0,0.4197087405543578,20.33171352587248,0.07608696034080104,0.35300108633543315,1956.0,residual_pinn,2.1562176064441076,2.1562176064441076
0.0,0.5718015197076296,23.203235626220703,0.07608696034080104,0.3531655245705655,1957.0,residual_pinn,2.4738048566015145,2.4738048566015145
0.0,0.4929569230267876,24.945499721326325,0.07608696034080104,0.3530431938798804,1958.0,residual_pinn,2.6322500705718994,2.6322500705718994
0.0,0.443035720994598,40.497273093775696,0.07608696034080104,0.35303426416296707,1959.0,residual_pinn,4.1774422745955615,4.1774422745955615
0.0,0.4445445788534064,21.010043395192998,0.07608696034080104,0.35308344113199336,1960.0,residual_pinn,2.229025975654,2.229025975654
0.0,0.4688425346424705,13.999309389214767,0.07608696034080104,0.3530163310076061,1961.0,residual_pinn,1.532805455358405,1.532805455358405
0.0,0.4567136082210039,15.066056502492804,0.07608696034080104,0.35299331106637655,1962.0,residual_pinn,1.6370520905444497,1.6370520905444497
0.0,0.42001725341144364,19.77519426847759,0.07608696034080104,0.35299528743091385,1963.0,residual_pinn,2.1006268356975757,2.1006268356975757
0.0,0.45635125982133967,22.284592076351768,0.07608696034080104,0.35302590853289556,1964.0,residual_pinn,2.358836459486108,2.358836459486108
0.0,0.4529698765591571,16.12659343920256,0.07608696034080104,0.35317540168762207,1965.0,residual_pinn,1.7423752107118304,1.7423752107118304
0.0,0.5112530063641699,13.94896896261918,0.07608696034080104,0.3531332470868763,1966.0,residual_pinn,1.5362651787306134,1.5362651787306134
0.0,0.5367309921666196,16.451084563606663,0.07608696034080104,0.35328834935238485,1967.0,residual_pinn,1.791587886057402,1.791587886057402
0.0,0.581428874480097,14.958594698654977,0.07608696034080104,0.3531080217737901,1968.0,residual_pinn,1.6512604136216014,1.6512604136216014
0.0,0.5249959795098555,27.956092658795807,0.07608696034080104,0.353065539347498,1969.0,residual_pinn,2.939719400907818,2.939719400907818
0.0,0.39763990515156794,20.373370296076725,0.07608696034080104,0.3530862754897067,1970.0,residual_pinn,2.155978064788015,2.155978064788015
0.0,0.4923820017199767,17.046961633782637,0.07608696034080104,0.3530550661839937,1971.0,residual_pinn,1.842282467766812,1.842282467766812
0.0,0.510262742638588,17.28612699006733,0.07608696034080104,0.3530276558901134,1972.0,residual_pinn,1.8697724075693833,1.8697724075693833
0.0,0.4562048653238698,20.51819866581967,0.07608696034080104,0.3532482118983018,1973.0,residual_pinn,2.1821900041479814,2.1821900041479814
0.0,0.4235968683895312,33.25035823018927,0.07608696034080104,0.3532464833636033,1974.0,residual_pinn,3.4488843553944637,3.4488843553944637
0.0,0.40781255458530624,34.98760554665014,0.07608696034080104,0.3530580432791459,1975.0,residual_pinn,3.619433195967423,3.619433195967423
0.0,0.40336964867616953,21.274068280270225,0.07608696073293686,0.3530308823836477,1976.0,residual_pinn,2.2471882481324044,2.2471882481324044
0.0,0.45157659681219803,16.566844086898,0.07608696073293686,0.3530251603377493,1977.0,residual_pinn,1.7861066241013377,1.7861066241013377
0.0,0.4735997013355556,14.60374436880413,0.07608696034080104,0.3530332869605014,1978.0,residual_pinn,1.5942020228034572,1.5942020228034572
0.0,0.5151345133781433,14.492630557010049,0.07608696034080104,0.3530001216813138,1979.0,residual_pinn,1.5913943366000527,1.5913943366000527
0.0,0.4558528865638532,34.52822369023373,0.07608695994866521,0.35304462282281174,1980.0,residual_pinn,3.5831017243234733,3.5831017243234733
0.0,0.7232941922388578,39.51935657701994,0.07608696034080104,0.35328278102372823,1981.0,residual_pinn,4.135727079291093,4.135727079291093
0.0,0.5162949216993231,23.70966564981561,0.07608696034080104,0.3533309180485575,1982.0,residual_pinn,2.513363053924159,2.513363053924159
0.0,0.40367265594633,18.07254013262297,0.07608696034080104,0.35316584141630875,1983.0,residual_pinn,1.9271095457829928,1.9271095457829928
0.0,0.4995947715483214,15.626382702275327,0.07608696034080104,0.3530842050125724,1984.0,residual_pinn,1.7016700349356,1.7016700349356
0.0,0.4407882753171419,19.111980689199346,0.07608696073293686,0.35312860733584356,1985.0,residual_pinn,2.038472991240652,2.038472991240652
0.0,0.4243424605382116,24.340974456385563,0.07608696034080104,0.35317793959065485,1986.0,residual_pinn,2.558088117524197,2.558088117524197
0.0,0.45229061183176544,19.726318208794844,0.07609212594596963,0.3537355081031197,1987.0,residual_pinn,2.1022681562524093,2.1022681562524093
0.0,0.43589268703209727,20.558535701350163,0.07611857433068125,0.3558342770526284,1988.0,residual_pinn,2.1824215462333276,2.1824215462333276
0.0,0.423947421343703,21.251990770038805,0.07608696034080104,0.35521157791740016,1989.0,residual_pinn,2.249314207779734,2.249314207779734
0.0,0.4036470290861632,11.771545159189325,0.07608696034080104,0.35526894738799647,1990.0,residual_pinn,1.2972151888044257,1.2972151888044257
0.0,0.3704455373318572,14.633401870727539,0.07608696034080104,0.3551200204773953,1991.0,residual_pinn,1.57674567322982,1.57674567322982
0.0,0.3756055667212135,15.698349651537443,0.07608696034080104,0.3551299650418131,1992.0,residual_pinn,1.684273428038547,1.684273428038547
0.0,0.4911354278263293,18.160169450860273,0.07608696073293686,0.3551237159653714,1993.0,residual_pinn,1.953560760146693,1.953560760146693
0.0,0.5594120206017243,47.10302759471693,0.07608696034080104,0.3558654393020429,1994.0,residual_pinn,4.861576080322266,4.861576080322266
0.0,0.5425052815362027,43.36150952389366,0.07608696034080104,0.35632194186511795,1995.0,residual_pinn,4.48408862164146,4.48408862164146
0.0,1.114914983510971,67.62966678017064,0.07608696034080104,0.35574760248786524,1996.0,residual_pinn,7.025328686362819,7.025328686362819
0.0,0.6723467378239882,39.330782890319824,0.07608696034080104,0.3552707292531666,1997.0,residual_pinn,4.106879115104675,4.106879115104675
0.0,0.47594174664271505,24.682453130420885,0.07608696034080104,0.3552250501356627,1998.0,residual_pinn,2.602760572182505,2.602760572182505
0.0,0.6692419601114172,23.903467278731497,0.07608696034080104,0.35520865415271957,1999.0,residual_pinn,2.5635203311317847,2.5635203311317847
0.0,0.41543731642396825,15.310716704318398,0.07608696034080104,0.35510157911401047,2000.0,residual_pinn,1.6534736815251803,1.6534736815251803
