field_loss,acoustic_loss,temperature_loss,smoothness_loss,physics_residual_loss,epoch,training_mode,mean_epoch_loss,total_loss
0.0,12.631970405578613,162421.4921875,0.0143187684006989,0.0,1.0,normal,16244.6767578125,16244.6767578125
0.0,12.549801349639893,162332.71875,0.01203862763941288,0.0,2.0,normal,16235.7822265625,16235.7822265625
0.0,12.450925350189209,163645.3046875,0.010279650799930096,0.0,3.0,normal,16367.02099609375,16367.02099609375
0.0,12.273780345916748,161272.359375,0.009123294148594141,0.0,4.0,normal,16129.6904296875,16129.6904296875
0.0,12.031491756439209,162528.1171875,0.00911427941173315,0.0,5.0,normal,16255.21875,16255.21875
0.0,11.508138179779053,161171.15625,0.011602550279349089,0.0,6.0,normal,16119.41796875,16119.41796875
0.0,10.334963321685791,161970.5234375,0.019282342866063118,0.0,7.0,normal,16199.12109375,16199.12109375
0.0,7.455049991607666,158934.3828125,0.04428398236632347,0.0,8.0,normal,15894.93212890625,15894.93212890625
0.0,3.9234687089920044,158982.4140625,0.07122604176402092,0.0,9.0,normal,15899.029296875,15899.029296875
0.0,0.9921699613332748,156575.5,0.08396056294441223,0.0,10.0,normal,15657.7529296875,15657.7529296875
0.0,0.40088685508817434,153747.3984375,0.08925474807620049,0.0,11.0,normal,15374.8251953125,15374.8251953125
0.0,5.324304461479187,149536.28125,0.09027775749564171,0.0,12.0,normal,14954.69775390625,14954.69775390625
0.0,17.505807399749756,144304.4140625,0.09365726634860039,0.0,13.0,normal,14433.947265625,14433.947265625
0.0,38.902469635009766,136484.4296875,0.09512432664632797,0.0,14.0,normal,13656.228515625,13656.228515625
0.0,70.14978408813477,125915.71484375,0.09812814742326736,0.0,15.0,normal,12605.6064453125,12605.6064453125
0.0,108.99767303466797,112908.765625,0.09538895264267921,0.0,16.0,normal,11312.681640625,11312.681640625
0.0,145.00035095214844,96662.51171875,0.09134813770651817,0.0,17.0,normal,9695.25634765625,9695.25634765625
0.0,165.39849090576172,75333.884765625,0.08382129296660423,0.0,18.0,normal,7566.472900390625,7566.472900390625
0.0,144.59829711914062,52565.63671875,0.0723341703414917,0.0,19.0,normal,5285.487060546875,5285.487060546875
0.0,74.88427352905273,28785.455078125,0.06402222998440266,0.0,20.0,normal,2893.5255126953125,2893.5255126953125
0.0,7.268550992012024,9366.41845703125,0.06017455831170082,0.0,21.0,normal,938.0986022949219,938.0986022949219
0.0,78.79705810546875,5038.788330078125,0.058263473212718964,0.0,22.0,normal,519.6411590576172,519.6411590576172
0.0,127.3641471862793,15038.15576171875,0.058007145300507545,0.0,23.0,normal,1529.2913818359375,1529.2913818359375
0.0,25.464232683181763,17514.2822265625,0.05801514722406864,0.0,24.0,normal,1756.5240478515625,1756.5240478515625
0.0,18.194573879241943,8431.072265625,0.05881134979426861,0.0,25.0,normal,846.7490844726562,846.7490844726562
0.0,48.315446853637695,3875.2362060546875,0.058777088299393654,0.0,26.0,normal,397.1896667480469,397.1896667480469
0.0,24.816960334777832,6338.315185546875,0.05875505320727825,0.0,27.0,normal,638.7978515625,638.7978515625
0.0,2.4721550531685352,8645.77734375,0.058206215500831604,0.0,28.0,normal,865.0751037597656,865.0751037597656
0.0,3.6832552552223206,7136.57080078125,0.058009834960103035,0.0,29.0,normal,714.3966674804688,714.3966674804688
0.0,10.069117546081543,4264.320068359375,0.05797627195715904,0.0,30.0,normal,428.44873046875,428.44873046875
0.0,6.1695475578308105,3262.42529296875,0.057972101494669914,0.0,31.0,normal,327.4793395996094,327.4793395996094
0.0,0.43951548263430595,4405.363037109375,0.05797154642641544,0.0,32.0,normal,440.62711334228516,440.62711334228516
0.0,1.2344927787780762,4916.8507080078125,0.057972779497504234,0.0,33.0,normal,491.93487548828125,491.93487548828125
0.0,0.8629666119813919,4122.26318359375,0.057997239753603935,0.0,34.0,normal,412.4018249511719,412.4018249511719
0.0,0.35188249312341213,3538.8890380859375,0.05797412805259228,0.0,35.0,normal,353.96217346191406,353.96217346191406
0.0,1.586088240146637,3373.8668212890625,0.05797688104212284,0.0,36.0,normal,337.70680236816406,337.70680236816406
0.0,0.6297791004180908,3589.6590576171875,0.05797720514237881,0.0,37.0,normal,359.0947723388672,359.0947723388672
0.0,0.44785595685243607,3688.5133056640625,0.057974766939878464,0.0,38.0,normal,368.9438018798828,368.9438018798828
0.0,2.07455050945282,3410.6988525390625,0.05797313340008259,0.0,39.0,normal,341.4876937866211,341.4876937866211
0.0,1.8524140119552612,3324.8402099609375,0.0579721424728632,0.0,40.0,normal,332.85741424560547,332.85741424560547
0.0,0.27137201372534037,3204.99853515625,0.05797166936099529,0.0,41.0,normal,320.5570373535156,320.5570373535156
0.0,0.7721325755119324,3426.4371337890625,0.05797149986028671,0.0,42.0,normal,342.80104064941406,342.80104064941406
0.0,1.8690481185913086,3390.3067626953125,0.05797144956886768,0.0,43.0,normal,339.4073944091797,339.4073944091797
0.0,0.9344826638698578,3236.7752685546875,0.057971490547060966,0.0,44.0,normal,323.86732482910156,323.86732482910156
0.0,0.10496697574853897,3116.2393798828125,0.05797160603106022,0.0,45.0,normal,311.64783477783203,311.64783477783203
0.0,0.599234938621521,3196.2149658203125,0.057971786707639694,0.0,46.0,normal,319.74425506591797,319.74425506591797
0.0,0.6787388622760773,3315.87451171875,0.05797189474105835,0.0,47.0,normal,331.7261047363281,331.7261047363281
0.0,0.19643984362483025,3170.6563720703125,0.0579717680811882,0.0,48.0,normal,317.1078186035156,317.1078186035156
0.0,0.028074664995074272,3087.3250732421875,0.05797155573964119,0.0,49.0,normal,308.74102783203125,308.74102783203125
0.0,0.07683296874165535,3321.5111083984375,0.05797138996422291,0.0,50.0,normal,332.16937255859375,332.16937255859375
0.0,0.09810269623994827,3178.253662109375,0.057971326634287834,0.0,51.0,normal,317.847900390625,317.847900390625
0.0,0.09972674772143364,3084.7901611328125,0.05797133408486843,0.0,52.0,normal,308.50186920166016,308.50186920166016
0.0,0.05721676163375378,3068.00048828125,0.05797136574983597,0.0,53.0,normal,306.8144073486328,306.8144073486328
0.0,0.018252253998070955,3000.637939453125,0.057971419766545296,0.0,54.0,normal,300.0703582763672,300.0703582763672
0.0,0.040409588254988194,3013.3583984375,0.057971471920609474,0.0,55.0,normal,301.34681701660156,301.34681701660156
0.0,0.0984160341322422,3060.520263671875,0.05797147750854492,0.0,56.0,normal,306.0746154785156,306.0746154785156
0.0,0.07081517577171326,3026.338134765625,0.057971445843577385,0.0,57.0,normal,302.65089416503906,302.65089416503906
0.0,0.018284530378878117,3013.1885986328125,0.057971399277448654,0.0,58.0,normal,301.3254089355469,301.3254089355469
0.0,0.013475761283189058,3016.4102783203125,0.05797133408486843,0.0,59.0,normal,301.6466369628906,301.6466369628906
0.0,0.020667091943323612,3003.356689453125,0.05797130428254604,0.0,60.0,normal,300.34271240234375,300.34271240234375
0.0,0.06645303778350353,2984.0244140625,0.057971302419900894,0.0,61.0,normal,298.4186248779297,298.4186248779297
0.0,0.039550743997097015,2978.6226806640625,0.057971298694610596,0.0,62.0,normal,297.8730773925781,297.8730773925781
0.0,0.010330064687877893,2921.3173828125,0.05797130987048149,0.0,63.0,normal,292.13670349121094,292.13670349121094
0.0,0.01177643146365881,2965.5499267578125,0.05797133781015873,0.0,64.0,normal,296.5602722167969,296.5602722167969
0.0,0.018907777965068817,2908.9395751953125,0.057971348986029625,0.0,65.0,normal,290.90065002441406,290.90065002441406
0.0,0.05300726741552353,2947.07275390625,0.05797131732106209,0.0,66.0,normal,294.7207794189453,294.7207794189453
0.0,0.026839631609618664,2901.9439697265625,0.057971296831965446,0.0,67.0,normal,290.2026824951172,290.2026824951172
0.0,0.03286127280443907,2867.98681640625,0.05797129310667515,0.0,68.0,normal,286.8081512451172,286.8081512451172
0.0,0.05818413943052292,2832.6983642578125,0.05797129310667515,0.0,69.0,normal,283.2843780517578,283.2843780517578
0.0,0.019482998875901103,2830.50146484375,0.0579712800681591,0.0,70.0,normal,283.0569610595703,283.0569610595703
0.0,0.01095596281811595,2870.111572265625,0.05797128938138485,0.0,71.0,normal,287.01625061035156,287.01625061035156
0.0,0.018381864298135042,2777.5564575195312,0.05797128938138485,0.0,72.0,normal,277.7622299194336,277.7622299194336
0.0,0.018872373970225453,2788.2374267578125,0.0579712837934494,0.0,73.0,normal,278.83042907714844,278.83042907714844
0.0,0.0140093844383955,2824.146728515625,0.05797126516699791,0.0,74.0,normal,282.4203796386719,282.4203796386719
0.0,0.01010880060493946,2798.4608154296875,0.05797123163938522,0.0,75.0,normal,279.8509979248047,279.8509979248047
0.0,0.0332361925393343,2753.2408447265625,0.05797123722732067,0.0,76.0,normal,275.33363342285156,275.33363342285156
0.0,0.06727094203233719,2737.63134765625,0.05797125771641731,0.0,77.0,normal,273.7794952392578,273.7794952392578
0.0,0.014480982441455126,2690.8416748046875,0.05797126702964306,0.0,78.0,normal,269.08995819091797,269.08995819091797
0.0,0.04863096959888935,2762.0726318359375,0.05797126330435276,0.0,79.0,normal,276.21988677978516,276.21988677978516
0.0,0.07504263892769814,2666.471923828125,0.05797124654054642,0.0,80.0,normal,266.6650924682617,266.6650924682617
0.0,0.025395664386451244,2707.8372802734375,0.057971248403191566,0.0,81.0,normal,270.7917175292969,270.7917175292969
0.0,0.04924905765801668,2691.0946044921875,0.057971252128481865,0.0,82.0,normal,269.12220001220703,269.12220001220703
0.0,0.02102243434637785,2692.5908813476562,0.05797123908996582,0.0,83.0,normal,269.26619720458984,269.26619720458984
0.0,0.035219631157815456,2674.8587646484375,0.05797122232615948,0.0,84.0,normal,267.4958267211914,267.4958267211914
0.0,0.044929346069693565,2628.09423828125,0.05797121115028858,0.0,85.0,normal,262.82130432128906,262.82130432128906
0.0,0.015999674098566175,2601.7440185546875,0.057971224188804626,0.0,86.0,normal,260.1805114746094,260.1805114746094
0.0,0.07016551122069359,2531.6943359375,0.05797124281525612,0.0,87.0,normal,253.1863784790039,253.1863784790039
0.0,0.029366078786551952,2550.8953857421875,0.05797125585377216,0.0,88.0,normal,255.09832000732422,255.09832000732422
0.0,0.028758972883224487,2487.36181640625,0.05797125585377216,0.0,89.0,normal,248.74483489990234,248.74483489990234
0.0,0.11546962708234787,2473.5068359375,0.05797123536467552,0.0,90.0,normal,247.37669372558594,247.37669372558594
0.0,0.0512182405218482,2528.7701416015625,0.05797121487557888,0.0,91.0,normal,252.89016723632812,252.89016723632812
0.0,0.045660243602469563,2501.166015625,0.05797121115028858,0.0,92.0,normal,250.12863159179688,250.12863159179688
0.0,0.18194840103387833,2472.1571044921875,0.057971229776740074,0.0,93.0,normal,247.2550048828125,247.2550048828125
0.0,0.05185071611776948,2415.064697265625,0.05797124281525612,0.0,94.0,normal,241.51974487304688,241.51974487304688
0.0,0.09241575375199318,2414.2523193359375,0.05797123908996582,0.0,95.0,normal,241.44661712646484,241.44661712646484
0.0,0.18954864144325256,2344.2086181640625,0.057971229776740074,0.0,96.0,normal,234.461669921875,234.461669921875
0.0,0.03060293896123767,2348.2568359375,0.05797122232615948,0.0,97.0,normal,234.83470153808594,234.83470153808594
0.0,0.08356287702918053,2269.8301391601562,0.057971226051449776,0.0,98.0,normal,227.00263214111328,227.00263214111328
0.0,0.11597592383623123,2259.68896484375,0.05797123350203037,0.0,99.0,normal,225.99500274658203,225.99500274658203
0.0,0.009418073808774352,2286.3436279296875,0.05797123536467552,0.0,100.0,normal,228.63916778564453,228.63916778564453
0.0,0.08812299743294716,2223.229736328125,0.05797123536467552,0.0,101.0,normal,222.34349822998047,222.34349822998047
0.0,0.08327701687812805,2196.9144287109375,0.05797123536467552,0.0,102.0,normal,219.71099853515625,219.71099853515625
0.0,0.015335408970713615,2205.143310546875,0.05797124095261097,0.0,103.0,normal,220.5203094482422,220.5203094482422
0.0,0.05915492959320545,2128.25927734375,0.05797124467790127,0.0,104.0,normal,212.84066009521484,212.84066009521484
0.0,0.018696446204558015,2126.3289794921875,0.05797123722732067,0.0,105.0,normal,212.63954162597656,212.63954162597656
0.0,0.02220796002075076,2096.1640014648438,0.05797123536467552,0.0,106.0,normal,209.62374114990234,209.62374114990234
0.0,0.007464140595402569,2041.949462890625,0.057971252128481865,0.0,107.0,normal,204.1993408203125,204.1993408203125
0.0,0.0059838235029019415,1979.5014038085938,0.05797126889228821,0.0,108.0,normal,197.95423889160156,197.95423889160156
0.0,0.004338797589298338,1954.1278076171875,0.057971276342868805,0.0,109.0,normal,195.41655731201172,195.41655731201172
0.0,0.008510002866387367,1921.2354736328125,0.057971274480223656,0.0,110.0,normal,192.1281509399414,192.1281509399414
0.0,0.00882141594775021,1924.47412109375,0.05797127075493336,0.0,111.0,normal,192.4520721435547,192.4520721435547
0.0,0.004388743545860052,1899.466552734375,0.057971276342868805,0.0,112.0,normal,189.95043182373047,189.95043182373047
0.0,0.00644845305941999,1926.2323608398438,0.057971274480223656,0.0,113.0,normal,192.62742614746094,192.62742614746094
0.0,0.004581335000693798,1803.807373046875,0.057971272617578506,0.0,114.0,normal,180.38455200195312,180.38455200195312
0.0,0.019972737412899733,1855.079345703125,0.057971298694610596,0.0,115.0,normal,185.51482391357422,185.51482391357422
0.0,0.008393297670409083,1783.7239379882812,0.057971321046352386,0.0,116.0,normal,178.3769760131836,178.3769760131836
0.0,0.03005775436758995,1725.5501708984375,0.05797131173312664,0.0,117.0,normal,172.56392669677734,172.56392669677734
0.0,0.0578738059848547,1725.0935668945312,0.0579712949693203,0.0,118.0,normal,172.52383422851562,172.52383422851562
0.0,0.012544055003672838,1707.0194702148438,0.05797129124403,0.0,119.0,normal,170.70735931396484,170.70735931396484
0.0,0.0660928450524807,1654.7603149414062,0.05797130800783634,0.0,120.0,normal,165.49215698242188,165.49215698242188
0.0,0.0658980943262577,1629.9694213867188,0.05797133781015873,0.0,121.0,normal,163.01302337646484,163.01302337646484
0.0,0.007481409003958106,1684.8084106445312,0.05797136574983597,0.0,122.0,normal,168.48524475097656,168.48524475097656
0.0,0.11754943802952766,1627.2154846191406,0.05797135457396507,0.0,123.0,normal,162.7479591369629,162.7479591369629
0.0,0.15256095677614212,1534.1889038085938,0.057971321046352386,0.0,124.0,normal,153.45230102539062,153.45230102539062
0.0,0.019351632334291935,1524.86962890625,0.05797131545841694,0.0,125.0,normal,152.49373626708984,152.49373626708984
0.0,0.19152981042861938,1482.1902770996094,0.05797133594751358,0.0,126.0,normal,148.26023864746094,148.26023864746094
0.0,0.15682411193847656,1406.6195678710938,0.05797138251364231,0.0,127.0,normal,140.69622039794922,140.69622039794922
0.0,0.03017513547092676,1485.7479248046875,0.057971423491835594,0.0,128.0,normal,148.58373260498047,148.58373260498047
0.0,0.317404180765152,1410.0610961914062,0.05797138996422291,0.0,129.0,normal,141.0724868774414,141.0724868774414
0.0,0.27728457748889923,1439.606689453125,0.05797133594751358,0.0,130.0,normal,144.01902770996094,144.01902770996094
0.0,0.07872640434652567,1408.0639038085938,0.05797133222222328,0.0,131.0,normal,140.82503509521484,140.82503509521484
0.0,0.5750453323125839,1327.4742431640625,0.05797139182686806,0.0,132.0,normal,132.86533737182617,132.86533737182617
0.0,0.25957968458533287,1332.2855834960938,0.057971471920609474,0.0,133.0,normal,133.28337478637695,133.28337478637695
0.0,0.28600607067346573,1230.2374877929688,0.05797143653035164,0.0,134.0,normal,123.0838508605957,123.0838508605957
0.0,0.7586885094642639,1125.6259765625,0.057971375063061714,0.0,135.0,normal,112.71723556518555,112.71723556518555
0.0,0.1466491436585784,1233.0585327148438,0.05797136016190052,0.0,136.0,normal,123.33808898925781,123.33808898925781
0.0,0.48803458362817764,1088.0164489746094,0.057971375063061714,0.0,137.0,normal,108.90215301513672,108.90215301513672
0.0,0.7080152630805969,1057.2159423828125,0.057971466332674026,0.0,138.0,normal,105.8661003112793,105.8661003112793
0.0,0.08692243695259094,1033.902099609375,0.057971490547060966,0.0,139.0,normal,103.41049194335938,103.41049194335938
0.0,0.6772142350673676,929.669677734375,0.05797145515680313,0.0,140.0,normal,93.10531234741211,93.10531234741211
0.0,0.5283946990966797,946.1311950683594,0.057971417903900146,0.0,141.0,normal,94.72169876098633,94.72169876098633
0.0,0.1238872455433011,911.4308166503906,0.057971419766545296,0.0,142.0,normal,91.17075729370117,91.17075729370117
0.0,0.6677886545658112,828.172119140625,0.057971471920609474,0.0,143.0,normal,82.95367431640625,82.95367431640625
0.0,0.3014231398701668,854.5021057128906,0.05797154642641544,0.0,144.0,normal,85.51339340209961,85.51339340209961
0.0,0.21430583484470844,805.8512878417969,0.05797155760228634,0.0,145.0,normal,80.63088989257812,80.63088989257812
0.0,0.7196455001831055,728.1522827148438,0.05797149986028671,0.0,146.0,normal,72.96205711364746,72.96205711364746
0.0,0.16419092193245888,742.8368530273438,0.05797147937119007,0.0,147.0,normal,74.31942367553711,74.31942367553711
0.0,0.3821365386247635,717.2198181152344,0.05797153525054455,0.0,148.0,normal,71.80130958557129,71.80130958557129
0.0,0.530023381114006,642.9171295166016,0.05797160044312477,0.0,149.0,normal,64.4006175994873,64.4006175994873
0.0,0.07113765552639961,616.0365295410156,0.05797160789370537,0.0,150.0,normal,61.62078094482422,61.62078094482422
0.0,0.4644162058830261,618.3396606445312,0.05797155946493149,0.0,151.0,normal,61.92974853515625,61.92974853515625
0.0,0.28511613607406616,582.3055419921875,0.05797157250344753,0.0,152.0,normal,58.29047966003418,58.29047966003418
0.0,0.16229890286922455,548.7009124755859,0.057971641421318054,0.0,153.0,normal,54.90544891357422,54.90544891357422
0.0,0.3465295881032944,535.7839202880859,0.05797167681157589,0.0,154.0,normal,53.650596618652344,53.650596618652344
0.0,0.09677800163626671,516.8335876464844,0.05797163210809231,0.0,155.0,normal,51.70561218261719,51.70561218261719
0.0,0.19606959074735641,495.33375549316406,0.05797160603106022,0.0,156.0,normal,49.57548904418945,49.57548904418945
0.0,0.16964033991098404,466.6579895019531,0.05797167308628559,0.0,157.0,normal,46.702627182006836,46.702627182006836
0.0,0.09333594143390656,463.78184509277344,0.057971708476543427,0.0,158.0,normal,46.39975166320801,46.39975166320801
0.0,0.1268882304430008,434.64012145996094,0.05797168053686619,0.0,159.0,normal,43.492289543151855,43.492289543151855
0.0,0.08476226404309273,430.78363037109375,0.05797165259718895,0.0,160.0,normal,43.09821319580078,43.09821319580078
0.0,0.08924774453043938,452.7879333496094,0.05797169357538223,0.0,161.0,normal,45.299543380737305,45.299543380737305
0.0,0.11577226221561432,488.7737121582031,0.05797168239951134,0.0,162.0,normal,48.90342903137207,48.90342903137207
0.0,0.09444712102413177,436.2308349609375,0.057971665635704994,0.0,163.0,normal,43.64487266540527,43.64487266540527
0.0,0.13439861312508583,508.29637145996094,0.057971807196736336,0.0,164.0,normal,50.85941696166992,50.85941696166992
0.0,0.10688000172376633,417.1691436767578,0.05797176621854305,0.0,165.0,normal,41.74118995666504,41.74118995666504
0.0,0.10601543262600899,492.8970031738281,0.057971591129899025,0.0,166.0,normal,49.31380271911621,49.31380271911621
0.0,0.11556209251284599,453.5706787109375,0.05797160044312477,0.0,167.0,normal,45.383079528808594,45.383079528808594
0.0,0.11264676228165627,422.02903747558594,0.05797171778976917,0.0,168.0,normal,42.228333473205566,42.228333473205566
0.0,0.10275249555706978,446.17820739746094,0.05797175504267216,0.0,169.0,normal,44.64126968383789,44.64126968383789
0.0,0.08726479485630989,391.3752975463867,0.05797163397073746,0.0,170.0,normal,39.15788173675537,39.15788173675537
0.0,0.11325159296393394,428.3206024169922,0.05797155201435089,0.0,171.0,normal,42.85761260986328,42.85761260986328
0.0,0.06977430731058121,411.5089874267578,0.05797157064080238,0.0,172.0,normal,41.167755126953125,41.167755126953125
0.0,0.12871244177222252,417.1112823486328,0.0579716507345438,0.0,173.0,normal,41.73977088928223,41.73977088928223
0.0,0.08606594614684582,414.3528289794922,0.05797163024544716,0.0,174.0,normal,41.45539665222168,41.45539665222168
0.0,0.09154615178704262,388.8813934326172,0.05797155760228634,0.0,175.0,normal,38.90934944152832,38.90934944152832
0.0,0.08281736634671688,415.18089294433594,0.0579715222120285,0.0,176.0,normal,41.53755187988281,41.53755187988281
0.0,0.07620984502136707,421.27874755859375,0.05797155760228634,0.0,177.0,normal,42.146018981933594,42.146018981933594
0.0,0.09814082458615303,417.8060607910156,0.05797160230576992,0.0,178.0,normal,41.80313491821289,41.80313491821289
0.0,0.060200486332178116,423.81092834472656,0.0579715222120285,0.0,179.0,normal,42.39603328704834,42.39603328704834
0.0,0.08296051248908043,424.81422424316406,0.057971466332674026,0.0,180.0,normal,42.50091361999512,42.50091361999512
0.0,0.048044467344880104,416.71983337402344,0.05797151103615761,0.0,181.0,normal,41.68449020385742,41.68449020385742
0.0,0.07350963726639748,421.4882354736328,0.05797157809138298,0.0,182.0,normal,42.166425704956055,42.166425704956055
0.0,0.0510826800018549,421.54083251953125,0.057971496134996414,0.0,183.0,normal,42.16720199584961,42.16720199584961
0.0,0.05949588678777218,406.4076843261719,0.05797143466770649,0.0,184.0,normal,40.655569076538086,40.655569076538086
0.0,0.05370969511568546,426.63311767578125,0.057971492409706116,0.0,185.0,normal,42.67695331573486,42.67695331573486
0.0,0.05615973100066185,394.5155334472656,0.05797150917351246,0.0,186.0,normal,39.46568489074707,39.46568489074707
0.0,0.04015009663999081,389.3658905029297,0.05797146074473858,0.0,187.0,normal,38.94751739501953,38.94751739501953
0.0,0.04784267395734787,388.36817932128906,0.05797142721712589,0.0,188.0,normal,38.849284172058105,38.849284172058105
0.0,0.04288565553724766,397.7472229003906,0.057971423491835594,0.0,189.0,normal,39.786197662353516,39.786197662353516
0.0,0.04992482624948025,408.55482482910156,0.057971466332674026,0.0,190.0,normal,40.86836624145508,40.86836624145508
0.0,0.04068615008145571,404.41674041748047,0.05797146260738373,0.0,191.0,normal,40.452712059020996,40.452712059020996
0.0,0.05685213766992092,438.9179992675781,0.057971399277448654,0.0,192.0,normal,43.9060697555542,43.9060697555542
0.0,0.038912903517484665,399.8287353515625,0.05797137692570686,0.0,193.0,normal,39.99355602264404,39.99355602264404
0.0,0.05115808546543121,380.37318420410156,0.05797145329415798,0.0,194.0,normal,38.05044937133789,38.05044937133789
0.0,0.03937995806336403,426.7367858886719,0.057971419766545296,0.0,195.0,normal,42.6844539642334,42.6844539642334
0.0,0.029393592849373817,391.8522033691406,0.057971393689513206,0.0,196.0,normal,39.19399929046631,39.19399929046631
0.0,0.03218521922826767,388.1490173339844,0.0579714085906744,0.0,197.0,normal,38.82423973083496,38.82423973083496
0.0,0.02702926192432642,379.04986572265625,0.05797141045331955,0.0,198.0,normal,37.913291931152344,37.913291931152344
0.0,0.023924930952489376,389.61602783203125,0.05797137878835201,0.0,199.0,normal,38.96928787231445,38.96928787231445
0.0,0.026108378544449806,392.03050231933594,0.05797135829925537,0.0,200.0,normal,39.211172103881836,39.211172103881836
0.0,0.03150635398924351,403.7156219482422,0.057971399277448654,0.0,201.0,normal,40.38076210021973,40.38076210021973
0.0,0.023693098686635494,396.25633239746094,0.05797142721712589,0.0,202.0,normal,39.63327217102051,39.63327217102051
0.0,0.043704451993107796,418.3184509277344,0.05797135271131992,0.0,203.0,normal,41.843485832214355,41.843485832214355
0.0,0.030192104168236256,399.2757110595703,0.057971326634287834,0.0,204.0,normal,39.93651008605957,39.93651008605957
0.0,0.052869297564029694,406.2318878173828,0.057971397414803505,0.0,205.0,normal,40.63666248321533,40.63666248321533
0.0,0.045204139314591885,396.94097900390625,0.057971397414803505,0.0,206.0,normal,39.70603942871094,39.70603942871094
0.0,0.044813524931669235,420.6046142578125,0.05797133967280388,0.0,207.0,normal,42.07232475280762,42.07232475280762
0.0,0.038665697909891605,379.1381072998047,0.05797133222222328,0.0,208.0,normal,37.9244441986084,37.9244441986084
0.0,0.028810691088438034,378.6216125488281,0.057971373200416565,0.0,209.0,normal,37.87082481384277,37.87082481384277
0.0,0.03745958302170038,376.3683166503906,0.057971375063061714,0.0,210.0,normal,37.647223472595215,37.647223472595215
0.0,0.01728018745779991,361.2741928100586,0.057971345260739326,0.0,211.0,normal,36.13377571105957,36.13377571105957
0.0,0.03915483132004738,409.68190002441406,0.05797130987048149,0.0,212.0,normal,40.978919982910156,40.978919982910156
0.0,0.019114743918180466,387.1673278808594,0.05797131918370724,0.0,213.0,normal,38.72345542907715,38.72345542907715
0.0,0.04262261837720871,374.62828063964844,0.057971375063061714,0.0,214.0,normal,37.474252700805664,37.474252700805664
0.0,0.030669840518385172,400.7643280029297,0.05797138437628746,0.0,215.0,normal,40.085466384887695,40.085466384887695
0.0,0.04174797236919403,430.3455352783203,0.057971324771642685,0.0,216.0,normal,43.04580497741699,43.04580497741699
0.0,0.028892003931105137,377.0605163574219,0.05797130428254604,0.0,217.0,normal,37.71472930908203,37.71472930908203
0.0,0.030207766219973564,374.5950469970703,0.057971345260739326,0.0,218.0,normal,37.46844673156738,37.46844673156738
0.0,0.03246946074068546,366.70130920410156,0.05797134339809418,0.0,219.0,normal,36.679524421691895,36.679524421691895
0.0,0.014456408564001322,354.5563735961914,0.05797131918370724,0.0,220.0,normal,35.461426734924316,35.461426734924316
0.0,0.0322001101449132,368.3206329345703,0.057971302419900894,0.0,221.0,normal,36.841403007507324,36.841403007507324
0.0,0.012569721322506666,372.1353759765625,0.05797130800783634,0.0,222.0,normal,37.21895122528076,37.21895122528076
0.0,0.023335534147918224,361.95179748535156,0.057971326634287834,0.0,223.0,normal,36.20274639129639,36.20274639129639
0.0,0.01584453321993351,366.01963806152344,0.05797133035957813,0.0,224.0,normal,36.60803031921387,36.60803031921387
0.0,0.021412954665720463,383.23179626464844,0.057971296831965446,0.0,225.0,normal,38.330360412597656,38.330360412597656
0.0,0.02120195049792528,363.9420700073242,0.05797129310667515,0.0,226.0,normal,36.401347160339355,36.401347160339355
0.0,0.017474875785410404,362.0333023071289,0.057971321046352386,0.0,227.0,normal,36.20972537994385,36.20972537994385
0.0,0.019457024056464434,384.93138122558594,0.05797134339809418,0.0,228.0,normal,38.49993133544922,38.49993133544922
0.0,0.017468899954110384,346.38301849365234,0.057971302419900894,0.0,229.0,normal,34.64469528198242,34.64469528198242
0.0,0.025229017715901136,383.7084655761719,0.05797127075493336,0.0,230.0,normal,38.37879180908203,38.37879180908203
0.0,0.019586655776947737,360.8823699951172,0.0579712875187397,0.0,231.0,normal,36.095054626464844,36.095054626464844
0.0,0.04005699045956135,374.94178771972656,0.057971324771642685,0.0,232.0,normal,37.50509071350098,37.50509071350098
0.0,0.016349464654922485,384.5507125854492,0.05797133408486843,0.0,233.0,normal,38.46124076843262,38.46124076843262
0.0,0.06044989079236984,397.52447509765625,0.057971276342868805,0.0,234.0,normal,39.76743698120117,39.76743698120117
0.0,0.012893171748146415,379.17254638671875,0.05797125585377216,0.0,235.0,normal,37.922733306884766,37.922733306884766
0.0,0.05424824357032776,359.44715881347656,0.057971300557255745,0.0,236.0,normal,35.95846652984619,35.95846652984619
0.0,0.036226688884198666,374.5496826171875,0.05797133408486843,0.0,237.0,normal,37.46511459350586,37.46511459350586
0.0,0.03369728196412325,351.0547332763672,0.0579712949693203,0.0,238.0,normal,35.11511421203613,35.11511421203613
0.0,0.05484679527580738,359.3995056152344,0.05797126702964306,0.0,239.0,normal,35.953819274902344,35.953819274902344
0.0,0.014471318107098341,351.8780059814453,0.05797128193080425,0.0,240.0,normal,35.19359493255615,35.19359493255615
0.0,0.057149872183799744,361.33360290527344,0.057971300557255745,0.0,241.0,normal,36.147687911987305,36.147687911987305
0.0,0.015174278756603599,377.53282165527344,0.05797131359577179,0.0,242.0,normal,37.75921630859375,37.75921630859375
0.0,0.05953894183039665,382.56153869628906,0.05797126889228821,0.0,243.0,normal,38.27096080780029,38.27096080780029
0.0,0.030384985730051994,389.0769500732422,0.05797125957906246,0.0,244.0,normal,38.91667366027832,38.91667366027832
0.0,0.03191607818007469,361.3877258300781,0.05797128938138485,0.0,245.0,normal,36.14805507659912,36.14805507659912
0.0,0.034237626008689404,357.8466796875,0.05797130428254604,0.0,246.0,normal,35.794416427612305,35.794416427612305
0.0,0.007790414150804281,363.8500213623047,0.05797130614519119,0.0,247.0,normal,36.38945960998535,36.38945960998535
0.0,0.05080130510032177,357.51878356933594,0.05797125957906246,0.0,248.0,normal,35.76493835449219,35.76493835449219
0.0,0.017311701085418463,375.9817199707031,0.05797124654054642,0.0,249.0,normal,37.60453510284424,37.60453510284424
0.0,0.055712928995490074,406.5135955810547,0.05797128565609455,0.0,250.0,normal,40.66540336608887,40.66540336608887
0.0,0.027633444173261523,362.3159942626953,0.05797130987048149,0.0,251.0,normal,36.24002647399902,36.24002647399902
0.0,0.05601874925196171,421.47386169433594,0.05797124095261097,0.0,252.0,normal,42.16149044036865,42.16149044036865
0.0,0.03751899255439639,371.51819610595703,0.05797123908996582,0.0,253.0,normal,37.162221908569336,37.162221908569336
0.0,0.04245610348880291,366.74766540527344,0.057971278205513954,0.0,254.0,normal,36.686156272888184,36.686156272888184
0.0,0.04231995064765215,396.42796325683594,0.057971302419900894,0.0,255.0,normal,39.65416145324707,39.65416145324707
0.0,0.04580856021493673,393.4131774902344,0.057971252128481865,0.0,256.0,normal,39.35338020324707,39.35338020324707
0.0,0.052601659670472145,393.14361572265625,0.05797121860086918,0.0,257.0,normal,39.327781677246094,39.327781677246094
0.0,0.03478505648672581,365.2769470214844,0.05797126330435276,0.0,258.0,normal,36.53754997253418,36.53754997253418
0.0,0.05626162700355053,373.3456726074219,0.05797128938138485,0.0,259.0,normal,37.34871864318848,37.34871864318848
0.0,0.01922252168878913,345.1090850830078,0.05797125771641731,0.0,260.0,normal,34.51765155792236,34.51765155792236
0.0,0.05335313081741333,368.13941955566406,0.05797123536467552,0.0,261.0,normal,36.82751178741455,36.82751178741455
0.0,0.010000649141147733,361.2682647705078,0.05797123536467552,0.0,262.0,normal,36.1317253112793,36.1317253112793
0.0,0.05434252321720123,339.9900360107422,0.05797126889228821,0.0,263.0,normal,34.01277160644531,34.01277160644531
0.0,0.02395292930305004,414.8355407714844,0.057971298694610596,0.0,264.0,normal,41.49124526977539,41.49124526977539
0.0,0.052701348438858986,340.30743408203125,0.05797125585377216,0.0,265.0,normal,34.0441837310791,34.0441837310791
0.0,0.07068852707743645,422.9945068359375,0.057971203699707985,0.0,266.0,normal,42.31648921966553,42.31648921966553
0.0,0.04554574890062213,372.7247314453125,0.05797124281525612,0.0,267.0,normal,37.2844820022583,37.2844820022583
0.0,0.12330561876296997,415.59532165527344,0.057971300557255745,0.0,268.0,normal,41.587093353271484,41.587093353271484
0.0,0.04024903103709221,408.2643280029297,0.05797125957906246,0.0,269.0,normal,40.837385177612305,40.837385177612305
0.0,0.12617942318320274,363.5799560546875,0.05797121673822403,0.0,270.0,normal,36.386131286621094,36.386131286621094
0.0,0.021659097634255886,351.95069885253906,0.05797122232615948,0.0,271.0,normal,35.202301025390625,35.202301025390625
0.0,0.10425833612680435,350.19677734375,0.057971252128481865,0.0,272.0,normal,35.04342842102051,35.04342842102051
0.0,0.027002428541891277,363.4248046875,0.05797126702964306,0.0,273.0,normal,36.35078048706055,36.35078048706055
0.0,0.10133660398423672,405.6780776977539,0.057971227914094925,0.0,274.0,normal,40.590975761413574,40.590975761413574
0.0,0.03943027136847377,358.518798828125,0.05797121860086918,0.0,275.0,normal,35.86266613006592,35.86266613006592
0.0,0.06576868891716003,368.35577392578125,0.05797124467790127,0.0,276.0,normal,36.851633071899414,36.851633071899414
0.0,0.03923472319729626,346.55323791503906,0.057971250265836716,0.0,277.0,normal,34.666069984436035,34.666069984436035
0.0,0.04377260897308588,346.5306091308594,0.05797121487557888,0.0,278.0,normal,34.66471481323242,34.66471481323242
0.0,0.03202824993059039,345.71826171875,0.05797121115028858,0.0,279.0,normal,34.58113098144531,34.58113098144531
0.0,0.02669473085552454,354.3695526123047,0.05797126330435276,0.0,280.0,normal,35.445194244384766,35.445194244384766
0.0,0.0319206896238029,343.8433303833008,0.057971250265836716,0.0,281.0,normal,34.3936185836792,34.3936185836792
0.0,0.009427881799638271,338.98272705078125,0.057971224188804626,0.0,282.0,normal,33.903059005737305,33.903059005737305
0.0,0.01808509510010481,344.21795654296875,0.05797121673822403,0.0,283.0,normal,34.42831325531006,34.42831325531006
0.0,0.004376117256470025,341.1709747314453,0.05797123350203037,0.0,284.0,normal,34.12087154388428,34.12087154388428
0.0,0.011881562415510416,339.0316619873047,0.057971226051449776,0.0,285.0,normal,33.90844440460205,33.90844440460205
0.0,0.005014323309296742,326.94725036621094,0.05797123163938522,0.0,286.0,normal,32.69862651824951,32.69862651824951
0.0,0.008475893177092075,341.42686462402344,0.05797122046351433,0.0,287.0,normal,34.147281646728516,34.147281646728516
0.0,0.004691497539170086,333.8648986816406,0.05797121860086918,0.0,288.0,normal,33.390326499938965,33.390326499938965
0.0,0.006861034489702433,327.7345886230469,0.05797123350203037,0.0,289.0,normal,32.777729988098145,32.777729988098145
0.0,0.005396811058744788,347.72816467285156,0.057971227914094925,0.0,290.0,normal,34.776795387268066,34.776795387268066
0.0,0.004506988334469497,331.938720703125,0.057971224188804626,0.0,291.0,normal,33.19767189025879,33.19767189025879
0.0,0.00581012386828661,335.8737335205078,0.05797122232615948,0.0,292.0,normal,33.591434478759766,33.591434478759766
0.0,0.005252357921563089,330.34759521484375,0.057971224188804626,0.0,293.0,normal,33.03870964050293,33.03870964050293
0.0,0.004916789359413087,324.5563049316406,0.05797122232615948,0.0,294.0,normal,32.459513664245605,32.459513664245605
0.0,0.004121788893826306,329.35279846191406,0.05797121301293373,0.0,295.0,normal,32.93900489807129,32.93900489807129
0.0,0.003565410850569606,326.4797058105469,0.05797121673822403,0.0,296.0,normal,32.65158271789551,32.65158271789551
0.0,0.003502697916701436,332.7231903076172,0.057971227914094925,0.0,297.0,normal,33.27591896057129,33.27591896057129
0.0,0.0034507519303588197,326.8533630371094,0.057971229776740074,0.0,298.0,normal,32.688926696777344,32.688926696777344
0.0,0.004036033293232322,320.29251861572266,0.05797120928764343,0.0,299.0,normal,32.032958984375,32.032958984375
0.0,0.0046062779147177935,342.3401641845703,0.05797120742499828,0.0,300.0,normal,34.237836837768555,34.237836837768555
0.0,0.003953277075197548,324.18638610839844,0.05797121487557888,0.0,301.0,normal,32.42232894897461,32.42232894897461
0.0,0.003926713659893721,322.2550506591797,0.05797121301293373,0.0,302.0,normal,32.229190826416016,32.229190826416016
0.0,0.003502723920973949,326.7049560546875,0.05797121301293373,0.0,303.0,normal,32.67409706115723,32.67409706115723
0.0,0.004130758199607953,318.5295944213867,0.05797120742499828,0.0,304.0,normal,31.856684684753418,31.856684684753418
0.0,0.003439650754444301,323.98109436035156,0.057971205562353134,0.0,305.0,normal,32.40169620513916,32.40169620513916
0.0,0.0031441516330232844,319.5275421142578,0.05797120742499828,0.0,306.0,normal,31.956284523010254,31.956284523010254
0.0,0.0037644432741217315,314.9344711303711,0.05797122232615948,0.0,307.0,normal,31.49709987640381,31.49709987640381
0.0,0.0051603554747998714,338.79522705078125,0.05797121673822403,0.0,308.0,normal,33.88345432281494,33.88345432281494
0.0,0.0047630921471863985,324.36651611328125,0.057971203699707985,0.0,309.0,normal,32.44050312042236,32.44050312042236
0.0,0.007756132312351838,337.11962890625,0.05797121301293373,0.0,310.0,normal,33.71641254425049,33.71641254425049
0.0,0.003966450225561857,311.42502212524414,0.05797121487557888,0.0,311.0,normal,31.14619493484497,31.14619493484497
0.0,0.008407479152083397,329.7416534423828,0.057971199974417686,0.0,312.0,normal,32.97874641418457,32.97874641418457
0.0,0.005458005703985691,323.2209930419922,0.05797119624912739,0.0,313.0,normal,32.32608890533447,32.32608890533447
0.0,0.008025914197787642,316.7325973510742,0.05797121673822403,0.0,314.0,normal,31.677764892578125,31.677764892578125
0.0,0.00571493583265692,333.92386627197266,0.05797120742499828,0.0,315.0,normal,33.396430015563965,33.396430015563965
0.0,0.006861753528937697,320.86778259277344,0.05797119811177254,0.0,316.0,normal,32.09105110168457,32.09105110168457
0.0,0.005228174908552319,328.16831970214844,0.05797121860086918,0.0,317.0,normal,32.82077980041504,32.82077980041504
0.0,0.004040915402583778,343.1681671142578,0.057971203699707985,0.0,318.0,normal,34.32052516937256,34.32052516937256
0.0,0.003968013799749315,334.98839569091797,0.05797119252383709,0.0,319.0,normal,33.502532958984375,33.502532958984375
0.0,0.003421286295633763,330.4400634765625,0.05797121487557888,0.0,320.0,normal,33.04759120941162,33.04759120941162
0.0,0.00404137303121388,327.9369201660156,0.05797121487557888,0.0,321.0,normal,32.797401428222656,32.797401428222656
0.0,0.004270365636330098,315.6507797241211,0.057971199974417686,0.0,322.0,normal,31.56883144378662,31.56883144378662
0.0,0.0037479751917999238,362.62049102783203,0.05797118321061134,0.0,323.0,normal,36.26569938659668,36.26569938659668
0.0,0.008811388106551021,309.71524810791016,0.057971199974417686,0.0,324.0,normal,30.976187705993652,30.976187705993652
0.0,0.007768996467348188,349.2420654296875,0.05797121673822403,0.0,325.0,normal,34.92866039276123,34.92866039276123
0.0,0.007413084153085947,333.01866912841797,0.05797120928764343,0.0,326.0,normal,33.30624866485596,33.30624866485596
0.0,0.00815121689811349,314.6180877685547,0.05797119252383709,0.0,327.0,normal,31.466339111328125,31.466339111328125
0.0,0.004768940038047731,315.39605712890625,0.057971179485321045,0.0,328.0,normal,31.543458461761475,31.543458461761475
0.0,0.017590859439224005,348.8916320800781,0.05797119438648224,0.0,329.0,normal,34.89558219909668,34.89558219909668
0.0,0.005445894319564104,328.6520080566406,0.057971203699707985,0.0,330.0,normal,32.86919116973877,32.86919116973877
0.0,0.02294070739299059,321.91776275634766,0.057971175760030746,0.0,331.0,normal,32.19926357269287,32.19926357269287
0.0,0.00787817919626832,315.0929718017578,0.05797118321061134,0.0,332.0,normal,31.513771057128906,31.513771057128906
0.0,0.02320991177111864,326.88755798339844,0.05797119624912739,0.0,333.0,normal,32.69629669189453,32.69629669189453
0.0,0.007570647867396474,323.5780334472656,0.057971201837062836,0.0,334.0,normal,32.36221790313721,32.36221790313721
0.0,0.020051149651408195,314.3614501953125,0.05797118693590164,0.0,335.0,normal,31.443055152893066,31.443055152893066
0.0,0.007514112396165729,317.38938903808594,0.05797119066119194,0.0,336.0,normal,31.74334144592285,31.74334144592285
0.0,0.009308456908911467,326.26930236816406,0.057971179485321045,0.0,337.0,normal,32.63169288635254,32.63169288635254
0.0,0.008030470024095848,311.045166015625,0.05797119066119194,0.0,338.0,normal,31.10902214050293,31.10902214050293
0.0,0.004582143854349852,321.51939392089844,0.057971205562353134,0.0,339.0,normal,32.1557559967041,32.1557559967041
0.0,0.011337053030729294,306.9663314819336,0.05797119252383709,0.0,340.0,normal,30.70180034637451,30.70180034637451
0.0,0.00382212913245894,310.2551574707031,0.05797118321061134,0.0,341.0,normal,31.029178619384766,31.029178619384766
0.0,0.0101568135432899,331.1954574584961,0.05797117203474045,0.0,342.0,normal,33.12447643280029,33.12447643280029
0.0,0.007471972028724849,307.6117172241211,0.05797118507325649,0.0,343.0,normal,30.765564918518066,30.765564918518066
0.0,0.01182677218457684,383.6051483154297,0.05797119066119194,0.0,344.0,normal,38.36578178405762,38.36578178405762
0.0,0.007980025722645223,320.78375244140625,0.057971179485321045,0.0,345.0,normal,32.082871437072754,32.082871437072754
0.0,0.00613141234498471,322.1069793701172,0.05797118879854679,0.0,346.0,normal,32.21482467651367,32.21482467651367
0.0,0.007487426046282053,318.8912048339844,0.057971179485321045,0.0,347.0,normal,31.89351749420166,31.89351749420166
0.0,0.0033419355168007314,346.6453552246094,0.05797119252383709,0.0,348.0,normal,34.66810321807861,34.66810321807861
0.0,0.010254632215946913,305.1846160888672,0.057971179485321045,0.0,349.0,normal,30.52341365814209,30.52341365814209
0.0,0.006871458608657122,314.2209014892578,0.05797116830945015,0.0,350.0,normal,31.42636489868164,31.42636489868164
0.0,0.012540950905531645,308.60496520996094,0.057971175760030746,0.0,351.0,normal,30.865904808044434,30.865904808044434
0.0,0.007516640238463879,321.7056198120117,0.05797120742499828,0.0,352.0,normal,32.17496585845947,32.17496585845947
0.0,0.019986181054264307,338.49952697753906,0.057971175760030746,0.0,353.0,normal,33.85685062408447,33.85685062408447
0.0,0.013691613916307688,317.41656494140625,0.057971166446805,0.0,354.0,normal,31.74729633331299,31.74729633331299
0.0,0.021164126694202423,316.19488525390625,0.057971175760030746,0.0,355.0,normal,31.626620292663574,31.626620292663574
0.0,0.010403760126791894,326.32157135009766,0.057971175760030746,0.0,356.0,normal,32.637136459350586,32.637136459350586
0.0,0.011036633746698499,326.8123321533203,0.05797118321061134,0.0,357.0,normal,32.68634033203125,32.68634033203125
0.0,0.00735975953284651,313.5709533691406,0.05797117203474045,0.0,358.0,normal,31.36146640777588,31.36146640777588
0.0,0.005774923600256443,306.1770706176758,0.05797116085886955,0.0,359.0,normal,30.6217622756958,30.6217622756958
0.0,0.013313826639205217,309.90818786621094,0.057971179485321045,0.0,360.0,normal,30.996381759643555,30.996381759643555
0.0,0.007932650856673717,310.1570129394531,0.05797118879854679,0.0,361.0,normal,31.020187377929688,31.020187377929688
0.0,0.019661761354655027,304.8988342285156,0.0579711701720953,0.0,362.0,normal,30.496715545654297,30.496715545654297
0.0,0.005093073705211282,312.5117492675781,0.05797116830945015,0.0,363.0,normal,31.255091667175293,31.255091667175293
0.0,0.01783983688801527,304.3366470336914,0.057971175760030746,0.0,364.0,normal,30.440133094787598,30.440133094787598
0.0,0.004100882506463677,304.16778564453125,0.057971175760030746,0.0,365.0,normal,30.42049789428711,30.42049789428711
0.0,0.012982276733964682,320.5127182006836,0.05797117203474045,0.0,366.0,normal,32.05676746368408,32.05676746368408
0.0,0.005676944856531918,331.34645080566406,0.05797116085886955,0.0,367.0,normal,33.13868045806885,33.13868045806885
0.0,0.014451718889176846,305.05908203125,0.0579711589962244,0.0,368.0,normal,30.51169776916504,30.51169776916504
0.0,0.012975390069186687,319.2136459350586,0.057971179485321045,0.0,369.0,normal,31.926859855651855,31.926859855651855
0.0,0.0070537489373236895,316.04312896728516,0.05797118693590164,0.0,370.0,normal,31.608622550964355,31.608622550964355
0.0,0.01702627306804061,298.9129943847656,0.05797117203474045,0.0,371.0,normal,29.897604942321777,29.897604942321777
0.0,0.007476720726117492,324.1259994506836,0.05797114968299866,0.0,372.0,normal,32.416996002197266,32.416996002197266
0.0,0.0195808713324368,312.4277648925781,0.057971166446805,0.0,373.0,normal,31.249592781066895,31.249592781066895
0.0,0.007594297334435396,326.8631591796875,0.05797118693590164,0.0,374.0,normal,32.69073486328125,32.69073486328125
0.0,0.027399958577007055,317.0262222290039,0.0579711701720953,0.0,375.0,normal,31.7110013961792,31.7110013961792
0.0,0.01168942145886831,312.34647369384766,0.0579711589962244,0.0,376.0,normal,31.23988628387451,31.23988628387451
0.0,0.03072821907699108,296.14964294433594,0.057971166446805,0.0,377.0,normal,29.624009132385254,29.624009132385254
0.0,0.011016346514225006,333.0603713989258,0.05797116085886955,0.0,378.0,normal,33.311140060424805,33.311140060424805
0.0,0.016270222142338753,296.97499084472656,0.05797116085886955,0.0,379.0,normal,29.703652381896973,29.703652381896973
0.0,0.005922796088270843,298.21166229248047,0.05797117203474045,0.0,380.0,normal,29.82525062561035,29.82525062561035
0.0,0.005261650658212602,306.05450439453125,0.05797116458415985,0.0,381.0,normal,30.609403610229492,30.609403610229492
0.0,0.006383471074514091,304.4010772705078,0.0579711589962244,0.0,382.0,normal,30.444284439086914,30.444284439086914
0.0,0.004827546537853777,309.9077453613281,0.05797116085886955,0.0,383.0,normal,30.99463939666748,30.99463939666748
0.0,0.004568566655507311,308.89210510253906,0.05797117203474045,0.0,384.0,normal,30.89302349090576,30.89302349090576
0.0,0.0031013442494440824,311.38262939453125,0.05797117203474045,0.0,385.0,normal,31.1417818069458,31.1417818069458
0.0,0.003888485487550497,326.7522277832031,0.05797114782035351,0.0,386.0,normal,32.67889976501465,32.67889976501465
0.0,0.004482915217522532,313.78981018066406,0.05797114409506321,0.0,387.0,normal,31.382777214050293,31.382777214050293
0.0,0.011468041222542524,326.83978271484375,0.05797118693590164,0.0,388.0,normal,32.689170837402344,32.689170837402344
0.0,0.005761862557847053,327.6714630126953,0.05797118693590164,0.0,389.0,normal,32.77119731903076,32.77119731903076
0.0,0.031072432175278664,304.7284393310547,0.05797114223241806,0.0,390.0,normal,30.481959342956543,30.481959342956543
0.0,0.01206410233862698,338.09876251220703,0.05797114409506321,0.0,391.0,normal,33.815189361572266,33.815189361572266
0.0,0.0532530602067709,313.9022521972656,0.0579711701720953,0.0,392.0,normal,31.403776168823242,31.403776168823242
0.0,0.016823828336782753,323.6255645751953,0.05797116830945015,0.0,393.0,normal,32.36882019042969,32.36882019042969
0.0,0.05386495590209961,298.36866760253906,0.05797114782035351,0.0,394.0,normal,29.850539207458496,29.850539207458496
0.0,0.017121985787525773,292.80052947998047,0.05797116085886955,0.0,395.0,normal,29.286375999450684,29.286375999450684
0.0,0.050676556304097176,295.49134826660156,0.05797116458415985,0.0,396.0,normal,29.56217098236084,29.56217098236084
0.0,0.014380131848156452,338.17579650878906,0.057971151545643806,0.0,397.0,normal,33.823354721069336,33.823354721069336
0.0,0.027268728241324425,317.3265686035156,0.057971153408288956,0.0,398.0,normal,31.74100971221924,31.74100971221924
0.0,0.003226758068194613,327.8225402832031,0.05797116085886955,0.0,399.0,normal,32.78579902648926,32.78579902648926
0.0,0.015682964120060205,311.37498474121094,0.057971153408288956,0.0,400.0,normal,31.143534660339355,31.143534660339355
0.0,0.0050392362754791975,301.28504943847656,0.05797116085886955,0.0,401.0,normal,30.132412910461426,30.132412910461426
0.0,0.017332897521555424,295.8396911621094,0.05797114968299866,0.0,402.0,normal,29.59033489227295,29.59033489227295
0.0,0.008099771337583661,327.40460205078125,0.05797113850712776,0.0,403.0,normal,32.74497890472412,32.74497890472412
0.0,0.019465013407170773,297.40980529785156,0.05797114968299866,0.0,404.0,normal,29.747774124145508,29.747774124145508
0.0,0.011622950667515397,307.8163757324219,0.057971177622675896,0.0,405.0,normal,30.786861419677734,30.786861419677734
0.0,0.02449855674058199,297.45996856689453,0.0579711589962244,0.0,406.0,normal,29.753796577453613,29.753796577453613
0.0,0.015005369787104428,308.9841766357422,0.05797114409506321,0.0,407.0,normal,30.90431785583496,30.90431785583496
0.0,0.026175597682595253,293.1824417114258,0.0579711589962244,0.0,408.0,normal,29.32637882232666,29.32637882232666
0.0,0.018461880332324654,297.2886657714844,0.057971166446805,0.0,409.0,normal,29.735459327697754,29.735459327697754
0.0,0.02876002388074994,329.7710418701172,0.05797114595770836,0.0,410.0,normal,32.985755920410156,32.985755920410156
0.0,0.01103584299562499,320.02110290527344,0.05797114409506321,0.0,411.0,normal,32.00721836090088,32.00721836090088
0.0,0.013764914590865374,334.7860412597656,0.057971155270934105,0.0,412.0,normal,33.484256744384766,33.484256744384766
0.0,0.00509134994354099,329.8712692260742,0.05797113850712776,0.0,413.0,normal,32.99104309082031,32.99104309082031
0.0,0.0032526666909689084,359.98692321777344,0.05797116085886955,0.0,414.0,normal,36.00224304199219,36.00224304199219
0.0,0.00783761776983738,304.2443084716797,0.05797117203474045,0.0,415.0,normal,30.428897857666016,30.428897857666016
0.0,0.008069205185165629,311.8389587402344,0.05797113478183746,0.0,416.0,normal,31.18840980529785,31.18840980529785
0.0,0.010381992906332016,310.40684509277344,0.05797114036977291,0.0,417.0,normal,31.0456600189209,31.0456600189209
0.0,0.017013120464980602,294.02479553222656,0.05797116458415985,0.0,418.0,normal,29.40878200531006,29.40878200531006
0.0,0.011901507270522416,318.7909469604492,0.0579711701720953,0.0,419.0,normal,31.884376525878906,31.884376525878906
0.0,0.03343459777534008,288.6031723022461,0.05797114409506321,0.0,420.0,normal,28.86990261077881,28.86990261077881
0.0,0.011980884533841163,352.82867431640625,0.057971129193902016,0.0,421.0,normal,35.28816366195679,35.28816366195679
0.0,0.0598435215651989,381.26148986816406,0.05797118507325649,0.0,422.0,normal,38.14101600646973,38.14101600646973
0.0,0.021926091518253088,322.1254119873047,0.05797116830945015,0.0,423.0,normal,32.219825744628906,32.219825744628906
0.0,0.09552348032593727,338.74430084228516,0.057971127331256866,0.0,424.0,normal,33.89643478393555,33.89643478393555
0.0,0.04339641809929162,318.0644836425781,0.057971132919192314,0.0,425.0,normal,31.818028450012207,31.818028450012207
0.0,0.1134929247200489,319.92535400390625,0.05797116830945015,0.0,426.0,normal,32.01813316345215,32.01813316345215
0.0,0.049750147853046656,296.2472915649414,0.057971157133579254,0.0,427.0,normal,29.6375789642334,29.6375789642334
0.0,0.1069440059363842,299.83402252197266,0.057971127331256866,0.0,428.0,normal,30.007691383361816,30.007691383361816
0.0,0.044545144017320126,299.6313018798828,0.05797113478183746,0.0,429.0,normal,29.974939346313477,29.974939346313477
0.0,0.09336370602250099,310.8259811401367,0.057971155270934105,0.0,430.0,normal,31.10416889190674,31.10416889190674
0.0,0.03874492086470127,297.1035461425781,0.057971155270934105,0.0,431.0,normal,29.72100257873535,29.72100257873535
0.0,0.10422349721193314,291.1183166503906,0.057971132919192314,0.0,432.0,normal,29.135576248168945,29.135576248168945
0.0,0.03799622102815192,293.63780212402344,0.05797113664448261,0.0,433.0,normal,29.374279022216797,29.374279022216797
0.0,0.1050734780728817,390.41358947753906,0.05797116830945015,0.0,434.0,normal,39.06527137756348,39.06527137756348
0.0,0.044418726582080126,286.4737548828125,0.05797114782035351,0.0,435.0,normal,28.65915870666504,28.65915870666504
0.0,0.09205912053585052,331.0255889892578,0.05797111801803112,0.0,436.0,normal,33.12387180328369,33.12387180328369
0.0,0.05450963508337736,284.20790100097656,0.05797114223241806,0.0,437.0,normal,28.434592247009277,28.434592247009277
0.0,0.07691256701946259,308.65650939941406,0.0579711589962244,0.0,438.0,normal,30.88393211364746,30.88393211364746
0.0,0.06401682132855058,312.16285705566406,0.05797114409506321,0.0,439.0,normal,31.231987953186035,31.231987953186035
0.0,0.06869507487863302,293.87632751464844,0.05797113478183746,0.0,440.0,normal,29.404271125793457,29.404271125793457
0.0,0.05663185007870197,296.2645263671875,0.05797114782035351,0.0,441.0,normal,29.640677452087402,29.640677452087402
0.0,0.043740283232182264,316.5806427001953,0.05797114409506321,0.0,442.0,normal,31.669713020324707,31.669713020324707
0.0,0.03484012559056282,292.0365753173828,0.05797114782035351,0.0,443.0,normal,29.213525772094727,29.213525772094727
0.0,0.021392378490418196,288.68299865722656,0.057971151545643806,0.0,444.0,normal,28.875478744506836,28.875478744506836
0.0,0.012901717564091086,307.61563873291016,0.05797113850712776,0.0,445.0,normal,30.767044067382812,30.767044067382812
0.0,0.018143208231776953,299.5174102783203,0.05797113478183746,0.0,446.0,normal,29.958269119262695,29.958269119262695
0.0,0.004648822301533073,309.2303771972656,0.05797114968299866,0.0,447.0,normal,30.926868438720703,30.926868438720703
0.0,0.026125152595341206,275.0535430908203,0.05797114595770836,0.0,448.0,normal,27.513479232788086,27.513479232788086
0.0,0.006419433862902224,323.3487319946289,0.05797112174332142,0.0,449.0,normal,32.33905601501465,32.33905601501465
0.0,0.04257417097687721,307.4308166503906,0.05797113478183746,0.0,450.0,normal,30.754496574401855,30.754496574401855
0.0,0.012925994116812944,309.4652862548828,0.0579711589962244,0.0,451.0,normal,30.952013969421387,30.952013969421387
0.0,0.042045753449201584,289.15679931640625,0.05797114036977291,0.0,452.0,normal,28.92698860168457,28.92698860168457
0.0,0.006140201090602204,312.28936767578125,0.057971131056547165,0.0,453.0,normal,31.23306655883789,31.23306655883789
0.0,0.04008758068084717,286.95003509521484,0.05797113850712776,0.0,454.0,normal,28.70592212677002,28.70592212677002
0.0,0.014547369908541441,294.8431701660156,0.057971166446805,0.0,455.0,normal,29.49012565612793,29.49012565612793
0.0,0.04020385257899761,287.39833068847656,0.057971153408288956,0.0,456.0,normal,28.75077247619629,28.75077247619629
0.0,0.022668201476335526,368.0713424682617,0.05797112174332142,0.0,457.0,normal,36.814565658569336,36.814565658569336
0.0,0.0600972305983305,301.4942626953125,0.057971129193902016,0.0,458.0,normal,30.164345741271973,30.164345741271973
0.0,0.03738079406321049,339.5722351074219,0.05797117203474045,0.0,459.0,normal,33.967599868774414,33.967599868774414
0.0,0.08114242367446423,289.6106948852539,0.05797114036977291,0.0,460.0,normal,28.98019790649414,28.98019790649414
0.0,0.03813163848826662,317.8976287841797,0.05797112174332142,0.0,461.0,normal,31.800289154052734,31.800289154052734
0.0,0.09364644810557365,283.1591796875,0.05797114223241806,0.0,462.0,normal,28.337546348571777,28.337546348571777
0.0,0.02966933138668537,304.37066650390625,0.057971151545643806,0.0,463.0,normal,30.445899963378906,30.445899963378906
0.0,0.10276713967323303,315.72813415527344,0.057971129193902016,0.0,464.0,normal,31.596267700195312,31.596267700195312
0.0,0.03117538383230567,309.1653747558594,0.05797111615538597,0.0,465.0,normal,30.925673484802246,30.925673484802246
0.0,0.10482513904571533,312.6834259033203,0.05797114782035351,0.0,466.0,normal,31.292208671569824,31.292208671569824
0.0,0.030087715946137905,315.9153289794922,0.05797114782035351,0.0,467.0,normal,31.600449562072754,31.600449562072754
0.0,0.08421411365270615,292.7682189941406,0.057971127331256866,0.0,468.0,normal,29.296565055847168,29.296565055847168
0.0,0.0308734648860991,295.98023986816406,0.05797112360596657,0.0,469.0,normal,29.607097625732422,29.607097625732422
0.0,0.045417437329888344,281.5674133300781,0.05797113664448261,0.0,470.0,normal,28.168723106384277,28.168723106384277
0.0,0.016648924385663122,280.6390075683594,0.057971131056547165,0.0,471.0,normal,28.070130348205566,28.070130348205566
0.0,0.025365161709487438,284.8274230957031,0.05797114223241806,0.0,472.0,normal,28.49071502685547,28.49071502685547
0.0,0.013183231989387423,272.77195739746094,0.05797113850712776,0.0,473.0,normal,27.282731533050537,27.282731533050537
0.0,0.01545237679965794,277.0867156982422,0.057971132919192314,0.0,474.0,normal,27.714662551879883,27.714662551879883
0.0,0.007014729606453329,293.3487548828125,0.057971127331256866,0.0,475.0,normal,29.33917808532715,29.33917808532715
0.0,0.008067248621955514,283.54457092285156,0.05797113664448261,0.0,476.0,normal,28.35896873474121,28.35896873474121
0.0,0.004697296943049878,288.21461486816406,0.05797113664448261,0.0,477.0,normal,28.82530117034912,28.82530117034912
0.0,0.004210011720715556,280.69786071777344,0.05797113478183746,0.0,478.0,normal,28.073528289794922,28.073528289794922
0.0,0.00605760351754725,298.3042907714844,0.057971127331256866,0.0,479.0,normal,29.834540367126465,29.834540367126465
0.0,0.0065011963015422225,283.5644073486328,0.057971132919192314,0.0,480.0,normal,28.360639572143555,28.360639572143555
0.0,0.0050287825433770195,287.4018859863281,0.05797113850712776,0.0,481.0,normal,28.74409294128418,28.74409294128418
0.0,0.004779936512932181,277.4030456542969,0.057971131056547165,0.0,482.0,normal,27.744159698486328,27.744159698486328
0.0,0.0033298990747425705,278.73863220214844,0.057971127331256866,0.0,483.0,normal,27.877429008483887,27.877429008483887
0.0,0.005405135452747345,281.6197509765625,0.057971132919192314,0.0,484.0,normal,28.165955543518066,28.165955543518066
0.0,0.0038757127476856112,278.50379943847656,0.05797113850712776,0.0,485.0,normal,27.85405445098877,27.85405445098877
0.0,0.0058113811537623405,285.45001220703125,0.05797113664448261,0.0,486.0,normal,28.54906177520752,28.54906177520752
0.0,0.006244096904993057,340.5876922607422,0.05797112360596657,0.0,487.0,normal,34.062917709350586,34.062917709350586
0.0,0.011733766179531813,276.8832702636719,0.05797111988067627,0.0,488.0,normal,27.693572998046875,27.693572998046875
0.0,0.011968558341322932,305.0989532470703,0.05797114782035351,0.0,489.0,normal,30.515188217163086,30.515188217163086
0.0,0.021007459610700607,281.19185638427734,0.057971132919192314,0.0,490.0,normal,28.126286506652832,28.126286506652832
0.0,0.013584078755229712,289.0199432373047,0.05797111615538597,0.0,491.0,normal,28.907611846923828,28.907611846923828
0.0,0.03208112623542547,280.15350341796875,0.05797111988067627,0.0,492.0,normal,28.02466583251953,28.02466583251953
0.0,0.01246996852569282,295.18892669677734,0.05797114036977291,0.0,493.0,normal,29.5242862701416,29.5242862701416
0.0,0.03826524317264557,280.1210632324219,0.05797113664448261,0.0,494.0,normal,28.022659301757812,28.022659301757812
0.0,0.013397442176938057,277.2625198364258,0.05797112174332142,0.0,495.0,normal,27.731830596923828,27.731830596923828
0.0,0.04293088614940643,300.6526184082031,0.05797114223241806,0.0,496.0,normal,30.076746940612793,30.076746940612793
0.0,0.014863469172269106,299.3348159790039,0.057971132919192314,0.0,497.0,normal,29.93935489654541,29.93935489654541
0.0,0.03182405140250921,281.4808807373047,0.05797112174332142,0.0,498.0,normal,28.157352447509766,28.157352447509766
0.0,0.006629780167713761,269.15370178222656,0.057971127331256866,0.0,499.0,normal,26.91959571838379,26.91959571838379
0.0,0.022986317053437233,269.42801666259766,0.057971131056547165,0.0,500.0,normal,26.950298309326172,26.950298309326172
0.0,0.007627630286151543,273.90381622314453,0.057971131056547165,0.0,501.0,normal,27.394805908203125,27.394805908203125
0.0,0.014549843966960907,283.0591125488281,0.057971127331256866,0.0,502.0,normal,28.311720848083496,28.311720848083496
0.0,0.007800815219525248,268.28636169433594,0.057971127331256866,0.0,503.0,normal,26.83309555053711,26.83309555053711
0.0,0.00991253019310534,278.1962661743164,0.05797112360596657,0.0,504.0,normal,27.824508666992188,27.824508666992188
0.0,0.004838210792513564,274.4468078613281,0.057971127331256866,0.0,505.0,normal,27.448548316955566,27.448548316955566
0.0,0.005747866642195731,288.2405090332031,0.057971132919192314,0.0,506.0,normal,28.828100204467773,28.828100204467773
0.0,0.0045351479784585536,351.4150085449219,0.05797111615538597,0.0,507.0,normal,35.145307540893555,35.145307540893555
0.0,0.010966520756483078,312.41507720947266,0.05797114036977291,0.0,508.0,normal,31.24660015106201,31.24660015106201
0.0,0.006765277357771993,291.4906005859375,0.05797114036977291,0.0,509.0,normal,29.15331268310547,29.15331268310547
0.0,0.021534819155931473,278.98404693603516,0.05797111988067627,0.0,510.0,normal,27.90561294555664,27.90561294555664
0.0,0.00949639780446887,317.07103729248047,0.05797112546861172,0.0,511.0,normal,31.711901664733887,31.711901664733887
0.0,0.016263425815850496,276.7547073364258,0.05797112174332142,0.0,512.0,normal,27.68162250518799,27.68162250518799
0.0,0.006843222887255251,283.9695281982422,0.05797111615538597,0.0,513.0,normal,28.401219367980957,28.401219367980957
0.0,0.006014420418068767,281.8125,0.057971127331256866,0.0,514.0,normal,28.185354232788086,28.185354232788086
0.0,0.003549462155206129,275.77076721191406,0.057971131056547165,0.0,515.0,normal,27.58068561553955,27.58068561553955
0.0,0.005094223452033475,271.7655029296875,0.05797111988067627,0.0,516.0,normal,27.18046760559082,27.18046760559082
0.0,0.006626079382840544,297.4279556274414,0.057971127331256866,0.0,517.0,normal,29.747020721435547,29.747020721435547
0.0,0.01002118969336152,263.7574462890625,0.057971131056547165,0.0,518.0,normal,26.3806471824646,26.3806471824646
0.0,0.008346933813299984,275.2126998901367,0.05797111615538597,0.0,519.0,normal,27.52583885192871,27.52583885192871
0.0,0.01831451989710331,317.7050476074219,0.057971127331256866,0.0,520.0,normal,31.777066230773926,31.777066230773926
0.0,0.006448837695643306,289.9825439453125,0.057971127331256866,0.0,521.0,normal,29.002442359924316,29.002442359924316
0.0,0.015002199448645115,280.5498046875,0.05797111243009567,0.0,522.0,normal,28.060880661010742,28.060880661010742
0.0,0.006081765983253717,274.17967987060547,0.05797112360596657,0.0,523.0,normal,27.42208480834961,27.42208480834961
0.0,0.009858133678790182,277.8628845214844,0.057971131056547165,0.0,524.0,normal,27.791159629821777,27.791159629821777
0.0,0.00521389942150563,278.9102020263672,0.05797113478183746,0.0,525.0,normal,27.8949613571167,27.8949613571167
0.0,0.00483811623416841,262.45108795166016,0.05797112360596657,0.0,526.0,normal,26.248977661132812,26.248977661132812
0.0,0.006021324195899069,287.57981872558594,0.05797111429274082,0.0,527.0,normal,28.7620849609375,28.7620849609375
0.0,0.007265255437232554,266.46022033691406,0.05797111988067627,0.0,528.0,normal,26.650375366210938,26.650375366210938
0.0,0.007292823283933103,280.7873306274414,0.057971131056547165,0.0,529.0,normal,28.083090782165527,28.083090782165527
0.0,0.008395194861805066,277.9774856567383,0.057971127331256866,0.0,530.0,normal,27.802327156066895,27.802327156066895
0.0,0.0057807492557913065,269.10963439941406,0.05797111801803112,0.0,531.0,normal,26.915019035339355,26.915019035339355
0.0,0.005736996390623972,278.1687469482422,0.05797111429274082,0.0,532.0,normal,27.820920944213867,27.820920944213867
0.0,0.004279788365238346,273.71690368652344,0.05797112360596657,0.0,533.0,normal,27.37544536590576,27.37544536590576
0.0,0.004884626134298742,271.03135681152344,0.05797113478183746,0.0,534.0,normal,27.107013702392578,27.107013702392578
0.0,0.003265875857323408,273.0400085449219,0.057971127331256866,0.0,535.0,normal,27.3075532913208,27.3075532913208
0.0,0.004184377263300121,267.04232025146484,0.05797111801803112,0.0,536.0,normal,26.70796775817871,26.70796775817871
0.0,0.005543448060052469,269.9400939941406,0.05797112360596657,0.0,537.0,normal,26.99801731109619,26.99801731109619
0.0,0.004799253205419518,273.34537506103516,0.05797112546861172,0.0,538.0,normal,27.338396072387695,27.338396072387695
0.0,0.006531864637508988,263.27608489990234,0.05797111615538597,0.0,539.0,normal,26.331815719604492,26.331815719604492
0.0,0.004187688755337149,269.2274703979492,0.05797111988067627,0.0,540.0,normal,26.926483154296875,26.926483154296875
0.0,0.004978524288162589,271.0570831298828,0.05797112546861172,0.0,541.0,normal,27.10960292816162,27.10960292816162
0.0,0.0034643983526621014,302.4466094970703,0.05797113850712776,0.0,542.0,normal,30.248252868652344,30.248252868652344
0.0,0.0076669491827487946,272.09765625,0.05797111615538597,0.0,543.0,normal,27.214198112487793,27.214198112487793
0.0,0.008069751609582454,287.7435760498047,0.057971108704805374,0.0,544.0,normal,28.778870582580566,28.778870582580566
0.0,0.012126316665671766,263.5273971557617,0.057971131056547165,0.0,545.0,normal,26.35806369781494,26.35806369781494
0.0,0.009406439494341612,272.2444076538086,0.05797112546861172,0.0,546.0,normal,27.229222297668457,27.229222297668457
0.0,0.013038250617682934,268.66062927246094,0.05797111615538597,0.0,547.0,normal,26.871570587158203,26.871570587158203
0.0,0.013033061753958464,276.5585021972656,0.05797111801803112,0.0,548.0,normal,27.661356925964355,27.661356925964355
0.0,0.007829090114682913,261.43528747558594,0.05797111988067627,0.0,549.0,normal,26.14799404144287,26.14799404144287
0.0,0.014116518199443817,273.68963623046875,0.05797111429274082,0.0,550.0,normal,27.374686241149902,27.374686241149902
0.0,0.006462876219302416,292.57684326171875,0.05797112546861172,0.0,551.0,normal,29.261876106262207,29.261876106262207
0.0,0.006289481418207288,304.3159637451172,0.05797111615538597,0.0,552.0,normal,30.43575382232666,30.43575382232666
0.0,0.005600239150226116,283.91573333740234,0.057971104979515076,0.0,553.0,normal,28.395594596862793,28.395594596862793
0.0,0.0052838114788755774,279.4881286621094,0.057971127331256866,0.0,554.0,normal,27.95276927947998,27.95276927947998
0.0,0.005693536950275302,285.24737548828125,0.057971127331256866,0.0,555.0,normal,28.528776168823242,28.528776168823242
0.0,0.007109909551218152,272.9286193847656,0.05797111243009567,0.0,556.0,normal,27.2971830368042,27.2971830368042
0.0,0.017609532340429723,299.95770263671875,0.05797111429274082,0.0,557.0,normal,30.002190589904785,30.002190589904785
0.0,0.007360166870057583,270.88539123535156,0.057971127331256866,0.0,558.0,normal,27.092910766601562,27.092910766601562
0.0,0.029743137769401073,338.75909423828125,0.057971103116869926,0.0,559.0,normal,33.884756088256836,33.884756088256836
0.0,0.025808886217419058,266.02610778808594,0.057971103116869926,0.0,560.0,normal,26.610671997070312,26.610671997070312
0.0,0.03722489485517144,356.2264938354492,0.05797114782035351,0.0,561.0,normal,35.6329927444458,35.6329927444458
0.0,0.07066349685192108,265.6260452270508,0.05797112546861172,0.0,562.0,normal,26.57963800430298,26.57963800430298
0.0,0.03563444083556533,329.35667419433594,0.05797109194099903,0.0,563.0,normal,32.94569396972656,32.94569396972656
0.0,0.11712212488055229,268.9477996826172,0.05797111801803112,0.0,564.0,normal,26.921103477478027,26.921103477478027
0.0,0.02656597178429365,308.5234069824219,0.05797113850712776,0.0,565.0,normal,30.860554695129395,30.860554695129395
0.0,0.13038691133260727,259.9267272949219,0.05797111615538597,0.0,566.0,normal,26.02164936065674,26.02164936065674
0.0,0.03282787650823593,284.732666015625,0.05797109939157963,0.0,567.0,normal,28.482731819152832,28.482731819152832
0.0,0.09218223765492439,295.1080093383789,0.057971106842160225,0.0,568.0,normal,29.532137393951416,29.532137393951416
0.0,0.018169861956266686,268.39163970947266,0.05797112360596657,0.0,569.0,normal,26.8456974029541,26.8456974029541
0.0,0.05586717277765274,286.9390106201172,0.05797113664448261,0.0,570.0,normal,28.707975387573242,28.707975387573242
0.0,0.01159712253138423,267.5279083251953,0.057971108704805374,0.0,571.0,normal,26.758009910583496,26.758009910583496
0.0,0.054036008194088936,276.87670135498047,0.057971103116869926,0.0,572.0,normal,27.70137643814087,27.70137643814087
0.0,0.014169842936098576,289.3889923095703,0.057971127331256866,0.0,573.0,normal,28.94463348388672,28.94463348388672
0.0,0.056994207203388214,265.23116302490234,0.05797112174332142,0.0,574.0,normal,26.537415504455566,26.537415504455566
0.0,0.009522026870399714,348.97792053222656,0.05797109939157963,0.0,575.0,normal,34.90259647369385,34.90259647369385
0.0,0.08116873726248741,272.65140533447266,0.05797112360596657,0.0,576.0,normal,27.28427505493164,27.28427505493164
0.0,0.027491783257573843,314.1924743652344,0.05797113664448261,0.0,577.0,normal,31.427645683288574,31.427645683288574
0.0,0.08752238377928734,258.85254669189453,0.057971108704805374,0.0,578.0,normal,25.905659675598145,25.905659675598145
0.0,0.0548439264530316,273.02564239501953,0.057971106842160225,0.0,579.0,normal,27.31643295288086,27.31643295288086
0.0,0.06297495868057013,275.48829650878906,0.05797111615538597,0.0,580.0,normal,27.564324378967285,27.564324378967285
0.0,0.052332546561956406,262.78943634033203,0.05797111988067627,0.0,581.0,normal,26.292309761047363,26.292309761047363
0.0,0.04673930164426565,288.18548583984375,0.057971106842160225,0.0,582.0,normal,28.83079719543457,28.83079719543457
0.0,0.0761147253215313,259.4035186767578,0.05797111056745052,0.0,583.0,normal,25.958474159240723,25.958474159240723
0.0,0.030526726448442787,277.6490783691406,0.057971127331256866,0.0,584.0,normal,27.773913383483887,27.773913383483887
0.0,0.07624319568276405,260.42552947998047,0.05797111615538597,0.0,585.0,normal,26.060701370239258,26.060701370239258
0.0,0.023027008399367332,271.9776611328125,0.057971103116869926,0.0,586.0,normal,27.20527172088623,27.20527172088623
0.0,0.07848631590604782,268.8213348388672,0.05797111988067627,0.0,587.0,normal,26.900729179382324,26.900729179382324
0.0,0.02228190121240914,273.9957733154297,0.05797112174332142,0.0,588.0,normal,27.406932830810547,27.406932830810547
0.0,0.06867029331624508,286.3214874267578,0.057971104979515076,0.0,589.0,normal,28.64878273010254,28.64878273010254
0.0,0.05102821812033653,263.7453155517578,0.05797111243009567,0.0,590.0,normal,26.3876371383667,26.3876371383667
0.0,0.035024953744141385,272.3661117553711,0.057971131056547165,0.0,591.0,normal,27.24651527404785,27.24651527404785
0.0,0.056586854159832,271.6184844970703,0.057971108704805374,0.0,592.0,normal,27.176064491271973,27.176064491271973
0.0,0.0117060209158808,269.8340606689453,0.057971104979515076,0.0,593.0,normal,26.988646507263184,26.988646507263184
0.0,0.04919952712953091,268.2038269042969,0.05797112360596657,0.0,594.0,normal,26.83312225341797,26.83312225341797
0.0,0.015742677613161504,261.49952697753906,0.057971127331256866,0.0,595.0,normal,26.1560001373291,26.1560001373291
0.0,0.0390060069039464,263.29736328125,0.057971104979515076,0.0,596.0,normal,26.340436935424805,26.340436935424805
0.0,0.029588707257062197,274.5169906616211,0.05797111615538597,0.0,597.0,normal,27.460516929626465,27.460516929626465
0.0,0.016704136040061712,260.8995666503906,0.05797111056745052,0.0,598.0,normal,26.0961971282959,26.0961971282959
0.0,0.029740476980805397,265.68829345703125,0.057971108704805374,0.0,599.0,normal,26.57767677307129,26.57767677307129
0.0,0.01048439322039485,260.4730529785156,0.05797111243009567,0.0,600.0,normal,26.052300453186035,26.052300453186035
0.0,0.02477304730564356,268.8523406982422,0.05797112360596657,0.0,601.0,normal,26.89308738708496,26.89308738708496
0.0,0.017328541493043303,282.85595703125,0.05797111056745052,0.0,602.0,normal,28.29196071624756,28.29196071624756
0.0,0.01586842630058527,265.13887786865234,0.057971103116869926,0.0,603.0,normal,26.5199613571167,26.5199613571167
0.0,0.02405220828950405,277.8762512207031,0.057971131056547165,0.0,604.0,normal,27.79533576965332,27.79533576965332
0.0,0.009881563251838088,253.39430236816406,0.05797111615538597,0.0,605.0,normal,25.344305992126465,25.344305992126465
0.0,0.027812753804028034,281.9456329345703,0.05797109939157963,0.0,606.0,normal,28.20302391052246,28.20302391052246
0.0,0.016843227669596672,263.44677734375,0.057971103116869926,0.0,607.0,normal,26.350945472717285,26.350945472717285
0.0,0.021104652667418122,277.5594024658203,0.05797112174332142,0.0,608.0,normal,27.763060569763184,27.763060569763184
0.0,0.028773751109838486,270.38624572753906,0.057971108704805374,0.0,609.0,normal,27.04727840423584,27.04727840423584
0.0,0.01499954890459776,271.7959899902344,0.05797109939157963,0.0,610.0,normal,27.185498237609863,27.185498237609863
0.0,0.03828588966280222,271.66395568847656,0.05797111988067627,0.0,611.0,normal,27.176953315734863,27.176953315734863
0.0,0.016848432715050876,273.3600311279297,0.05797111615538597,0.0,612.0,normal,27.342271327972412,27.342271327972412
0.0,0.03286587726324797,261.1326904296875,0.057971106842160225,0.0,613.0,normal,26.12274169921875,26.12274169921875
0.0,0.022824755869805813,255.93421173095703,0.057971106842160225,0.0,614.0,normal,25.60088539123535,25.60088539123535
0.0,0.0180776103225071,274.55130767822266,0.057971131056547165,0.0,615.0,normal,27.461645126342773,27.461645126342773
0.0,0.0288371779024601,257.2813720703125,0.05797111801803112,0.0,616.0,normal,25.736804008483887,25.736804008483887
0.0,0.01099580226582475,263.1448287963867,0.05797110125422478,0.0,617.0,normal,26.319581031799316,26.319581031799316
0.0,0.04148562531918287,273.26258850097656,0.05797111801803112,0.0,618.0,normal,27.33745574951172,27.33745574951172
0.0,0.008791395928710699,266.05059814453125,0.05797112360596657,0.0,619.0,normal,26.60971736907959,26.60971736907959
0.0,0.05422625318169594,316.93080139160156,0.05797109939157963,0.0,620.0,normal,31.70682382583618,31.70682382583618
0.0,0.032076096220407635,255.3043670654297,0.057971104979515076,0.0,621.0,normal,25.53975200653076,25.53975200653076
0.0,0.043598806485533714,304.6311798095703,0.057971127331256866,0.0,622.0,normal,30.474738121032715,30.474738121032715
0.0,0.0587791483849287,254.20013427734375,0.05797111243009567,0.0,623.0,normal,25.434669494628906,25.434669494628906
0.0,0.03397403610870242,290.0295104980469,0.05797109939157963,0.0,624.0,normal,29.012645721435547,29.012645721435547
0.0,0.08881113678216934,252.81802368164062,0.05797111056745052,0.0,625.0,normal,25.302464485168457,25.302464485168457
0.0,0.03104948066174984,290.8827209472656,0.057971127331256866,0.0,626.0,normal,29.09738063812256,29.09738063812256
0.0,0.08585196547210217,251.81104278564453,0.057971104979515076,0.0,627.0,normal,25.20117473602295,25.20117473602295
0.0,0.04211597636458464,272.3169937133789,0.057971103116869926,0.0,628.0,normal,27.243021965026855,27.243021965026855
0.0,0.06642131973057985,258.0695266723633,0.05797111615538597,0.0,629.0,normal,25.823137283325195,25.823137283325195
0.0,0.061177706345915794,277.5855941772461,0.05797112174332142,0.0,630.0,normal,27.773693084716797,27.773693084716797
0.0,0.043711407808586955,259.72979736328125,0.057971106842160225,0.0,631.0,normal,25.984621047973633,25.984621047973633
0.0,0.07220058888196945,258.5514144897461,0.057971104979515076,0.0,632.0,normal,25.872482299804688,25.872482299804688
0.0,0.03112064301967621,258.6670227050781,0.05797111429274082,0.0,633.0,normal,25.875825881958008,25.875825881958008
0.0,0.07595046982169151,312.0052185058594,0.057971104979515076,0.0,634.0,normal,31.218612670898438,31.218612670898438
0.0,0.022356882691383362,261.356689453125,0.057971104979515076,0.0,635.0,normal,26.143039226531982,26.143039226531982
0.0,0.05301131121814251,269.6867370605469,0.05797111988067627,0.0,636.0,normal,26.982175827026367,26.982175827026367
0.0,0.027545638848096132,247.27342224121094,0.057971106842160225,0.0,637.0,normal,24.735750198364258,24.735750198364258
0.0,0.03281272598542273,267.94873046875,0.057971103116869926,0.0,638.0,normal,26.80433416366577,26.80433416366577
0.0,0.03762678988277912,257.5418472290039,0.057971104979515076,0.0,639.0,normal,25.764610290527344,25.764610290527344
0.0,0.010034170001745224,260.2486267089844,0.05797111056745052,0.0,640.0,normal,26.029770851135254,26.029770851135254
0.0,0.03031319659203291,262.8084487915039,0.05797111243009567,0.0,641.0,normal,26.289806842803955,26.289806842803955
0.0,0.015163111267611384,255.58006286621094,0.05797111056745052,0.0,642.0,normal,25.563937187194824,25.563937187194824
0.0,0.013381489174207672,302.9362030029297,0.05797110125422478,0.0,643.0,normal,30.29919719696045,30.29919719696045
0.0,0.003859778167679906,285.52947998046875,0.05797111243009567,0.0,644.0,normal,28.55661964416504,28.55661964416504
0.0,0.005719303269870579,273.8758087158203,0.05797112546861172,0.0,645.0,normal,27.391623497009277,27.391623497009277
0.0,0.0069002683740109205,294.36100006103516,0.05797109566628933,0.0,646.0,normal,29.44037914276123,29.44037914276123
0.0,0.017227524891495705,268.7940902709961,0.05797109939157963,0.0,647.0,normal,26.885754585266113,26.885754585266113
0.0,0.01494261174229905,302.20977783203125,0.057971127331256866,0.0,648.0,normal,30.226865768432617,30.226865768432617
0.0,0.04559711739420891,264.80039978027344,0.057971106842160225,0.0,649.0,normal,26.492058753967285,26.492058753967285
0.0,0.015550102572888136,287.76922607421875,0.05797109380364418,0.0,650.0,normal,28.78293228149414,28.78293228149414
0.0,0.06438175961375237,268.0328674316406,0.05797111615538597,0.0,651.0,normal,26.81906509399414,26.81906509399414
0.0,0.028457513311877847,290.44525146484375,0.05797111801803112,0.0,652.0,normal,29.053115844726562,29.053115844726562
0.0,0.0625558141618967,294.8827819824219,0.05797109566628933,0.0,653.0,normal,29.503687858581543,29.503687858581543
0.0,0.07643569447100163,282.67152404785156,0.05797108821570873,0.0,654.0,normal,28.28533935546875,28.28533935546875
0.0,0.04233415800263174,320.157958984375,0.05797111988067627,0.0,655.0,normal,32.02716255187988,32.02716255187988
0.0,0.1321812979876995,250.0882110595703,0.057971103116869926,0.0,656.0,normal,25.03815746307373,25.03815746307373
0.0,0.03148034121841192,302.9712905883789,0.05797108635306358,0.0,657.0,normal,30.306324005126953,30.306324005126953
0.0,0.1667390540242195,304.54148864746094,0.05797111429274082,0.0,658.0,normal,30.490395545959473,30.490395545959473
0.0,0.09943305910564959,277.5862350463867,0.05797111615538597,0.0,659.0,normal,27.78140926361084,27.78140926361084
0.0,0.12806680146604776,315.495849609375,0.05797109194099903,0.0,660.0,normal,31.57809829711914,31.57809829711914
0.0,0.18876994401216507,271.8739013671875,0.05797111801803112,0.0,661.0,normal,27.22804355621338,27.22804355621338
0.0,0.057342647574841976,298.2966003417969,0.057971127331256866,0.0,662.0,normal,29.844027519226074,29.844027519226074
0.0,0.21777775138616562,257.3304748535156,0.05797109752893448,0.0,663.0,normal,25.779502868652344,25.779502868652344
0.0,0.06251393165439367,279.4083557128906,0.05797109194099903,0.0,664.0,normal,27.95623779296875,27.95623779296875
0.0,0.15281610004603863,298.0035858154297,0.057971127331256866,0.0,665.0,normal,29.833823204040527,29.833823204040527
0.0,0.14135996997356415,264.97755432128906,0.057971108704805374,0.0,666.0,normal,26.528926849365234,26.528926849365234
0.0,0.07577995210886002,279.4185333251953,0.05797109194099903,0.0,667.0,normal,27.959909439086914,27.959909439086914
0.0,0.1808677241206169,257.5311965942383,0.057971103116869926,0.0,668.0,normal,25.79219341278076,25.79219341278076
0.0,0.035174145363271236,251.74746704101562,0.05797111615538597,0.0,669.0,normal,25.18468141555786,25.18468141555786
0.0,0.15793269127607346,255.24471282958984,0.05797109380364418,0.0,670.0,normal,25.55895709991455,25.55895709991455
0.0,0.06859228666871786,260.2545166015625,0.05797110125422478,0.0,671.0,normal,26.04207134246826,26.04207134246826
0.0,0.08589716348797083,279.73116302490234,0.05797111988067627,0.0,672.0,normal,27.993196487426758,27.993196487426758
0.0,0.12361770495772362,245.6491241455078,0.057971106842160225,0.0,673.0,normal,24.5925350189209,24.5925350189209
0.0,0.04659662628546357,279.7302551269531,0.05797109939157963,0.0,674.0,normal,27.985244750976562,27.985244750976562
0.0,0.13105375319719315,252.81107330322266,0.057971108704805374,0.0,675.0,normal,25.310216903686523,25.310216903686523
0.0,0.038052075542509556,262.38216400146484,0.05797111056745052,0.0,676.0,normal,26.24872589111328,26.24872589111328
0.0,0.09553844854235649,273.4635772705078,0.05797109939157963,0.0,677.0,normal,27.368364334106445,27.368364334106445
0.0,0.07895864639431238,258.9338073730469,0.05797109939157963,0.0,678.0,normal,25.912071228027344,25.912071228027344
0.0,0.05726960580796003,262.2787857055664,0.05797111429274082,0.0,679.0,normal,26.242231369018555,26.242231369018555
0.0,0.1329239159822464,275.26016998291016,0.05797109939157963,0.0,680.0,normal,27.555500984191895,27.555500984191895
0.0,0.03085349779576063,257.0512237548828,0.05797109752893448,0.0,681.0,normal,25.714192390441895,25.714192390441895
0.0,0.11616520024836063,297.3625946044922,0.057971127331256866,0.0,682.0,normal,29.762392044067383,29.762392044067383
0.0,0.06748185493052006,281.0880126953125,0.05797110125422478,0.0,683.0,normal,28.125197410583496,28.125197410583496
0.0,0.0497829481610097,302.8249206542969,0.05797109194099903,0.0,684.0,normal,30.29534912109375,30.29534912109375
0.0,0.08667410537600517,262.3087844848633,0.05797111429274082,0.0,685.0,normal,26.251112937927246,26.251112937927246
0.0,0.02788556250743568,253.11537170410156,0.05797109566628933,0.0,686.0,normal,25.320013999938965,25.320013999938965
0.0,0.04930821806192398,258.05480194091797,0.05797109939157963,0.0,687.0,normal,25.818242073059082,25.818242073059082
0.0,0.05585069768130779,270.96205139160156,0.057971106842160225,0.0,688.0,normal,27.11027431488037,27.11027431488037
0.0,0.015556699130684137,277.7225341796875,0.057971104979515076,0.0,689.0,normal,27.778264045715332,27.778264045715332
0.0,0.03688974864780903,265.8677978515625,0.05797109380364418,0.0,690.0,normal,26.597057342529297,26.597057342529297
0.0,0.018740052531939,261.504638671875,0.05797111056745052,0.0,691.0,normal,26.15711212158203,26.15711212158203
0.0,0.009006485575810075,252.24911499023438,0.057971106842160225,0.0,692.0,normal,25.229613304138184,25.229613304138184
0.0,0.016344675794243813,281.9864807128906,0.05797109194099903,0.0,693.0,normal,28.20481586456299,28.20481586456299
0.0,0.01194196380674839,302.88124084472656,0.05797113478183746,0.0,694.0,normal,30.29341220855713,30.29341220855713
0.0,0.011036737356334925,255.1677017211914,0.05797111429274082,0.0,695.0,normal,25.521876335144043,25.521876335144043
0.0,0.018328781705349684,320.9541931152344,0.05797108635306358,0.0,696.0,normal,32.101985931396484,32.101985931396484
0.0,0.04193233884871006,325.9491424560547,0.05797112174332142,0.0,697.0,normal,32.606200218200684,32.606200218200684
0.0,0.019459564238786697,288.9285888671875,0.05797112174332142,0.0,698.0,normal,28.89965057373047,28.89965057373047
0.0,0.06905273348093033,295.83338928222656,0.057971084490418434,0.0,699.0,normal,29.60004997253418,29.60004997253418
0.0,0.07636514119803905,311.5536880493164,0.057971106842160225,0.0,700.0,normal,31.173542022705078,31.173542022705078
0.0,0.04684956301935017,293.81016540527344,0.05797111243009567,0.0,701.0,normal,29.393285751342773,29.393285751342773
0.0,0.08499839901924133,246.27244567871094,0.05797109939157963,0.0,702.0,normal,24.647143363952637,24.647143363952637
0.0,0.025465994141995907,265.9227600097656,0.05797109194099903,0.0,703.0,normal,26.600268363952637,26.600268363952637
0.0,0.060677770525217056,254.476318359375,0.05797111056745052,0.0,704.0,normal,25.46266746520996,25.46266746520996
0.0,0.04130957182496786,258.7055130004883,0.05797111056745052,0.0,705.0,normal,25.881712913513184,25.881712913513184
0.0,0.03880511596798897,324.2186737060547,0.05797109194099903,0.0,706.0,normal,32.43252754211426,32.43252754211426
0.0,0.0777205191552639,242.3961639404297,0.05797110125422478,0.0,707.0,normal,24.25805950164795,24.25805950164795
0.0,0.032887038425542414,363.2709197998047,0.05797113850712776,0.0,708.0,normal,36.33656883239746,36.33656883239746
0.0,0.15169063955545425,261.4524917602539,0.05797109566628933,0.0,709.0,normal,26.178486824035645,26.178486824035645
0.0,0.05925455503165722,328.48146057128906,0.05797108821570873,0.0,710.0,normal,32.862895011901855,32.862895011901855
0.0,0.1574004702270031,252.4817886352539,0.05797111056745052,0.0,711.0,normal,25.282557487487793,25.282557487487793
0.0,0.1318285372108221,274.7379684448242,0.05797111429274082,0.0,712.0,normal,27.50306224822998,27.50306224822998
0.0,0.07964228233322501,271.1341323852539,0.05797109380364418,0.0,713.0,normal,27.13223934173584,27.13223934173584
0.0,0.17343424260616302,266.8087844848633,0.05797108821570873,0.0,714.0,normal,26.718464851379395,26.718464851379395
0.0,0.03996380418539047,275.2658233642578,0.05797111243009567,0.0,715.0,normal,27.537474632263184,27.537474632263184
0.0,0.19887284934520721,326.9575958251953,0.05797109939157963,0.0,716.0,normal,32.738433837890625,32.738433837890625
0.0,0.08189577888697386,264.81600189208984,0.05797109194099903,0.0,717.0,normal,26.50087833404541,26.50087833404541
0.0,0.1236804248765111,274.54608154296875,0.05797111801803112,0.0,718.0,normal,27.482243537902832,27.482243537902832
0.0,0.12960758060216904,242.54390716552734,0.057971103116869926,0.0,719.0,normal,24.283211708068848,24.283211708068848
0.0,0.048877640860155225,263.0103988647461,0.05797109380364418,0.0,720.0,normal,26.3137149810791,26.3137149810791
0.0,0.14854696393013,256.34861755371094,0.05797109939157963,0.0,721.0,normal,25.667470932006836,25.667470932006836
0.0,0.04143463168293238,246.41879272460938,0.05797111243009567,0.0,722.0,normal,24.65306568145752,24.65306568145752
0.0,0.1047273613512516,254.5337677001953,0.05797109752893448,0.0,723.0,normal,25.477222442626953,25.477222442626953
0.0,0.0748958308249712,259.36961364746094,0.05797109566628933,0.0,724.0,normal,25.9548397064209,25.9548397064209
0.0,0.04341902700252831,245.83045959472656,0.057971106842160225,0.0,725.0,normal,24.594629287719727,24.594629287719727
0.0,0.09066582098603249,258.73167419433594,0.05797109752893448,0.0,726.0,normal,25.89419937133789,25.89419937133789
0.0,0.0338994599878788,257.46483612060547,0.057971103116869926,0.0,727.0,normal,25.756162643432617,25.756162643432617
0.0,0.04786040959879756,250.53264617919922,0.05797111243009567,0.0,728.0,normal,25.065736770629883,25.065736770629883
0.0,0.04047639202326536,254.27935028076172,0.05797109752893448,0.0,729.0,normal,25.43893051147461,25.43893051147461
0.0,0.011836688267067075,255.39569091796875,0.057971103116869926,0.0,730.0,normal,25.54483699798584,25.54483699798584
0.0,0.037612070329487324,266.95262145996094,0.057971106842160225,0.0,731.0,normal,26.705684661865234,26.705684661865234
0.0,0.018910389626398683,251.2400360107422,0.05797111243009567,0.0,732.0,normal,25.130684852600098,25.130684852600098
0.0,0.023117437958717346,302.6359329223633,0.05797109566628933,0.0,733.0,normal,30.271117210388184,30.271117210388184
0.0,0.04461263306438923,275.37022399902344,0.057971106842160225,0.0,734.0,normal,27.54884433746338,27.54884433746338
0.0,0.011893060058355331,267.4246063232422,0.05797111243009567,0.0,735.0,normal,26.7477388381958,26.7477388381958
0.0,0.058136189356446266,250.02875518798828,0.05797109194099903,0.0,736.0,normal,25.017401695251465,25.017401695251465
0.0,0.026433260180056095,268.0622100830078,0.05797109566628933,0.0,737.0,normal,26.814406394958496,26.814406394958496
0.0,0.03902393765747547,269.96502685546875,0.05797111056745052,0.0,738.0,normal,27.007206916809082,27.007206916809082
0.0,0.04890863969922066,240.31973266601562,0.057971104979515076,0.0,739.0,normal,24.044654846191406,24.044654846191406
0.0,0.022708929609507322,285.41744232177734,0.05797108821570873,0.0,740.0,normal,28.54918670654297,28.54918670654297
0.0,0.07018889859318733,241.7798843383789,0.057971106842160225,0.0,741.0,normal,24.19492530822754,24.19492530822754
0.0,0.03133506840094924,272.8346633911133,0.05797111243009567,0.0,742.0,normal,27.292633056640625,27.292633056640625
0.0,0.06254947558045387,245.23251342773438,0.05797109380364418,0.0,743.0,normal,24.53865957260132,24.53865957260132
0.0,0.08060016576200724,275.1912384033203,0.05797109752893448,0.0,744.0,normal,27.538143157958984,27.538143157958984
0.0,0.034932573325932026,247.2850799560547,0.057971106842160225,0.0,745.0,normal,24.738394737243652,24.738394737243652
0.0,0.09210024029016495,264.1214141845703,0.05797109566628933,0.0,746.0,normal,26.43346118927002,26.43346118927002
0.0,0.04246437270194292,257.3913040161133,0.057971106842160225,0.0,747.0,normal,25.750523567199707,25.750523567199707
0.0,0.05012527434155345,262.1886749267578,0.057971108704805374,0.0,748.0,normal,26.231792449951172,26.231792449951172
0.0,0.05968969501554966,238.69393920898438,0.05797109939157963,0.0,749.0,normal,23.884231090545654,23.884231090545654
0.0,0.019416216760873795,259.8285903930664,0.05797109566628933,0.0,750.0,normal,25.98964214324951,25.98964214324951
0.0,0.04833360202610493,244.7159194946289,0.05797110125422478,0.0,751.0,normal,24.48415756225586,24.48415756225586
0.0,0.019038380356505513,258.59886169433594,0.057971108704805374,0.0,752.0,normal,25.86659336090088,25.86659336090088
0.0,0.03608561307191849,273.29180908203125,0.05797109007835388,0.0,753.0,normal,27.339298248291016,27.339298248291016
0.0,0.04895034618675709,253.90886688232422,0.05797109566628933,0.0,754.0,normal,25.403576850891113,25.403576850891113
0.0,0.02364238433074206,304.1438751220703,0.05797111988067627,0.0,755.0,normal,30.42201519012451,30.42201519012451
0.0,0.08974280580878258,264.4239196777344,0.05797109194099903,0.0,756.0,normal,26.46324062347412,26.46324062347412
0.0,0.047129085287451744,311.7817687988281,0.05797109007835388,0.0,757.0,normal,31.19050407409668,31.19050407409668
0.0,0.06556085776537657,257.30609130859375,0.057971103116869926,0.0,758.0,normal,25.746623039245605,25.746623039245605
0.0,0.07410379685461521,244.27264404296875,0.057971103116869926,0.0,759.0,normal,24.444984436035156,24.444984436035156
0.0,0.024842688580974936,250.31546783447266,0.05797109380364418,0.0,760.0,normal,25.03941535949707,25.03941535949707
0.0,0.06830822862684727,247.0943603515625,0.05797109380364418,0.0,761.0,normal,24.72599697113037,24.72599697113037
0.0,0.027935262769460678,251.62045288085938,0.05797109939157963,0.0,762.0,normal,25.1705322265625,25.1705322265625
0.0,0.033437236212193966,239.5328826904297,0.05797109566628933,0.0,763.0,normal,23.96287441253662,23.96287441253662
0.0,0.03749183006584644,245.55245971679688,0.057971103116869926,0.0,764.0,normal,24.565643310546875,24.565643310546875
0.0,0.014347247080877423,248.1352996826172,0.05797109939157963,0.0,765.0,normal,24.81929874420166,24.81929874420166
0.0,0.029699224047362804,237.19730377197266,0.05797109752893448,0.0,766.0,normal,23.728569984436035,23.728569984436035
0.0,0.01667900226311758,245.28756713867188,0.05797109752893448,0.0,767.0,normal,24.534992218017578,24.534992218017578
0.0,0.014184127954649739,247.47010803222656,0.05797110125422478,0.0,768.0,normal,24.752747535705566,24.752747535705566
0.0,0.016761654056608677,262.9679718017578,0.05797111056745052,0.0,769.0,normal,26.303049087524414,26.303049087524414
0.0,0.007752588717266917,278.2126007080078,0.05797109194099903,0.0,770.0,normal,27.82571029663086,27.82571029663086
0.0,0.02846739161759615,270.5492477416992,0.057971103116869926,0.0,771.0,normal,27.063517570495605,27.063517570495605
0.0,0.018524644896388054,258.0067901611328,0.057971106842160225,0.0,772.0,normal,25.80728244781494,25.80728244781494
0.0,0.03059975290670991,257.2699890136719,0.05797108821570873,0.0,773.0,normal,25.736018180847168,25.736018180847168
0.0,0.04025855753570795,245.88500213623047,0.057971103116869926,0.0,774.0,normal,24.599452018737793,24.599452018737793
0.0,0.01331016793847084,252.75010681152344,0.057971103116869926,0.0,775.0,normal,25.280571937561035,25.280571937561035
0.0,0.0459251943975687,235.4432830810547,0.05797109380364418,0.0,776.0,normal,23.556413650512695,23.556413650512695
0.0,0.013194895349442959,273.6102066040039,0.057971084490418434,0.0,777.0,normal,27.36655902862549,27.36655902862549
0.0,0.032445612363517284,234.24180603027344,0.05797109752893448,0.0,778.0,normal,23.433568954467773,23.433568954467773
0.0,0.038273656740784645,264.0330810546875,0.057971106842160225,0.0,779.0,normal,26.413864135742188,26.413864135742188
0.0,0.01631406124215573,252.55311584472656,0.057971103116869926,0.0,780.0,normal,25.261473655700684,25.261473655700684
0.0,0.029921884648501873,242.31610107421875,0.05797109007835388,0.0,781.0,normal,24.240493774414062,24.240493774414062
0.0,0.006151252775453031,251.2439727783203,0.05797109007835388,0.0,782.0,normal,25.12852668762207,25.12852668762207
0.0,0.016727469861507416,247.74727630615234,0.057971103116869926,0.0,783.0,normal,24.780973434448242,24.780973434448242
0.0,0.011738409870304167,237.04176330566406,0.05797109939157963,0.0,784.0,normal,23.70942211151123,23.70942211151123
0.0,0.007957250345498323,270.64967346191406,0.05797109007835388,0.0,785.0,normal,27.069458961486816,27.069458961486816
0.0,0.006066563306376338,245.69747924804688,0.057971103116869926,0.0,786.0,normal,24.573861122131348,24.573861122131348
0.0,0.004201085714157671,262.0546112060547,0.05797109939157963,0.0,787.0,normal,26.20920181274414,26.20920181274414
0.0,0.00404447756591253,260.7018356323242,0.05797109007835388,0.0,788.0,normal,26.073891639709473,26.073891639709473
0.0,0.0071355829713866115,244.91771697998047,0.057971103116869926,0.0,789.0,normal,24.496098518371582,24.496098518371582
0.0,0.006252393359318376,277.59974670410156,0.057971106842160225,0.0,790.0,normal,27.764124870300293,27.764124870300293
0.0,0.013604412786662579,290.01902770996094,0.05797108635306358,0.0,791.0,normal,29.007522583007812,29.007522583007812
0.0,0.036137841641902924,326.16954040527344,0.05797109194099903,0.0,792.0,normal,32.62707996368408,32.62707996368408
0.0,0.025463702157139778,274.2360382080078,0.05797111056745052,0.0,793.0,normal,27.43159580230713,27.43159580230713
0.0,0.04859848506748676,250.52862548828125,0.05797109566628933,0.0,794.0,normal,25.065481185913086,25.065481185913086
0.0,0.0360995689406991,250.4004364013672,0.05797109752893448,0.0,795.0,normal,25.050162315368652,25.050162315368652
0.0,0.02279444201849401,250.40959930419922,0.057971103116869926,0.0,796.0,normal,25.048418045043945,25.048418045043945
0.0,0.03784436546266079,250.77448272705078,0.057971104979515076,0.0,797.0,normal,25.087916374206543,25.087916374206543
0.0,0.009526380337774754,301.61033630371094,0.05797108635306358,0.0,798.0,normal,30.165839195251465,30.165839195251465
0.0,0.04088128171861172,236.88159942626953,0.05797109380364418,0.0,799.0,normal,23.699235916137695,23.699235916137695
0.0,0.015050538757350296,304.87767028808594,0.05797112360596657,0.0,800.0,normal,30.493677139282227,30.493677139282227
0.0,0.05774899013340473,266.28446197509766,0.05797108821570873,0.0,801.0,normal,26.642895698547363,26.642895698547363
0.0,0.06364641524851322,283.1254425048828,0.05797108821570873,0.0,802.0,normal,28.328173637390137,28.328173637390137
0.0,0.03725495329126716,270.92932891845703,0.057971108704805374,0.0,803.0,normal,27.103283882141113,27.103283882141113
0.0,0.10993419215083122,236.0993423461914,0.05797109939157963,0.0,804.0,normal,23.63482093811035,23.63482093811035
0.0,0.040725670754909515,275.643798828125,0.057971084490418434,0.0,805.0,normal,27.575424194335938,27.575424194335938
0.0,0.08897808380424976,264.73008728027344,0.05797109566628933,0.0,806.0,normal,26.493704795837402,26.493704795837402
0.0,0.06432065553963184,329.2108917236328,0.05797111615538597,0.0,807.0,normal,32.93685245513916,32.93685245513916
0.0,0.06007675314322114,331.1773681640625,0.057971084490418434,0.0,808.0,normal,33.13265132904053,33.13265132904053
0.0,0.15102499723434448,276.52484130859375,0.057971082627773285,0.0,809.0,normal,27.685588836669922,27.685588836669922
0.0,0.043251585215330124,364.84556579589844,0.05797113664448261,0.0,810.0,normal,36.49610614776611,36.49610614776611
0.0,0.22660063952207565,262.96937561035156,0.05797109566628933,0.0,811.0,normal,26.345157623291016,26.345157623291016
0.0,0.11966180353192613,348.41284942626953,0.05797107331454754,0.0,812.0,normal,34.86811637878418,34.86811637878418
0.0,0.14699413161724806,266.7516174316406,0.05797111429274082,0.0,813.0,normal,26.707460403442383,26.707460403442383
0.0,0.25114796310663223,340.5105285644531,0.05797111243009567,0.0,814.0,normal,34.10418224334717,34.10418224334717
0.0,0.10027340799570084,255.01876831054688,0.05797108635306358,0.0,815.0,normal,25.524831771850586,25.524831771850586
0.0,0.2502583712339401,241.1281967163086,0.05797109007835388,0.0,816.0,normal,24.165771484375,24.165771484375
0.0,0.13462689612060785,249.23561096191406,0.057971103116869926,0.0,817.0,normal,24.95338535308838,24.95338535308838
0.0,0.10739379609003663,249.6588897705078,0.05797109380364418,0.0,818.0,normal,24.990267753601074,24.990267753601074
0.0,0.17424601316452026,257.13355255126953,0.05797109007835388,0.0,819.0,normal,25.7511043548584,25.7511043548584
0.0,0.04739111661911011,253.60104370117188,0.05797109752893448,0.0,820.0,normal,25.37248134613037,25.37248134613037
0.0,0.09849392296746373,276.67486572265625,0.05797109939157963,0.0,821.0,normal,27.69008445739746,27.69008445739746
0.0,0.06898549944162369,236.7820816040039,0.05797109939157963,0.0,822.0,normal,23.694904327392578,23.694904327392578
0.0,0.02365297358483076,253.55531311035156,0.057971084490418434,0.0,823.0,normal,25.36316204071045,25.36316204071045
0.0,0.027998238801956177,280.7947082519531,0.05797109566628933,0.0,824.0,normal,28.087970733642578,28.087970733642578
0.0,0.012344863847829401,244.5947723388672,0.05797109939157963,0.0,825.0,normal,24.46484661102295,24.46484661102295
0.0,0.00756432767957449,272.2256622314453,0.057971082627773285,0.0,826.0,normal,27.226977348327637,27.226977348327637
0.0,0.003893129964126274,260.4623107910156,0.05797109007835388,0.0,827.0,normal,26.04990863800049,26.04990863800049
0.0,0.006038548657670617,257.17586517333984,0.057971103116869926,0.0,828.0,normal,25.721694946289062,25.721694946289062
0.0,0.004566190196783282,245.9364013671875,0.05797108821570873,0.0,829.0,normal,24.597453117370605,24.597453117370605
0.0,0.014539407100528479,246.52906799316406,0.05797109566628933,0.0,830.0,normal,24.658714294433594,24.658714294433594
0.0,0.006523763440782204,251.31973266601562,0.057971106842160225,0.0,831.0,normal,25.13617706298828,25.13617706298828
0.0,0.018266879487782717,233.91177368164062,0.05797109566628933,0.0,832.0,normal,23.397729873657227,23.397729873657227
0.0,0.011485312134027481,256.8515167236328,0.05797108635306358,0.0,833.0,normal,25.690348625183105,25.690348625183105
0.0,0.013972318585729226,247.8759307861328,0.05797109566628933,0.0,834.0,normal,24.79328727722168,24.79328727722168
0.0,0.017845654860138893,248.92119598388672,0.057971103116869926,0.0,835.0,normal,24.898588180541992,24.898588180541992
0.0,0.007784833142068237,247.22466278076172,0.05797108821570873,0.0,836.0,normal,24.726922512054443,24.726922512054443
0.0,0.02030583005398512,256.2655029296875,0.057971084490418434,0.0,837.0,normal,25.633511543273926,25.633511543273926
0.0,0.006460689241066575,240.22425079345703,0.05797109939157963,0.0,838.0,normal,24.0266170501709,24.0266170501709
0.0,0.016786096850410104,265.4750213623047,0.057971106842160225,0.0,839.0,normal,26.553759574890137,26.553759574890137
0.0,0.005068492493592203,275.9306411743164,0.057971082627773285,0.0,840.0,normal,27.59697723388672,27.59697723388672
0.0,0.02425723895430565,252.70425415039062,0.05797109007835388,0.0,841.0,normal,25.27817726135254,25.27817726135254
0.0,0.01465946575626731,285.96897888183594,0.05797111615538597,0.0,842.0,normal,28.60272979736328,28.60272979736328
0.0,0.03371675219386816,237.0899200439453,0.05797109194099903,0.0,843.0,normal,23.718634605407715,23.718634605407715
0.0,0.04378014896064997,283.037841796875,0.057971080765128136,0.0,844.0,normal,28.31544017791748,28.31544017791748
0.0,0.026045607402920723,246.9515609741211,0.057971103116869926,0.0,845.0,normal,24.703264236450195,24.703264236450195
0.0,0.06178794428706169,251.3016815185547,0.057971103116869926,0.0,846.0,normal,25.14542579650879,25.14542579650879
0.0,0.02383322361856699,240.93925857543945,0.05797109007835388,0.0,847.0,normal,24.101592540740967,24.101592540740967
0.0,0.042679454665631056,250.92507934570312,0.05797108635306358,0.0,848.0,normal,25.10394287109375,25.10394287109375
0.0,0.03269029036164284,241.01084899902344,0.05797110125422478,0.0,849.0,normal,24.110523223876953,24.110523223876953
0.0,0.015674676280468702,246.96720123291016,0.05797109939157963,0.0,850.0,normal,24.702754974365234,24.702754974365234
0.0,0.02422393299639225,251.11724853515625,0.05797108821570873,0.0,851.0,normal,25.11946964263916,25.11946964263916
0.0,0.008102510124444962,242.66214752197266,0.05797109566628933,0.0,852.0,normal,24.270734786987305,24.270734786987305
0.0,0.015570086194202304,239.36405181884766,0.05797110125422478,0.0,853.0,normal,23.942419052124023,23.942419052124023
0.0,0.009075878653675318,237.9517364501953,0.05797108821570873,0.0,854.0,normal,23.799887657165527,23.799887657165527
0.0,0.011138289235532284,276.29327392578125,0.05797109194099903,0.0,855.0,normal,27.63445472717285,27.63445472717285
0.0,0.030464671552181244,250.65548706054688,0.05797109194099903,0.0,856.0,normal,25.074541091918945,25.074541091918945
0.0,0.015262939035892487,245.7974624633789,0.057971084490418434,0.0,857.0,normal,24.5856990814209,24.5856990814209
0.0,0.026004326529800892,268.7908401489258,0.05797111056745052,0.0,858.0,normal,26.887184143066406,26.887184143066406
0.0,0.049654943868517876,281.5511474609375,0.05797108821570873,0.0,859.0,normal,28.167945861816406,28.167945861816406
0.0,0.024410572717897594,251.67877960205078,0.057971082627773285,0.0,860.0,normal,25.175660133361816,25.175660133361816
0.0,0.04547956399619579,278.51243591308594,0.05797111243009567,0.0,861.0,normal,27.863239288330078,27.863239288330078
0.0,0.08995776437222958,276.1187438964844,0.05797109939157963,0.0,862.0,normal,27.632765769958496,27.632765769958496
0.0,0.030829953029751778,306.4751510620117,0.05797107517719269,0.0,863.0,normal,30.65657949447632,30.65657949447632
0.0,0.09520776942372322,234.6116714477539,0.05797109566628933,0.0,864.0,normal,23.483108520507812,23.483108520507812
0.0,0.09353653993457556,286.76210021972656,0.057971106842160225,0.0,865.0,normal,28.6978178024292,28.6978178024292
0.0,0.053222864866256714,234.69813537597656,0.05797108635306358,0.0,866.0,normal,23.483357429504395,23.483357429504395
0.0,0.09335087984800339,282.0611877441406,0.05797107703983784,0.0,867.0,normal,28.22768783569336,28.22768783569336
0.0,0.025685428641736507,293.68148040771484,0.05797109939157963,0.0,868.0,normal,29.37618637084961,29.37618637084961
0.0,0.06328686699271202,341.0017395019531,0.05797109194099903,0.0,869.0,normal,34.11573028564453,34.11573028564453
0.0,0.05708008445799351,277.85833740234375,0.057971080765128136,0.0,870.0,normal,27.80014991760254,27.80014991760254
0.0,0.037659903056919575,309.8792266845703,0.057971103116869926,0.0,871.0,normal,30.998353004455566,30.998353004455566
0.0,0.13427188247442245,270.1926040649414,0.05797109939157963,0.0,872.0,normal,27.049015045166016,27.049015045166016
0.0,0.07072030333802104,281.4365692138672,0.057971078902482986,0.0,873.0,normal,28.16069984436035,28.16069984436035
0.0,0.10394797939807177,246.85453033447266,0.05797109194099903,0.0,874.0,normal,24.709141731262207,24.709141731262207
0.0,0.13637011125683784,294.36328125,0.05797109566628933,0.0,875.0,normal,29.466501235961914,29.466501235961914
0.0,0.052770957350730896,235.4958953857422,0.057971084490418434,0.0,876.0,normal,23.56304359436035,23.56304359436035
0.0,0.1135348305106163,244.4853286743164,0.05797109380364418,0.0,877.0,normal,24.47413921356201,24.47413921356201
0.0,0.0916794203221798,238.30329132080078,0.05797109194099903,0.0,878.0,normal,23.851564407348633,23.851564407348633
0.0,0.03932011080905795,239.74659729003906,0.057971082627773285,0.0,879.0,normal,23.98542308807373,23.98542308807373
0.0,0.09833035245537758,245.44711303710938,0.05797109566628933,0.0,880.0,normal,24.56727695465088,24.56727695465088
0.0,0.06429839506745338,239.2104949951172,0.05797109194099903,0.0,881.0,normal,23.936809539794922,23.936809539794922
0.0,0.04563850490376353,235.09294891357422,0.05797109194099903,0.0,882.0,normal,23.52132225036621,23.52132225036621
0.0,0.08542943373322487,265.5638732910156,0.05797109566628933,0.0,883.0,normal,26.57637310028076,26.57637310028076
0.0,0.060150956735014915,277.1754913330078,0.057971084490418434,0.0,884.0,normal,27.732479095458984,27.732479095458984
0.0,0.040391639806330204,232.10233306884766,0.05797109007835388,0.0,885.0,normal,23.221211433410645,23.221211433410645
0.0,0.06434318143874407,269.6182174682617,0.057971108704805374,0.0,886.0,normal,26.977590560913086,26.977590560913086
0.0,0.03941088169813156,232.22607421875,0.05797108821570873,0.0,887.0,normal,23.233388900756836,23.233388900756836
0.0,0.024197913473472,261.3906021118164,0.05797108635306358,0.0,888.0,normal,26.14680004119873,26.14680004119873
0.0,0.04957086592912674,232.88050842285156,0.05797109194099903,0.0,889.0,normal,23.300864219665527,23.300864219665527
0.0,0.03285092115402222,237.1242218017578,0.05797109194099903,0.0,890.0,normal,23.721891403198242,23.721891403198242
0.0,0.023546757642179728,264.3771057128906,0.05797108821570873,0.0,891.0,normal,26.445319175720215,26.445319175720215
0.0,0.05052679963409901,230.73186492919922,0.05797109752893448,0.0,892.0,normal,23.08619213104248,23.08619213104248
0.0,0.026565918466076255,255.62169647216797,0.057971103116869926,0.0,893.0,normal,25.570382118225098,25.570382118225098
0.0,0.03793762449640781,251.45565795898438,0.057971084490418434,0.0,894.0,normal,25.15605354309082,25.15605354309082
0.0,0.08532587066292763,283.86883544921875,0.057971084490418434,0.0,895.0,normal,28.406848907470703,28.406848907470703
0.0,0.04411101061850786,256.6523666381836,0.05797109939157963,0.0,896.0,normal,25.676958084106445,25.676958084106445
0.0,0.05536006949841976,251.41415405273438,0.05797109380364418,0.0,897.0,normal,25.155385971069336,25.155385971069336
0.0,0.0534643717110157,234.59609985351562,0.05797109007835388,0.0,898.0,normal,23.473201751708984,23.473201751708984
0.0,0.01990227197529748,287.6029815673828,0.057971082627773285,0.0,899.0,normal,28.767179489135742,28.767179489135742
0.0,0.014398366998648271,229.38853454589844,0.05797108821570873,0.0,900.0,normal,22.94463348388672,22.94463348388672
0.0,0.021311082411557436,285.403564453125,0.05797111429274082,0.0,901.0,normal,28.547518730163574,28.547518730163574
0.0,0.018486295361071825,301.4764709472656,0.05797107517719269,0.0,902.0,normal,30.15424346923828,30.15424346923828
0.0,0.02163993613794446,283.07079315185547,0.05797109194099903,0.0,903.0,normal,28.314306259155273,28.314306259155273
0.0,0.021389651956269518,273.75426483154297,0.057971106842160225,0.0,904.0,normal,27.382603645324707,27.382603645324707
0.0,0.0469272006303072,235.60639190673828,0.05797108635306358,0.0,905.0,normal,23.572924613952637,23.572924613952637
0.0,0.0336999551509507,261.59190368652344,0.057971082627773285,0.0,906.0,normal,26.168829917907715,26.168829917907715
0.0,0.0339194021653384,265.1921844482422,0.05797109939157963,0.0,907.0,normal,26.528902053833008,26.528902053833008
0.0,0.0844068992882967,291.97066497802734,0.05797109194099903,0.0,908.0,normal,29.216846466064453,29.216846466064453
0.0,0.039604047080501914,253.47582244873047,0.057971082627773285,0.0,909.0,normal,25.358403205871582,25.358403205871582
0.0,0.074710913002491,237.49178314208984,0.05797109566628933,0.0,910.0,normal,23.767020225524902,23.767020225524902
0.0,0.09965373203158379,247.8695526123047,0.05797109939157963,0.0,911.0,normal,24.809785842895508,24.809785842895508
0.0,0.038436396047472954,297.5389213562012,0.057971080765128136,0.0,912.0,normal,29.76447868347168,29.76447868347168
0.0,0.11472085118293762,243.90863037109375,0.05797109566628933,0.0,913.0,normal,24.416707038879395,24.416707038879395
0.0,0.0940770972520113,272.7290725708008,0.057971103116869926,0.0,914.0,normal,27.29462242126465,27.29462242126465
0.0,0.05629529384896159,250.0514373779297,0.057971082627773285,0.0,915.0,normal,25.019302368164062,25.019302368164062
0.0,0.13173774629831314,243.6175308227539,0.05797109007835388,0.0,916.0,normal,24.390999794006348,24.390999794006348
0.0,0.07632009452208877,245.37046813964844,0.05797109566628933,0.0,917.0,normal,24.55521011352539,24.55521011352539
0.0,0.05973116680979729,244.76507568359375,0.057971082627773285,0.0,918.0,normal,24.491353034973145,24.491353034973145
0.0,0.10375838354229927,233.8296356201172,0.05797108635306358,0.0,919.0,normal,23.406614303588867,23.406614303588867
0.0,0.032573782838881016,294.8079071044922,0.057971103116869926,0.0,920.0,normal,29.490206718444824,29.490206718444824
0.0,0.07577458582818508,243.1040267944336,0.05797108821570873,0.0,921.0,normal,24.32845687866211,24.32845687866211
0.0,0.09336675517261028,286.0282211303711,0.05797107145190239,0.0,922.0,normal,28.624396324157715,28.624396324157715
0.0,0.040308112278580666,279.6495666503906,0.05797109939157963,0.0,923.0,normal,27.97591781616211,27.97591781616211
0.0,0.11444036290049553,265.1761779785156,0.05797109939157963,0.0,924.0,normal,26.543405532836914,26.543405532836914
0.0,0.06124834169168025,278.5991516113281,0.05797107517719269,0.0,925.0,normal,27.8750638961792,27.8750638961792
0.0,0.07313709740992635,278.67183685302734,0.05797109566628933,0.0,926.0,normal,27.88471031188965,27.88471031188965
0.0,0.13998015597462654,260.08226776123047,0.057971103116869926,0.0,927.0,normal,26.039122581481934,26.039122581481934
0.0,0.045048254542052746,272.1005630493164,0.05797107703983784,0.0,928.0,normal,27.22196674346924,27.22196674346924
0.0,0.11335166357457638,244.9087142944336,0.05797109007835388,0.0,929.0,normal,24.51644229888916,24.51644229888916
0.0,0.11906675435602665,255.12203979492188,0.057971103116869926,0.0,930.0,normal,25.538918495178223,25.538918495178223
0.0,0.05042324308305979,231.04556274414062,0.057971084490418434,0.0,931.0,normal,23.117541313171387,23.117541313171387
0.0,0.11909470707178116,240.682373046875,0.057971082627773285,0.0,932.0,normal,24.094955444335938,24.094955444335938
0.0,0.06349531561136246,230.53428649902344,0.05797109566628933,0.0,933.0,normal,23.069026947021484,23.069026947021484
0.0,0.03350789984688163,247.83651733398438,0.05797109566628933,0.0,934.0,normal,24.79325294494629,24.79325294494629
0.0,0.046841613948345184,239.26641082763672,0.05797108821570873,0.0,935.0,normal,23.938908576965332,23.938908576965332
0.0,0.016885234275832772,237.42266082763672,0.05797108635306358,0.0,936.0,normal,23.74854278564453,23.74854278564453
0.0,0.0140475919470191,239.9716567993164,0.05797109939157963,0.0,937.0,normal,24.00287437438965,24.00287437438965
0.0,0.015346516855061054,238.88957977294922,0.05797109194099903,0.0,938.0,normal,23.89492702484131,23.89492702484131
0.0,0.00936555303633213,235.63878631591797,0.05797108821570873,0.0,939.0,normal,23.56865119934082,23.56865119934082
0.0,0.008319409331306815,238.36474609375,0.05797108821570873,0.0,940.0,normal,23.841038703918457,23.841038703918457
0.0,0.011876108823344111,244.6744613647461,0.05797109566628933,0.0,941.0,normal,24.472721099853516,24.472721099853516
0.0,0.016167397378012538,257.8681335449219,0.057971084490418434,0.0,942.0,normal,25.792946815490723,25.792946815490723
0.0,0.01808699732646346,270.2531433105469,0.05797109194099903,0.0,943.0,normal,27.031831741333008,27.031831741333008
0.0,0.009449016768485308,243.6069107055664,0.05797109566628933,0.0,944.0,normal,24.365479469299316,24.365479469299316
0.0,0.02932704985141754,243.15867614746094,0.057971078902482986,0.0,945.0,normal,24.32463264465332,24.32463264465332
0.0,0.03188984142616391,248.0489044189453,0.057971080765128136,0.0,946.0,normal,24.814167976379395,24.814167976379395
0.0,0.020212602335959673,241.25528717041016,0.05797109566628933,0.0,947.0,normal,24.132471084594727,24.132471084594727
0.0,0.04002325888723135,226.9668731689453,0.05797109194099903,0.0,948.0,normal,22.707592010498047,22.707592010498047
0.0,0.02681732876226306,240.56732177734375,0.057971082627773285,0.0,949.0,normal,24.06499481201172,24.06499481201172
0.0,0.02097977278754115,235.92437744140625,0.05797109007835388,0.0,950.0,normal,23.599534034729004,23.599534034729004
0.0,0.029293921776115894,254.2306137084961,0.05797109566628933,0.0,951.0,normal,25.4318208694458,25.4318208694458
0.0,0.008675516583025455,240.63806915283203,0.057971082627773285,0.0,952.0,normal,24.06844139099121,24.06844139099121
0.0,0.0181527579552494,263.19832611083984,0.057971078902482986,0.0,953.0,normal,26.326363563537598,26.326363563537598
0.0,0.007451009005308151,251.5893783569336,0.057971104979515076,0.0,954.0,normal,25.163328170776367,25.163328170776367
0.0,0.010635881219059229,241.0603485107422,0.05797109752893448,0.0,955.0,normal,24.111062049865723,24.111062049865723
0.0,0.009341440862044692,253.65007781982422,0.05797107517719269,0.0,956.0,normal,25.369775772094727,25.369775772094727
0.0,0.007909830193966627,231.8028793334961,0.05797108821570873,0.0,957.0,normal,23.18476963043213,23.18476963043213
0.0,0.013649245258420706,247.84661102294922,0.05797109566628933,0.0,958.0,normal,24.790289878845215,24.790289878845215
0.0,0.006380930630257353,232.7283706665039,0.057971082627773285,0.0,959.0,normal,23.27701187133789,23.27701187133789
0.0,0.014041764196008444,255.16974639892578,0.05797107703983784,0.0,960.0,normal,25.522682189941406,25.522682189941406
0.0,0.005220638937316835,295.2309875488281,0.05797109939157963,0.0,961.0,normal,29.5270414352417,29.5270414352417
0.0,0.0254233805462718,291.5570831298828,0.057971084490418434,0.0,962.0,normal,29.163692474365234,29.163692474365234
0.0,0.02765692921821028,261.9617614746094,0.057971082627773285,0.0,963.0,normal,26.204607009887695,26.204607009887695
0.0,0.027436475618742406,234.50320434570312,0.05797109194099903,0.0,964.0,normal,23.458707332611084,23.458707332611084
0.0,0.04247503913938999,255.07077026367188,0.05797109007835388,0.0,965.0,normal,25.518470764160156,25.518470764160156
0.0,0.028174902603495866,236.53876495361328,0.05797108635306358,0.0,966.0,normal,23.662410736083984,23.662410736083984
0.0,0.016202104976400733,230.02515411376953,0.057971082627773285,0.0,967.0,normal,23.008654594421387,23.008654594421387
0.0,0.03481053654104471,230.28199005126953,0.05797108635306358,0.0,968.0,normal,23.038060188293457,23.038060188293457
0.0,0.02010709723981563,228.82561492919922,0.057971084490418434,0.0,969.0,normal,22.889482498168945,22.889482498168945
0.0,0.013662197103258222,239.34889221191406,0.05797108821570873,0.0,970.0,normal,23.940521240234375,23.940521240234375
0.0,0.027468353509902954,234.68517303466797,0.057971080765128136,0.0,971.0,normal,23.47691011428833,23.47691011428833
0.0,0.02191482251510024,250.51447296142578,0.05797109007835388,0.0,972.0,normal,25.058730125427246,25.058730125427246
0.0,0.01144701149314642,243.53358459472656,0.05797109007835388,0.0,973.0,normal,24.35854721069336,24.35854721069336
0.0,0.019977306481450796,237.05699157714844,0.057971082627773285,0.0,974.0,normal,23.712594032287598,23.712594032287598
0.0,0.017916453769430518,235.07833099365234,0.05797108635306358,0.0,975.0,normal,23.514315605163574,23.514315605163574
0.0,0.00834195502102375,235.03121185302734,0.05797108635306358,0.0,976.0,normal,23.507689476013184,23.507689476013184
0.0,0.0107612325809896,231.10203552246094,0.05797109007835388,0.0,977.0,normal,23.11525535583496,23.11525535583496
0.0,0.006570291821844876,237.68708038330078,0.05797109380364418,0.0,978.0,normal,23.77292251586914,23.77292251586914
0.0,0.004039769381051883,228.5536117553711,0.057971082627773285,0.0,979.0,normal,22.859067916870117,22.859067916870117
0.0,0.006221817107871175,239.35060119628906,0.057971078902482986,0.0,980.0,normal,23.939204216003418,23.939204216003418
0.0,0.004404558043461293,236.44332122802734,0.05797108635306358,0.0,981.0,normal,23.648113250732422,23.648113250732422
0.0,0.005978056462481618,246.3954849243164,0.05797108821570873,0.0,982.0,normal,24.64364242553711,24.64364242553711
0.0,0.00731232319958508,228.4315643310547,0.05797108821570873,0.0,983.0,normal,22.84751796722412,22.84751796722412
0.0,0.007592914858832955,265.2844009399414,0.057971082627773285,0.0,984.0,normal,26.53285789489746,26.53285789489746
0.0,0.006228821468539536,231.06153106689453,0.05797108821570873,0.0,985.0,normal,23.11029815673828,23.11029815673828
0.0,0.0053653091890737414,233.5356903076172,0.05797109380364418,0.0,986.0,normal,23.357542037963867,23.357542037963867
0.0,0.005849437671713531,235.77230834960938,0.057971084490418434,0.0,987.0,normal,23.581300735473633,23.581300735473633
0.0,0.010260038543492556,231.5771484375,0.05797108635306358,0.0,988.0,normal,23.16266632080078,23.16266632080078
0.0,0.011377100832760334,261.591796875,0.057971084490418434,0.0,989.0,normal,26.16435432434082,26.16435432434082
0.0,0.005611316621070728,234.02742767333984,0.05797109007835388,0.0,990.0,normal,23.40676498413086,23.40676498413086
0.0,0.00695485423784703,235.16986846923828,0.05797108635306358,0.0,991.0,normal,23.52127742767334,23.52127742767334
0.0,0.005158327519893646,227.74788665771484,0.057971078902482986,0.0,992.0,normal,22.778719425201416,22.778719425201416
0.0,0.0037211354356259108,234.0304183959961,0.057971084490418434,0.0,993.0,normal,23.40668487548828,23.40668487548828
0.0,0.0043147808173671365,226.4668426513672,0.05797108821570873,0.0,994.0,normal,22.650446891784668,22.650446891784668
0.0,0.0051347140688449144,237.0044174194336,0.057971080765128136,0.0,995.0,normal,23.704368591308594,23.704368591308594
0.0,0.004347297493950464,225.26497650146484,0.057971082627773285,0.0,996.0,normal,22.530266284942627,22.530266284942627
0.0,0.004548575670924038,231.38267517089844,0.057971082627773285,0.0,997.0,normal,23.14207649230957,23.14207649230957
0.0,0.004237243963871151,238.8875274658203,0.057971084490418434,0.0,998.0,normal,23.892499923706055,23.892499923706055
0.0,0.004990476183593273,224.0053253173828,0.05797109194099903,0.0,999.0,normal,22.40442943572998,22.40442943572998
0.0,0.0044075679033994675,282.7914047241211,0.057971078902482986,0.0,1000.0,normal,28.282922744750977,28.282922744750977
0.0,0.013942296616733074,259.6272201538086,0.05797109939157963,0.0,1001.0,normal,25.968409538269043,25.968409538269043
0.0,0.01756809715880081,267.83606719970703,0.05797109007835388,0.0,1002.0,normal,26.79002094268799,26.79002094268799
0.0,0.013497987063601613,247.2428207397461,0.057971078902482986,0.0,1003.0,normal,24.729881286621094,24.729881286621094
0.0,0.024193050339818,225.08521270751953,0.057971080765128136,0.0,1004.0,normal,22.516258716583252,22.516258716583252
0.0,0.02090366743505001,236.54586791992188,0.05797109007835388,0.0,1005.0,normal,23.661666870117188,23.661666870117188
0.0,0.01287869643419981,227.35718536376953,0.057971082627773285,0.0,1006.0,normal,22.741193771362305,22.741193771362305
0.0,0.01904149167239666,259.5268859863281,0.057971082627773285,0.0,1007.0,normal,25.95939540863037,25.95939540863037
0.0,0.020447454415261745,242.52818298339844,0.057971078902482986,0.0,1008.0,normal,24.259806632995605,24.259806632995605
0.0,0.008063694927841425,231.5286865234375,0.057971080765128136,0.0,1009.0,normal,23.15738010406494,23.15738010406494
0.0,0.017300985287874937,237.63670349121094,0.05797109194099903,0.0,1010.0,normal,23.770030975341797,23.770030975341797
0.0,0.023589088581502438,228.19375610351562,0.05797108821570873,0.0,1011.0,normal,22.826992988586426,22.826992988586426
0.0,0.01837125769816339,235.33304595947266,0.057971078902482986,0.0,1012.0,normal,23.539877891540527,23.539877891540527
0.0,0.012495020870119333,233.10404205322266,0.057971082627773285,0.0,1013.0,normal,23.315802574157715,23.315802574157715
0.0,0.01507057761773467,233.88641357421875,0.05797108635306358,0.0,1014.0,normal,23.39455509185791,23.39455509185791
0.0,0.0061966185458004475,278.13592529296875,0.057971078902482986,0.0,1015.0,normal,27.817729949951172,27.817729949951172
0.0,0.014049449935555458,228.27195739746094,0.057971082627773285,0.0,1016.0,normal,22.832904815673828,22.832904815673828
0.0,0.016540149692445993,246.2949981689453,0.05797109566628933,0.0,1017.0,normal,24.63570785522461,24.63570785522461
0.0,0.01167146023362875,231.89124298095703,0.057971080765128136,0.0,1018.0,normal,23.194358825683594,23.194358825683594
0.0,0.021101350896060467,242.26409912109375,0.05797107703983784,0.0,1019.0,normal,24.233530044555664,24.233530044555664
0.0,0.013462865259498358,246.27590942382812,0.05797109007835388,0.0,1020.0,normal,24.633183479309082,24.633183479309082
0.0,0.012003943847957999,225.23612213134766,0.05797107703983784,0.0,1021.0,normal,22.528911590576172,22.528911590576172
0.0,0.02124957088381052,251.1011505126953,0.05797107331454754,0.0,1022.0,normal,25.11726474761963,25.11726474761963
0.0,0.00983942742459476,247.04003143310547,0.05797109007835388,0.0,1023.0,normal,24.70886993408203,24.70886993408203
0.0,0.03084255289286375,298.0753173828125,0.057971082627773285,0.0,1024.0,normal,29.81659984588623,29.81659984588623
0.0,0.049691094318404794,253.2695083618164,0.057971078902482986,0.0,1025.0,normal,25.339787483215332,25.339787483215332
0.0,0.023772583343088627,237.01730346679688,0.05797108635306358,0.0,1026.0,normal,23.70938491821289,23.70938491821289
0.0,0.04761412646621466,225.38872528076172,0.057971078902482986,0.0,1027.0,normal,22.551295280456543,22.551295280456543
0.0,0.04271797277033329,253.74614334106445,0.05797107703983784,0.0,1028.0,normal,25.386057376861572,25.386057376861572
0.0,0.017332970164716244,224.46753692626953,0.057971082627773285,0.0,1029.0,normal,22.453120231628418,22.453120231628418
0.0,0.03363801259547472,236.2631072998047,0.05797109194099903,0.0,1030.0,normal,23.635937690734863,23.635937690734863
0.0,0.02209925791248679,243.3623504638672,0.05797107517719269,0.0,1031.0,normal,24.343554496765137,24.343554496765137
0.0,0.013284805230796337,230.7755126953125,0.05797107517719269,0.0,1032.0,normal,23.083107948303223,23.083107948303223
0.0,0.016757879871875048,278.17933654785156,0.05797109752893448,0.0,1033.0,normal,27.82418441772461,27.82418441772461
0.0,0.0038416215393226594,268.3735580444336,0.05797107703983784,0.0,1034.0,normal,26.841022968292236,26.841022968292236
0.0,0.018006233032792807,259.59485626220703,0.057971078902482986,0.0,1035.0,normal,25.96598720550537,25.96598720550537
0.0,0.015045372769236565,254.5659408569336,0.05797109194099903,0.0,1036.0,normal,25.46250343322754,25.46250343322754
0.0,0.017801535897888243,229.34319305419922,0.05797107703983784,0.0,1037.0,normal,22.94077968597412,22.94077968597412
0.0,0.03344615548849106,238.40682983398438,0.05797107517719269,0.0,1038.0,normal,23.850271701812744,23.850271701812744
0.0,0.02161942608654499,224.2236557006836,0.057971082627773285,0.0,1039.0,normal,22.429588794708252,22.429588794708252
0.0,0.023736324161291122,233.14403533935547,0.057971078902482986,0.0,1040.0,normal,23.322050094604492,23.322050094604492
0.0,0.03104495070874691,256.78170013427734,0.05797108635306358,0.0,1041.0,normal,25.687277793884277,25.687277793884277
0.0,0.01400005808682181,226.40089416503906,0.05797107703983784,0.0,1042.0,normal,22.64578914642334,22.64578914642334
0.0,0.017551014199852943,236.3892822265625,0.05797107331454754,0.0,1043.0,normal,23.645337104797363,23.645337104797363
0.0,0.029394487384706736,255.60332489013672,0.05797109566628933,0.0,1044.0,normal,25.569110870361328,25.569110870361328
0.0,0.042668676003813744,251.66870880126953,0.057971080765128136,0.0,1045.0,normal,25.178303718566895,25.178303718566895
0.0,0.025088705122470856,240.14777374267578,0.05797107145190239,0.0,1046.0,normal,24.02269458770752,24.02269458770752
0.0,0.03625525668030605,260.13934326171875,0.05797109566628933,0.0,1047.0,normal,26.02408504486084,26.02408504486084
0.0,0.058830855414271355,219.49490356445312,0.057971082627773285,0.0,1048.0,normal,21.96415615081787,21.96415615081787
0.0,0.031540966825559735,277.03260040283203,0.05797106772661209,0.0,1049.0,normal,27.712468147277832,27.712468147277832
0.0,0.035869818879291415,224.60992431640625,0.057971080765128136,0.0,1050.0,normal,22.471065044403076,22.471065044403076
0.0,0.06583882682025433,295.2742919921875,0.05797108635306358,0.0,1051.0,normal,29.543496131896973,29.543496131896973
0.0,0.049562365864403546,227.94860076904297,0.05797107517719269,0.0,1052.0,normal,22.80767250061035,22.80767250061035
0.0,0.028484821785241365,291.5848693847656,0.05797109007835388,0.0,1053.0,normal,29.16708469390869,29.16708469390869
0.0,0.08198913559317589,239.12667083740234,0.05797107517719269,0.0,1054.0,normal,23.931964874267578,23.931964874267578
0.0,0.08445229637436569,254.5434799194336,0.05797107517719269,0.0,1055.0,normal,25.47413682937622,25.47413682937622
0.0,0.0348490159958601,238.63109588623047,0.05797108635306358,0.0,1056.0,normal,23.872979164123535,23.872979164123535
0.0,0.09054863452911377,232.20001220703125,0.05797107331454754,0.0,1057.0,normal,23.24101161956787,23.24101161956787
0.0,0.10005763545632362,233.0089569091797,0.057971078902482986,0.0,1058.0,normal,23.323805809020996,23.323805809020996
0.0,0.04954300634562969,239.70521545410156,0.057971080765128136,0.0,1059.0,normal,23.983330726623535,23.983330726623535
0.0,0.05714734178036451,252.77520751953125,0.05797107517719269,0.0,1060.0,normal,25.29184913635254,25.29184913635254
0.0,0.07331817969679832,234.68550872802734,0.057971082627773285,0.0,1061.0,normal,23.486114501953125,23.486114501953125
0.0,0.0376546724291984,232.42723083496094,0.057971080765128136,0.0,1062.0,normal,23.253153800964355,23.253153800964355
0.0,0.028725049050990492,235.48294067382812,0.05797107517719269,0.0,1063.0,normal,23.55693817138672,23.55693817138672
0.0,0.06512357667088509,232.69126892089844,0.05797108635306358,0.0,1064.0,normal,23.285051345825195,23.285051345825195
0.0,0.05079065542668104,276.5346984863281,0.05797107703983784,0.0,1065.0,normal,27.666528701782227,27.666528701782227
0.0,0.023927527479827404,228.71810913085938,0.05797107703983784,0.0,1066.0,normal,22.87949562072754,22.87949562072754
0.0,0.03640729674953036,235.14442443847656,0.05797108635306358,0.0,1067.0,normal,23.52462387084961,23.52462387084961
0.0,0.0371163347736001,231.81591796875,0.057971078902482986,0.0,1068.0,normal,23.191914558410645,23.191914558410645
0.0,0.021370414411649108,251.3200225830078,0.05797106958925724,0.0,1069.0,normal,25.13917636871338,25.13917636871338
0.0,0.017743968637660146,229.18226623535156,0.057971082627773285,0.0,1070.0,normal,22.924674034118652,22.924674034118652
0.0,0.02795230597257614,250.81687927246094,0.05797109007835388,0.0,1071.0,normal,25.09017848968506,25.09017848968506
0.0,0.005925322650000453,276.0841064453125,0.05797107517719269,0.0,1072.0,normal,27.61249542236328,27.61249542236328
0.0,0.02762838453054428,271.6266174316406,0.05797107517719269,0.0,1073.0,normal,27.17108726501465,27.17108726501465
0.0,0.03409454505890608,274.5642395019531,0.057971078902482986,0.0,1074.0,normal,27.466142654418945,27.466142654418945
0.0,0.024910037871450186,230.47850036621094,0.057971080765128136,0.0,1075.0,normal,23.055731773376465,23.055731773376465
0.0,0.028646334947552532,231.7578887939453,0.057971084490418434,0.0,1076.0,normal,23.18441677093506,23.18441677093506
0.0,0.03396838251501322,222.37191009521484,0.057971078902482986,0.0,1077.0,normal,22.246885299682617,22.246885299682617
0.0,0.02029141574166715,236.5997314453125,0.05797107517719269,0.0,1078.0,normal,23.666932106018066,23.666932106018066
0.0,0.01519649918191135,227.84548950195312,0.057971078902482986,0.0,1079.0,normal,22.790488243103027,22.790488243103027
0.0,0.022601261734962463,221.61731719970703,0.057971082627773285,0.0,1080.0,normal,22.169151306152344,22.169151306152344
0.0,0.011899566743522882,229.05268096923828,0.05797107703983784,0.0,1081.0,normal,22.910548210144043,22.910548210144043
0.0,0.00812912342371419,238.56027221679688,0.057971084490418434,0.0,1082.0,normal,23.86055278778076,23.86055278778076
0.0,0.0155629669316113,226.48308563232422,0.05797108635306358,0.0,1083.0,normal,22.65432071685791,22.65432071685791
0.0,0.009196006692945957,241.81698608398438,0.05797106772661209,0.0,1084.0,normal,24.186437606811523,24.186437606811523
0.0,0.010298617591615766,299.8750305175781,0.05797108635306358,0.0,1085.0,normal,29.99246120452881,29.99246120452881
0.0,0.02861630916595459,274.5206298828125,0.05797107703983784,0.0,1086.0,normal,27.46068572998047,27.46068572998047
0.0,0.028007802786305547,245.28970336914062,0.05797107145190239,0.0,1087.0,normal,24.53747034072876,24.53747034072876
0.0,0.021009583491832018,251.1100845336914,0.057971084490418434,0.0,1088.0,normal,25.118109703063965,25.118109703063965
0.0,0.04363232105970383,254.43952178955078,0.05797107331454754,0.0,1089.0,normal,25.455578804016113,25.455578804016113
0.0,0.04003244545310736,243.27635192871094,0.05797107145190239,0.0,1090.0,normal,24.338541507720947,24.338541507720947
0.0,0.019721290096640587,249.06392669677734,0.05797109007835388,0.0,1091.0,normal,24.913236618041992,24.913236618041992
0.0,0.052380855195224285,220.78348541259766,0.057971078902482986,0.0,1092.0,normal,22.091724395751953,22.091724395751953
0.0,0.050095001235604286,256.47935485839844,0.05797107517719269,0.0,1093.0,normal,25.66085433959961,25.66085433959961
0.0,0.023423450998961926,239.7356719970703,0.05797107703983784,0.0,1094.0,normal,23.98115110397339,23.98115110397339
0.0,0.03536269930191338,220.2525405883789,0.057971078902482986,0.0,1095.0,normal,22.035225868225098,22.035225868225098
0.0,0.03851259872317314,230.8973846435547,0.05797107331454754,0.0,1096.0,normal,23.100339889526367,23.100339889526367
0.0,0.017080101184546947,233.01771545410156,0.057971084490418434,0.0,1097.0,normal,23.30808734893799,23.30808734893799
0.0,0.023709158645942807,224.5550308227539,0.05797107703983784,0.0,1098.0,normal,22.463144302368164,22.463144302368164
0.0,0.02455501351505518,245.29542541503906,0.05797108821570873,0.0,1099.0,normal,24.537353515625,24.537353515625
0.0,0.01947664935141802,230.76139068603516,0.05797107145190239,0.0,1100.0,normal,23.08293342590332,23.08293342590332
0.0,0.012439950834959745,234.5452423095703,0.05797107517719269,0.0,1101.0,normal,23.459911346435547,23.459911346435547
0.0,0.01684960536658764,228.07898712158203,0.057971082627773285,0.0,1102.0,normal,22.814167022705078,22.814167022705078
0.0,0.02529308572411537,228.85045623779297,0.05797107517719269,0.0,1103.0,normal,22.89300298690796,22.89300298690796
0.0,0.015635530813597143,220.7787094116211,0.05797107145190239,0.0,1104.0,normal,22.08389711380005,22.08389711380005
0.0,0.011819686740636826,228.9722671508789,0.057971080765128136,0.0,1105.0,normal,22.902490615844727,22.902490615844727
0.0,0.027380158193409443,214.26472854614258,0.05797107517719269,0.0,1106.0,normal,21.434848308563232,21.434848308563232
0.0,0.019152976106852293,233.38128662109375,0.05797107145190239,0.0,1107.0,normal,23.34485912322998,23.34485912322998
0.0,0.010584091767668724,228.49907684326172,0.057971078902482986,0.0,1108.0,normal,22.854924201965332,22.854924201965332
0.0,0.024372868239879608,234.57103729248047,0.057971078902482986,0.0,1109.0,normal,23.46487808227539,23.46487808227539
0.0,0.019896896556019783,225.15078735351562,0.057971078902482986,0.0,1110.0,normal,22.521958351135254,22.521958351135254
0.0,0.008450537919998169,266.1044616699219,0.05797109194099903,0.0,1111.0,normal,26.61503505706787,26.61503505706787
0.0,0.03286747634410858,231.37940216064453,0.05797107517719269,0.0,1112.0,normal,23.14741325378418,23.14741325378418
0.0,0.02399884583428502,249.1092758178711,0.05797106772661209,0.0,1113.0,normal,24.918627738952637,24.918627738952637
0.0,0.012779227457940578,290.36319732666016,0.05797109380364418,0.0,1114.0,normal,29.041775703430176,29.041775703430176
0.0,0.05438054911792278,231.51175689697266,0.05797107517719269,0.0,1115.0,normal,23.164952278137207,23.164952278137207
0.0,0.06279844650998712,267.48526763916016,0.05797106772661209,0.0,1116.0,normal,26.763986587524414,26.763986587524414
0.0,0.036314720287919044,249.00111389160156,0.05797109194099903,0.0,1117.0,normal,24.910274505615234,24.910274505615234
0.0,0.07523733004927635,241.187744140625,0.05797107703983784,0.0,1118.0,normal,24.13672161102295,24.13672161102295
0.0,0.0784526914358139,264.1150588989258,0.05797106586396694,0.0,1119.0,normal,26.430095195770264,26.430095195770264
0.0,0.03232139442116022,240.20037841796875,0.057971084490418434,0.0,1120.0,normal,24.02940082550049,24.02940082550049
0.0,0.07741926982998848,237.8990478515625,0.057971082627773285,0.0,1121.0,normal,23.808287620544434,23.808287620544434
0.0,0.05550082214176655,329.2143859863281,0.057971060276031494,0.0,1122.0,normal,32.93543815612793,32.93543815612793
0.0,0.028284186497330666,200.96304321289062,0.05797107331454754,0.0,1123.0,normal,20.104860305786133,20.104860305786133
0.0,0.06749209947884083,304.1387176513672,0.05797108821570873,0.0,1124.0,normal,30.430270195007324,30.430270195007324
0.0,0.03901222161948681,238.93753814697266,0.05797106772661209,0.0,1125.0,normal,23.90445613861084,23.90445613861084
0.0,0.021800315706059337,229.48414611816406,0.05797106772661209,0.0,1126.0,normal,22.955673217773438,22.955673217773438
0.0,0.03177420794963837,239.39496612548828,0.057971082627773285,0.0,1127.0,normal,23.948750495910645,23.948750495910645
0.0,0.02232807409018278,226.20249938964844,0.05797106772661209,0.0,1128.0,normal,22.627614974975586,22.627614974975586
0.0,0.01460281852632761,245.1142578125,0.05797106586396694,0.0,1129.0,normal,24.517245769500732,24.517245769500732
0.0,0.007038549054414034,261.620849609375,0.05797108635306358,0.0,1130.0,normal,26.166391372680664,26.166391372680664
0.0,0.004312336124712601,270.21573638916016,0.05797107703983784,0.0,1131.0,normal,27.025336265563965,27.025336265563965
0.0,0.007340862444834784,242.973876953125,0.05797106586396694,0.0,1132.0,normal,24.30175495147705,24.30175495147705
0.0,0.0060813456075266,233.4975814819336,0.057971080765128136,0.0,1133.0,normal,23.35387420654297,23.35387420654297
0.0,0.010870356112718582,247.1879425048828,0.05797107331454754,0.0,1134.0,normal,24.723868370056152,24.723868370056152
0.0,0.010099950013682246,236.93103408813477,0.05797106772661209,0.0,1135.0,normal,23.698023796081543,23.698023796081543
0.0,0.00948820635676384,231.69554901123047,0.05797107703983784,0.0,1136.0,normal,23.174352645874023,23.174352645874023
0.0,0.007606981846038252,226.71607208251953,0.057971078902482986,0.0,1137.0,normal,22.67602825164795,22.67602825164795
0.0,0.013436028326395899,226.7664031982422,0.05797106772661209,0.0,1138.0,normal,22.682225704193115,22.682225704193115
0.0,0.004397187527501956,233.45166778564453,0.05797107145190239,0.0,1139.0,normal,23.34894561767578,23.34894561767578
0.0,0.00976162008009851,217.47693634033203,0.05797107331454754,0.0,1140.0,normal,21.75254535675049,21.75254535675049
0.0,0.007152425707317889,223.41387176513672,0.05797107517719269,0.0,1141.0,normal,22.34571647644043,22.34571647644043
0.0,0.004855130973737687,220.85350799560547,0.05797107517719269,0.0,1142.0,normal,22.089221000671387,22.089221000671387
0.0,0.006170531734824181,249.86105346679688,0.05797106586396694,0.0,1143.0,normal,24.990239143371582,24.990239143371582
0.0,0.014479188015684485,248.58566284179688,0.057971080765128136,0.0,1144.0,normal,24.86436176300049,24.86436176300049
0.0,0.014022178016602993,223.3755874633789,0.057971082627773285,0.0,1145.0,normal,22.343262672424316,22.343262672424316
0.0,0.0158458324149251,250.05630493164062,0.05797106586396694,0.0,1146.0,normal,25.011698722839355,25.011698722839355
0.0,0.028006840031594038,228.34868621826172,0.05797107145190239,0.0,1147.0,normal,22.843368530273438,22.843368530273438
0.0,0.027311966754496098,281.28875732421875,0.05797108635306358,0.0,1148.0,normal,28.13723611831665,28.13723611831665
0.0,0.021809843368828297,209.61924743652344,0.05797106958925724,0.0,1149.0,normal,20.969186305999756,20.969186305999756
0.0,0.03260619752109051,256.65396881103516,0.05797106772661209,0.0,1150.0,normal,25.67481756210327,25.67481756210327
0.0,0.028996442910283804,223.95663452148438,0.057971082627773285,0.0,1151.0,normal,22.404362678527832,22.404362678527832
0.0,0.019440354080870748,233.3051300048828,0.05797107703983784,0.0,1152.0,normal,23.337300300598145,23.337300300598145
0.0,0.012774004833772779,326.45326232910156,0.05797106772661209,0.0,1153.0,normal,32.650779724121094,32.650779724121094
0.0,0.009567317552864552,264.24595642089844,0.057971078902482986,0.0,1154.0,normal,26.42940902709961,26.42940902709961
0.0,0.015141059178858995,299.5697784423828,0.057971084490418434,0.0,1155.0,normal,29.962905883789062,29.962905883789062
0.0,0.01488903071731329,246.72393798828125,0.05797106772661209,0.0,1156.0,normal,24.67827033996582,24.67827033996582
0.0,0.02183109102770686,233.44036865234375,0.05797107145190239,0.0,1157.0,normal,23.351304054260254,23.351304054260254
0.0,0.04851817339658737,253.81260681152344,0.05797106958925724,0.0,1158.0,normal,25.393863677978516,25.393863677978516
0.0,0.04011497041210532,250.42162322998047,0.05797106958925724,0.0,1159.0,normal,25.053085327148438,25.053085327148438
0.0,0.022131280042231083,240.4888687133789,0.05797107145190239,0.0,1160.0,normal,24.056212425231934,24.056212425231934
0.0,0.026770740281790495,226.34575653076172,0.05797106772661209,0.0,1161.0,normal,22.64282989501953,22.64282989501953
0.0,0.028555117547512054,227.22386169433594,0.057971078902482986,0.0,1162.0,normal,22.730998039245605,22.730998039245605
0.0,0.031310913851484656,225.21680450439453,0.05797107331454754,0.0,1163.0,normal,22.530841827392578,22.530841827392578
0.0,0.018239995930343866,243.70061492919922,0.05797106958925724,0.0,1164.0,normal,24.376608848571777,24.376608848571777
0.0,0.03235896211117506,251.11524963378906,0.057971082627773285,0.0,1165.0,normal,25.120896339416504,25.120896339416504
0.0,0.056755585595965385,250.87319946289062,0.05797107517719269,0.0,1166.0,normal,25.10157012939453,25.10157012939453
0.0,0.052535299328155816,250.80557250976562,0.05797106400132179,0.0,1167.0,normal,25.093963623046875,25.093963623046875
0.0,0.03869816567748785,249.38243103027344,0.057971084490418434,0.0,1168.0,normal,24.948881149291992,24.948881149291992
0.0,0.07260557264089584,238.8238754272461,0.05797107703983784,0.0,1169.0,normal,23.899807929992676,23.899807929992676
0.0,0.07706974633038044,249.7790069580078,0.05797106586396694,0.0,1170.0,normal,24.996213912963867,24.996213912963867
0.0,0.04600631259381771,221.17037200927734,0.05797106958925724,0.0,1171.0,normal,22.129137992858887,22.129137992858887
0.0,0.045864248648285866,242.9869842529297,0.05797106772661209,0.0,1172.0,normal,24.310770988464355,24.310770988464355
0.0,0.06920020096004009,221.00779724121094,0.05797107145190239,0.0,1173.0,normal,22.11751937866211,22.11751937866211
0.0,0.04658384993672371,224.97193145751953,0.057971078902482986,0.0,1174.0,normal,22.50940990447998,22.50940990447998
0.0,0.01970067899674177,232.22080993652344,0.05797107145190239,0.0,1175.0,normal,23.228920936584473,23.228920936584473
0.0,0.05381551571190357,248.40890502929688,0.05797107517719269,0.0,1176.0,normal,24.85455322265625,24.85455322265625
0.0,0.07807569578289986,225.3675537109375,0.05797107517719269,0.0,1177.0,normal,22.555269241333008,22.555269241333008
0.0,0.0591059816069901,222.9459686279297,0.05797106772661209,0.0,1178.0,normal,22.309317111968994,22.309317111968994
0.0,0.039636409375816584,215.16286087036133,0.05797107517719269,0.0,1179.0,normal,21.52711248397827,21.52711248397827
0.0,0.06711170263588428,231.83954620361328,0.05797107703983784,0.0,1180.0,normal,23.200276374816895,23.200276374816895
0.0,0.03887574188411236,273.6827087402344,0.05797106772661209,0.0,1181.0,normal,27.378945350646973,27.378945350646973
0.0,0.02418349590152502,219.3361358642578,0.05797107145190239,0.0,1182.0,normal,21.941349506378174,21.941349506378174
0.0,0.027825467754155397,250.33547973632812,0.057971080765128136,0.0,1183.0,normal,25.04201316833496,25.04201316833496
0.0,0.013402865268290043,237.93960571289062,0.05797106400132179,0.0,1184.0,normal,23.799540519714355,23.799540519714355
0.0,0.009732165257446468,221.5420150756836,0.05797106400132179,0.0,1185.0,normal,22.15904712677002,22.15904712677002
0.0,0.008439809083938599,262.1058120727539,0.05797108821570873,0.0,1186.0,normal,26.215168952941895,26.215168952941895
0.0,0.004006633796961978,236.05796813964844,0.05797106772661209,0.0,1187.0,normal,23.609498023986816,23.609498023986816
0.0,0.008431461406871676,242.3491439819336,0.05797106586396694,0.0,1188.0,normal,24.239500045776367,24.239500045776367
0.0,0.005736635182984173,292.53426361083984,0.057971078902482986,0.0,1189.0,normal,29.257473945617676,29.257473945617676
0.0,0.01954783545807004,294.3728942871094,0.05797106400132179,0.0,1190.0,normal,29.444098472595215,29.444098472595215
0.0,0.040827255230396986,237.0479965209961,0.05797106400132179,0.0,1191.0,normal,23.71586513519287,23.71586513519287
0.0,0.012628684053197503,337.43186950683594,0.05797108821570873,0.0,1192.0,normal,33.74861240386963,33.74861240386963
0.0,0.05442361393943429,283.0802001953125,0.05797106586396694,0.0,1193.0,normal,28.321803092956543,28.321803092956543
0.0,0.07384200021624565,274.63736724853516,0.05797106400132179,0.0,1194.0,normal,27.481406211853027,27.481406211853027
0.0,0.02680006087757647,313.0525207519531,0.05797109566628933,0.0,1195.0,normal,31.31351089477539,31.31351089477539
0.0,0.055755484383553267,218.74530029296875,0.057971078902482986,0.0,1196.0,normal,21.88858127593994,21.88858127593994
0.0,0.08057912811636925,303.2267608642578,0.057971056550741196,0.0,1197.0,normal,30.341691970825195,30.341691970825195
0.0,0.034217017237097025,243.2925262451172,0.057971082627773285,0.0,1198.0,normal,24.3389949798584,24.3389949798584
0.0,0.04112645098939538,242.59524536132812,0.057971080765128136,0.0,1199.0,normal,24.270649909973145,24.270649909973145
0.0,0.0454444270581007,275.6605224609375,0.057971060276031494,0.0,1200.0,normal,27.57804012298584,27.57804012298584
0.0,0.0198086597956717,228.6801528930664,0.05797106958925724,0.0,1201.0,normal,22.874876022338867,22.874876022338867
0.0,0.015770404948852956,261.7469940185547,0.057971080765128136,0.0,1202.0,normal,26.180753707885742,26.180753707885742
0.0,0.011470964411273599,237.8533935546875,0.05797106586396694,0.0,1203.0,normal,23.7905330657959,23.7905330657959
0.0,0.005379339912906289,268.3431701660156,0.05797107145190239,0.0,1204.0,normal,26.83829402923584,26.83829402923584
0.0,0.010307904332876205,225.36849212646484,0.05797107703983784,0.0,1205.0,normal,22.541810035705566,22.541810035705566
0.0,0.004446790553629398,247.76123809814453,0.057971060276031494,0.0,1206.0,normal,24.7799129486084,24.7799129486084
0.0,0.011316829652059823,233.67855072021484,0.05797107145190239,0.0,1207.0,normal,23.373016834259033,23.373016834259033
0.0,0.016378101892769337,242.7009506225586,0.057971078902482986,0.0,1208.0,normal,24.276270866394043,24.276270866394043
0.0,0.016348454635590315,219.56893157958984,0.05797106772661209,0.0,1209.0,normal,21.963062286376953,21.963062286376953
0.0,0.01251071214210242,217.58128356933594,0.05797107145190239,0.0,1210.0,normal,21.763530731201172,21.763530731201172
0.0,0.018622087314724922,229.9136505126953,0.05797107331454754,0.0,1211.0,normal,22.997989177703857,22.997989177703857
0.0,0.016749735455960035,220.73668670654297,0.05797107145190239,0.0,1212.0,normal,22.079916954040527,22.079916954040527
0.0,0.016941849142313004,251.3985595703125,0.05797106772661209,0.0,1213.0,normal,25.146143913269043,25.146143913269043
0.0,0.00950814038515091,218.20884704589844,0.05797107331454754,0.0,1214.0,normal,21.82568645477295,21.82568645477295
0.0,0.010455347495735623,237.8891143798828,0.057971082627773285,0.0,1215.0,normal,23.79390239715576,23.79390239715576
0.0,0.014054738450795412,236.37423706054688,0.05797106400132179,0.0,1216.0,normal,23.643134117126465,23.643134117126465
0.0,0.017985625192523003,219.97461700439453,0.05797106772661209,0.0,1217.0,normal,22.003958702087402,22.003958702087402
0.0,0.013211959972977638,238.24595642089844,0.057971078902482986,0.0,1218.0,normal,23.830138206481934,23.830138206481934
0.0,0.01747048896504566,211.56591033935547,0.05797107145190239,0.0,1219.0,normal,21.16298484802246,21.16298484802246
0.0,0.016828749794512987,277.72377014160156,0.057971060276031494,0.0,1220.0,normal,27.77864170074463,27.77864170074463
0.0,0.005072890315204859,268.68418884277344,0.05797107145190239,0.0,1221.0,normal,26.872333526611328,26.872333526611328
0.0,0.018937198910862207,232.0215072631836,0.057971078902482986,0.0,1222.0,normal,23.20883846282959,23.20883846282959
0.0,0.02763647906249389,263.67151641845703,0.057971056550741196,0.0,1223.0,normal,26.375577449798584,26.375577449798584
0.0,0.009676420595496893,241.24571990966797,0.05797106400132179,0.0,1224.0,normal,24.129406929016113,24.129406929016113
0.0,0.028930628672242165,260.6382598876953,0.05797107703983784,0.0,1225.0,normal,26.072511672973633,26.072511672973633
0.0,0.027398448437452316,224.70465850830078,0.05797107517719269,0.0,1226.0,normal,22.478845596313477,22.478845596313477
0.0,0.011247371439822018,213.84185791015625,0.05797107145190239,0.0,1227.0,normal,21.389334678649902,21.389334678649902
0.0,0.014812516688834876,245.28785705566406,0.05797106586396694,0.0,1228.0,normal,24.534647941589355,24.534647941589355
0.0,0.012871914310380816,232.3590545654297,0.05797106958925724,0.0,1229.0,normal,23.241378784179688,23.241378784179688
0.0,0.0067435079254209995,226.66483306884766,0.057971080765128136,0.0,1230.0,normal,22.67073154449463,22.67073154449463
0.0,0.006326402770355344,219.8210678100586,0.057971078902482986,0.0,1231.0,normal,21.986271858215332,21.986271858215332
0.0,0.004835339786950499,233.11996459960938,0.05797106400132179,0.0,1232.0,normal,23.315863609313965,23.315863609313965
0.0,0.003997841908130795,271.19053649902344,0.057971084490418434,0.0,1233.0,normal,27.122753143310547,27.122753143310547
0.0,0.012246377998962998,238.1978759765625,0.05797107145190239,0.0,1234.0,normal,23.8251371383667,23.8251371383667
0.0,0.019486898672766984,236.4679946899414,0.05797106400132179,0.0,1235.0,normal,23.653596878051758,23.653596878051758
0.0,0.019572409335523844,246.92202758789062,0.05797107331454754,0.0,1236.0,normal,24.69901752471924,24.69901752471924
0.0,0.012010385282337666,224.6881866455078,0.05797107145190239,0.0,1237.0,normal,22.47412109375,22.47412109375
0.0,0.015795609913766384,228.61096954345703,0.05797106958925724,0.0,1238.0,normal,22.86715602874756,22.86715602874756
0.0,0.014111609198153019,225.46217346191406,0.05797107145190239,0.0,1239.0,normal,22.551939964294434,22.551939964294434
0.0,0.005348607548512518,232.0500717163086,0.05797106772661209,0.0,1240.0,normal,23.20897626876831,23.20897626876831
0.0,0.012560170609503984,222.29763793945312,0.05797106958925724,0.0,1241.0,normal,22.235175132751465,22.235175132751465
0.0,0.014881551265716553,223.46340942382812,0.05797107517719269,0.0,1242.0,normal,22.352216720581055,22.352216720581055
0.0,0.007850570837035775,225.18164825439453,0.05797106400132179,0.0,1243.0,normal,22.52263355255127,22.52263355255127
0.0,0.009873634669929743,221.1890869140625,0.05797106958925724,0.0,1244.0,normal,22.123783111572266,22.123783111572266
0.0,0.015613329596817493,227.9547576904297,0.05797107517719269,0.0,1245.0,normal,22.801498413085938,22.801498413085938
0.0,0.010603365895804018,242.41481018066406,0.05797107145190239,0.0,1246.0,normal,24.24650001525879,24.24650001525879
0.0,0.006266734097152948,218.00769805908203,0.05797106772661209,0.0,1247.0,normal,21.804922103881836,21.804922103881836
0.0,0.008943189401179552,219.85552215576172,0.057971078902482986,0.0,1248.0,normal,21.99023962020874,21.99023962020874
0.0,0.005720593879232183,252.8703155517578,0.05797106213867664,0.0,1249.0,normal,25.291074752807617,25.291074752807617
0.0,0.0062186733121052384,218.59962463378906,0.05797107145190239,0.0,1250.0,normal,21.86410617828369,21.86410617828369
0.0,0.010324177797883749,237.86373901367188,0.05797107517719269,0.0,1251.0,normal,23.791337966918945,23.791337966918945
0.0,0.012581168208271265,216.1668930053711,0.05797106400132179,0.0,1252.0,normal,21.62210464477539,21.62210464477539
0.0,0.008083548484137282,230.52312469482422,0.05797106400132179,0.0,1253.0,normal,23.056828498840332,23.056828498840332
0.0,0.012531968299299479,221.1899185180664,0.05797107517719269,0.0,1254.0,normal,22.12439727783203,22.12439727783203
0.0,0.01656759373145178,224.2558135986328,0.05797107331454754,0.0,1255.0,normal,22.43179416656494,22.43179416656494
0.0,0.00728764443192631,225.18150329589844,0.05797106586396694,0.0,1256.0,normal,22.522507667541504,22.522507667541504
0.0,0.00970074930228293,212.31214141845703,0.05797106772661209,0.0,1257.0,normal,21.236052989959717,21.236052989959717
0.0,0.0071069481782615185,228.9798583984375,0.05797107517719269,0.0,1258.0,normal,22.902305603027344,22.902305603027344
0.0,0.009259785758331418,215.61019897460938,0.05797106586396694,0.0,1259.0,normal,21.565771102905273,21.565771102905273
0.0,0.008343129302375019,220.335205078125,0.05797106958925724,0.0,1260.0,normal,22.038087844848633,22.038087844848633
0.0,0.005439497399493121,217.8264617919922,0.05797107145190239,0.0,1261.0,normal,21.786633491516113,21.786633491516113
0.0,0.00617100449744612,216.7986068725586,0.05797106772661209,0.0,1262.0,normal,21.68399429321289,21.68399429321289
0.0,0.008312233025208116,239.090087890625,0.05797106213867664,0.0,1263.0,normal,23.91357135772705,23.91357135772705
0.0,0.0042283658985979855,224.25177001953125,0.05797107517719269,0.0,1264.0,normal,22.428922653198242,22.428922653198242
0.0,0.009441805072128773,230.06920623779297,0.05797107145190239,0.0,1265.0,normal,23.01170825958252,23.01170825958252
0.0,0.00966712087392807,225.3833770751953,0.05797106400132179,0.0,1266.0,normal,22.543170928955078,22.543170928955078
0.0,0.007401700131595135,247.9817352294922,0.05797107517719269,0.0,1267.0,normal,24.8025541305542,24.8025541305542
0.0,0.013736945576965809,225.33789825439453,0.05797106400132179,0.0,1268.0,normal,22.539437294006348,22.539437294006348
0.0,0.019416955299675465,236.8451385498047,0.05797106586396694,0.0,1269.0,normal,23.691296577453613,23.691296577453613
0.0,0.02920914930291474,231.3458251953125,0.05797107517719269,0.0,1270.0,normal,23.14332389831543,23.14332389831543
0.0,0.01419054763391614,212.4705581665039,0.05797106400132179,0.0,1271.0,normal,21.252793312072754,21.252793312072754
0.0,0.015709885861724615,244.8940887451172,0.05797106772661209,0.0,1272.0,normal,24.495450973510742,24.495450973510742
0.0,0.012849671766161919,226.5831069946289,0.05797107517719269,0.0,1273.0,normal,22.663780212402344,22.663780212402344
0.0,0.004671607748605311,222.807861328125,0.05797107145190239,0.0,1274.0,normal,22.284619331359863,22.284619331359863
0.0,0.0040544245566707104,228.85574340820312,0.05797106586396694,0.0,1275.0,normal,22.88928508758545,22.88928508758545
0.0,0.004494363602134399,212.2935028076172,0.05797107517719269,0.0,1276.0,normal,21.233149528503418,21.233149528503418
0.0,0.006735878065228462,223.41542053222656,0.05797107145190239,0.0,1277.0,normal,22.34578800201416,22.34578800201416
0.0,0.005810185801237822,245.35782623291016,0.05797107145190239,0.0,1278.0,normal,24.539843559265137,24.539843559265137
0.0,0.0044159358367323875,214.743408203125,0.05797106400132179,0.0,1279.0,normal,21.478123664855957,21.478123664855957
0.0,0.006428062915802002,233.30628967285156,0.05797106400132179,0.0,1280.0,normal,23.334814071655273,23.334814071655273
0.0,0.013422909658402205,262.11901092529297,0.057971078902482986,0.0,1281.0,normal,26.217485427856445,26.217485427856445
0.0,0.022748803719878197,218.52371215820312,0.05797106958925724,0.0,1282.0,normal,21.85982036590576,21.85982036590576
0.0,0.02907960512675345,246.59117126464844,0.057971060276031494,0.0,1283.0,normal,24.667832374572754,24.667832374572754
0.0,0.017554759979248047,236.5000762939453,0.05797107703983784,0.0,1284.0,normal,23.65641736984253,23.65641736984253
0.0,0.03946481365710497,217.33560180664062,0.05797106958925724,0.0,1285.0,normal,21.74435329437256,21.74435329437256
0.0,0.05555751919746399,227.0706558227539,0.05797106586396694,0.0,1286.0,normal,22.721076011657715,22.721076011657715
0.0,0.031199839431792498,216.74173736572266,0.05797107145190239,0.0,1287.0,normal,21.68331289291382,21.68331289291382
0.0,0.022571435663849115,261.0237045288086,0.057971060276031494,0.0,1288.0,normal,26.109785079956055,26.109785079956055
0.0,0.053547242656350136,213.4492645263672,0.05797106586396694,0.0,1289.0,normal,21.358535289764404,21.358535289764404
0.0,0.05492197163403034,256.8479232788086,0.05797107517719269,0.0,1290.0,normal,25.698676109313965,25.698676109313965
0.0,0.032411336433142424,225.5551986694336,0.05797106400132179,0.0,1291.0,normal,22.564902305603027,22.564902305603027
0.0,0.023919910425320268,254.19713973999023,0.057971056550741196,0.0,1292.0,normal,25.427395343780518,25.427395343780518
0.0,0.02117515541613102,301.3607406616211,0.057971080765128136,0.0,1293.0,normal,30.143208503723145,30.143208503723145
0.0,0.004482196236494929,243.55683135986328,0.05797107145190239,0.0,1294.0,normal,24.359479904174805,24.359479904174805
0.0,0.010718331672251225,268.3641128540039,0.057971058413386345,0.0,1295.0,normal,26.841455459594727,26.841455459594727
0.0,0.009299009339883924,248.84201049804688,0.05797107331454754,0.0,1296.0,normal,24.88896083831787,24.88896083831787
0.0,0.009623062680475414,222.2798080444336,0.05797106772661209,0.0,1297.0,normal,22.232805252075195,22.232805252075195
0.0,0.014919642824679613,247.26463317871094,0.057971058413386345,0.0,1298.0,normal,24.732346534729004,24.732346534729004
0.0,0.009266710374504328,251.6107940673828,0.05797107703983784,0.0,1299.0,normal,25.165833473205566,25.165833473205566
0.0,0.01463315961882472,236.65055084228516,0.05797106772661209,0.0,1300.0,normal,23.670880794525146,23.670880794525146
0.0,0.020225188694894314,264.2522964477539,0.057971056550741196,0.0,1301.0,normal,26.432174682617188,26.432174682617188
0.0,0.014271942898631096,242.03163146972656,0.05797107145190239,0.0,1302.0,normal,24.208916187286377,24.208916187286377
0.0,0.015572522534057498,254.05654907226562,0.05797107331454754,0.0,1303.0,normal,25.41166877746582,25.41166877746582
0.0,0.01720593823119998,240.48543548583984,0.057971056550741196,0.0,1304.0,normal,24.054884910583496,24.054884910583496
0.0,0.010939084691926837,216.9398651123047,0.05797107331454754,0.0,1305.0,normal,21.699073791503906,21.699073791503906
0.0,0.007937482150737196,226.22438049316406,0.05797107517719269,0.0,1306.0,normal,22.626925468444824,22.626925468444824
0.0,0.009832412004470825,279.768310546875,0.057971056550741196,0.0,1307.0,normal,27.981698036193848,27.981698036193848
0.0,0.004987642867490649,253.28097534179688,0.05797107145190239,0.0,1308.0,normal,25.331995010375977,25.331995010375977
0.0,0.0176492091268301,258.16815185546875,0.05797107331454754,0.0,1309.0,normal,25.823243618011475,25.823243618011475
0.0,0.014479228761047125,243.2198257446289,0.057971060276031494,0.0,1310.0,normal,24.327777862548828,24.327777862548828
0.0,0.01790079940110445,231.42633819580078,0.05797107517719269,0.0,1311.0,normal,23.149112701416016,23.149112701416016
0.0,0.02848972100764513,225.17061614990234,0.05797107145190239,0.0,1312.0,normal,22.52565860748291,22.52565860748291
0.0,0.03168623335659504,233.47161865234375,0.057971060276031494,0.0,1313.0,normal,23.356398582458496,23.356398582458496
0.0,0.026119929738342762,213.26568603515625,0.05797106586396694,0.0,1314.0,normal,21.334691047668457,21.334691047668457
0.0,0.012176035903394222,222.4014434814453,0.05797107331454754,0.0,1315.0,normal,22.245479583740234,22.245479583740234
0.0,0.013860275503247976,234.8489990234375,0.05797106400132179,0.0,1316.0,normal,23.490571975708008,23.490571975708008
0.0,0.006703190389089286,310.51991271972656,0.05797107703983784,0.0,1317.0,normal,31.056230545043945,31.056230545043945
0.0,0.010120692662894726,275.20760345458984,0.05797106586396694,0.0,1318.0,normal,27.525684356689453,27.525684356689453
0.0,0.011536180507391691,258.77259063720703,0.05797106958925724,0.0,1319.0,normal,25.882466316223145,25.882466316223145
0.0,0.015842224471271038,231.83526611328125,0.05797107145190239,0.0,1320.0,normal,23.189595222473145,23.189595222473145
0.0,0.016172632575035095,217.20197296142578,0.05797106213867664,0.0,1321.0,normal,21.72633171081543,21.72633171081543
0.0,0.021092020790092647,216.3749771118164,0.057971060276031494,0.0,1322.0,normal,21.644614219665527,21.644614219665527
0.0,0.012795237824320793,211.77310943603516,0.05797106772661209,0.0,1323.0,normal,21.18276882171631,21.18276882171631
0.0,0.005777844227850437,214.78255462646484,0.05797106772661209,0.0,1324.0,normal,21.48231029510498,21.48231029510498
0.0,0.0038969298475421965,231.71580505371094,0.057971058413386345,0.0,1325.0,normal,23.175259590148926,23.175259590148926
0.0,0.006211543339304626,233.05171966552734,0.05797106772661209,0.0,1326.0,normal,23.309313774108887,23.309313774108887
0.0,0.005947554687736556,218.89679718017578,0.05797107145190239,0.0,1327.0,normal,21.893768310546875,21.893768310546875
0.0,0.015152676496654749,247.24281311035156,0.05797106213867664,0.0,1328.0,normal,24.730212211608887,24.730212211608887
0.0,0.005872971843928099,229.31961822509766,0.05797106400132179,0.0,1329.0,normal,22.936036109924316,22.936036109924316
0.0,0.010361569933593273,243.8373794555664,0.05797106400132179,0.0,1330.0,normal,24.38870859146118,24.38870859146118
0.0,0.012849289691075683,217.38088989257812,0.05797106213867664,0.0,1331.0,normal,21.743558883666992,21.743558883666992
0.0,0.009733408689498901,256.1511535644531,0.05797107517719269,0.0,1332.0,normal,25.619961738586426,25.619961738586426
0.0,0.014115926343947649,205.0640106201172,0.057971058413386345,0.0,1333.0,normal,20.512124061584473,20.512124061584473
0.0,0.015611487440764904,240.4811248779297,0.057971060276031494,0.0,1334.0,normal,24.054134368896484,24.054134368896484
0.0,0.012104636989533901,224.58059692382812,0.05797106772661209,0.0,1335.0,normal,22.463379859924316,22.463379859924316
0.0,0.005004760809242725,229.6902313232422,0.05797107145190239,0.0,1336.0,normal,22.972923278808594,22.972923278808594
0.0,0.007056324975565076,270.2498321533203,0.057971056550741196,0.0,1337.0,normal,27.029293537139893,27.029293537139893
0.0,0.005019837408326566,271.13452911376953,0.057971080765128136,0.0,1338.0,normal,27.117356300354004,27.117356300354004
0.0,0.010959852952510118,309.1658172607422,0.05797106213867664,0.0,1339.0,normal,30.92167377471924,30.92167377471924
0.0,0.011549734976142645,243.30757904052734,0.05797106586396694,0.0,1340.0,normal,24.335968017578125,24.335968017578125
0.0,0.015706677921116352,246.1140899658203,0.05797107145190239,0.0,1341.0,normal,24.61744976043701,24.61744976043701
0.0,0.018155260710045695,265.09749603271484,0.057971056550741196,0.0,1342.0,normal,26.51628017425537,26.51628017425537
0.0,0.03562071267515421,212.65494537353516,0.057971060276031494,0.0,1343.0,normal,21.27551794052124,21.27551794052124
0.0,0.03499295609071851,253.85833740234375,0.05797107703983784,0.0,1344.0,normal,25.395731925964355,25.395731925964355
0.0,0.02137631271034479,204.98839569091797,0.05797106213867664,0.0,1345.0,normal,20.506014823913574,20.506014823913574
0.0,0.02009816566715017,234.12328338623047,0.057971056550741196,0.0,1346.0,normal,23.4192476272583,23.4192476272583
0.0,0.017397823743522167,213.64869689941406,0.05797106772661209,0.0,1347.0,normal,21.371249198913574,21.371249198913574
0.0,0.010740082478150725,223.45545959472656,0.05797106400132179,0.0,1348.0,normal,22.35059356689453,22.35059356689453
0.0,0.007916540605947375,218.24384307861328,0.057971060276031494,0.0,1349.0,normal,21.828866958618164,21.828866958618164
0.0,0.00801802528440021,231.48479461669922,0.05797107331454754,0.0,1350.0,normal,23.152982711791992,23.152982711791992
0.0,0.005179915635380894,211.61968231201172,0.05797106400132179,0.0,1351.0,normal,21.16590404510498,21.16590404510498
0.0,0.009211447555571795,224.57635498046875,0.057971058413386345,0.0,1352.0,normal,22.462377548217773,22.462377548217773
0.0,0.009544789791107178,217.60577392578125,0.05797106772661209,0.0,1353.0,normal,21.765384674072266,21.765384674072266
0.0,0.012466304004192352,216.2117919921875,0.05797106772661209,0.0,1354.0,normal,21.626571655273438,21.626571655273438
0.0,0.007047292310744524,218.06661224365234,0.057971060276031494,0.0,1355.0,normal,21.810970306396484,21.810970306396484
0.0,0.004778274102136493,212.3365020751953,0.05797106213867664,0.0,1356.0,normal,21.237504959106445,21.237504959106445
0.0,0.011531264521181583,230.2484359741211,0.05797106400132179,0.0,1357.0,normal,23.030049324035645,23.030049324035645
0.0,0.014195282012224197,245.17800903320312,0.05797106958925724,0.0,1358.0,normal,24.523539543151855,24.523539543151855
0.0,0.017143616219982505,214.22210693359375,0.05797106213867664,0.0,1359.0,normal,21.428539276123047,21.428539276123047
0.0,0.019675161689519882,220.90007781982422,0.057971060276031494,0.0,1360.0,normal,22.09684181213379,22.09684181213379
0.0,0.01988551951944828,214.2770004272461,0.05797106772661209,0.0,1361.0,normal,21.43457794189453,21.43457794189453
0.0,0.011863213847391307,227.31011962890625,0.057971060276031494,0.0,1362.0,normal,22.736283779144287,22.736283779144287
0.0,0.02604620298370719,209.38043975830078,0.05797106400132179,0.0,1363.0,normal,20.946152687072754,20.946152687072754
0.0,0.014462501276284456,260.20301818847656,0.05797106772661209,0.0,1364.0,normal,26.02609348297119,26.02609348297119
0.0,0.007010531815467402,267.75242614746094,0.057971060276031494,0.0,1365.0,normal,26.779545783996582,26.779545783996582
0.0,0.024162855930626392,225.41509246826172,0.05797105096280575,0.0,1366.0,normal,22.549241542816162,22.549241542816162
0.0,0.019463396165519953,294.01438903808594,0.057971078902482986,0.0,1367.0,normal,29.408230781555176,29.408230781555176
0.0,0.011641264776699245,242.76258087158203,0.05797106213867664,0.0,1368.0,normal,24.281485557556152,24.281485557556152
0.0,0.03327659144997597,255.1605987548828,0.057971054688096046,0.0,1369.0,normal,25.525614738464355,25.525614738464355
0.0,0.04314467962831259,251.88490295410156,0.05797107331454754,0.0,1370.0,normal,25.200018882751465,25.200018882751465
0.0,0.016502244397997856,231.1930389404297,0.05797106400132179,0.0,1371.0,normal,23.125503540039062,23.125503540039062
0.0,0.01610269781667739,236.75604248046875,0.057971056550741196,0.0,1372.0,normal,23.681724548339844,23.681724548339844
0.0,0.024092230014503002,218.56278228759766,0.05797106400132179,0.0,1373.0,normal,21.86399555206299,21.86399555206299
0.0,0.026284001767635345,213.3190460205078,0.05797106400132179,0.0,1374.0,normal,21.34006118774414,21.34006118774414
0.0,0.02098300715442747,231.50432586669922,0.05797106213867664,0.0,1375.0,normal,23.1575288772583,23.1575288772583
0.0,0.01568134594708681,214.86612701416016,0.05797106772661209,0.0,1376.0,normal,21.49264907836914,21.49264907836914
0.0,0.016553572844713926,228.3163604736328,0.05797106213867664,0.0,1377.0,normal,22.83784580230713,22.83784580230713
0.0,0.013779415749013424,209.0169448852539,0.05797106772661209,0.0,1378.0,normal,20.9073486328125,20.9073486328125
0.0,0.010297257103957236,213.1311492919922,0.05797106958925724,0.0,1379.0,normal,21.318073272705078,21.318073272705078
0.0,0.009348721476271749,209.78816986083984,0.05797106213867664,0.0,1380.0,normal,20.983586311340332,20.983586311340332
0.0,0.008715542731806636,214.4203643798828,0.05797106772661209,0.0,1381.0,normal,21.44667911529541,21.44667911529541
0.0,0.011794925201684237,211.97999572753906,0.05797106400132179,0.0,1382.0,normal,21.20325756072998,21.20325756072998
0.0,0.015167159086558968,211.28794860839844,0.05797106586396694,0.0,1383.0,normal,21.134727478027344,21.134727478027344
0.0,0.010402450803667307,212.10289764404297,0.05797106772661209,0.0,1384.0,normal,21.215270042419434,21.215270042419434
0.0,0.00912897300440818,207.54485321044922,0.05797106400132179,0.0,1385.0,normal,20.75921058654785,20.75921058654785
0.0,0.013080009259283543,206.91134643554688,0.057971060276031494,0.0,1386.0,normal,20.696649074554443,20.696649074554443
0.0,0.017060103826224804,223.60450744628906,0.05797106586396694,0.0,1387.0,normal,22.366762161254883,22.366762161254883
0.0,0.009115946013480425,218.3201904296875,0.05797106213867664,0.0,1388.0,normal,21.836742401123047,21.836742401123047
0.0,0.006672819145023823,220.1953582763672,0.05797106400132179,0.0,1389.0,normal,22.023770332336426,22.023770332336426
0.0,0.008140045334585011,220.3652114868164,0.05797106586396694,0.0,1390.0,normal,22.0410475730896,22.0410475730896
0.0,0.013924625352956355,217.70832443237305,0.05797106400132179,0.0,1391.0,normal,21.776516437530518,21.776516437530518
0.0,0.008191546890884638,214.53780364990234,0.05797106586396694,0.0,1392.0,normal,21.45831871032715,21.45831871032715
0.0,0.006000715773552656,207.4791717529297,0.05797106586396694,0.0,1393.0,normal,20.752017974853516,20.752017974853516
0.0,0.009732200764119625,300.64453887939453,0.05797106213867664,0.0,1394.0,normal,30.06929874420166,30.06929874420166
0.0,0.006828095647506416,234.56180572509766,0.05797107145190239,0.0,1395.0,normal,23.460445404052734,23.460445404052734
0.0,0.01547494437545538,232.38237762451172,0.05797107145190239,0.0,1396.0,normal,23.244232177734375,23.244232177734375
0.0,0.02084279991686344,286.7973175048828,0.05797105096280575,0.0,1397.0,normal,28.686800003051758,28.686800003051758
0.0,0.02137510641478002,224.9186019897461,0.05797106772661209,0.0,1398.0,normal,22.49903392791748,22.49903392791748
0.0,0.033029443584382534,251.22339630126953,0.05797107145190239,0.0,1399.0,normal,25.13184642791748,25.13184642791748
0.0,0.02826282288879156,258.29286193847656,0.0579710528254509,0.0,1400.0,normal,25.837838172912598,25.837838172912598
0.0,0.016298619331791997,199.18606567382812,0.05797106400132179,0.0,1401.0,normal,19.92476463317871,19.92476463317871
0.0,0.015754307649331167,246.38484954833984,0.05797106586396694,0.0,1402.0,normal,24.64453411102295,24.64453411102295
0.0,0.019742179196327925,210.03070068359375,0.057971056550741196,0.0,1403.0,normal,21.00991725921631,21.00991725921631
0.0,0.01243774313479662,213.80685424804688,0.05797106400132179,0.0,1404.0,normal,21.386073112487793,21.386073112487793
0.0,0.01134777007973753,214.75894165039062,0.05797106586396694,0.0,1405.0,normal,21.481063842773438,21.481063842773438
0.0,0.011723088100552559,226.4022216796875,0.057971056550741196,0.0,1406.0,normal,22.645466804504395,22.645466804504395
0.0,0.017108540050685406,239.79953002929688,0.05797106400132179,0.0,1407.0,normal,23.986273765563965,23.986273765563965
0.0,0.015481316484510899,202.3821563720703,0.05797106400132179,0.0,1408.0,normal,20.244211673736572,20.244211673736572
0.0,0.02256643120199442,220.1200942993164,0.057971058413386345,0.0,1409.0,normal,22.01942253112793,22.01942253112793
0.0,0.010628560092300177,204.00470733642578,0.05797106400132179,0.0,1410.0,normal,20.405495643615723,20.405495643615723
0.0,0.01501393411308527,209.80753326416016,0.05797106586396694,0.0,1411.0,normal,20.986656188964844,20.986656188964844
0.0,0.007871664827689528,207.7704315185547,0.057971060276031494,0.0,1412.0,normal,20.781517028808594,20.781517028808594
0.0,0.0050871880375780165,213.2787322998047,0.057971058413386345,0.0,1413.0,normal,21.33178997039795,21.33178997039795
0.0,0.003974535939050838,211.63263702392578,0.05797106586396694,0.0,1414.0,normal,21.16695785522461,21.16695785522461
0.0,0.005073448410257697,219.77615356445312,0.05797106213867664,0.0,1415.0,normal,21.981529235839844,21.981529235839844
0.0,0.004294486599974334,219.16740036010742,0.05797106213867664,0.0,1416.0,normal,21.92049741744995,21.92049741744995
0.0,0.004982901213224977,225.80953979492188,0.05797106586396694,0.0,1417.0,normal,22.584850311279297,22.584850311279297
0.0,0.0071878168964758515,204.33760833740234,0.05797106213867664,0.0,1418.0,normal,20.438097953796387,20.438097953796387
0.0,0.017785850912332535,225.7078094482422,0.0579710528254509,0.0,1419.0,normal,22.577238082885742,22.577238082885742
0.0,0.014112732140347362,205.59940719604492,0.05797106586396694,0.0,1420.0,normal,20.565661907196045,20.565661907196045
0.0,0.017658211290836334,206.90292358398438,0.05797106400132179,0.0,1421.0,normal,20.696722984313965,20.696722984313965
0.0,0.0075472090393304825,234.7245864868164,0.057971056550741196,0.0,1422.0,normal,23.47686767578125,23.47686767578125
0.0,0.018241906072944403,201.78192901611328,0.05797106400132179,0.0,1423.0,normal,20.18474006652832,20.18474006652832
0.0,0.024268003646284342,214.84658813476562,0.057971058413386345,0.0,1424.0,normal,21.492411613464355,21.492411613464355
0.0,0.014255913032684475,205.46451568603516,0.057971058413386345,0.0,1425.0,normal,20.552202224731445,20.552202224731445
0.0,0.009854912757873535,234.82079315185547,0.05797106772661209,0.0,1426.0,normal,23.48694896697998,23.48694896697998
0.0,0.011897583201061934,206.8487091064453,0.05797106400132179,0.0,1427.0,normal,20.690150260925293,20.690150260925293
0.0,0.016267648432403803,236.28939056396484,0.057971060276031494,0.0,1428.0,normal,23.63509178161621,23.63509178161621
0.0,0.033076667226850986,205.5207290649414,0.057971060276031494,0.0,1429.0,normal,20.561588287353516,20.561588287353516
0.0,0.04388511786237359,238.84234619140625,0.05797106586396694,0.0,1430.0,normal,23.89591121673584,23.89591121673584
0.0,0.04133006522897631,214.7442169189453,0.05797106400132179,0.0,1431.0,normal,21.485587120056152,21.485587120056152
0.0,0.017294653225690126,200.1929473876953,0.05797106213867664,0.0,1432.0,normal,20.02565336227417,20.02565336227417
0.0,0.02829642314463854,243.66024780273438,0.057971056550741196,0.0,1433.0,normal,24.374584197998047,24.374584197998047
0.0,0.03909475728869438,211.36154174804688,0.05797106400132179,0.0,1434.0,normal,21.146872520446777,21.146872520446777
0.0,0.04732234217226505,255.89099884033203,0.05797106586396694,0.0,1435.0,normal,25.601463317871094,25.601463317871094
0.0,0.04605407640337944,225.0459213256836,0.057971058413386345,0.0,1436.0,normal,22.516701698303223,22.516701698303223
0.0,0.027220589603530243,215.0222625732422,0.05797106586396694,0.0,1437.0,normal,21.510568618774414,21.510568618774414
0.0,0.028047272004187107,245.09158325195312,0.057971056550741196,0.0,1438.0,normal,24.517666816711426,24.517666816711426
0.0,0.05159554956480861,234.22708129882812,0.05797106772661209,0.0,1439.0,normal,23.435927391052246,23.435927391052246
0.0,0.07335628196597099,221.4479751586914,0.05797106400132179,0.0,1440.0,normal,22.162368774414062,22.162368774414062
0.0,0.05451115220785141,231.85684204101562,0.0579710528254509,0.0,1441.0,normal,23.199486255645752,23.199486255645752
0.0,0.01931845664512366,255.33871459960938,0.05797107145190239,0.0,1442.0,normal,25.54063606262207,25.54063606262207
0.0,0.03235564136411995,323.51253509521484,0.057971056550741196,0.0,1443.0,normal,32.36062431335449,32.36062431335449
0.0,0.08613435737788677,234.9254913330078,0.057971058413386345,0.0,1444.0,normal,23.512676239013672,23.512676239013672
0.0,0.08974668942391872,250.47470092773438,0.05797106586396694,0.0,1445.0,normal,25.068318367004395,25.068318367004395
0.0,0.060487366979941726,231.6925811767578,0.057971054688096046,0.0,1446.0,normal,23.18425464630127,23.18425464630127
0.0,0.05027942359447479,201.1002197265625,0.057971060276031494,0.0,1447.0,normal,20.122976303100586,20.122976303100586
0.0,0.028252155403606594,224.0328598022461,0.05797106772661209,0.0,1448.0,normal,22.41183567047119,22.41183567047119
0.0,0.03338566480670124,219.86289978027344,0.057971056550741196,0.0,1449.0,normal,21.995866298675537,21.995866298675537
0.0,0.01930913422256708,208.93655395507812,0.057971060276031494,0.0,1450.0,normal,20.900415897369385,20.900415897369385
0.0,0.013103576377034187,237.43368530273438,0.05797107331454754,0.0,1451.0,normal,23.748888969421387,23.748888969421387
0.0,0.015216500964015722,197.63819885253906,0.057971056550741196,0.0,1452.0,normal,19.769762992858887,19.769762992858887
0.0,0.01005970174446702,237.40493774414062,0.0579710528254509,0.0,1453.0,normal,23.745405197143555,23.745405197143555
0.0,0.015349081484600902,289.72559356689453,0.05797106586396694,0.0,1454.0,normal,28.978530883789062,28.978530883789062
0.0,0.03198807034641504,223.46636199951172,0.057971058413386345,0.0,1455.0,normal,22.35593318939209,22.35593318939209
0.0,0.029740776866674423,248.56031799316406,0.0579710491001606,0.0,1456.0,normal,24.86487865447998,24.86487865447998
0.0,0.012395071098580956,260.5248794555664,0.05797107331454754,0.0,1457.0,normal,26.0578670501709,26.0578670501709
0.0,0.014115385245531797,261.6752624511719,0.05797106213867664,0.0,1458.0,normal,26.17324924468994,26.17324924468994
0.0,0.023630148265510798,229.3280258178711,0.0579710491001606,0.0,1459.0,normal,22.940428733825684,22.940428733825684
0.0,0.023415809497237206,245.53125,0.05797107145190239,0.0,1460.0,normal,24.560708045959473,24.560708045959473
0.0,0.01668247953057289,203.01668548583984,0.057971060276031494,0.0,1461.0,normal,20.30790424346924,20.30790424346924
0.0,0.01853069243952632,260.45628356933594,0.05797105096280575,0.0,1462.0,normal,26.052234649658203,26.052234649658203
0.0,0.006514774519018829,226.13473510742188,0.05797106772661209,0.0,1463.0,normal,22.617676734924316,22.617676734924316
0.0,0.011120856739580631,224.6622085571289,0.05797106213867664,0.0,1464.0,normal,22.471345901489258,22.471345901489258
0.0,0.02142339153215289,244.39189910888672,0.05797105096280575,0.0,1465.0,normal,24.44637393951416,24.44637393951416
0.0,0.010473661124706268,240.86263275146484,0.057971060276031494,0.0,1466.0,normal,24.091257095336914,24.091257095336914
0.0,0.01407359866425395,208.50462341308594,0.057971058413386345,0.0,1467.0,normal,20.85617685317993,20.85617685317993
0.0,0.017641091719269753,216.5019073486328,0.057971056550741196,0.0,1468.0,normal,21.65661907196045,21.65661907196045
0.0,0.012964539229869843,249.86907958984375,0.05797106958925724,0.0,1469.0,normal,24.99240016937256,24.99240016937256
0.0,0.01163611514493823,190.2465362548828,0.057971056550741196,0.0,1470.0,normal,19.02988052368164,19.02988052368164
0.0,0.005415399791672826,254.4040069580078,0.0579710528254509,0.0,1471.0,normal,25.44438362121582,25.44438362121582
0.0,0.005138576088938862,243.54593658447266,0.05797107331454754,0.0,1472.0,normal,24.3585205078125,24.3585205078125
0.0,0.005946594290435314,214.62358856201172,0.05797106586396694,0.0,1473.0,normal,21.466447830200195,21.466447830200195
0.0,0.00628024130128324,252.2279052734375,0.05797105096280575,0.0,1474.0,normal,25.226945877075195,25.226945877075195
0.0,0.009775215527042747,211.2460479736328,0.05797106400132179,0.0,1475.0,normal,21.129459381103516,21.129459381103516
0.0,0.014237805735319853,255.2748565673828,0.05797106213867664,0.0,1476.0,normal,25.53323268890381,25.53323268890381
0.0,0.021209280006587505,236.17086029052734,0.057971054688096046,0.0,1477.0,normal,23.62422752380371,23.62422752380371
0.0,0.03004111861810088,214.6913833618164,0.057971060276031494,0.0,1478.0,normal,21.478046417236328,21.478046417236328
0.0,0.030953834881074727,208.73118591308594,0.057971060276031494,0.0,1479.0,normal,20.882208824157715,20.882208824157715
0.0,0.01555912010371685,219.9776840209961,0.05797106772661209,0.0,1480.0,normal,22.003780364990234,22.003780364990234
0.0,0.023270304984180257,261.41336822509766,0.057971056550741196,0.0,1481.0,normal,26.148890018463135,26.148890018463135
0.0,0.05052490998059511,228.76644897460938,0.057971060276031494,0.0,1482.0,normal,22.889650344848633,22.889650344848633
0.0,0.06124115362763405,223.24779510498047,0.05797106772661209,0.0,1483.0,normal,22.33992624282837,22.33992624282837
0.0,0.061222464544698596,207.63397598266602,0.057971054688096046,0.0,1484.0,normal,20.778541564941406,20.778541564941406
0.0,0.03311803610995412,214.95108795166016,0.05797105096280575,0.0,1485.0,normal,21.504631996154785,21.504631996154785
0.0,0.028033776208758354,219.79150390625,0.05797106772661209,0.0,1486.0,normal,21.987656593322754,21.987656593322754
0.0,0.014975051861256361,218.8353500366211,0.057971060276031494,0.0,1487.0,normal,21.889429092407227,21.889429092407227
0.0,0.01787692680954933,237.42230224609375,0.0579710491001606,0.0,1488.0,normal,23.74870491027832,23.74870491027832
0.0,0.026403608033433557,298.0511703491211,0.05797107145190239,0.0,1489.0,normal,29.813298225402832,29.813298225402832
0.0,0.05983666516840458,205.58567810058594,0.057971058413386345,0.0,1490.0,normal,20.573434352874756,20.573434352874756
0.0,0.10216745361685753,292.57674407958984,0.05797104723751545,0.0,1491.0,normal,29.28100872039795,29.28100872039795
0.0,0.059022475965321064,226.72816467285156,0.05797106400132179,0.0,1492.0,normal,22.68752098083496,22.68752098083496
0.0,0.04481678456068039,212.13524627685547,0.0579710528254509,0.0,1493.0,normal,21.225387573242188,21.225387573242188
0.0,0.04663589270785451,210.86358642578125,0.057971056550741196,0.0,1494.0,normal,21.09858512878418,21.09858512878418
0.0,0.0451266635209322,219.5875701904297,0.05797106400132179,0.0,1495.0,normal,21.97068214416504,21.97068214416504
0.0,0.029364493675529957,220.54747009277344,0.057971058413386345,0.0,1496.0,normal,22.06351947784424,22.06351947784424
0.0,0.019819041714072227,221.3194122314453,0.0579710528254509,0.0,1497.0,normal,22.13880443572998,22.13880443572998
0.0,0.021601712564006448,243.67255401611328,0.05797106772661209,0.0,1498.0,normal,24.374475479125977,24.374475479125977
0.0,0.03386541805230081,287.07135009765625,0.057971058413386345,0.0,1499.0,normal,28.71680736541748,28.71680736541748
0.0,0.03661674028262496,227.90301513671875,0.057971054688096046,0.0,1500.0,normal,22.800524711608887,22.800524711608887
0.0,0.04416131740435958,239.59271240234375,0.05797107145190239,0.0,1501.0,normal,23.97100257873535,23.97100257873535
0.0,0.03950885869562626,205.96609497070312,0.05797105096280575,0.0,1502.0,normal,20.607409954071045,20.607409954071045
0.0,0.037959791137836874,223.37513732910156,0.057971056550741196,0.0,1503.0,normal,22.348005294799805,22.348005294799805
0.0,0.041728886775672436,209.10746002197266,0.05797106213867664,0.0,1504.0,normal,20.921990871429443,20.921990871429443
0.0,0.026157201267778873,203.6462631225586,0.057971058413386345,0.0,1505.0,normal,20.37275791168213,20.37275791168213
0.0,0.02167239272966981,224.5713653564453,0.0579710528254509,0.0,1506.0,normal,22.46437120437622,22.46437120437622
0.0,0.02694198628887534,215.1017608642578,0.05797106400132179,0.0,1507.0,normal,21.51846408843994,21.51846408843994
0.0,0.02938070218078792,198.35723114013672,0.057971060276031494,0.0,1508.0,normal,19.84449863433838,19.84449863433838
0.0,0.022642439231276512,227.55167388916016,0.05797105096280575,0.0,1509.0,normal,22.76259422302246,22.76259422302246
0.0,0.022971338592469692,199.35086059570312,0.057971060276031494,0.0,1510.0,normal,19.94257926940918,19.94257926940918
0.0,0.024436548352241516,227.60160064697266,0.05797106772661209,0.0,1511.0,normal,22.76794719696045,22.76794719696045
0.0,0.013523784640710801,301.65735626220703,0.0579710528254509,0.0,1512.0,normal,30.171339988708496,30.171339988708496
0.0,0.004080433835042641,240.65148162841797,0.057971058413386345,0.0,1513.0,normal,24.068864822387695,24.068864822387695
0.0,0.009606950916349888,231.92684936523438,0.05797106772661209,0.0,1514.0,normal,23.19750690460205,23.19750690460205
0.0,0.014724717009812593,251.3356170654297,0.05797105096280575,0.0,1515.0,normal,25.139406204223633,25.139406204223633
0.0,0.009304392850026488,257.24268341064453,0.05797106213867664,0.0,1516.0,normal,25.729028701782227,25.729028701782227
0.0,0.024944192729890347,223.27922821044922,0.05797106772661209,0.0,1517.0,normal,22.335811614990234,22.335811614990234
0.0,0.021767931059002876,269.72872161865234,0.0579710491001606,0.0,1518.0,normal,26.980124473571777,26.980124473571777
0.0,0.005032399785704911,313.1213684082031,0.05797106400132179,0.0,1519.0,normal,31.316043853759766,31.316043853759766
0.0,0.023872337769716978,259.7144470214844,0.05797106213867664,0.0,1520.0,normal,25.979119300842285,25.979119300842285
0.0,0.04090203158557415,271.0706024169922,0.05797104723751545,0.0,1521.0,normal,27.118141174316406,27.118141174316406
0.0,0.056635175831615925,240.6949462890625,0.0579710528254509,0.0,1522.0,normal,24.083721160888672,24.083721160888672
0.0,0.05019575753249228,195.97282028198242,0.057971056550741196,0.0,1523.0,normal,19.610219955444336,19.610219955444336
0.0,0.04094496578909457,223.76824188232422,0.057971060276031494,0.0,1524.0,normal,22.38791275024414,22.38791275024414
0.0,0.04703085497021675,206.7751693725586,0.05797105096280575,0.0,1525.0,normal,20.68982219696045,20.68982219696045
0.0,0.021873775403946638,199.0841064453125,0.057971056550741196,0.0,1526.0,normal,19.915684700012207,19.915684700012207
0.0,0.02962648941320367,206.75775909423828,0.057971060276031494,0.0,1527.0,normal,20.684600830078125,20.684600830078125
0.0,0.027774088084697723,203.7508544921875,0.057971058413386345,0.0,1528.0,normal,20.383540153503418,20.383540153503418
0.0,0.0345213795080781,250.39342498779297,0.0579710528254509,0.0,1529.0,normal,25.04914617538452,25.04914617538452
0.0,0.04436969570815563,211.7936019897461,0.05797106586396694,0.0,1530.0,normal,21.191133499145508,21.191133499145508
0.0,0.052232020534574986,224.99703979492188,0.05797106213867664,0.0,1531.0,normal,22.513050079345703,22.513050079345703
0.0,0.043865876737982035,234.06588745117188,0.05797105096280575,0.0,1532.0,normal,23.418262481689453,23.418262481689453
0.0,0.026998971588909626,216.66519927978516,0.05797106213867664,0.0,1533.0,normal,21.674818992614746,21.674818992614746
0.0,0.05229178909212351,217.01283264160156,0.057971058413386345,0.0,1534.0,normal,21.714640140533447,21.714640140533447
0.0,0.05217483337037265,224.7384490966797,0.0579710528254509,0.0,1535.0,normal,22.48717975616455,22.48717975616455
0.0,0.03946386557072401,215.73187255859375,0.057971058413386345,0.0,1536.0,normal,21.583979606628418,21.583979606628418
0.0,0.016364574898034334,222.53599548339844,0.057971054688096046,0.0,1537.0,normal,22.259771823883057,22.259771823883057
0.0,0.005430738790892065,234.15770721435547,0.057971058413386345,0.0,1538.0,normal,23.41975688934326,23.41975688934326
0.0,0.010516265174373984,218.49140167236328,0.057971054688096046,0.0,1539.0,normal,21.85414218902588,21.85414218902588
0.0,0.011014082003384829,201.21908569335938,0.0579710528254509,0.0,1540.0,normal,20.127010345458984,20.127010345458984
0.0,0.009730531834065914,217.6025848388672,0.05797106213867664,0.0,1541.0,normal,21.765104293823242,21.765104293823242
0.0,0.004309313837438822,198.76212310791016,0.05797105096280575,0.0,1542.0,normal,19.87997341156006,19.87997341156006
0.0,0.005279850331135094,213.41730499267578,0.057971056550741196,0.0,1543.0,normal,21.34568691253662,21.34568691253662
0.0,0.004644642234779894,231.2830810546875,0.05797106400132179,0.0,1544.0,normal,23.132136344909668,23.132136344909668
0.0,0.0052915601991117,196.13558959960938,0.0579710528254509,0.0,1545.0,normal,19.617516040802002,19.617516040802002
0.0,0.0048456775257363915,225.18359375,0.057971054688096046,0.0,1546.0,normal,22.52222728729248,22.52222728729248
0.0,0.005900518270209432,236.8696517944336,0.05797106400132179,0.0,1547.0,normal,23.691044807434082,23.691044807434082
0.0,0.007259598933160305,293.80780029296875,0.057971054688096046,0.0,1548.0,normal,29.3851318359375,29.3851318359375
0.0,0.017509945668280125,212.2493133544922,0.05797105096280575,0.0,1549.0,normal,21.231332778930664,21.231332778930664
0.0,0.013921258971095085,294.762451171875,0.05797107517719269,0.0,1550.0,normal,29.481929779052734,29.481929779052734
0.0,0.012558520771563053,273.01348876953125,0.05797105096280575,0.0,1551.0,normal,27.30675983428955,27.30675983428955
0.0,0.03151880530640483,351.0317687988281,0.057971054688096046,0.0,1552.0,normal,35.11237907409668,35.11237907409668
0.0,0.05811547115445137,241.16700744628906,0.057971058413386345,0.0,1553.0,normal,24.131223678588867,24.131223678588867
0.0,0.04723232006654143,206.44232559204102,0.057971054688096046,0.0,1554.0,normal,20.656578540802002,20.656578540802002
0.0,0.04588328581303358,212.43478393554688,0.05797105096280575,0.0,1555.0,normal,21.255554676055908,21.255554676055908
0.0,0.016884534619748592,222.03736114501953,0.05797106400132179,0.0,1556.0,normal,22.210011959075928,22.210011959075928
0.0,0.013020988088101149,197.48880767822266,0.057971054688096046,0.0,1557.0,normal,19.75438356399536,19.75438356399536
0.0,0.021125779021531343,218.23697662353516,0.0579710528254509,0.0,1558.0,normal,21.830822944641113,21.830822944641113
0.0,0.019110729452222586,204.36228561401367,0.057971058413386345,0.0,1559.0,normal,20.442949771881104,20.442949771881104
0.0,0.02743739541620016,224.56658172607422,0.057971060276031494,0.0,1560.0,normal,22.465046882629395,22.465046882629395
0.0,0.029376721940934658,210.5587615966797,0.057971054688096046,0.0,1561.0,normal,21.064651489257812,21.064651489257812
0.0,0.01741572259925306,211.5164794921875,0.05797106213867664,0.0,1562.0,normal,21.158031463623047,21.158031463623047
0.0,0.007752031786367297,220.4518585205078,0.057971058413386345,0.0,1563.0,normal,22.049635410308838,22.049635410308838
0.0,0.012193436734378338,203.9029769897461,0.057971058413386345,0.0,1564.0,normal,20.3956356048584,20.3956356048584
0.0,0.006032793666236103,213.84756469726562,0.05797106400132179,0.0,1565.0,normal,21.388862133026123,21.388862133026123
0.0,0.0043655883928295225,188.3240509033203,0.057971054688096046,0.0,1566.0,normal,18.836177349090576,18.836177349090576
0.0,0.006156613235361874,221.14649200439453,0.05797105096280575,0.0,1567.0,normal,22.1187801361084,22.1187801361084
0.0,0.006591274694073945,200.935791015625,0.057971056550741196,0.0,1568.0,normal,20.097797393798828,20.097797393798828
0.0,0.004661541839595884,218.27001953125,0.057971054688096046,0.0,1569.0,normal,21.83083438873291,21.83083438873291
0.0,0.005456160346511751,217.0003204345703,0.057971058413386345,0.0,1570.0,normal,21.70402240753174,21.70402240753174
0.0,0.006881485693156719,196.36209869384766,0.05797105096280575,0.0,1571.0,normal,19.640485763549805,19.640485763549805
0.0,0.005997987696900964,225.7139892578125,0.057971056550741196,0.0,1572.0,normal,22.5754976272583,22.5754976272583
0.0,0.0067518900614231825,193.53836059570312,0.057971056550741196,0.0,1573.0,normal,19.35808515548706,19.35808515548706
0.0,0.004050945397466421,233.06036376953125,0.05797105096280575,0.0,1574.0,normal,23.30974531173706,23.30974531173706
0.0,0.006458849413320422,216.43882751464844,0.05797106400132179,0.0,1575.0,normal,21.648073196411133,21.648073196411133
0.0,0.01207332732155919,220.9143829345703,0.057971058413386345,0.0,1576.0,normal,22.096752166748047,22.096752166748047
0.0,0.01498156157322228,215.75563049316406,0.0579710528254509,0.0,1577.0,normal,21.581459045410156,21.581459045410156
0.0,0.020230247639119625,200.27810668945312,0.057971058413386345,0.0,1578.0,normal,20.034756660461426,20.034756660461426
0.0,0.012594044208526611,199.2341537475586,0.057971058413386345,0.0,1579.0,normal,19.928834915161133,19.928834915161133
0.0,0.007574474439024925,197.18074798583984,0.057971054688096046,0.0,1580.0,normal,19.722490310668945,19.722490310668945
0.0,0.011428679339587688,194.02732849121094,0.057971056550741196,0.0,1581.0,normal,19.407917499542236,19.407917499542236
0.0,0.00782227620948106,199.75298309326172,0.057971054688096046,0.0,1582.0,normal,19.97976303100586,19.97976303100586
0.0,0.010528163984417915,196.8944320678711,0.0579710528254509,0.0,1583.0,normal,19.694448471069336,19.694448471069336
0.0,0.00738041999284178,201.76297760009766,0.057971060276031494,0.0,1584.0,normal,20.180673599243164,20.180673599243164
0.0,0.011269987095147371,199.26305389404297,0.0579710528254509,0.0,1585.0,normal,19.931458473205566,19.931458473205566
0.0,0.009832619922235608,201.62890625,0.057971058413386345,0.0,1586.0,normal,20.167757034301758,20.167757034301758
0.0,0.008704341016709805,226.63775634765625,0.057971060276031494,0.0,1587.0,normal,22.668416023254395,22.668416023254395
0.0,0.013591605005785823,211.19458770751953,0.05797105096280575,0.0,1588.0,normal,21.12507724761963,21.12507724761963
0.0,0.008597297593951225,196.83563995361328,0.0579710528254509,0.0,1589.0,normal,19.688182830810547,19.688182830810547
0.0,0.008646246511489153,230.72997283935547,0.05797106400132179,0.0,1590.0,normal,23.077627182006836,23.077627182006836
0.0,0.004664789536036551,214.84523010253906,0.0579710528254509,0.0,1591.0,normal,21.48835563659668,21.48835563659668
0.0,0.00548604188952595,206.93717193603516,0.0579710491001606,0.0,1592.0,normal,20.697712898254395,20.697712898254395
0.0,0.008180125616490841,265.57920837402344,0.05797106772661209,0.0,1593.0,normal,26.562458038330078,26.562458038330078
0.0,0.009903285128530115,192.42135620117188,0.0579710528254509,0.0,1594.0,normal,19.247015953063965,19.247015953063965
0.0,0.016803399194031954,246.12547302246094,0.0579710491001606,0.0,1595.0,normal,24.618807792663574,24.618807792663574
0.0,0.018896303605288267,217.32695770263672,0.05797106400132179,0.0,1596.0,normal,21.7393741607666,21.7393741607666
0.0,0.015705682628322393,205.17852020263672,0.057971056550741196,0.0,1597.0,normal,20.523891925811768,20.523891925811768
0.0,0.005536575568839908,227.52364349365234,0.05797105096280575,0.0,1598.0,normal,22.756370544433594,22.756370544433594
0.0,0.005494433105923235,265.3323059082031,0.057971054688096046,0.0,1599.0,normal,26.53722858428955,26.53722858428955
0.0,0.007429740158841014,195.96226119995117,0.057971058413386345,0.0,1600.0,normal,19.600611209869385,19.600611209869385
0.0,0.004931126139126718,265.8189163208008,0.05797104723751545,0.0,1601.0,normal,26.585776329040527,26.585776329040527
0.0,0.015124718192964792,364.8515090942383,0.057971082627773285,0.0,1602.0,normal,36.49107551574707,36.49107551574707
0.0,0.0442587248980999,244.05004119873047,0.0579710528254509,0.0,1603.0,normal,24.41675567626953,24.41675567626953
0.0,0.06673385202884674,312.1314468383789,0.0579710453748703,0.0,1604.0,normal,31.22939109802246,31.22939109802246
0.0,0.06946419924497604,274.81895446777344,0.05797106400132179,0.0,1605.0,normal,27.498687744140625,27.498687744140625
0.0,0.0420926776714623,207.6084976196289,0.0579710491001606,0.0,1606.0,normal,20.77216911315918,20.77216911315918
0.0,0.0195900434628129,238.95288848876953,0.05797104723751545,0.0,1607.0,normal,23.902106285095215,23.902106285095215
0.0,0.021007404662668705,220.9660186767578,0.057971060276031494,0.0,1608.0,normal,22.103702545166016,22.103702545166016
0.0,0.009470233228057623,199.7574462890625,0.057971056550741196,0.0,1609.0,normal,19.980538368225098,19.980538368225098
0.0,0.009042631834745407,212.1809539794922,0.057971054688096046,0.0,1610.0,normal,21.222804069519043,21.222804069519043
0.0,0.01061225077137351,197.28064727783203,0.057971054688096046,0.0,1611.0,normal,19.733086585998535,19.733086585998535
0.0,0.009318065363913774,191.6823616027832,0.057971056550741196,0.0,1612.0,normal,19.172999382019043,19.172999382019043
0.0,0.007509264047257602,197.42147064208984,0.05797105096280575,0.0,1613.0,normal,19.746548652648926,19.746548652648926
0.0,0.008060880471020937,194.27297973632812,0.057971054688096046,0.0,1614.0,normal,19.431809425354004,19.431809425354004
0.0,0.00762938818661496,195.71878814697266,0.057971056550741196,0.0,1615.0,normal,19.57630443572998,19.57630443572998
0.0,0.00486752251163125,193.8420066833496,0.057971060276031494,0.0,1616.0,normal,19.388073444366455,19.388073444366455
0.0,0.005319213669281453,258.6095275878906,0.05797104723751545,0.0,1617.0,normal,25.864915370941162,25.864915370941162
0.0,0.018934948137030005,232.06092071533203,0.057971058413386345,0.0,1618.0,normal,23.212778091430664,23.212778091430664
0.0,0.036338433623313904,228.2179718017578,0.057971056550741196,0.0,1619.0,normal,22.831963539123535,22.831963539123535
0.0,0.045947059988975525,230.94171142578125,0.05797104164958,0.0,1620.0,normal,23.106260299682617,23.106260299682617
0.0,0.04871858633123338,193.03842163085938,0.057971060276031494,0.0,1621.0,normal,19.31648540496826,19.31648540496826
0.0,0.02036166051402688,216.99602508544922,0.057971058413386345,0.0,1622.0,normal,21.706575393676758,21.706575393676758
0.0,0.009229515679180622,199.72732543945312,0.05797104723751545,0.0,1623.0,normal,19.977478981018066,19.977478981018066
0.0,0.01441263547167182,207.2412567138672,0.05797104723751545,0.0,1624.0,normal,20.729907035827637,20.729907035827637
0.0,0.016772104310803115,217.11448669433594,0.057971056550741196,0.0,1625.0,normal,21.71770191192627,21.71770191192627
0.0,0.01824328419752419,195.8282814025879,0.0579710491001606,0.0,1626.0,normal,19.589375495910645,19.589375495910645
0.0,0.025223541539162397,221.31948852539062,0.05797105096280575,0.0,1627.0,normal,22.139893531799316,22.139893531799316
0.0,0.03159499913454056,207.4115753173828,0.0579710528254509,0.0,1628.0,normal,20.750375747680664,20.750375747680664
0.0,0.04367750138044357,187.74712371826172,0.057971056550741196,0.0,1629.0,normal,18.78634738922119,18.78634738922119
0.0,0.045288624707609415,258.1946563720703,0.05797105096280575,0.0,1630.0,normal,25.83142375946045,25.83142375946045
0.0,0.04798690276220441,197.0072784423828,0.057971058413386345,0.0,1631.0,normal,19.713224411010742,19.713224411010742
0.0,0.05463130120187998,212.7942886352539,0.057971054688096046,0.0,1632.0,normal,21.293254852294922,21.293254852294922
0.0,0.03898926521651447,200.3645248413086,0.0579710491001606,0.0,1633.0,normal,20.047149658203125,20.047149658203125
0.0,0.03700513392686844,196.63097381591797,0.057971054688096046,0.0,1634.0,normal,19.6733980178833,19.6733980178833
0.0,0.02151605673134327,194.58375549316406,0.057971056550741196,0.0,1635.0,normal,19.465578079223633,19.465578079223633
0.0,0.023572322446852922,193.2560043334961,0.05797105096280575,0.0,1636.0,normal,19.333213806152344,19.333213806152344
0.0,0.02266727713868022,193.2663345336914,0.0579710528254509,0.0,1637.0,normal,19.334065437316895,19.334065437316895
0.0,0.013915099669247866,197.0520248413086,0.057971058413386345,0.0,1638.0,normal,19.710885047912598,19.710885047912598
0.0,0.012030185083858669,194.04474639892578,0.0579710528254509,0.0,1639.0,normal,19.409780502319336,19.409780502319336
0.0,0.014553875371348113,190.39515686035156,0.0579710528254509,0.0,1640.0,normal,19.04532527923584,19.04532527923584
0.0,0.009548926260322332,198.90349197387695,0.0579710528254509,0.0,1641.0,normal,19.895158290863037,19.895158290863037
0.0,0.00822398834861815,212.6271209716797,0.0579710528254509,0.0,1642.0,normal,21.26725673675537,21.26725673675537
0.0,0.006987996166571975,193.1095428466797,0.057971056550741196,0.0,1643.0,normal,19.31525230407715,19.31525230407715
0.0,0.00490078900475055,233.55831909179688,0.057971056550741196,0.0,1644.0,normal,23.359710693359375,23.359710693359375
0.0,0.0050470062997192144,189.3072052001953,0.0579710528254509,0.0,1645.0,normal,18.934630393981934,18.934630393981934
0.0,0.00699573615565896,198.88329315185547,0.057971056550741196,0.0,1646.0,normal,19.892627716064453,19.892627716064453
0.0,0.005142363195773214,197.31962966918945,0.0579710528254509,0.0,1647.0,normal,19.73589038848877,19.73589038848877
0.0,0.005326231359504163,197.70851135253906,0.057971054688096046,0.0,1648.0,normal,19.774815559387207,19.774815559387207
0.0,0.004008737945696339,194.43963623046875,0.05797105096280575,0.0,1649.0,normal,19.447665214538574,19.447665214538574
0.0,0.004495743865845725,194.3414077758789,0.057971054688096046,0.0,1650.0,normal,19.437939643859863,19.437939643859863
0.0,0.004211819119518623,216.28428649902344,0.0579710528254509,0.0,1651.0,normal,21.632171630859375,21.632171630859375
0.0,0.004589501302689314,203.12513732910156,0.0579710491001606,0.0,1652.0,normal,20.316331386566162,20.316331386566162
0.0,0.00814450578764081,194.02315521240234,0.057971054688096046,0.0,1653.0,normal,19.406843185424805,19.406843185424805
0.0,0.00849802466109395,203.99929809570312,0.057971058413386345,0.0,1654.0,normal,20.404529571533203,20.404529571533203
0.0,0.008140789403114468,215.53857421875,0.05797105096280575,0.0,1655.0,normal,21.558384895324707,21.558384895324707
0.0,0.006418461678549647,193.49298095703125,0.057971054688096046,0.0,1656.0,normal,19.353480339050293,19.353480339050293
0.0,0.01011632103472948,210.3009490966797,0.05797106213867664,0.0,1657.0,normal,21.03501796722412,21.03501796722412
0.0,0.00576639489736408,192.40037536621094,0.0579710491001606,0.0,1658.0,normal,19.24409008026123,19.24409008026123
0.0,0.007922165095806122,221.5154571533203,0.05797105096280575,0.0,1659.0,normal,22.156028747558594,22.156028747558594
0.0,0.011118727852590382,203.67022705078125,0.057971060276031494,0.0,1660.0,normal,20.372145652770996,20.372145652770996
0.0,0.009411271195858717,193.02801513671875,0.057971060276031494,0.0,1661.0,normal,19.307583808898926,19.307583808898926
0.0,0.0064990653190761805,253.83577728271484,0.05797104351222515,0.0,1662.0,normal,25.38777732849121,25.38777732849121
0.0,0.008338803774677217,213.1370391845703,0.057971058413386345,0.0,1663.0,normal,21.318270683288574,21.318270683288574
0.0,0.013518175110220909,221.2711181640625,0.05797106213867664,0.0,1664.0,normal,22.132715225219727,22.132715225219727
0.0,0.006418043747544289,322.5784225463867,0.05797104164958,0.0,1665.0,normal,32.26202392578125,32.26202392578125
0.0,0.006051185890100896,216.03780364990234,0.0579710491001606,0.0,1666.0,normal,21.607890129089355,21.607890129089355
0.0,0.018025025725364685,287.6407165527344,0.057971060276031494,0.0,1667.0,normal,28.77057647705078,28.77057647705078
0.0,0.017975550144910812,221.54959869384766,0.0579710491001606,0.0,1668.0,normal,22.161455154418945,22.161455154418945
0.0,0.0177217205055058,185.8143539428711,0.05797104351222515,0.0,1669.0,normal,18.587878227233887,18.587878227233887
0.0,0.006910016294568777,217.23052978515625,0.057971056550741196,0.0,1670.0,normal,21.727335929870605,21.727335929870605
0.0,0.007104271557182074,193.34835815429688,0.05797105096280575,0.0,1671.0,normal,19.339154720306396,19.339154720306396
0.0,0.009944780496880412,192.9757843017578,0.057971056550741196,0.0,1672.0,normal,19.30246591567993,19.30246591567993
0.0,0.005017366143874824,213.1997833251953,0.057971054688096046,0.0,1673.0,normal,21.323881149291992,21.323881149291992
0.0,0.013143946882337332,194.81334686279297,0.0579710491001606,0.0,1674.0,normal,19.486862182617188,19.486862182617188
0.0,0.011274001561105251,199.47998046875,0.05797104723751545,0.0,1675.0,normal,19.953152656555176,19.953152656555176
0.0,0.004902787157334387,207.6056137084961,0.05797106400132179,0.0,1676.0,normal,20.76444149017334,20.76444149017334
0.0,0.006233025575056672,203.5306167602539,0.057971054688096046,0.0,1677.0,normal,20.357208251953125,20.357208251953125
0.0,0.009394156280905008,213.0362548828125,0.057971054688096046,0.0,1678.0,normal,21.30840492248535,21.30840492248535
0.0,0.009620729135349393,194.1781463623047,0.057971056550741196,0.0,1679.0,normal,19.422637939453125,19.422637939453125
0.0,0.004325323039665818,225.81259536743164,0.05797105096280575,0.0,1680.0,normal,22.5850248336792,22.5850248336792
0.0,0.007462558802217245,189.3598403930664,0.057971054688096046,0.0,1681.0,normal,18.94037628173828,18.94037628173828
0.0,0.014188561122864485,216.94817352294922,0.057971054688096046,0.0,1682.0,normal,21.7005558013916,21.7005558013916
0.0,0.020168494898825884,196.10027313232422,0.05797105096280575,0.0,1683.0,normal,19.61696147918701,19.61696147918701
0.0,0.017323159612715244,195.8173828125,0.0579710528254509,0.0,1684.0,normal,19.588100910186768,19.588100910186768
0.0,0.014651725068688393,189.36778259277344,0.05797104723751545,0.0,1685.0,normal,18.942607879638672,18.942607879638672
0.0,0.011391723062843084,193.86194610595703,0.057971054688096046,0.0,1686.0,normal,19.391372203826904,19.391372203826904
0.0,0.013427045196294785,188.3588409423828,0.05797105096280575,0.0,1687.0,normal,18.841468811035156,18.841468811035156
0.0,0.009670181199908257,196.85659790039062,0.05797105096280575,0.0,1688.0,normal,19.690492630004883,19.690492630004883
0.0,0.008583656046539545,233.99392700195312,0.0579710491001606,0.0,1689.0,normal,23.404008865356445,23.404008865356445
0.0,0.01044080127030611,207.41045379638672,0.0579710528254509,0.0,1690.0,normal,20.746033668518066,20.746033668518066
0.0,0.021493093110620975,194.56259536743164,0.057971058413386345,0.0,1691.0,normal,19.463457584381104,19.463457584381104
0.0,0.02847771067172289,204.4373779296875,0.0579710491001606,0.0,1692.0,normal,20.452332496643066,20.452332496643066
0.0,0.02039420325309038,223.4857940673828,0.057971058413386345,0.0,1693.0,normal,22.355557441711426,22.355557441711426
0.0,0.006376294419169426,222.48201751708984,0.0579710491001606,0.0,1694.0,normal,22.252375602722168,22.252375602722168
0.0,0.007803404470905662,195.97418975830078,0.05797104723751545,0.0,1695.0,normal,19.601879119873047,19.601879119873047
0.0,0.01587986061349511,218.0621566772461,0.057971058413386345,0.0,1696.0,normal,21.81229019165039,21.81229019165039
0.0,0.02297775074839592,203.80625915527344,0.0579710491001606,0.0,1697.0,normal,20.388121128082275,20.388121128082275
0.0,0.017775987274944782,185.01596069335938,0.057971054688096046,0.0,1698.0,normal,18.508050441741943,18.508050441741943
0.0,0.008708639070391655,194.41313934326172,0.057971056550741196,0.0,1699.0,normal,19.44595432281494,19.44595432281494
0.0,0.010378149803727865,191.94437408447266,0.05797105096280575,0.0,1700.0,normal,19.19941234588623,19.19941234588623
0.0,0.014042719267308712,208.55718231201172,0.057971058413386345,0.0,1701.0,normal,20.86142635345459,20.86142635345459
0.0,0.01678445003926754,243.15039825439453,0.05797104723751545,0.0,1702.0,normal,24.32129669189453,24.32129669189453
0.0,0.017161869909614325,189.1667938232422,0.05797105096280575,0.0,1703.0,normal,18.92301082611084,18.92301082611084
0.0,0.01660780282691121,226.85269927978516,0.057971060276031494,0.0,1704.0,normal,22.69149112701416,22.69149112701416
0.0,0.008570241509005427,262.46276092529297,0.05797104723751545,0.0,1705.0,normal,26.25088882446289,26.25088882446289
0.0,0.015399374533444643,209.5000457763672,0.0579710491001606,0.0,1706.0,normal,20.955984115600586,20.955984115600586
0.0,0.024449121672660112,214.8489227294922,0.057971060276031494,0.0,1707.0,normal,21.4926815032959,21.4926815032959
0.0,0.018285591155290604,193.18036651611328,0.05797105096280575,0.0,1708.0,normal,19.32459306716919,19.32459306716919
0.0,0.012039830908179283,200.589111328125,0.05797104351222515,0.0,1709.0,normal,20.064217567443848,20.064217567443848
0.0,0.007028474938124418,192.84874725341797,0.057971056550741196,0.0,1710.0,normal,19.289180755615234,19.289180755615234
0.0,0.005818407400511205,184.42693328857422,0.05797105096280575,0.0,1711.0,normal,18.446757316589355,18.446757316589355
0.0,0.004228240402881056,199.08771514892578,0.05797104723751545,0.0,1712.0,normal,19.912516593933105,19.912516593933105
0.0,0.00619100034236908,188.86877059936523,0.05797105096280575,0.0,1713.0,normal,18.891014575958252,18.891014575958252
0.0,0.005499227903783321,217.22837829589844,0.057971056550741196,0.0,1714.0,normal,21.726837158203125,21.726837158203125
0.0,0.007406559132505208,189.2928695678711,0.0579710528254509,0.0,1715.0,normal,18.933666706085205,18.933666706085205
0.0,0.004515101783908904,251.59898376464844,0.057971056550741196,0.0,1716.0,normal,25.163701057434082,25.163701057434082
0.0,0.004329911636887118,182.34488677978516,0.0579710491001606,0.0,1717.0,normal,18.23825454711914,18.23825454711914
0.0,0.0062538376078009605,216.73763275146484,0.05797104351222515,0.0,1718.0,normal,21.677913665771484,21.677913665771484
0.0,0.006524447817355394,218.08867645263672,0.057971060276031494,0.0,1719.0,normal,21.813072204589844,21.813072204589844
0.0,0.006953374948352575,246.02320861816406,0.05797105096280575,0.0,1720.0,normal,24.60661029815674,24.60661029815674
0.0,0.005454216850921512,201.47259521484375,0.05797104723751545,0.0,1721.0,normal,20.151249408721924,20.151249408721924
0.0,0.007849097019061446,211.6842498779297,0.057971060276031494,0.0,1722.0,normal,21.17289447784424,21.17289447784424
0.0,0.004093819006811827,183.501708984375,0.0579710528254509,0.0,1723.0,normal,18.353888988494873,18.353888988494873
0.0,0.005402681767009199,200.34386444091797,0.05797104351222515,0.0,1724.0,normal,20.038366317749023,20.038366317749023
0.0,0.005553658935241401,190.64440155029297,0.057971058413386345,0.0,1725.0,normal,19.06844997406006,19.06844997406006
0.0,0.006385579967172816,196.51692962646484,0.057971054688096046,0.0,1726.0,normal,19.655869483947754,19.655869483947754
0.0,0.007452955935150385,228.8307113647461,0.05797104351222515,0.0,1727.0,normal,22.887460231781006,22.887460231781006
0.0,0.013975127192679793,199.8849105834961,0.057971058413386345,0.0,1728.0,normal,19.99418544769287,19.99418544769287
0.0,0.012786854524165392,198.79309844970703,0.057971054688096046,0.0,1729.0,normal,19.884765625,19.884765625
0.0,0.011306490167044103,281.48436737060547,0.05797103978693485,0.0,1730.0,normal,28.153597831726074,28.153597831726074
0.0,0.011860512662678957,257.7388229370117,0.057971056550741196,0.0,1731.0,normal,25.779154777526855,25.779154777526855
0.0,0.008089690818451345,256.35888671875,0.05797105096280575,0.0,1732.0,normal,25.640406608581543,25.640406608581543
0.0,0.02094860002398491,234.34447479248047,0.05797104723751545,0.0,1733.0,normal,23.441537380218506,23.441537380218506
0.0,0.016493316739797592,195.46044921875,0.05797105096280575,0.0,1734.0,normal,19.55224370956421,19.55224370956421
0.0,0.012192836031317711,206.0071563720703,0.05797105096280575,0.0,1735.0,normal,20.606053352355957,20.606053352355957
0.0,0.010501170996576548,191.55376434326172,0.05797104723751545,0.0,1736.0,normal,19.160375118255615,19.160375118255615
0.0,0.007294966373592615,182.3885498046875,0.05797105096280575,0.0,1737.0,normal,18.243212699890137,18.243212699890137
0.0,0.008238490670919418,182.10157775878906,0.0579710491001606,0.0,1738.0,normal,18.214704036712646,18.214704036712646
0.0,0.011068803607486188,190.10803985595703,0.05797104723751545,0.0,1739.0,normal,19.01591730117798,19.01591730117798
0.0,0.010706821922212839,196.28761291503906,0.0579710491001606,0.0,1740.0,normal,19.633801460266113,19.633801460266113
0.0,0.012872526422142982,188.48074340820312,0.0579710528254509,0.0,1741.0,normal,18.853548526763916,18.853548526763916
0.0,0.015129582956433296,205.56246948242188,0.05797105096280575,0.0,1742.0,normal,20.562172889709473,20.562172889709473
0.0,0.018630669452250004,184.83045959472656,0.05797105096280575,0.0,1743.0,normal,18.48967170715332,18.48967170715332
0.0,0.021722850389778614,189.59635162353516,0.057971054688096046,0.0,1744.0,normal,18.96687889099121,18.96687889099121
0.0,0.027324341484927572,178.78679275512695,0.05797104723751545,0.0,1745.0,normal,17.887043476104736,17.887043476104736
0.0,0.013699333532713354,183.72895431518555,0.05797104723751545,0.0,1746.0,normal,18.378533840179443,18.378533840179443
0.0,0.013879002362955362,206.5770492553711,0.05797104723751545,0.0,1747.0,normal,20.663379192352295,20.663379192352295
0.0,0.015044772997498512,189.58588409423828,0.05797105096280575,0.0,1748.0,normal,18.964496612548828,18.964496612548828
0.0,0.01340005174279213,196.15157318115234,0.05797105096280575,0.0,1749.0,normal,19.620736122131348,19.620736122131348
0.0,0.007257346762344241,211.97054290771484,0.0579710491001606,0.0,1750.0,normal,21.201404571533203,21.201404571533203
0.0,0.01741018472239375,198.57774353027344,0.05797105096280575,0.0,1751.0,normal,19.86415672302246,19.86415672302246
0.0,0.016975608363281935,208.50636291503906,0.0579710528254509,0.0,1752.0,normal,20.856931686401367,20.856931686401367
0.0,0.017340929713100195,214.6923370361328,0.0579710491001606,0.0,1753.0,normal,21.475601196289062,21.475601196289062
0.0,0.025925034191459417,199.50404357910156,0.057971054688096046,0.0,1754.0,normal,19.95848846435547,19.95848846435547
0.0,0.023914115969091654,195.48294830322266,0.0579710528254509,0.0,1755.0,normal,19.55597686767578,19.55597686767578
0.0,0.01626502489671111,184.9611358642578,0.0579710528254509,0.0,1756.0,normal,18.50226593017578,18.50226593017578
0.0,0.01657986594364047,184.7401351928711,0.05797105096280575,0.0,1757.0,normal,18.480228424072266,18.480228424072266
0.0,0.016939623281359673,180.3990478515625,0.0579710453748703,0.0,1758.0,normal,18.046192169189453,18.046192169189453
0.0,0.015320412814617157,186.7623519897461,0.05797105096280575,0.0,1759.0,normal,18.68219804763794,18.68219804763794
0.0,0.009691169951111078,204.2865753173828,0.0579710491001606,0.0,1760.0,normal,20.433495044708252,20.433495044708252
0.0,0.007930200023110956,190.81745147705078,0.0579710528254509,0.0,1761.0,normal,19.086230278015137,19.086230278015137
0.0,0.006195746827870607,194.9546775817871,0.0579710491001606,0.0,1762.0,normal,19.499606132507324,19.499606132507324
0.0,0.005247706198133528,203.30123138427734,0.0579710528254509,0.0,1763.0,normal,20.334073066711426,20.334073066711426
0.0,0.007250756723806262,183.78660583496094,0.0579710491001606,0.0,1764.0,normal,18.383010864257812,18.383010864257812
0.0,0.004798351816134527,186.01801300048828,0.0579710453748703,0.0,1765.0,normal,18.605660438537598,18.605660438537598
0.0,0.005500417959410697,182.56111907958984,0.0579710491001606,0.0,1766.0,normal,18.26011037826538,18.26011037826538
0.0,0.00813097320497036,186.86448669433594,0.0579710491001606,0.0,1767.0,normal,18.690974235534668,18.690974235534668
0.0,0.008338521583937109,183.46705627441406,0.0579710528254509,0.0,1768.0,normal,18.351272583007812,18.351272583007812
0.0,0.007996773347258568,182.98383331298828,0.0579710528254509,0.0,1769.0,normal,18.302882194519043,18.302882194519043
0.0,0.010488473024452105,181.81764221191406,0.0579710491001606,0.0,1770.0,normal,18.1867618560791,18.1867618560791
0.0,0.009934545494616032,183.75503540039062,0.05797104351222515,0.0,1771.0,normal,18.38038921356201,18.38038921356201
0.0,0.009714141488075256,189.66717529296875,0.057971054688096046,0.0,1772.0,normal,18.971559524536133,18.971559524536133
0.0,0.011248109396547079,175.05306243896484,0.0579710491001606,0.0,1773.0,normal,17.51045513153076,17.51045513153076
0.0,0.012850586441345513,189.5954132080078,0.05797104723751545,0.0,1774.0,normal,18.96501064300537,18.96501064300537
0.0,0.006123424624092877,224.19476318359375,0.057971054688096046,0.0,1775.0,normal,22.42360019683838,22.42360019683838
0.0,0.005913334927754477,265.83091735839844,0.05797104723751545,0.0,1776.0,normal,26.587172031402588,26.587172031402588
0.0,0.020056959183420986,178.778564453125,0.0579710491001606,0.0,1777.0,normal,17.884766578674316,17.884766578674316
0.0,0.014839832205325365,223.43238067626953,0.057971058413386345,0.0,1778.0,normal,22.349105834960938,22.349105834960938
0.0,0.010570538346655667,190.905029296875,0.05797104351222515,0.0,1779.0,normal,19.095516681671143,19.095516681671143
0.0,0.005136114777997136,236.7473907470703,0.057971054688096046,0.0,1780.0,normal,23.678665161132812,23.678665161132812
0.0,0.006201604846864939,193.88553619384766,0.0579710491001606,0.0,1781.0,normal,19.39269256591797,19.39269256591797
0.0,0.004344843153376132,194.29632568359375,0.0579710453748703,0.0,1782.0,normal,19.433402061462402,19.433402061462402
0.0,0.004245993914082646,182.8056640625,0.0579710491001606,0.0,1783.0,normal,18.28431510925293,18.28431510925293
0.0,0.004625971952918917,184.25648498535156,0.0579710491001606,0.0,1784.0,normal,18.42947292327881,18.42947292327881
0.0,0.004099233832675964,181.3318099975586,0.05797104351222515,0.0,1785.0,normal,18.136899948120117,18.136899948120117
0.0,0.004119683027965948,183.3074493408203,0.0579710491001606,0.0,1786.0,normal,18.334468364715576,18.334468364715576
0.0,0.004257069551385939,180.525634765625,0.05797104723751545,0.0,1787.0,normal,18.05631446838379,18.05631446838379
0.0,0.003961382375564426,180.58277893066406,0.0579710491001606,0.0,1788.0,normal,18.061969757080078,18.061969757080078
0.0,0.005280765006318688,177.6666259765625,0.05797105096280575,0.0,1789.0,normal,17.770617961883545,17.770617961883545
0.0,0.006075951969251037,187.51464462280273,0.05797105096280575,0.0,1790.0,normal,18.75557851791382,18.75557851791382
0.0,0.005070715269539505,199.66038513183594,0.05797104351222515,0.0,1791.0,normal,19.96995210647583,19.96995210647583
0.0,0.00418861216166988,176.34982299804688,0.0579710528254509,0.0,1792.0,normal,17.638718605041504,17.638718605041504
0.0,0.004683781240601093,188.98682403564453,0.0579710528254509,0.0,1793.0,normal,18.902518272399902,18.902518272399902
0.0,0.005318517214618623,174.43907928466797,0.0579710453748703,0.0,1794.0,normal,17.4478702545166,17.4478702545166
0.0,0.004723127174656838,179.7248077392578,0.05797104351222515,0.0,1795.0,normal,17.976324558258057,17.976324558258057
0.0,0.0047992520849220455,177.58011627197266,0.05797104723751545,0.0,1796.0,normal,17.76186990737915,17.76186990737915
0.0,0.005109320627525449,180.80387115478516,0.05797104351222515,0.0,1797.0,normal,18.084308624267578,18.084308624267578
0.0,0.004068499896675348,183.00191497802734,0.0579710453748703,0.0,1798.0,normal,18.303904056549072,18.303904056549072
0.0,0.004920403705909848,185.78797912597656,0.0579710453748703,0.0,1799.0,normal,18.58268165588379,18.58268165588379
0.0,0.0040580243221484125,186.09125518798828,0.05797104723751545,0.0,1800.0,normal,18.612836360931396,18.612836360931396
0.0,0.00464771143742837,176.44576263427734,0.05797105096280575,0.0,1801.0,normal,17.648405075073242,17.648405075073242
0.0,0.004323674220358953,199.26123046875,0.0579710453748703,0.0,1802.0,normal,19.929887771606445,19.929887771606445
0.0,0.006400422775186598,257.16017150878906,0.057971056550741196,0.0,1803.0,normal,25.72019672393799,25.72019672393799
0.0,0.01891487743705511,237.97605895996094,0.05797104723751545,0.0,1804.0,normal,23.804288864135742,23.804288864135742
0.0,0.024709169287234545,242.09024810791016,0.05797105096280575,0.0,1805.0,normal,24.21686553955078,24.21686553955078
0.0,0.03525272570550442,207.59186553955078,0.057971058413386345,0.0,1806.0,normal,20.769136428833008,20.769136428833008
0.0,0.04394383542239666,211.72696685791016,0.05797104164958,0.0,1807.0,normal,21.1843843460083,21.1843843460083
0.0,0.03411851078271866,177.66951751708984,0.05797104351222515,0.0,1808.0,normal,17.77667474746704,17.77667474746704
0.0,0.02992622647434473,243.76597595214844,0.05797106586396694,0.0,1809.0,normal,24.38548183441162,24.38548183441162
0.0,0.0356483394280076,213.49239349365234,0.05797104351222515,0.0,1810.0,normal,21.35926914215088,21.35926914215088
0.0,0.04213537462055683,190.0945587158203,0.05797104351222515,0.0,1811.0,normal,19.020782470703125,19.020782470703125
0.0,0.0464500617235899,242.44578552246094,0.057971060276031494,0.0,1812.0,normal,24.256768226623535,24.256768226623535
0.0,0.03667862620204687,195.4967498779297,0.05797104351222515,0.0,1813.0,normal,19.559910774230957,19.559910774230957
0.0,0.014011033345013857,204.94341278076172,0.05797104351222515,0.0,1814.0,normal,20.500043869018555,20.500043869018555
0.0,0.005489966133609414,206.19445037841797,0.0579710528254509,0.0,1815.0,normal,20.623443603515625,20.623443603515625
0.0,0.006196314934641123,173.9995574951172,0.0579710491001606,0.0,1816.0,normal,17.404094696044922,17.404094696044922
0.0,0.01019544544396922,191.57784271240234,0.05797104351222515,0.0,1817.0,normal,19.16272211074829,19.16272211074829
0.0,0.006280285422690213,233.3329315185547,0.057971058413386345,0.0,1818.0,normal,23.337449073791504,23.337449073791504
0.0,0.006119584257248789,175.33619689941406,0.05797104723751545,0.0,1819.0,normal,17.537742137908936,17.537742137908936
0.0,0.007928088307380676,211.90281677246094,0.05797103978693485,0.0,1820.0,normal,21.194766998291016,21.194766998291016
0.0,0.007934837602078915,226.119384765625,0.057971060276031494,0.0,1821.0,normal,22.616424560546875,22.616424560546875
0.0,0.0043875550327356905,214.73727416992188,0.05797104723751545,0.0,1822.0,normal,21.477503776550293,21.477503776550293
0.0,0.010292854625731707,199.73660278320312,0.05797104164958,0.0,1823.0,normal,19.978618144989014,19.978618144989014
0.0,0.011861845850944519,257.96026611328125,0.057971056550741196,0.0,1824.0,normal,25.80129909515381,25.80129909515381
0.0,0.004336811951361597,198.15618133544922,0.0579710379242897,0.0,1825.0,normal,19.81938409805298,19.81938409805298
0.0,0.006694435840472579,210.58924865722656,0.05797104164958,0.0,1826.0,normal,21.06316375732422,21.06316375732422
0.0,0.010507588274776936,221.95391082763672,0.05797105096280575,0.0,1827.0,normal,22.20039176940918,22.20039176940918
0.0,0.009851852897554636,193.31594848632812,0.05797104723751545,0.0,1828.0,normal,19.336464881896973,19.336464881896973
0.0,0.006636073580011725,195.75342559814453,0.05797104351222515,0.0,1829.0,normal,19.579569816589355,19.579569816589355
0.0,0.0053740800358355045,181.3327865600586,0.05797105096280575,0.0,1830.0,normal,18.13725185394287,18.13725185394287
0.0,0.009228469803929329,223.6230926513672,0.05797104723751545,0.0,1831.0,normal,22.367053985595703,22.367053985595703
0.0,0.012247014761669561,179.5720672607422,0.05797104723751545,0.0,1832.0,normal,17.962555408477783,17.962555408477783
0.0,0.008536887355148792,202.69684600830078,0.057971056550741196,0.0,1833.0,normal,20.274291038513184,20.274291038513184
0.0,0.007139933295547962,204.5768280029297,0.05797103978693485,0.0,1834.0,normal,20.46200942993164,20.46200942993164
0.0,0.006191889988258481,198.3756866455078,0.05797104723751545,0.0,1835.0,normal,19.84170627593994,19.84170627593994
0.0,0.004750376800075173,196.6657943725586,0.05797105096280575,0.0,1836.0,normal,19.67042827606201,19.67042827606201
0.0,0.005175684200366959,239.28705596923828,0.057971036061644554,0.0,1837.0,normal,23.93264102935791,23.93264102935791
0.0,0.010798559989780188,193.61827087402344,0.05797104164958,0.0,1838.0,normal,19.366886138916016,19.366886138916016
0.0,0.020794784650206566,240.32608032226562,0.05797105096280575,0.0,1839.0,normal,24.0396671295166,24.0396671295166
0.0,0.02063327096402645,223.3328628540039,0.05797104351222515,0.0,1840.0,normal,22.340312480926514,22.340312480926514
0.0,0.012541486416012049,190.9895782470703,0.05797105096280575,0.0,1841.0,normal,19.104365348815918,19.104365348815918
0.0,0.008037432446144521,197.27350616455078,0.05797104351222515,0.0,1842.0,normal,19.731857299804688,19.731857299804688
0.0,0.007123129442334175,199.3388214111328,0.05797103978693485,0.0,1843.0,normal,19.93820571899414,19.93820571899414
0.0,0.004401258018333465,186.92993927001953,0.05797105096280575,0.0,1844.0,normal,18.696773529052734,18.696773529052734
0.0,0.005154619517270476,179.91988372802734,0.05797104723751545,0.0,1845.0,normal,17.99591827392578,17.99591827392578
0.0,0.00763380853459239,186.48851013183594,0.05797104351222515,0.0,1846.0,normal,18.653276443481445,18.653276443481445
0.0,0.007206501206383109,184.63455963134766,0.05797104723751545,0.0,1847.0,normal,18.467795848846436,18.467795848846436
0.0,0.005462966568302363,170.0143699645996,0.05797104723751545,0.0,1848.0,normal,17.005428791046143,17.005428791046143
0.0,0.0059160704258829355,202.25733184814453,0.05797104164958,0.0,1849.0,normal,20.22981548309326,20.22981548309326
0.0,0.011571092531085014,236.07566833496094,0.057971056550741196,0.0,1850.0,normal,23.612781524658203,23.612781524658203
0.0,0.022061056457459927,188.40538787841797,0.05797104351222515,0.0,1851.0,normal,18.847851753234863,18.847851753234863
0.0,0.02014714479446411,228.36620330810547,0.05797103978693485,0.0,1852.0,normal,22.84354877471924,22.84354877471924
0.0,0.01918333675712347,184.44898223876953,0.05797104723751545,0.0,1853.0,normal,18.451634407043457,18.451634407043457
0.0,0.019405927509069443,174.1587905883789,0.0579710453748703,0.0,1854.0,normal,17.422658920288086,17.422658920288086
0.0,0.020088227465748787,259.67701721191406,0.05797103978693485,0.0,1855.0,normal,25.97461748123169,25.97461748123169
0.0,0.027650545467622578,209.27495574951172,0.057971054688096046,0.0,1856.0,normal,20.935925483703613,20.935925483703613
0.0,0.03231715876609087,203.29916381835938,0.0579710491001606,0.0,1857.0,normal,20.339279174804688,20.339279174804688
0.0,0.04092427063733339,205.94951248168945,0.05797103978693485,0.0,1858.0,normal,20.606035709381104,20.606035709381104
0.0,0.02807570155709982,194.48585891723633,0.05797104723751545,0.0,1859.0,normal,19.45710039138794,19.45710039138794
0.0,0.01958810444921255,191.30774688720703,0.0579710453748703,0.0,1860.0,normal,19.13759136199951,19.13759136199951
0.0,0.012408243026584387,183.70913696289062,0.05797104164958,0.0,1861.0,normal,18.37629508972168,18.37629508972168
0.0,0.010774705559015274,192.3152618408203,0.057971054688096046,0.0,1862.0,normal,19.236580848693848,19.236580848693848
0.0,0.010634461417794228,192.57881927490234,0.05797104723751545,0.0,1863.0,normal,19.26290798187256,19.26290798187256
0.0,0.0070924898609519005,180.8580780029297,0.05797104351222515,0.0,1864.0,normal,18.09012508392334,18.09012508392334
0.0,0.00877890968695283,187.57563018798828,0.05797105096280575,0.0,1865.0,normal,18.762218475341797,18.762218475341797
0.0,0.004661358427256346,165.17250442504883,0.05797104723751545,0.0,1866.0,normal,16.521081924438477,16.521081924438477
0.0,0.0039291923749260604,187.97470092773438,0.05797104164958,0.0,1867.0,normal,18.801156044006348,18.801156044006348
0.0,0.006599389482289553,212.31243133544922,0.05797104723751545,0.0,1868.0,normal,21.23546314239502,21.23546314239502
0.0,0.013584536034613848,173.88507843017578,0.05797104351222515,0.0,1869.0,normal,17.394124507904053,17.394124507904053
0.0,0.021428432315587997,230.61225128173828,0.0579710453748703,0.0,1870.0,normal,23.068410873413086,23.068410873413086
0.0,0.0210995904635638,179.86846160888672,0.0579710453748703,0.0,1871.0,normal,17.99396514892578,17.99396514892578
0.0,0.01238787907641381,180.21327209472656,0.05797104164958,0.0,1872.0,normal,18.02670383453369,18.02670383453369
0.0,0.0067391362972557545,191.83849334716797,0.05797105096280575,0.0,1873.0,normal,19.188096046447754,19.188096046447754
0.0,0.004484296776354313,165.88224411010742,0.05797104351222515,0.0,1874.0,normal,16.59202003479004,16.59202003479004
0.0,0.004171715467236936,233.22059631347656,0.057971036061644554,0.0,1875.0,normal,23.32579278945923,23.32579278945923
0.0,0.00861959857866168,191.7294158935547,0.057971056550741196,0.0,1876.0,normal,19.17756462097168,19.17756462097168
0.0,0.014619031455367804,184.35543060302734,0.05797105096280575,0.0,1877.0,normal,18.44136619567871,18.44136619567871
0.0,0.010033825412392616,207.60968017578125,0.05797103978693485,0.0,1878.0,normal,20.765873908996582,20.765873908996582
0.0,0.011265210807323456,185.23681640625,0.05797105096280575,0.0,1879.0,normal,18.528833389282227,18.528833389282227
0.0,0.005140006687724963,180.7003936767578,0.05797105096280575,0.0,1880.0,normal,18.07396697998047,18.07396697998047
0.0,0.006404221057891846,194.0615234375,0.05797103978693485,0.0,1881.0,normal,19.410332679748535,19.410332679748535
0.0,0.007201542612165213,210.89632415771484,0.057971054688096046,0.0,1882.0,normal,21.093972206115723,21.093972206115723
0.0,0.011003318708389997,203.4419174194336,0.0579710453748703,0.0,1883.0,normal,20.349292755126953,20.349292755126953
0.0,0.006198315342771821,184.98165893554688,0.0579710379242897,0.0,1884.0,normal,18.50230360031128,18.50230360031128
0.0,0.007341367891058326,227.8232879638672,0.0579710528254509,0.0,1885.0,normal,22.786697387695312,22.786697387695312
0.0,0.005444302689284086,246.6374969482422,0.05797103978693485,0.0,1886.0,normal,24.66773748397827,24.66773748397827
0.0,0.010283526731655002,223.1265106201172,0.05797103978693485,0.0,1887.0,normal,22.317606925964355,22.317606925964355
0.0,0.018416855949908495,211.30011749267578,0.05797105096280575,0.0,1888.0,normal,21.136594772338867,21.136594772338867
0.0,0.012642763555049896,221.52853393554688,0.0579710379242897,0.0,1889.0,normal,22.15828227996826,22.15828227996826
0.0,0.007771350210532546,187.6457061767578,0.05797104723751545,0.0,1890.0,normal,18.769023895263672,18.769023895263672
0.0,0.004362995066912845,207.872802734375,0.05797104723751545,0.0,1891.0,normal,20.79105281829834,20.79105281829834
0.0,0.004146141174715012,202.90026092529297,0.05797103978693485,0.0,1892.0,normal,20.293755531311035,20.293755531311035
0.0,0.008795019093668088,194.3943328857422,0.05797104351222515,0.0,1893.0,normal,19.444090843200684,19.444090843200684
0.0,0.007947307545691729,238.1235809326172,0.05797104723751545,0.0,1894.0,normal,23.81684684753418,23.81684684753418
0.0,0.010532925720326602,179.3488426208496,0.05797103978693485,0.0,1895.0,normal,17.939889907836914,17.939889907836914
0.0,0.01204356225207448,184.50699615478516,0.0579710491001606,0.0,1896.0,normal,18.456006050109863,18.456006050109863
0.0,0.0073844749422278255,172.34300994873047,0.05797104723751545,0.0,1897.0,normal,17.238677978515625,17.238677978515625
0.0,0.006122765596956015,170.86788940429688,0.0579710453748703,0.0,1898.0,normal,17.09091281890869,17.09091281890869
0.0,0.005003337864764035,174.67070770263672,0.05797104351222515,0.0,1899.0,normal,17.47097110748291,17.47097110748291
0.0,0.007052495348034427,181.09613800048828,0.05797104351222515,0.0,1900.0,normal,18.1139235496521,18.1139235496521
0.0,0.0059116694901604205,180.8633804321289,0.05797104723751545,0.0,1901.0,normal,18.090420722961426,18.090420722961426
0.0,0.005301897879689932,177.91175079345703,0.05797103978693485,0.0,1902.0,normal,17.79513454437256,17.79513454437256
0.0,0.009949503000825644,215.10800170898438,0.0579710528254509,0.0,1903.0,normal,21.515689849853516,21.515689849853516
0.0,0.022478478029370308,173.85769653320312,0.05797103978693485,0.0,1904.0,normal,17.39316463470459,17.39316463470459
0.0,0.012839014176279306,192.7476577758789,0.05797104164958,0.0,1905.0,normal,19.280232429504395,19.280232429504395
0.0,0.017519959481433034,180.1310157775879,0.05797104723751545,0.0,1906.0,normal,18.0195050239563,18.0195050239563
0.0,0.010193944443017244,189.7911834716797,0.05797104351222515,0.0,1907.0,normal,18.984057426452637,18.984057426452637
0.0,0.009355054760817438,187.64089965820312,0.05797104351222515,0.0,1908.0,normal,18.76885986328125,18.76885986328125
0.0,0.005444961250759661,179.37248992919922,0.05797104351222515,0.0,1909.0,normal,17.941237449645996,17.941237449645996
0.0,0.011494736419990659,184.11065673828125,0.05797104164958,0.0,1910.0,normal,18.416264533996582,18.416264533996582
0.0,0.005986438598483801,176.43897247314453,0.05797104164958,0.0,1911.0,normal,17.647992610931396,17.647992610931396
0.0,0.005066627636551857,192.59368896484375,0.0579710491001606,0.0,1912.0,normal,19.263280868530273,19.263280868530273
0.0,0.005427353666163981,166.94123077392578,0.05797104351222515,0.0,1913.0,normal,16.698107719421387,16.698107719421387
0.0,0.004316899401601404,180.8133087158203,0.05797104351222515,0.0,1914.0,normal,18.08509349822998,18.08509349822998
0.0,0.006258997600525618,168.52960205078125,0.05797104351222515,0.0,1915.0,normal,16.857110500335693,16.857110500335693
0.0,0.004367210320197046,169.8403778076172,0.05797104351222515,0.0,1916.0,normal,16.987809658050537,16.987809658050537
0.0,0.004861513676587492,196.4036865234375,0.05797104723751545,0.0,1917.0,normal,19.644241333007812,19.644241333007812
0.0,0.007027475105132908,174.84789276123047,0.05797104164958,0.0,1918.0,normal,17.489093780517578,17.489093780517578
0.0,0.008657996542751789,183.01343536376953,0.0579710379242897,0.0,1919.0,normal,18.30597496032715,18.30597496032715
0.0,0.006365042645484209,193.03042602539062,0.0579710528254509,0.0,1920.0,normal,19.307215213775635,19.307215213775635
0.0,0.006015315157128498,165.46676635742188,0.05797104164958,0.0,1921.0,normal,16.55077838897705,16.55077838897705
0.0,0.006584191927686334,200.51055908203125,0.0579710379242897,0.0,1922.0,normal,20.0552716255188,20.0552716255188
0.0,0.007282103062607348,208.10813903808594,0.0579710491001606,0.0,1923.0,normal,20.81516933441162,20.81516933441162
0.0,0.010000437498092651,190.247802734375,0.05797104164958,0.0,1924.0,normal,19.02967929840088,19.02967929840088
0.0,0.009915966307744384,200.4105682373047,0.057971036061644554,0.0,1925.0,normal,20.045940399169922,20.045940399169922
0.0,0.00406177862896584,215.0193099975586,0.05797105096280575,0.0,1926.0,normal,21.50564193725586,21.50564193725586
0.0,0.004504180164076388,203.8408966064453,0.0579710379242897,0.0,1927.0,normal,20.387890815734863,20.387890815734863
0.0,0.007134330226108432,192.92371368408203,0.057971034198999405,0.0,1928.0,normal,19.296696662902832,19.296696662902832
0.0,0.009707590099424124,196.21625518798828,0.05797105096280575,0.0,1929.0,normal,19.626465797424316,19.626465797424316
0.0,0.011938559589907527,158.6352882385254,0.05797104164958,0.0,1930.0,normal,15.868815898895264,15.868815898895264
0.0,0.00811481848359108,186.6971893310547,0.057971036061644554,0.0,1931.0,normal,18.67424201965332,18.67424201965332
0.0,0.008638854138553143,195.73638153076172,0.05797104723751545,0.0,1932.0,normal,19.578266143798828,19.578266143798828
0.0,0.01814175583422184,173.1035385131836,0.05797104723751545,0.0,1933.0,normal,17.31688117980957,17.31688117980957
0.0,0.03072315501049161,187.0270538330078,0.057971034198999405,0.0,1934.0,normal,18.711750030517578,18.711750030517578
0.0,0.026200749445706606,185.8365936279297,0.05797104723751545,0.0,1935.0,normal,18.591797828674316,18.591797828674316
0.0,0.01366891995712649,200.62955474853516,0.05797104164958,0.0,1936.0,normal,20.068588256835938,20.068588256835938
0.0,0.004829781217267737,216.18800354003906,0.05797104164958,0.0,1937.0,normal,21.622666358947754,21.622666358947754
0.0,0.004735226510092616,186.37530517578125,0.05797104723751545,0.0,1938.0,normal,18.64137601852417,18.64137601852417
0.0,0.010455672512762249,211.37903594970703,0.0579710379242897,0.0,1939.0,normal,21.142894744873047,21.142894744873047
0.0,0.016661603935062885,166.1444549560547,0.0579710453748703,0.0,1940.0,normal,16.62067699432373,16.62067699432373
0.0,0.008138933510053903,193.09964752197266,0.0579710528254509,0.0,1941.0,normal,19.314491748809814,19.314491748809814
0.0,0.010565407574176788,200.77024841308594,0.0579710379242897,0.0,1942.0,normal,20.082037448883057,20.082037448883057
0.0,0.008176769246347249,159.69125366210938,0.0579710453748703,0.0,1943.0,normal,15.973659038543701,15.973659038543701
0.0,0.006922228028997779,196.82604217529297,0.0579710528254509,0.0,1944.0,normal,19.686888694763184,19.686888694763184
0.0,0.011283158557489514,191.6505889892578,0.057971036061644554,0.0,1945.0,normal,19.17021656036377,19.17021656036377
0.0,0.004652030766010284,263.57273864746094,0.0579710491001606,0.0,1946.0,normal,26.361104011535645,26.361104011535645
0.0,0.01242075813934207,181.88898468017578,0.05797104164958,0.0,1947.0,normal,18.19428253173828,18.19428253173828
0.0,0.008650306961499155,192.29312133789062,0.057971036061644554,0.0,1948.0,normal,19.23394203186035,19.23394203186035
0.0,0.005564331047935411,182.18070220947266,0.0579710491001606,0.0,1949.0,normal,18.22208309173584,18.22208309173584
0.0,0.00595256662927568,182.13440704345703,0.05797104164958,0.0,1950.0,normal,18.217530727386475,18.217530727386475
0.0,0.008196303155273199,175.43225479125977,0.05797104351222515,0.0,1951.0,normal,17.54776382446289,17.54776382446289
0.0,0.0076498896814882755,220.59127807617188,0.05797104723751545,0.0,1952.0,normal,22.063557624816895,22.063557624816895
0.0,0.004649028705898672,173.07801055908203,0.05797103978693485,0.0,1953.0,normal,17.31162929534912,17.31162929534912
0.0,0.004922634630929679,187.50824737548828,0.05797104164958,0.0,1954.0,normal,18.754709243774414,18.754709243774414
0.0,0.00417926802765578,190.36356353759766,0.05797104723751545,0.0,1955.0,normal,19.04009246826172,19.04009246826172
0.0,0.006088195543270558,171.74872589111328,0.05797103978693485,0.0,1956.0,normal,17.17898941040039,17.17898941040039
0.0,0.004296434199204668,176.80029296875,0.05797104723751545,0.0,1957.0,normal,17.68378734588623,17.68378734588623
0.0,0.004867269250098616,167.51844024658203,0.05797104351222515,0.0,1958.0,normal,16.75571632385254,16.75571632385254
0.0,0.007073590881191194,168.0890350341797,0.05797104351222515,0.0,1959.0,normal,16.813218116760254,16.813218116760254
0.0,0.00429213052848354,163.0559539794922,0.05797104164958,0.0,1960.0,normal,16.3093523979187,16.3093523979187
0.0,0.0054403068497776985,165.40897369384766,0.05797103978693485,0.0,1961.0,normal,16.54488468170166,16.54488468170166
0.0,0.009199397405609488,160.75340270996094,0.05797103978693485,0.0,1962.0,normal,16.080079078674316,16.080079078674316
0.0,0.0072367091197520494,173.9593505859375,0.0579710379242897,0.0,1963.0,normal,17.40028142929077,17.40028142929077
0.0,0.005798482889076695,189.38411712646484,0.0579710491001606,0.0,1964.0,normal,18.94247055053711,18.94247055053711
0.0,0.006584337446838617,155.3404769897461,0.05797104164958,0.0,1965.0,normal,15.538264274597168,15.538264274597168
0.0,0.004577621468342841,181.48299407958984,0.0579710379242897,0.0,1966.0,normal,18.152114868164062,18.152114868164062
0.0,0.004690392641350627,194.03140258789062,0.0579710453748703,0.0,1967.0,normal,19.4069766998291,19.4069766998291
0.0,0.00653356418479234,189.21758270263672,0.0579710379242897,0.0,1968.0,normal,18.92596435546875,18.92596435546875
0.0,0.015108680352568626,192.9494400024414,0.05797104723751545,0.0,1969.0,normal,19.300864219665527,19.300864219665527
0.0,0.023619105108082294,179.07022094726562,0.05797104723751545,0.0,1970.0,normal,17.914645671844482,17.914645671844482
0.0,0.028003009036183357,170.3054428100586,0.05797104164958,0.0,1971.0,normal,17.03904390335083,17.03904390335083
0.0,0.013452354993205518,168.43685913085938,0.05797104351222515,0.0,1972.0,normal,16.849276065826416,16.849276065826416
0.0,0.018485248321667314,170.9354705810547,0.05797104351222515,0.0,1973.0,normal,17.100143432617188,17.100143432617188
0.0,0.009349952801130712,164.41531372070312,0.05797104351222515,0.0,1974.0,normal,16.446300506591797,16.446300506591797
0.0,0.014886051882058382,166.30056762695312,0.05797104351222515,0.0,1975.0,normal,16.63593292236328,16.63593292236328
0.0,0.010443872539326549,163.78775787353516,0.05797103978693485,0.0,1976.0,normal,16.383764266967773,16.383764266967773
0.0,0.013846679124981165,164.3554801940918,0.05797104351222515,0.0,1977.0,normal,16.441216468811035,16.441216468811035
0.0,0.011197334213647991,161.59009552001953,0.05797103978693485,0.0,1978.0,normal,16.164148330688477,16.164148330688477
0.0,0.010233767330646515,163.4169464111328,0.0579710453748703,0.0,1979.0,normal,16.346640586853027,16.346640586853027
0.0,0.007252927403897047,199.3747329711914,0.057971034198999405,0.0,1980.0,normal,19.94182300567627,19.94182300567627
0.0,0.004089130670763552,161.52474212646484,0.0579710491001606,0.0,1981.0,normal,16.15619134902954,16.15619134902954
0.0,0.005742333829402924,213.15441131591797,0.05797104351222515,0.0,1982.0,normal,21.319490432739258,21.319490432739258
0.0,0.009596595948096365,193.7108383178711,0.05797104164958,0.0,1983.0,normal,19.37590217590332,19.37590217590332
0.0,0.00901306257583201,162.06297302246094,0.05797103978693485,0.0,1984.0,normal,16.21099853515625,16.21099853515625
0.0,0.012573904823511839,171.97365188598633,0.057971036061644554,0.0,1985.0,normal,17.20277976989746,17.20277976989746
0.0,0.011416292982175946,185.3828582763672,0.05797104351222515,0.0,1986.0,normal,18.543468952178955,18.543468952178955
0.0,0.010053266771137714,159.65961456298828,0.05797104351222515,0.0,1987.0,normal,15.970870971679688,15.970870971679688
0.0,0.010544108925387263,176.88211822509766,0.05797103978693485,0.0,1988.0,normal,17.693220138549805,17.693220138549805
0.0,0.009746145457029343,175.88089752197266,0.05797104723751545,0.0,1989.0,normal,17.59293842315674,17.59293842315674
0.0,0.014397356659173965,177.21741485595703,0.05797104723751545,0.0,1990.0,normal,17.727519512176514,17.727519512176514
0.0,0.014758017845451832,168.24293518066406,0.05797103978693485,0.0,1991.0,normal,16.83014440536499,16.83014440536499
0.0,0.015254807658493519,192.18767547607422,0.0579710453748703,0.0,1992.0,normal,19.224719047546387,19.224719047546387
0.0,0.011728093959391117,160.78665161132812,0.05797104351222515,0.0,1993.0,normal,16.08390998840332,16.08390998840332
0.0,0.008019702101591974,161.78072357177734,0.0579710453748703,0.0,1994.0,normal,16.18257474899292,16.18257474899292
0.0,0.011873765382915735,157.9092788696289,0.05797104351222515,0.0,1995.0,normal,15.796201705932617,15.796201705932617
0.0,0.015043316874653101,161.4037094116211,0.05797104164958,0.0,1996.0,normal,16.146278858184814,16.146278858184814
0.0,0.009411853738129139,187.35591888427734,0.05797104164958,0.0,1997.0,normal,18.740373611450195,18.740373611450195
0.0,0.0151405471842736,181.1347885131836,0.05797104351222515,0.0,1998.0,normal,18.11940622329712,18.11940622329712
0.0,0.012932169251143932,162.00995635986328,0.0579710453748703,0.0,1999.0,normal,16.206480503082275,16.206480503082275
0.0,0.013474015519022942,179.34754943847656,0.05797104351222515,0.0,2000.0,normal,17.940349578857422,17.940349578857422
