7.5889e-13,44.681
2.0001e-08,44.681
4e-08,44.682
6e-08,44.682
8e-08,44.681
1e-07,43.082
1.2e-07,41.482
1.4e-07,40.681
1.6e-07,37.481
1.8e-07,35.082
2e-07,33.481
2.2e-07,31.882
2.4e-07,30.282
2.6e-07,30.281
2.8e-07,28.682
3e-07,28.682
3.2e-07,27.881
3.4e-07,30.282
3.6e-07,31.881
3.8e-07,35.082
4e-07,38.282
4.2e-07,41.482
4.4e-07,44.682
4.6e-07,42.282
4.8e-07,44.681
5e-07,44.682
5.2e-07,44.682
5.4e-07,44.682
5.6e-07,43.882
5.8e-07,43.081
6e-07,43.882
6.2e-07,43.082
6.4e-07,43.081
6.6e-07,43.081
6.8e-07,43.082
7e-07,43.081
7.2e-07,43.082
7.4e-07,43.081
7.6e-07,43.083
7.8e-07,42.281
8e-07,43.081
8.2e-07,42.281
8.4e-07,43.081
8.6e-07,43.081
8.8e-07,43.082
9e-07,43.082
9.2e-07,42.281
9.4e-07,43.082
9.6e-07,42.282
9.8e-07,42.282
1e-06,43.082
1.02e-06,42.281
1.04e-06,42.281
1.06e-06,43.083
1.08e-06,42.282
1.1e-06,41.482
1.12e-06,42.281
1.14e-06,42.282
1.16e-06,42.282
1.18e-06,42.281
1.2e-06,41.482
1.22e-06,41.482
1.24e-06,42.281
1.26e-06,42.281
1.28e-06,42.281
1.3e-06,42.281
1.32e-06,41.481
1.34e-06,41.481
1.36e-06,41.483
1.38e-06,41.482
1.4e-06,41.482
1.42e-06,41.482
1.44e-06,41.481
1.46e-06,41.481
1.48e-06,41.482
1.5e-06,41.481
1.52e-06,41.482
1.54e-06,41.481
1.56e-06,41.482
1.58e-06,41.483
1.6e-06,41.481
1.62e-06,41.482
1.64e-06,41.482
1.66e-06,41.482
1.68e-06,41.481
1.7e-06,41.482
1.72e-06,40.681
1.74e-06,41.481
1.76e-06,41.482
1.78e-06,41.481
1.8e-06,41.481
1.82e-06,41.482
1.84e-06,41.482
1.86e-06,41.482
1.88e-06,41.482
1.9e-06,40.681
1.92e-06,41.483
1.94e-06,41.483
1.96e-06,40.682
1.98e-06,41.482
2e-06,40.681
2.02e-06,40.681
2.04e-06,40.681
2.06e-06,41.483
2.08e-06,40.682
2.1e-06,39.881
2.12e-06,41.482
2.14e-06,40.682
2.16e-06,40.681
2.18e-06,41.481
2.2e-06,40.682
2.22e-06,40.681
2.24e-06,39.882
2.26e-06,40.682
2.28e-06,39.882
2.3e-06,40.681
2.32e-06,39.882
2.34e-06,40.682
2.36e-06,39.882
2.38e-06,40.682
2.4e-06,39.881
2.42e-06,39.881
2.44e-06,39.881
2.46e-06,40.681
2.48e-06,39.882
2.5e-06,39.881
2.52e-06,39.882
2.54e-06,40.681
2.56e-06,39.881
2.58e-06,39.882
2.6e-06,39.881
2.62e-06,40.682
2.64e-06,39.882
2.66e-06,39.881
2.68e-06,39.881
2.7e-06,39.081
2.72e-06,39.881
2.74e-06,39.081
2.76e-06,39.882
2.78e-06,39.882
2.8e-06,39.882
2.82e-06,39.882
2.84e-06,39.882
2.86e-06,39.881
2.88e-06,39.883
2.9e-06,39.882
2.92e-06,39.882
2.94e-06,39.082
2.96e-06,39.881
2.98e-06,39.882
3e-06,39.082
3.02e-06,39.081
3.04e-06,39.882
3.06e-06,39.881
3.08e-06,41.481
3.1e-06,42.281
3.12e-06,35.081
3.14e-06,10.281
3.16e-06,-4.1179
3.18e-06,-23.318
3.2e-06,-37.718
3.22e-06,-40.118
3.24e-06,-40.118
3.26e-06,-40.919
3.28e-06,-35.319
3.3e-06,-9.7193
3.32e-06,7.0807
3.34e-06,27.081
3.36e-06,41.482
3.38e-06,43.082
3.4e-06,43.082
3.42e-06,43.882
3.44e-06,43.881
3.46e-06,43.081
3.48e-06,41.481
3.5e-06,39.881
3.52e-06,38.281
3.54e-06,35.082
3.56e-06,35.083
3.58e-06,42.282
3.6e-06,25.482
3.62e-06,-12.118
3.64e-06,-28.119
3.66e-06,-37.718
3.68e-06,-40.918
3.7e-06,-40.918
3.72e-06,-40.918
3.74e-06,-40.919
3.76e-06,-40.919
3.78e-06,-40.118
3.8e-06,-40.918
3.82e-06,-32.918
3.84e-06,-12.119
3.86e-06,0.68065
3.88e-06,14.282
3.9e-06,25.481
3.92e-06,33.482
3.94e-06,38.281
3.96e-06,40.682
3.98e-06,42.281
4e-06,43.081
4.02e-06,43.882
4.04e-06,43.082
4.06e-06,43.082
4.08e-06,39.081
4.1e-06,30.281
4.12e-06,22.282
4.14e-06,11.081
4.16e-06,-1.7193
4.18e-06,-16.919
4.2e-06,-29.718
4.22e-06,-38.519
4.24e-06,-40.119
4.26e-06,-40.919
4.28e-06,-40.918
4.3e-06,-40.919
4.32e-06,-40.918
4.34e-06,-40.918
4.36e-06,-40.919
4.38e-06,-31.318
4.4e-06,-1.7193
4.42e-06,15.081
4.44e-06,32.682
4.46e-06,41.481
4.48e-06,43.881
4.5e-06,43.882
4.52e-06,44.682
4.54e-06,44.682
4.56e-06,44.682
4.58e-06,44.682
4.6e-06,36.681
4.62e-06,10.282
4.64e-06,-8.9193
4.66e-06,-27.319
4.68e-06,-37.718
4.7e-06,-40.118
4.72e-06,-40.918
4.74e-06,-40.919
4.76e-06,-40.918
4.78e-06,-40.918
4.8e-06,-40.918
4.82e-06,-41.718
4.84e-06,-39.319
4.86e-06,-16.118
4.88e-06,6.2835
4.9e-06,21.482
4.92e-06,34.281
4.94e-06,41.481
4.96e-06,42.281
4.98e-06,43.082
5e-06,44.682
5.02e-06,41.482
5.04e-06,35.882
5.06e-06,23.082
5.08e-06,11.881
5.1e-06,0.68207
5.12e-06,-10.519
5.14e-06,-20.918
5.16e-06,-28.119
5.18e-06,-34.518
5.2e-06,-36.118
5.22e-06,-37.719
5.24e-06,-37.719
5.26e-06,-36.118
5.28e-06,-30.518
5.3e-06,-24.918
5.32e-06,-19.318
5.34e-06,-12.919
5.36e-06,-7.3179
5.38e-06,-2.5179
5.4e-06,2.2807
5.42e-06,6.2821
5.44e-06,9.4807
5.46e-06,11.881
5.48e-06,12.682
5.5e-06,13.482
5.52e-06,13.481
5.54e-06,12.683
5.56e-06,11.882
5.58e-06,9.4807
5.6e-06,6.2821
5.62e-06,3.8821
5.64e-06,1.4807
5.66e-06,-2.5179
5.68e-06,-5.7179
5.7e-06,-10.519
5.72e-06,-13.718
5.74e-06,-17.718
5.76e-06,-20.919
5.78e-06,-22.518
5.8e-06,-24.119
5.82e-06,-24.119
5.84e-06,-23.318
5.86e-06,-21.719
5.88e-06,-18.518
5.9e-06,-14.518
5.92e-06,-10.518
5.94e-06,-5.7179
5.96e-06,-0.11793
5.98e-06,4.6807
6e-06,11.081
6.02e-06,14.282
6.04e-06,16.681
6.06e-06,19.081
6.08e-06,17.481
6.1e-06,13.481
6.12e-06,9.4807
6.14e-06,3.8821
6.16e-06,-3.3165
6.18e-06,-12.918
6.2e-06,-20.919
6.22e-06,-29.718
6.24e-06,-34.519
6.26e-06,-36.919
6.28e-06,-37.717
6.3e-06,-36.118
6.32e-06,-31.319
6.34e-06,-22.519
6.36e-06,-12.118
6.38e-06,-0.11793
6.4e-06,10.282
6.42e-06,19.881
6.44e-06,27.881
6.46e-06,31.882
6.48e-06,35.082
6.5e-06,34.282
6.52e-06,28.681
6.54e-06,20.683
6.56e-06,11.082
6.58e-06,0.68207
6.6e-06,-12.118
6.62e-06,-22.518
6.64e-06,-32.918
6.66e-06,-37.718
6.68e-06,-38.518
6.7e-06,-40.118
6.72e-06,-40.919
6.74e-06,-40.919
6.76e-06,-38.518
6.78e-06,-31.319
6.8e-06,-13.719
6.82e-06,-2.5179
6.84e-06,9.4821
6.86e-06,20.681
6.88e-06,28.682
6.9e-06,34.282
6.92e-06,35.081
6.94e-06,34.282
6.96e-06,30.281
6.98e-06,23.882
7e-06,15.882
7.02e-06,6.2807
7.04e-06,-2.5193
7.06e-06,-12.919
7.08e-06,-19.319
7.1e-06,-25.717
7.12e-06,-31.319
7.14e-06,-32.919
7.16e-06,-32.918
7.18e-06,-31.29
7.2e-06,-28.054
7.22e-06,-23.258
7.24e-06,-17.657
7.26e-06,-11.257
7.28e-06,-4.8556
7.3e-06,0.74718
7.32e-06,3.9472
7.34e-06,7.1472
7.36e-06,10.347
7.38e-06,9.5458
7.4e-06,9.5458
7.42e-06,7.9458
7.44e-06,6.3444
7.46e-06,3.9444
7.48e-06,2.3429
7.5e-06,-0.85706
7.52e-06,-4.0585
7.54e-06,-5.6571
7.56e-06,-8.0556
7.58e-06,-9.6571
7.6e-06,-10.599
7.62e-06,-11.394
7.64e-06,-12.197
7.66e-06,-12.196
7.68e-06,-12.197
7.7e-06,-11.394
7.72e-06,-10.593
7.74e-06,-10.589
7.76e-06,-10.584
7.78e-06,-8.9802
7.8e-06,-8.976
7.82e-06,-7.3746
7.84e-06,-5.7731
7.86e-06,-4.9689
7.88e-06,-3.3689
7.9e-06,-1.7675
7.92e-06,0.63252
7.94e-06,3.0311
7.96e-06,3.8254
7.98e-06,4.6212
8e-06,4.6141
8.02e-06,4.6085
8.04e-06,3.8042
8.06e-06,3.007
8.08e-06,-0.19721
8.1e-06,-3.3972
8.12e-06,-8.9972
8.14e-06,-13.797
8.16e-06,-19.397
8.18e-06,-24.194
8.2e-06,-25.794
8.22e-06,-27.394
8.24e-06,-27.394
8.26e-06,-24.194
8.28e-06,-20.196
8.3e-06,-13.794
8.32e-06,-4.193
8.34e-06,3.8056
8.36e-06,12.607
8.38e-06,19.806
8.4e-06,25.407
8.42e-06,27.006
8.44e-06,28.607
8.46e-06,26.206
8.48e-06,21.406
8.5e-06,13.407
8.52e-06,4.607
8.54e-06,-5.793
8.56e-06,-16.993
8.58e-06,-24.993
8.6e-06,-34.593
8.62e-06,-37.793
8.64e-06,-38.592
8.66e-06,-38.593
8.68e-06,-39.392
8.7e-06,-39.393
8.72e-06,-35.392
8.74e-06,-21.793
8.76e-06,-10.593
8.78e-06,1.4085
8.8e-06,12.608
8.82e-06,22.208
8.84e-06,30.208
8.86e-06,35.008
8.88e-06,35.807
8.9e-06,34.208
8.92e-06,28.608
8.94e-06,22.208
8.96e-06,13.408
8.98e-06,3.8085
9e-06,-5.7915
9.02e-06,-16.992
9.04e-06,-24.992
9.06e-06,-32.192
9.08e-06,-35.392
9.1e-06,-36.192
9.12e-06,-36.992
9.14e-06,-36.192
9.16e-06,-31.392
9.18e-06,-23.392
9.2e-06,-16.192
9.22e-06,-8.9915
9.24e-06,-1.7915
9.26e-06,3.8085
9.28e-06,9.4085
9.3e-06,12.61
9.32e-06,15.808
9.34e-06,15.81
9.36e-06,15.81
9.38e-06,12.61
9.4e-06,9.4085
9.42e-06,6.2099
9.44e-06,3.0085
9.46e-06,-0.99154
9.48e-06,-4.1901
9.5e-06,-8.9915
9.52e-06,-10.592
9.54e-06,-12.99
9.56e-06,-13.792
9.58e-06,-14.592
9.6e-06,-14.59
9.62e-06,-13.79
9.64e-06,-12.992
9.66e-06,-12.19
9.68e-06,-11.39
9.7e-06,-10.59
9.72e-06,-9.7901
9.74e-06,-8.9901
9.76e-06,-8.1887
9.78e-06,-5.7901
9.8e-06,-5.7887
9.82e-06,-4.1887
9.84e-06,-2.5887
9.86e-06,-0.98871
9.88e-06,0.60987
9.9e-06,2.2099
9.92e-06,3.8127
9.94e-06,4.6099
9.96e-06,6.2113
9.98e-06,5.4113
1e-05,4.6099
1.002e-05,3.8113
1.004e-05,1.4113
1.006e-05,-1.7887
1.008e-05,-4.9887
1.01e-05,-11.389
1.012e-05,-15.389
1.014e-05,-20.989
1.016e-05,-24.989
1.018e-05,-27.387
1.02e-05,-26.589
1.022e-05,-24.987
1.024e-05,-21.79
1.026e-05,-16.987
1.028e-05,-8.9887
1.03e-05,-0.98871
1.032e-05,7.8113
1.034e-05,15.011
1.036e-05,20.611
1.038e-05,24.611
1.04e-05,27.011
1.042e-05,25.413
1.044e-05,22.211
1.046e-05,15.811
1.048e-05,7.8113
1.05e-05,-0.98871
1.052e-05,-10.589
1.054e-05,-19.387
1.056e-05,-28.187
1.058e-05,-34.587
1.06e-05,-36.989
1.062e-05,-37.789
1.064e-05,-39.389
1.066e-05,-37.786
1.068e-05,-34.589
1.07e-05,-22.59
1.072e-05,-12.993
1.074e-05,-2.5944
1.076e-05,7.0056
1.078e-05,16.604
1.08e-05,23.804
1.082e-05,28.606
1.084e-05,31.808
1.086e-05,30.214
1.088e-05,27.017
1.09e-05,20.621
1.092e-05,14.225
1.094e-05,5.4283
1.096e-05,-2.5703
1.098e-05,-12.969
1.1e-05,-19.386
1.102e-05,-28.177
1.104e-05,-30.519
1.106e-05,-32.895
1.108e-05,-32.088
1.11e-05,-31.285
1.112e-05,-28.085
1.114e-05,-21.692
1.116e-05,-15.305
1.118e-05,-8.925
1.12e-05,-2.542
1.122e-05,3.0424
1.124e-05,6.2325
1.126e-05,9.4283
1.128e-05,11.823
1.13e-05,11.82
1.132e-05,11.02
1.134e-05,7.8254
1.136e-05,6.2354
1.138e-05,3.8438
1.14e-05,0.65375
1.142e-05,-2.5406
1.144e-05,-4.1378
1.146e-05,-7.3335
1.148e-05,-8.925
1.15e-05,-9.7236
1.152e-05,-9.7222
1.154e-05,-8.9222
1.156e-05,-8.9222
1.158e-05,-8.1193
1.16e-05,-8.9179
1.162e-05,-8.9123
1.164e-05,-7.3109
1.166e-05,-8.1109
1.168e-05,-8.1094
1.17e-05,-8.108
1.172e-05,-8.9038
1.174e-05,-8.9038
1.176e-05,-8.108
1.178e-05,-6.5109
1.18e-05,-5.7151
1.182e-05,-4.1179
1.184e-05,-2.5208
1.186e-05,-1.725
1.188e-05,0.67357
1.19e-05,3.0707
1.192e-05,3.8693
1.194e-05,4.6707
1.196e-05,5.4736
1.198e-05,4.675
1.2e-05,3.8778
1.202e-05,1.4821
1.204e-05,-1.7151
1.206e-05,-5.7094
1.208e-05,-10.504
1.21e-05,-15.302
1.212e-05,-20.1
1.214e-05,-22.5
1.216e-05,-23.302
1.218e-05,-22.502
1.22e-05,-20.905
1.222e-05,-16.908
1.224e-05,-12.112
1.226e-05,-4.9137
1.228e-05,3.0807
1.23e-05,8.6778
1.232e-05,15.078
1.234e-05,19.078
1.236e-05,20.678
1.238e-05,20.679
1.24e-05,19.081
1.242e-05,15.082
1.244e-05,9.4863
1.246e-05,2.2906
1.248e-05,-5.708
1.25e-05,-15.308
1.252e-05,-20.905
1.254e-05,-28.102
1.256e-05,-32.102
1.258e-05,-33.702
1.26e-05,-35.302
1.262e-05,-32.905
1.264e-05,-28.105
1.266e-05,-22.508
1.268e-05,-13.708
1.27e-05,-5.708
1.272e-05,3.0891
1.274e-05,10.286
1.276e-05,17.485
1.278e-05,22.283
1.28e-05,25.485
1.282e-05,23.885
1.284e-05,22.285
1.286e-05,17.483
1.288e-05,12.681
1.29e-05,5.4835
1.292e-05,-0.9151
1.294e-05,-8.9137
1.296e-05,-15.312
1.298e-05,-21.711
1.3e-05,-24.911
1.302e-05,-26.507
1.304e-05,-26.502
1.306e-05,-24.9
1.308e-05,-22.497
1.31e-05,-18.497
1.312e-05,-12.9
1.314e-05,-8.0995
1.316e-05,-2.4995
1.318e-05,1.4991
1.32e-05,4.6962
1.322e-05,6.292
1.324e-05,7.0877
1.326e-05,7.0863
1.328e-05,6.2849
1.33e-05,4.6849
1.332e-05,3.0849
1.334e-05,-0.11652
1.336e-05,-1.7165
1.338e-05,-4.1137
1.34e-05,-5.7137
1.342e-05,-6.5109
1.344e-05,-8.1094
1.346e-05,-7.3094
1.348e-05,-5.708
1.35e-05,-4.9066
1.352e-05,-4.1052
1.354e-05,-4.1024
1.356e-05,-3.3024
1.358e-05,-3.3009
1.36e-05,-4.1024
1.362e-05,-4.9009
1.364e-05,-5.7009
1.366e-05,-7.2995
1.368e-05,-8.9024
1.37e-05,-8.9024
1.372e-05,-8.9052
1.374e-05,-9.7066
1.376e-05,-8.908
1.378e-05,-8.9094
1.38e-05,-7.3123
1.382e-05,-4.9137
1.384e-05,-3.3151
1.386e-05,-0.9151
1.388e-05,0.68348
1.39e-05,3.8849
1.392e-05,3.8849
1.394e-05,4.6863
1.396e-05,3.8863
1.398e-05,3.0877
1.4e-05,2.2891
1.402e-05,-1.708
1.404e-05,-4.9052
1.406e-05,-9.7052
1.408e-05,-12.904
1.41e-05,-16.102
1.412e-05,-18.502
1.414e-05,-18.502
1.416e-05,-17.702
1.418e-05,-15.304
1.42e-05,-12.105
1.422e-05,-8.1066
1.424e-05,-1.708
1.426e-05,3.892
1.428e-05,8.692
1.43e-05,11.889
1.432e-05,14.288
1.434e-05,15.088
1.436e-05,14.288
1.438e-05,11.088
1.44e-05,7.0877
1.442e-05,3.0891
1.444e-05,-3.3109
1.446e-05,-10.511
1.448e-05,-16.109
1.45e-05,-20.908
1.452e-05,-24.908
1.454e-05,-28.108
1.456e-05,-28.107
1.458e-05,-26.505
1.46e-05,-22.507
1.462e-05,-18.505
1.464e-05,-12.104
1.466e-05,-4.9038
1.468e-05,2.2948
1.47e-05,7.0948
1.472e-05,12.695
1.474e-05,16.693
1.476e-05,19.892
1.478e-05,19.092
1.48e-05,17.492
1.482e-05,14.291
1.484e-05,9.4891
1.486e-05,3.8891
1.488e-05,-0.91086
1.49e-05,-8.9109
1.492e-05,-12.909
1.494e-05,-18.509
1.496e-05,-21.708
1.498e-05,-24.108
1.5e-05,-23.308
1.502e-05,-20.908
1.504e-05,-19.305
1.506e-05,-15.305
1.508e-05,-10.502
1.51e-05,-5.7038
1.512e-05,-0.90378
1.514e-05,3.0962
1.516e-05,4.6948
1.518e-05,6.2948
1.52e-05,7.0934
1.522e-05,7.0934
1.524e-05,5.4906
1.526e-05,3.8906
1.528e-05,2.2891
1.53e-05,-1.7109
1.532e-05,-4.1123
1.534e-05,-5.7109
1.536e-05,-6.5123
1.538e-05,-8.9123
1.54e-05,-8.9123
1.542e-05,-8.9109
1.544e-05,-7.3109
1.546e-05,-5.7094
1.548e-05,-4.108
1.55e-05,-3.308
1.552e-05,-2.508
1.554e-05,-2.5052
1.556e-05,-2.5038
1.558e-05,-2.5038
1.56e-05,-2.5024
1.562e-05,-4.1038
1.564e-05,-5.7038
1.566e-05,-6.5024
1.568e-05,-8.1052
1.57e-05,-8.9052
1.572e-05,-8.1052
1.574e-05,-8.1066
1.576e-05,-8.108
1.578e-05,-6.508
1.58e-05,-4.9094
1.582e-05,-3.3094
1.584e-05,-0.90944
1.586e-05,0.69056
1.588e-05,2.2906
1.59e-05,3.8906
1.592e-05,3.0906
1.594e-05,2.292
1.596e-05,1.492
1.598e-05,-0.10944
1.6e-05,-3.308
1.602e-05,-5.7052
1.604e-05,-9.7052
1.606e-05,-12.905
1.608e-05,-14.505
1.61e-05,-15.305
1.612e-05,-15.305
1.614e-05,-12.905
1.616e-05,-11.304
1.618e-05,-7.3038
1.62e-05,-3.3052
1.622e-05,0.69198
1.624e-05,5.492
1.626e-05,8.692
1.628e-05,11.091
1.63e-05,11.091
1.632e-05,11.091
1.634e-05,8.6891
1.636e-05,6.2906
1.638e-05,3.0891
1.64e-05,-2.5094
1.642e-05,-8.9094
1.644e-05,-13.709
1.646e-05,-16.908
1.648e-05,-20.109
1.65e-05,-23.309
1.652e-05,-24.108
1.654e-05,-22.508
1.656e-05,-20.907
1.658e-05,-16.105
1.66e-05,-11.307
1.662e-05,-4.9066
1.664e-05,0.69198
1.666e-05,4.6934
1.668e-05,9.4948
1.67e-05,12.693
1.672e-05,15.893
1.674e-05,16.692
1.676e-05,15.892
1.678e-05,12.691
1.68e-05,8.692
1.682e-05,4.6906
1.684e-05,-0.10944
1.686e-05,-5.7109
1.688e-05,-11.311
1.69e-05,-16.109
1.692e-05,-20.109
1.694e-05,-21.709
1.696e-05,-21.709
1.698e-05,-20.911
1.7e-05,-18.511
1.702e-05,-15.308
1.704e-05,-11.309
1.706e-05,-6.508
1.708e-05,-1.708
1.71e-05,2.292
1.712e-05,4.692
1.714e-05,6.2934
1.716e-05,7.092
1.718e-05,7.092
1.72e-05,6.2934
1.722e-05,4.692
1.724e-05,2.292
1.726e-05,-0.10802
1.728e-05,-2.508
1.73e-05,-4.908
1.732e-05,-6.508
1.734e-05,-8.108
1.736e-05,-8.908
1.738e-05,-9.7094
1.74e-05,-8.9094
1.742e-05,-7.308
1.744e-05,-4.908
1.746e-05,-3.3109
1.748e-05,-2.5094
1.75e-05,-2.508
1.752e-05,-2.5109
1.754e-05,-2.508
1.756e-05,-2.508
1.758e-05,-3.308
1.76e-05,-4.108
1.762e-05,-4.9094
1.764e-05,-5.708
1.766e-05,-6.508
1.768e-05,-6.508
1.77e-05,-6.508
1.772e-05,-5.708
1.774e-05,-4.908
1.776e-05,-3.308
1.778e-05,-2.508
1.78e-05,-0.90802
1.782e-05,-0.10802
1.784e-05,1.492
1.786e-05,2.292
1.788e-05,2.292
1.79e-05,0.69198
1.792e-05,0.69198
1.794e-05,-0.90944
1.796e-05,-3.3094
1.798e-05,-5.708
1.8e-05,-8.1094
1.802e-05,-11.308
1.804e-05,-13.708
1.806e-05,-13.708
1.808e-05,-13.708
1.81e-05,-12.909
1.812e-05,-10.509
1.814e-05,-7.308
1.816e-05,-3.308
1.818e-05,0.69056
1.82e-05,3.892
1.822e-05,7.892
1.824e-05,9.4906
1.826e-05,10.292
1.828e-05,10.292
1.83e-05,9.492
1.832e-05,6.292
1.834e-05,3.892
1.836e-05,-0.10802
1.838e-05,-5.708
1.84e-05,-9.708
1.842e-05,-15.308
1.844e-05,-17.708
1.846e-05,-20.109
1.848e-05,-21.709
1.85e-05,-21.708
1.852e-05,-20.908
1.854e-05,-17.708
1.856e-05,-13.708
1.858e-05,-8.908
1.86e-05,-2.508
1.862e-05,2.2906
1.864e-05,5.492
1.866e-05,9.492
1.868e-05,13.492
1.87e-05,14.292
1.872e-05,15.092
1.874e-05,14.292
1.876e-05,11.092
1.878e-05,6.292
1.88e-05,3.092
1.882e-05,-1.708
1.884e-05,-7.308
1.886e-05,-12.108
1.888e-05,-16.108
1.89e-05,-19.308
1.892e-05,-19.308
1.894e-05,-19.308
1.896e-05,-18.509
1.898e-05,-16.108
1.9e-05,-12.908
1.902e-05,-9.708
1.904e-05,-4.9094
1.906e-05,-0.90802
1.908e-05,2.292
1.91e-05,3.892
1.912e-05,4.692
1.914e-05,6.292
1.916e-05,5.492
1.918e-05,4.692
1.92e-05,3.892
1.922e-05,1.4906
1.924e-05,-0.90802
1.926e-05,-2.508
1.928e-05,-4.908
1.93e-05,-5.708
1.932e-05,-6.508
1.934e-05,-6.508
1.936e-05,-7.308
1.938e-05,-5.708
1.94e-05,-5.708
1.942e-05,-4.1094
1.944e-05,-2.508
1.946e-05,-2.508
1.948e-05,-2.5094
1.95e-05,-2.5094
1.952e-05,-3.308
1.954e-05,-4.108
1.956e-05,-4.108
1.958e-05,-5.708
1.96e-05,-5.7094
1.962e-05,-7.3094
1.964e-05,-6.508
1.966e-05,-5.708
1.968e-05,-5.708
1.97e-05,-4.108
1.972e-05,-4.108
1.974e-05,-2.5094
1.976e-05,-1.708
1.978e-05,0.69198
1.98e-05,2.292
1.982e-05,3.092
1.984e-05,3.092
1.986e-05,2.292
1.988e-05,1.492
1.99e-05,0.69198
1.992e-05,-1.7094
1.994e-05,-4.108
1.996e-05,-7.3094
1.998e-05,-8.9094
2e-05,-12.109
2.002e-05,-13.709
2.004e-05,-13.709
2.006e-05,-13.709
2.008e-05,-12.108
2.01e-05,-8.9094
2.012e-05,-5.7094
2.014e-05,-2.5094
2.016e-05,0.69056
2.018e-05,3.892
2.02e-05,7.8906
2.022e-05,9.492
2.024e-05,9.4906
2.026e-05,9.4891
2.028e-05,7.8906
2.03e-05,5.492
2.032e-05,3.0906
2.034e-05,-1.7094
2.036e-05,-5.708
2.038e-05,-9.7094
2.04e-05,-12.909
2.042e-05,-16.109
2.044e-05,-18.509
2.046e-05,-19.309
2.048e-05,-18.509
2.05e-05,-18.509
2.052e-05,-15.309
2.054e-05,-11.309
2.056e-05,-7.3094
2.058e-05,-2.5094
2.06e-05,2.2906
2.062e-05,5.492
2.064e-05,9.4906
2.066e-05,11.891
2.068e-05,12.689
2.07e-05,12.692
2.072e-05,11.092
2.074e-05,7.892
2.076e-05,4.692
2.078e-05,1.4906
2.08e-05,-2.5094
2.082e-05,-6.5094
2.084e-05,-10.508
2.086e-05,-13.709
2.088e-05,-15.308
2.09e-05,-16.109
2.092e-05,-16.111
2.094e-05,-15.311
2.096e-05,-13.709
2.098e-05,-11.309
2.1e-05,-7.3094
2.102e-05,-4.1094
2.104e-05,-0.90944
2.106e-05,0.69056
2.108e-05,3.092
2.11e-05,3.092
2.112e-05,3.892
2.114e-05,2.2906
2.116e-05,2.2906
2.118e-05,0.69056
2.12e-05,-0.11086
2.122e-05,-2.5094
2.124e-05,-3.308
2.126e-05,-4.1109
2.128e-05,-4.1094
2.13e-05,-4.1094
2.132e-05,-4.1094
2.134e-05,-4.1094
2.136e-05,-3.3109
2.138e-05,-2.5094
2.14e-05,-1.7094
2.142e-05,-0.91086
2.144e-05,-1.7109
2.146e-05,-2.5109
2.148e-05,-3.3094
2.15e-05,-4.1094
2.152e-05,-4.1109
2.154e-05,-5.7094
2.156e-05,-7.3109
2.158e-05,-8.9109
2.16e-05,-8.9094
2.162e-05,-8.9094
2.164e-05,-7.3094
2.166e-05,-7.3109
2.168e-05,-4.9094
2.17e-05,-4.1109
2.172e-05,-1.708
2.174e-05,-0.10802
2.176e-05,2.2891
2.178e-05,3.0906
2.18e-05,3.8906
2.182e-05,3.8906
2.184e-05,3.892
2.186e-05,2.2891
2.188e-05,1.4906
2.19e-05,-0.11086
2.192e-05,-3.3109
2.194e-05,-5.7109
2.196e-05,-8.9094
2.198e-05,-11.311
2.2e-05,-12.911
2.202e-05,-12.909
2.204e-05,-12.108
2.206e-05,-10.511
2.208e-05,-8.9109
2.21e-05,-6.5094
2.212e-05,-2.5109
2.214e-05,0.69056
2.216e-05,3.8906
2.218e-05,5.4906
2.22e-05,6.2906
2.222e-05,7.0906
2.224e-05,7.0906
2.226e-05,6.2906
2.228e-05,3.8906
2.23e-05,2.292
2.232e-05,-1.708
2.234e-05,-4.1094
2.236e-05,-8.9094
2.238e-05,-11.309
2.24e-05,-13.711
2.242e-05,-14.509
2.244e-05,-15.309
2.246e-05,-15.309
2.248e-05,-13.709
2.25e-05,-12.111
2.252e-05,-8.9109
2.254e-05,-4.1109
2.256e-05,-1.7094
2.258e-05,1.4891
2.26e-05,3.8906
2.262e-05,6.2906
2.264e-05,8.6891
2.266e-05,9.4906
2.268e-05,7.8891
2.27e-05,6.2891
2.272e-05,3.8891
2.274e-05,2.2891
2.276e-05,-0.90944
2.278e-05,-3.3109
2.28e-05,-6.5109
2.282e-05,-9.7109
2.284e-05,-12.109
2.286e-05,-12.911
2.288e-05,-12.911
2.29e-05,-12.111
2.292e-05,-10.511
2.294e-05,-8.9094
2.296e-05,-7.3094
2.298e-05,-4.9109
2.3e-05,-2.5094
2.302e-05,-0.10944
2.304e-05,0.68914
2.306e-05,1.4891
2.308e-05,2.2906
2.31e-05,1.4891
2.312e-05,0.68914
2.314e-05,-0.10944
2.316e-05,-1.7109
2.318e-05,-2.5109
2.32e-05,-4.1094
2.322e-05,-4.9094
2.324e-05,-4.1109
2.326e-05,-4.1094
2.328e-05,-4.1109
2.33e-05,-3.3109
2.332e-05,-2.5109
2.334e-05,-1.7109
2.336e-05,-0.90944
2.338e-05,0.68914
2.34e-05,0.68914
2.342e-05,0.68914
2.344e-05,-0.90944
2.346e-05,-2.5094
2.348e-05,-2.5109
2.35e-05,-4.1109
2.352e-05,-5.7109
2.354e-05,-7.3109
2.356e-05,-8.9094
2.358e-05,-8.9094
2.36e-05,-8.9094
2.362e-05,-8.1109
2.364e-05,-7.3109
2.366e-05,-5.7094
2.368e-05,-4.9109
2.37e-05,-2.5094
2.372e-05,-0.91086
2.374e-05,0.69056
2.376e-05,3.0891
2.378e-05,3.8891
2.38e-05,3.8891
2.382e-05,3.8891
2.384e-05,3.0891
2.386e-05,1.4906
2.388e-05,0.68914
2.39e-05,-2.5109
2.392e-05,-4.9109
2.394e-05,-7.3094
2.396e-05,-9.7109
2.398e-05,-10.511
2.4e-05,-10.511
2.402e-05,-9.7109
2.404e-05,-8.9094
2.406e-05,-7.3109
2.408e-05,-4.9109
2.41e-05,-2.5109
2.412e-05,0.68914
2.414e-05,2.2906
2.416e-05,3.8891
2.418e-05,3.8891
2.42e-05,4.6891
2.422e-05,3.8891
2.424e-05,3.8891
2.426e-05,2.2891
2.428e-05,-0.90944
2.43e-05,-2.5109
2.432e-05,-5.7109
2.434e-05,-8.9109
2.436e-05,-9.7094
2.438e-05,-11.309
2.44e-05,-11.311
2.442e-05,-12.111
2.444e-05,-11.311
2.446e-05,-10.511
2.448e-05,-8.1109
2.45e-05,-4.9109
2.452e-05,-2.5109
2.454e-05,0.68914
2.456e-05,2.2906
2.458e-05,3.8906
2.46e-05,4.6891
2.462e-05,6.2891
2.464e-05,6.2891
2.466e-05,4.6891
2.468e-05,3.8891
2.47e-05,1.4906
2.472e-05,-0.11086
2.474e-05,-2.5094
2.476e-05,-5.7109
2.478e-05,-8.1109
2.48e-05,-9.7109
2.482e-05,-10.511
2.484e-05,-10.511
2.486e-05,-10.511
2.488e-05,-8.9094
2.49e-05,-8.1094
2.492e-05,-5.7109
2.494e-05,-4.1109
2.496e-05,-1.7109
2.498e-05,0.68914
2.5e-05,2.2906
2.502e-05,2.2906
2.504e-05,2.2906
2.506e-05,0.68914
2.508e-05,0.68914
2.51e-05,0.68914
2.512e-05,-1.7109
2.514e-05,-3.3094
2.516e-05,-4.1109
2.518e-05,-5.7123
2.52e-05,-5.7109
2.522e-05,-5.7109
2.524e-05,-5.7109
2.526e-05,-4.9109
2.528e-05,-4.1109
2.53e-05,-2.5109
2.532e-05,-0.90944
2.534e-05,0.68914
2.536e-05,0.68914
2.538e-05,0.68773
2.54e-05,0.68914
2.542e-05,0.68914
2.544e-05,-0.91086
2.546e-05,-1.7109
2.548e-05,-2.5109
2.55e-05,-4.1109
2.552e-05,-5.7109
2.554e-05,-7.3109
2.556e-05,-7.3109
2.558e-05,-6.5109
2.56e-05,-6.5094
2.562e-05,-5.7109
2.564e-05,-5.7109
2.566e-05,-4.1109
2.568e-05,-2.5109
2.57e-05,-0.91086
2.572e-05,0.68914
2.574e-05,0.69056
2.576e-05,1.4891
2.578e-05,1.4891
2.58e-05,2.2877
2.582e-05,0.68914
2.584e-05,0.68914
2.586e-05,-1.7109
2.588e-05,-3.3109
2.59e-05,-4.9109
2.592e-05,-6.5109
2.594e-05,-8.1109
2.596e-05,-8.9109
2.598e-05,-7.3109
2.6e-05,-7.3094
2.602e-05,-5.7109
2.604e-05,-4.1109
2.606e-05,-2.5109
2.608e-05,-0.11086
2.61e-05,1.4891
2.612e-05,3.0891
2.614e-05,3.8891
2.616e-05,3.8891
2.618e-05,3.8906
2.62e-05,3.0891
2.622e-05,2.2891
2.624e-05,0.68914
2.626e-05,-2.5109
2.628e-05,-4.9109
2.63e-05,-7.3109
2.632e-05,-8.9109
2.634e-05,-9.7109
2.636e-05,-10.511
2.638e-05,-10.511
2.64e-05,-10.511
2.642e-05,-8.9109
2.644e-05,-7.3109
2.646e-05,-4.9109
2.648e-05,-2.5109
2.65e-05,0.68914
2.652e-05,1.4891
2.654e-05,3.8906
2.656e-05,3.8891
2.658e-05,5.4891
2.66e-05,5.4891
2.662e-05,4.6877
2.664e-05,3.8891
2.666e-05,2.2906
2.668e-05,0.68914
2.67e-05,-2.5109
2.672e-05,-4.1109
2.674e-05,-6.5109
2.676e-05,-8.9123
2.678e-05,-10.511
2.68e-05,-11.311
2.682e-05,-10.511
2.684e-05,-9.7109
2.686e-05,-8.1109
2.688e-05,-6.5109
2.69e-05,-4.9109
2.692e-05,-2.5109
2.694e-05,-0.11086
2.696e-05,1.4891
2.698e-05,2.2891
2.7e-05,3.0891
2.702e-05,2.2891
2.704e-05,2.2891
2.706e-05,1.4891
2.708e-05,0.68914
2.71e-05,-0.91086
2.712e-05,-2.5109
2.714e-05,-4.1109
2.716e-05,-4.9109
2.718e-05,-5.7109
2.72e-05,-5.7109
2.722e-05,-5.7109
2.724e-05,-4.9109
2.726e-05,-4.1109
2.728e-05,-2.5109
2.73e-05,-2.5109
2.732e-05,-0.91086
2.734e-05,-0.11086
2.736e-05,-0.11086
2.738e-05,-0.91086
2.74e-05,-0.91086
2.742e-05,-1.7109
2.744e-05,-2.5109
2.746e-05,-3.3109
2.748e-05,-4.1109
2.75e-05,-5.7109
2.752e-05,-5.7109
2.754e-05,-5.7109
2.756e-05,-4.9123
2.758e-05,-4.9109
2.76e-05,-4.1109
2.762e-05,-3.3123
2.764e-05,-2.5123
2.766e-05,-1.7109
2.768e-05,-0.91086
2.77e-05,0.68914
2.772e-05,1.4891
2.774e-05,1.4891
2.776e-05,0.68914
2.778e-05,0.68914
2.78e-05,-0.91086
2.782e-05,-2.5109
2.784e-05,-2.5109
2.786e-05,-4.9109
2.788e-05,-6.5109
2.79e-05,-7.3109
2.792e-05,-8.1109
2.794e-05,-8.1109
2.796e-05,-6.5109
2.798e-05,-5.7109
2.8e-05,-4.1109
2.802e-05,-2.5109
2.804e-05,-0.91227
2.806e-05,2.2891
2.808e-05,3.8891
2.81e-05,3.8877
2.812e-05,3.8891
2.814e-05,3.8891
2.816e-05,3.0891
2.818e-05,2.2891
2.82e-05,0.68914
2.822e-05,-1.7109
2.824e-05,-4.1109
2.826e-05,-6.5123
2.828e-05,-8.9123
2.83e-05,-8.9109
2.832e-05,-10.511
2.834e-05,-10.511
2.836e-05,-10.511
2.838e-05,-10.511
2.84e-05,-8.9109
2.842e-05,-6.5109
2.844e-05,-4.1123
2.846e-05,-0.91086
2.848e-05,0.68914
2.85e-05,2.2891
2.852e-05,3.8891
2.854e-05,4.6891
2.856e-05,5.4891
2.858e-05,6.2891
2.86e-05,4.6891
2.862e-05,3.8891
2.864e-05,3.0877
2.866e-05,0.68914
2.868e-05,-1.7109
2.87e-05,-4.1109
2.872e-05,-5.7109
2.874e-05,-8.9123
2.876e-05,-9.7109
2.878e-05,-9.7109
2.88e-05,-10.511
2.882e-05,-8.9109
2.884e-05,-8.9123
2.886e-05,-7.3109
2.888e-05,-5.7109
2.89e-05,-3.3123
2.892e-05,-0.91086
2.894e-05,0.68773
2.896e-05,2.2877
2.898e-05,1.4891
2.9e-05,2.2877
2.902e-05,2.2877
2.904e-05,2.2891
2.906e-05,0.68773
2.908e-05,-0.11227
2.91e-05,-0.91086
2.912e-05,-2.5109
2.914e-05,-2.5109
2.916e-05,-2.5109
2.918e-05,-3.3109
2.92e-05,-3.3109
2.922e-05,-3.3109
2.924e-05,-3.3109
2.926e-05,-2.5123
2.928e-05,-2.5123
2.93e-05,-1.7123
2.932e-05,-1.7109
2.934e-05,-2.5123
2.936e-05,-2.5109
2.938e-05,-2.5123
2.94e-05,-3.3109
2.942e-05,-3.3109
2.944e-05,-4.1109
2.946e-05,-5.7123
2.948e-05,-5.7109
2.95e-05,-5.7109
2.952e-05,-4.9123
2.954e-05,-4.1109
2.956e-05,-3.3123
2.958e-05,-2.5109
2.96e-05,-1.7109
2.962e-05,-0.11227
2.964e-05,0.68914
2.966e-05,1.4891
2.968e-05,2.2877
2.97e-05,2.2877
2.972e-05,1.4877
2.974e-05,0.68773
2.976e-05,-0.11227
2.978e-05,-1.7109
2.98e-05,-2.5109
2.982e-05,-4.1109
2.984e-05,-5.7123
2.986e-05,-7.3123
2.988e-05,-8.9137
2.99e-05,-8.9123
2.992e-05,-8.1123
2.994e-05,-7.3123
2.996e-05,-5.7123
2.998e-05,-4.1109
3e-05,-2.5123
3.002e-05,0.68773
3.004e-05,2.2877
3.006e-05,3.8877
3.008e-05,3.8877
3.01e-05,4.6877
3.012e-05,3.8877
3.014e-05,3.8891
3.016e-05,3.0877
3.018e-05,0.68914
3.02e-05,-1.7109
3.022e-05,-3.3123
3.024e-05,-5.7123
3.026e-05,-8.1123
3.028e-05,-8.9109
3.03e-05,-9.7109
3.032e-05,-10.511
3.034e-05,-10.511
3.036e-05,-9.7109
3.038e-05,-8.9123
3.04e-05,-5.7123
3.042e-05,-4.1123
3.044e-05,-2.5123
3.046e-05,-0.91227
3.048e-05,0.68914
3.05e-05,3.0877
3.052e-05,3.8891
3.054e-05,4.6891
3.056e-05,4.6877
3.058e-05,4.6891
3.06e-05,3.8877
3.062e-05,3.0891
3.064e-05,1.4877
3.066e-05,-0.11227
3.068e-05,-2.5123
3.07e-05,-4.1109
3.072e-05,-7.3123
3.074e-05,-7.3123
3.076e-05,-8.9123
3.078e-05,-8.9123
3.08e-05,-8.1109
3.082e-05,-8.1123
3.084e-05,-7.3123
3.086e-05,-5.7109
3.088e-05,-4.1123
3.09e-05,-2.5109
3.092e-05,-0.91227
3.094e-05,-0.11227
3.096e-05,0.68773
3.098e-05,0.68773
3.1e-05,0.68773
3.102e-05,0.68914
3.104e-05,0.68773
3.106e-05,-0.91227
3.108e-05,-0.91086
3.11e-05,-0.91227
3.112e-05,-1.7123
3.114e-05,-1.7123
3.116e-05,-0.91227
3.118e-05,-1.7123
3.12e-05,-2.5123
3.122e-05,-0.91227
3.124e-05,-0.91227
3.126e-05,-0.91227
3.128e-05,-0.91227
3.13e-05,-2.5109
3.132e-05,-2.5123
3.134e-05,-3.3123
3.136e-05,-3.3123
3.138e-05,-4.1123
3.14e-05,-5.7123
3.142e-05,-5.7123
3.144e-05,-6.5123
3.146e-05,-5.7123
3.148e-05,-5.7123
3.15e-05,-4.9123
3.152e-05,-4.1123
3.154e-05,-3.3123
3.156e-05,-2.5123
3.158e-05,-0.91086
3.16e-05,0.68773
3.162e-05,2.2877
3.164e-05,3.0877
3.166e-05,3.8877
3.168e-05,3.0877
3.17e-05,3.0891
3.172e-05,2.2877
3.174e-05,0.68914
3.176e-05,-0.91227
3.178e-05,-2.5123
3.18e-05,-4.1123
3.182e-05,-5.7123
3.184e-05,-7.3123
3.186e-05,-8.9123
3.188e-05,-8.9123
3.19e-05,-8.9123
3.192e-05,-7.3123
3.194e-05,-6.5123
3.196e-05,-4.9123
3.198e-05,-2.5123
3.2e-05,-0.91227
3.202e-05,1.4877
3.204e-05,3.8877
3.206e-05,3.8877
3.208e-05,3.8877
3.21e-05,3.8877
3.212e-05,3.8877
3.214e-05,3.0877
3.216e-05,2.2891
3.218e-05,-0.11227
3.22e-05,-1.7123
3.222e-05,-3.3123
3.224e-05,-4.9123
3.226e-05,-5.7123
3.228e-05,-7.3109
3.23e-05,-8.9123
3.232e-05,-8.9123
3.234e-05,-8.1123
3.236e-05,-8.1123
3.238e-05,-5.7123
3.24e-05,-4.1123
3.242e-05,-3.3123
3.244e-05,-1.7123
3.246e-05,-0.91227
3.248e-05,0.68773
3.25e-05,2.2877
3.252e-05,3.8877
3.254e-05,3.8891
3.256e-05,3.0877
3.258e-05,2.2877
3.26e-05,2.2877
3.262e-05,1.4877
3.264e-05,-0.11227
3.266e-05,-1.7123
3.268e-05,-3.3123
3.27e-05,-4.9123
3.272e-05,-4.9123
3.274e-05,-5.7123
3.276e-05,-5.7123
3.278e-05,-5.7123
3.28e-05,-5.7123
3.282e-05,-5.7123
3.284e-05,-4.9123
3.286e-05,-3.3123
3.288e-05,-2.5123
3.29e-05,-2.5123
3.292e-05,-0.91369
3.294e-05,-1.7123
3.296e-05,-1.7123
3.298e-05,-0.91227
3.3e-05,-1.7123
3.302e-05,-0.91227
3.304e-05,-2.5137
3.306e-05,-2.5137
3.308e-05,-1.7123
3.31e-05,-1.7137
3.312e-05,-0.91227
3.314e-05,-0.91369
3.316e-05,-0.91227
3.318e-05,-0.11369
3.32e-05,0.68773
3.322e-05,0.68773
3.324e-05,0.68773
3.326e-05,0.68631
3.328e-05,-0.91227
3.33e-05,-0.91227
3.332e-05,-2.5123
3.334e-05,-2.5123
3.336e-05,-4.1137
3.338e-05,-4.9123
3.34e-05,-5.7123
3.342e-05,-6.5123
3.344e-05,-6.5123
3.346e-05,-6.5123
3.348e-05,-5.7137
3.35e-05,-4.9123
3.352e-05,-4.1123
3.354e-05,-3.3123
3.356e-05,-1.7137
3.358e-05,-0.11369
3.36e-05,2.2863
3.362e-05,2.2863
3.364e-05,3.0877
3.366e-05,3.8877
3.368e-05,2.2877
3.37e-05,2.2863
3.372e-05,2.2877
3.374e-05,-0.11227
3.376e-05,-0.91227
3.378e-05,-3.3123
3.38e-05,-4.9123
3.382e-05,-5.7137
3.384e-05,-7.3137
3.386e-05,-7.3123
3.388e-05,-7.3123
3.39e-05,-6.5123
3.392e-05,-5.7123
3.394e-05,-4.9123
3.396e-05,-2.5137
3.398e-05,-0.91369
3.4e-05,0.68773
3.402e-05,1.4877
3.404e-05,2.2863
3.406e-05,2.2863
3.408e-05,2.2863
3.41e-05,2.2863
3.412e-05,1.4877
3.414e-05,0.68631
3.416e-05,-1.7137
3.418e-05,-2.5123
3.42e-05,-3.3137
3.422e-05,-4.1123
3.424e-05,-4.9137
3.426e-05,-5.7123
3.428e-05,-5.7123
3.43e-05,-5.7123
3.432e-05,-5.7123
3.434e-05,-4.9123
3.436e-05,-3.3137
3.438e-05,-3.3123
3.44e-05,-2.5123
3.442e-05,-1.7123
3.444e-05,-0.11227
3.446e-05,0.68631
3.448e-05,1.4877
3.45e-05,2.2877
3.452e-05,2.2877
3.454e-05,1.4877
3.456e-05,0.68631
3.458e-05,0.68631
3.46e-05,-0.11369
3.462e-05,-1.7137
3.464e-05,-2.5137
3.466e-05,-4.1137
3.468e-05,-4.1137
3.47e-05,-4.1137
3.472e-05,-4.9123
3.474e-05,-4.1137
3.476e-05,-3.3123
3.478e-05,-4.1123
3.48e-05,-3.3123
3.482e-05,-2.5137
3.484e-05,-1.7137
3.486e-05,-0.91227
3.488e-05,-0.91227
3.49e-05,-1.7123
3.492e-05,-1.7137
3.494e-05,-0.91227
3.496e-05,-0.91369
3.498e-05,-1.7123
3.5e-05,-2.5123
3.502e-05,-2.5123
3.504e-05,-3.3137
3.506e-05,-2.5123
3.508e-05,-2.5123
3.51e-05,-1.7137
3.512e-05,-1.7123
3.514e-05,-1.7137
3.516e-05,-0.91369
3.518e-05,-0.11369
3.52e-05,0.68631
3.522e-05,0.68631
3.524e-05,0.68631
3.526e-05,0.68631
3.528e-05,-0.91369
3.53e-05,-0.91227
3.532e-05,-1.7137
3.534e-05,-2.5137
3.536e-05,-4.1123
3.538e-05,-4.1137
3.54e-05,-5.7137
3.542e-05,-5.7137
3.544e-05,-5.7123
3.546e-05,-4.9137
3.548e-05,-4.9137
3.55e-05,-4.1123
3.552e-05,-2.5123
3.554e-05,-2.5137
3.556e-05,-1.7137
3.558e-05,-0.91369
3.56e-05,0.68773
3.562e-05,1.4863
3.564e-05,1.4877
3.566e-05,0.68631
3.568e-05,0.68631
3.57e-05,0.68631
3.572e-05,-0.11369
3.574e-05,-1.7123
3.576e-05,-2.5123
3.578e-05,-4.1137
3.58e-05,-4.9137
3.582e-05,-4.1137
3.584e-05,-4.9123
3.586e-05,-4.1123
3.588e-05,-4.1137
3.59e-05,-3.3137
3.592e-05,-2.5123
3.594e-05,-1.7123
3.596e-05,-0.11227
3.598e-05,0.68631
3.6e-05,0.68631
3.602e-05,1.4863
3.604e-05,0.68631
3.606e-05,0.68631
3.608e-05,0.68631
3.61e-05,-0.91227
3.612e-05,-1.7137
3.614e-05,-2.5137
3.616e-05,-3.3137
3.618e-05,-4.1137
3.62e-05,-4.1137
3.622e-05,-4.9137
3.624e-05,-4.9137
3.626e-05,-4.9137
3.628e-05,-4.1123
3.63e-05,-4.1137
3.632e-05,-2.5137
3.634e-05,-2.5137
3.636e-05,-0.91227
3.638e-05,-0.91369
3.64e-05,-0.11369
3.642e-05,0.68631
3.644e-05,1.4877
3.646e-05,2.2863
3.648e-05,1.4863
3.65e-05,0.68631
3.652e-05,0.68631
3.654e-05,0.68773
3.656e-05,-0.91369
3.658e-05,-1.7137
3.66e-05,-2.5137
3.662e-05,-4.1137
3.664e-05,-4.1137
3.666e-05,-4.9137
3.668e-05,-4.9123
3.67e-05,-4.1137
3.672e-05,-4.9123
3.674e-05,-4.1137
3.676e-05,-3.3137
3.678e-05,-2.5137
3.68e-05,-1.7137
3.682e-05,-0.91369
3.684e-05,-0.11369
3.686e-05,0.68631
3.688e-05,0.68631
3.69e-05,-0.11369
3.692e-05,0.68631
3.694e-05,-0.11369
3.696e-05,-0.91369
3.698e-05,-0.91369
3.7e-05,-2.5137
3.702e-05,-2.5123
3.704e-05,-2.5137
3.706e-05,-2.5137
3.708e-05,-2.5137
3.71e-05,-2.5137
3.712e-05,-2.5137
3.714e-05,-2.5123
3.716e-05,-0.91369
3.718e-05,-0.91369
3.72e-05,-0.91369
3.722e-05,-0.91369
3.724e-05,-0.91369
3.726e-05,-1.7137
3.728e-05,-0.91227
3.73e-05,-1.7137
3.732e-05,-2.5137
3.734e-05,-2.5137
3.736e-05,-2.5123
3.738e-05,-3.3123
3.74e-05,-3.3137
3.742e-05,-2.5123
3.744e-05,-3.3137
3.746e-05,-2.5137
3.748e-05,-2.5137
3.75e-05,-2.5137
3.752e-05,-1.7137
3.754e-05,-0.91369
3.756e-05,-0.11227
3.758e-05,0.68631
3.76e-05,-0.11369
3.762e-05,-0.11369
3.764e-05,-0.11369
3.766e-05,-0.91369
3.768e-05,-0.91369
3.77e-05,-2.5137
3.772e-05,-2.5137
3.774e-05,-4.1137
3.776e-05,-4.1137
3.778e-05,-4.9137
3.78e-05,-4.1137
3.782e-05,-4.1137
3.784e-05,-3.3137
3.786e-05,-2.5137
3.788e-05,-1.7137
3.79e-05,-0.91227
3.792e-05,0.68631
3.794e-05,1.4863
3.796e-05,2.2863
3.798e-05,2.2863
3.8e-05,2.2863
3.802e-05,0.68631
3.804e-05,0.68773
3.806e-05,0.68631
3.808e-05,-1.7137
3.81e-05,-2.5137
3.812e-05,-3.3137
3.814e-05,-4.9137
3.816e-05,-4.9137
3.818e-05,-5.7137
3.82e-05,-5.7137
3.822e-05,-5.7137
3.824e-05,-5.7137
3.826e-05,-4.1137
3.828e-05,-3.3137
3.83e-05,-2.5137
3.832e-05,-1.7123
3.834e-05,-0.91369
3.836e-05,0.68631
3.838e-05,0.68631
3.84e-05,2.2863
3.842e-05,3.0863
3.844e-05,3.8877
3.846e-05,3.0863
3.848e-05,2.2877
3.85e-05,2.2863
3.852e-05,0.68631
3.854e-05,-0.91369
3.856e-05,-2.5137
3.858e-05,-2.5137
3.86e-05,-4.1137
3.862e-05,-4.9137
3.864e-05,-4.9137
3.866e-05,-4.9137
3.868e-05,-5.7137
3.87e-05,-4.9137
3.872e-05,-4.9137
3.874e-05,-4.1137
3.876e-05,-3.3137
3.878e-05,-2.5137
3.88e-05,-0.91369
3.882e-05,-0.11369
3.884e-05,0.68631
3.886e-05,0.68631
3.888e-05,0.68631
3.89e-05,1.4863
3.892e-05,0.68631
3.894e-05,0.68631
3.896e-05,0.68631
3.898e-05,-0.91227
3.9e-05,-0.91369
3.902e-05,-0.91369
3.904e-05,-1.7137
3.906e-05,-2.5137
3.908e-05,-2.5137
3.91e-05,-2.5137
3.912e-05,-2.5137
3.914e-05,-2.5137
3.916e-05,-2.5137
3.918e-05,-2.5137
3.92e-05,-2.5137
3.922e-05,-2.5137
3.924e-05,-2.5137
3.926e-05,-2.5137
3.928e-05,-2.5137
3.93e-05,-2.5137
3.932e-05,-2.5137
3.934e-05,-2.5137
3.936e-05,-2.5137
3.938e-05,-1.7137
3.94e-05,-1.7137
3.942e-05,-1.7137
3.944e-05,-0.91369
3.946e-05,-0.91369
3.948e-05,-0.91369
3.95e-05,0.68631
3.952e-05,0.68631
3.954e-05,0.68631
3.956e-05,0.68631
3.958e-05,-0.11369
3.96e-05,-0.11369
3.962e-05,-0.91369
3.964e-05,-0.91369
3.966e-05,-2.5137
3.968e-05,-3.3137
3.97e-05,-4.1137
3.972e-05,-5.7137
3.974e-05,-5.7137
3.976e-05,-5.7137
3.978e-05,-4.9137
3.98e-05,-4.1137
3.982e-05,-3.3137
3.984e-05,-2.5137
3.986e-05,-1.7137
3.988e-05,-0.11369
3.99e-05,0.68631
3.992e-05,3.0863
3.994e-05,3.0863
3.996e-05,3.0863
3.998e-05,3.0863
4e-05,2.2863
4.002e-05,1.4863
4.004e-05,0.68631
4.006e-05,-0.91369
4.008e-05,-2.5137
4.01e-05,-3.3137
4.012e-05,-4.9137
4.014e-05,-5.7137
4.016e-05,-5.7137
4.018e-05,-6.5137
4.02e-05,-6.5137
4.022e-05,-6.5137
4.024e-05,-5.7137
4.026e-05,-4.9137
4.028e-05,-3.3137
4.03e-05,-2.5137
4.032e-05,-1.7137
4.034e-05,-0.11369
4.036e-05,0.68631
4.038e-05,2.2863
4.04e-05,3.0849
4.042e-05,3.8863
4.044e-05,3.8863
4.046e-05,3.0863
4.048e-05,2.2863
4.05e-05,2.2863
4.052e-05,0.68631
4.054e-05,-0.11369
4.056e-05,-1.7137
4.058e-05,-2.5137
4.06e-05,-4.1137
4.062e-05,-4.1137
4.064e-05,-4.9137
4.066e-05,-5.7137
4.068e-05,-5.7137
4.07e-05,-5.7137
4.072e-05,-4.9137
4.074e-05,-4.1137
4.076e-05,-3.3137
4.078e-05,-2.5137
4.08e-05,-1.7137
4.082e-05,-0.91369
4.084e-05,-0.11369
4.086e-05,0.68631
4.088e-05,0.68631
4.09e-05,0.68631
4.092e-05,1.4863
4.094e-05,0.68631
4.096e-05,1.4863
4.098e-05,0.68631
4.1e-05,0.68631
4.102e-05,0.68631
4.104e-05,-0.11369
4.106e-05,-0.91369
4.108e-05,-0.91369
4.11e-05,-1.7137
4.112e-05,-1.7137
4.114e-05,-1.7137
4.116e-05,-2.5137
4.118e-05,-3.3137
4.12e-05,-3.3137
4.122e-05,-3.3137
4.124e-05,-4.1137
4.126e-05,-3.3137
4.128e-05,-4.1137
4.13e-05,-4.1137
4.132e-05,-3.3137
4.134e-05,-3.3137
4.136e-05,-2.5137
4.138e-05,-2.5137
4.14e-05,-0.91369
4.142e-05,-0.91369
4.144e-05,-0.11369
4.146e-05,0.68631
4.148e-05,1.4863
4.15e-05,2.2863
4.152e-05,2.2863
4.154e-05,1.4863
4.156e-05,1.4863
4.158e-05,0.68631
4.16e-05,0.68631
4.162e-05,-0.91369
4.164e-05,-1.7137
4.166e-05,-3.3137
4.168e-05,-4.1137
4.17e-05,-5.7137
4.172e-05,-5.7137
4.174e-05,-5.7137
4.176e-05,-5.7137
4.178e-05,-5.7137
4.18e-05,-4.1137
4.182e-05,-3.3137
4.184e-05,-2.5137
4.186e-05,-0.91369
4.188e-05,0.68631
4.19e-05,2.2863
4.192e-05,3.0863
4.194e-05,3.0863
4.196e-05,3.0863
4.198e-05,3.0863
4.2e-05,3.0863
4.202e-05,1.4863
4.204e-05,0.68631
4.206e-05,-1.7137
4.208e-05,-2.5137
4.21e-05,-2.5137
4.212e-05,-4.1137
4.214e-05,-4.9137
4.216e-05,-4.9137
4.218e-05,-5.7137
4.22e-05,-5.7137
4.222e-05,-4.9137
4.224e-05,-5.7137
4.226e-05,-4.1137
4.228e-05,-3.3137
4.23e-05,-2.5137
4.232e-05,-1.7137
4.234e-05,-0.11369
4.236e-05,0.68631
4.238e-05,1.4863
4.24e-05,2.2863
4.242e-05,2.2863
4.244e-05,2.2863
4.246e-05,2.2863
4.248e-05,2.2863
4.25e-05,1.4863
4.252e-05,0.68631
4.254e-05,-0.11369
4.256e-05,-0.91369
4.258e-05,-2.5137
4.26e-05,-2.5137
4.262e-05,-2.5137
4.264e-05,-4.1137
4.266e-05,-4.1137
4.268e-05,-4.1137
4.27e-05,-4.1137
4.272e-05,-4.1137
4.274e-05,-3.3137
4.276e-05,-3.3137
4.278e-05,-3.3137
4.28e-05,-2.5137
4.282e-05,-2.5137
4.284e-05,-0.91369
4.286e-05,-0.91369
4.288e-05,-0.91369
4.29e-05,-0.11369
4.292e-05,-0.11369
4.294e-05,0.6849
4.296e-05,0.68631
4.298e-05,0.68631
4.3e-05,0.68631
4.302e-05,0.68631
4.304e-05,0.68631
4.306e-05,0.68631
4.308e-05,0.68631
4.31e-05,-0.91369
4.312e-05,-0.91369
4.314e-05,-1.7137
4.316e-05,-2.5151
4.318e-05,-2.5137
4.32e-05,-2.5137
4.322e-05,-3.3137
4.324e-05,-3.3137
4.326e-05,-4.1137
4.328e-05,-4.1137
4.33e-05,-4.1151
4.332e-05,-4.1137
4.334e-05,-3.3137
4.336e-05,-2.5137
4.338e-05,-2.5137
4.34e-05,-1.7137
4.342e-05,-1.7137
4.344e-05,-0.11369
4.346e-05,0.68631
4.348e-05,0.68631
4.35e-05,2.2863
4.352e-05,2.2863
4.354e-05,2.2863
4.356e-05,1.4863
4.358e-05,0.68631
4.36e-05,0.68631
4.362e-05,-0.91369
4.364e-05,-2.5137
4.366e-05,-2.5137
4.368e-05,-4.1137
4.37e-05,-4.9137
4.372e-05,-4.1137
4.374e-05,-4.9137
4.376e-05,-4.9137
4.378e-05,-4.1137
4.38e-05,-4.1137
4.382e-05,-2.5137
4.384e-05,-1.7137
4.386e-05,-0.11369
4.388e-05,0.68631
4.39e-05,0.68631
4.392e-05,1.4863
4.394e-05,1.4863
4.396e-05,1.4863
4.398e-05,1.4863
4.4e-05,0.68631
4.402e-05,0.68631
4.404e-05,-0.91369
4.406e-05,-1.7137
4.408e-05,-1.7137
4.41e-05,-2.5137
4.412e-05,-3.3137
4.414e-05,-3.3137
4.416e-05,-3.3137
4.418e-05,-4.1137
4.42e-05,-4.1137
4.422e-05,-3.3137
4.424e-05,-2.5137
4.426e-05,-2.5137
4.428e-05,-2.5137
4.43e-05,-2.5137
4.432e-05,-0.91369
4.434e-05,-0.11369
4.436e-05,-0.11369
4.438e-05,0.68631
4.44e-05,0.68631
4.442e-05,0.68631
4.444e-05,0.68631
4.446e-05,0.68631
4.448e-05,0.68631
4.45e-05,0.68631
4.452e-05,-0.91369
4.454e-05,-0.91369
4.456e-05,-1.7137
4.458e-05,-1.7137
4.46e-05,-2.5137
4.462e-05,-2.5151
4.464e-05,-2.5137
4.466e-05,-3.3137
4.468e-05,-2.5137
4.47e-05,-2.5137
4.472e-05,-2.5137
4.474e-05,-2.5137
4.476e-05,-2.5137
4.478e-05,-2.5137
4.48e-05,-1.7137
4.482e-05,-1.7137
4.484e-05,-0.91369
4.486e-05,-0.91369
4.488e-05,-1.7137
4.49e-05,-0.91369
4.492e-05,-0.91369
4.494e-05,-0.11369
4.496e-05,-0.11369
4.498e-05,-0.91369
4.5e-05,-0.11369
4.502e-05,-0.11369
4.504e-05,-0.11369
4.506e-05,-0.11369
4.508e-05,-0.11369
4.51e-05,-0.91369
4.512e-05,-0.91369
4.514e-05,-0.91369
4.516e-05,-0.91369
4.518e-05,-0.9151
4.52e-05,-1.7151
4.522e-05,-2.5137
4.524e-05,-2.5137
4.526e-05,-3.3151
4.528e-05,-3.3137
4.53e-05,-2.5137
4.532e-05,-2.5137
4.534e-05,-3.3137
4.536e-05,-2.5137
4.538e-05,-2.5137
4.54e-05,-2.5137
4.542e-05,-1.7137
4.544e-05,-0.91369
4.546e-05,-0.11369
4.548e-05,0.68631
4.55e-05,0.68631
4.552e-05,0.68631
4.554e-05,0.68631
4.556e-05,0.68631
4.558e-05,0.68631
4.56e-05,-0.11369
4.562e-05,-0.9151
4.564e-05,-1.7137
4.566e-05,-2.5137
4.568e-05,-3.3137
4.57e-05,-3.3137
4.572e-05,-3.3137
4.574e-05,-2.5137
4.576e-05,-2.5137
4.578e-05,-2.5137
4.58e-05,-2.5151
4.582e-05,-0.91369
4.584e-05,-0.91369
4.586e-05,-0.11369
4.588e-05,-0.11369
4.59e-05,0.68631
4.592e-05,0.68631
4.594e-05,0.68631
4.596e-05,-0.11369
4.598e-05,-0.11369
4.6e-05,-0.9151
4.602e-05,-1.7151
4.604e-05,-1.7151
4.606e-05,-2.5151
4.608e-05,-2.5151
4.61e-05,-2.5151
4.612e-05,-2.5151
4.614e-05,-2.5137
4.616e-05,-2.5137
4.618e-05,-2.5137
4.62e-05,-1.7137
4.622e-05,-1.7137
4.624e-05,-0.9151
4.626e-05,-0.91369
4.628e-05,-0.11369
4.63e-05,-0.11369
4.632e-05,-0.11369
4.634e-05,-0.11369
4.636e-05,-0.11369
4.638e-05,-0.1151
4.64e-05,-0.91369
4.642e-05,-0.91369
4.644e-05,-0.91369
4.646e-05,-0.91369
4.648e-05,-1.7137
4.65e-05,-2.5137
4.652e-05,-2.5137
4.654e-05,-2.5137
4.656e-05,-2.5137
4.658e-05,-2.5137
4.66e-05,-2.5137
4.662e-05,-2.5137
4.664e-05,-2.5137
4.666e-05,-1.7137
4.668e-05,-1.7137
4.67e-05,-0.91369
4.672e-05,-0.91369
4.674e-05,-0.91369
4.676e-05,-0.91369
4.678e-05,-0.91369
4.68e-05,-0.91369
4.682e-05,-0.91369
4.684e-05,-0.91369
4.686e-05,-0.9151
4.688e-05,-0.91369
4.69e-05,-1.7137
4.692e-05,-0.91369
4.694e-05,-1.7137
4.696e-05,-1.7137
4.698e-05,-0.9151
4.7e-05,-0.91369
4.702e-05,-1.7137
4.704e-05,-0.91369
4.706e-05,-1.7137
4.708e-05,-0.9151
4.71e-05,-0.9151
4.712e-05,-0.11369
4.714e-05,-0.91369
4.716e-05,-0.91369
4.718e-05,-0.11369
4.72e-05,-0.91369
4.722e-05,-0.9151
4.724e-05,-1.7151
4.726e-05,-1.7151
4.728e-05,-1.7137
4.73e-05,-2.5151
4.732e-05,-2.5137
4.734e-05,-2.5151
4.736e-05,-2.5151
4.738e-05,-2.5137
4.74e-05,-1.7137
4.742e-05,-1.7151
4.744e-05,-0.9151
4.746e-05,-0.91369
4.748e-05,-0.91369
4.75e-05,-0.11369
4.752e-05,-0.1151
4.754e-05,-0.9151
4.756e-05,-0.11369
4.758e-05,-0.91369
4.76e-05,-1.7137
4.762e-05,-1.7151
4.764e-05,-2.5151
4.766e-05,-2.5151
4.768e-05,-1.7137
4.77e-05,-1.7151
4.772e-05,-1.7151
4.774e-05,-0.91369
4.776e-05,-0.9151
4.778e-05,-0.9151
4.78e-05,-0.1151
4.782e-05,0.68631
4.784e-05,0.6849
4.786e-05,0.68631
4.788e-05,0.68631
4.79e-05,-0.11369
4.792e-05,-0.1151
4.794e-05,-0.9151
4.796e-05,-1.7137
4.798e-05,-2.5151
4.8e-05,-2.5137
4.802e-05,-3.3137
4.804e-05,-3.3137
4.806e-05,-3.3137
4.808e-05,-3.3151
4.81e-05,-3.3151
4.812e-05,-2.5151
4.814e-05,-2.5137
4.816e-05,-1.7137
4.818e-05,-1.7137
4.82e-05,-0.9151
4.822e-05,-0.1151
4.824e-05,0.6849
4.826e-05,0.68631
4.828e-05,0.68631
4.83e-05,0.6849
4.832e-05,1.4863
4.834e-05,0.6849
4.836e-05,0.6849
4.838e-05,0.6849
4.84e-05,-0.1151
4.842e-05,-0.9151
4.844e-05,-1.7137
4.846e-05,-2.5151
4.848e-05,-2.5151
4.85e-05,-2.5151
4.852e-05,-3.3137
4.854e-05,-3.3137
4.856e-05,-2.5151
4.858e-05,-3.3151
4.86e-05,-2.5137
4.862e-05,-2.5151
4.864e-05,-2.5151
4.866e-05,-1.7137
4.868e-05,-0.9151
4.87e-05,-0.1151
4.872e-05,0.6849
4.874e-05,0.6849
4.876e-05,0.6849
4.878e-05,1.4849
4.88e-05,0.6849
4.882e-05,0.68631
4.884e-05,0.6849
4.886e-05,-0.11369
4.888e-05,-0.11369
4.89e-05,-0.11369
4.892e-05,-0.9151
4.894e-05,-1.7151
4.896e-05,-2.5151
4.898e-05,-2.5151
4.9e-05,-2.5137
4.902e-05,-2.5151
4.904e-05,-2.5137
4.906e-05,-2.5137
4.908e-05,-2.5137
4.91e-05,-1.7151
4.912e-05,-1.7151
4.914e-05,-1.7151
4.916e-05,-1.7151
4.918e-05,-0.9151
4.92e-05,-0.9151
4.922e-05,-0.91369
4.924e-05,-0.1151
4.926e-05,-0.11369
4.928e-05,-0.9151
4.93e-05,-0.9151
4.932e-05,-0.9151
4.934e-05,-0.9151
4.936e-05,-0.9151
4.938e-05,-0.9151
4.94e-05,-0.9151
4.942e-05,-0.91369
4.944e-05,-0.9151
4.946e-05,-0.91369
4.948e-05,-0.91369
4.95e-05,-1.7137
4.952e-05,-1.7151
4.954e-05,-1.7137
4.956e-05,-2.5151
4.958e-05,-2.5151
4.96e-05,-2.5151
4.962e-05,-3.3151
4.964e-05,-2.5137
4.966e-05,-2.5151
4.968e-05,-2.5151
4.97e-05,-1.7151
4.972e-05,-0.9151
4.974e-05,-0.91369
4.976e-05,0.6849
4.978e-05,0.6849
4.98e-05,2.2849
4.982e-05,2.2849
4.984e-05,1.4849
4.986e-05,2.2863
4.988e-05,2.2849
4.99e-05,0.6849
4.992e-05,0.68631
4.994e-05,-0.91369
4.996e-05,-2.5151
4.998e-05,-2.5151
5e-05,-3.3151
5.002e-05,-3.3151
5.004e-05,-4.1151
5.006e-05,-4.1137
5.008e-05,-4.1151
5.01e-05,-4.1137
5.012e-05,-3.3151
5.014e-05,-2.5151
5.016e-05,-1.7137
5.018e-05,-1.7137
5.02e-05,-0.91369
5.022e-05,0.6849
5.024e-05,1.4849
5.026e-05,1.4849
5.028e-05,2.2849
5.03e-05,2.2849
5.032e-05,2.2849
5.034e-05,2.2849
5.036e-05,1.4849
5.038e-05,0.6849
5.04e-05,0.6849
5.042e-05,-0.9151
5.044e-05,-1.7151
5.046e-05,-1.7137
5.048e-05,-2.5151
5.05e-05,-2.5165
5.052e-05,-3.3151
5.054e-05,-3.3151
5.056e-05,-3.3151
5.058e-05,-4.1151
5.06e-05,-4.1151
5.062e-05,-3.3151
5.064e-05,-2.5151
5.066e-05,-2.5151
5.068e-05,-0.9151
5.07e-05,-0.91369
5.072e-05,-0.1151
5.074e-05,0.6849
5.076e-05,1.4849
5.078e-05,1.4849
5.08e-05,2.2863
5.082e-05,1.4849
5.084e-05,0.6849
5.086e-05,0.6849
5.088e-05,0.6849
5.09e-05,0.6849
5.092e-05,-0.9151
5.094e-05,-1.7137
5.096e-05,-0.9151
5.098e-05,-2.5151
5.1e-05,-2.5151
5.102e-05,-2.5151
5.104e-05,-2.5151
5.106e-05,-3.3151
5.108e-05,-2.5151
5.11e-05,-2.5151
5.112e-05,-2.5151
5.114e-05,-2.5151
5.116e-05,-2.5151
5.118e-05,-1.7151
5.12e-05,-0.91652
5.122e-05,-0.9151
5.124e-05,-0.9151
5.126e-05,-0.9151
5.128e-05,-0.11369
5.13e-05,-0.1151
5.132e-05,-0.11369
5.134e-05,-0.11369
5.136e-05,0.6849
5.138e-05,0.6849
5.14e-05,0.6849
5.142e-05,0.6849
5.144e-05,-0.11652
5.146e-05,0.6849
5.148e-05,-0.9151
5.15e-05,-0.9151
5.152e-05,-0.91652
5.154e-05,-2.5151
5.156e-05,-2.5151
5.158e-05,-3.3151
5.16e-05,-3.3151
5.162e-05,-3.3151
5.164e-05,-3.3137
5.166e-05,-3.3151
5.168e-05,-2.5151
5.17e-05,-1.7151
5.172e-05,-0.9151
5.174e-05,-0.11369
5.176e-05,0.6849
5.178e-05,1.4849
5.18e-05,2.2849
5.182e-05,2.2849
5.184e-05,2.2849
5.186e-05,2.2849
5.188e-05,1.4849
5.19e-05,0.6849
5.192e-05,0.6849
5.194e-05,-0.9151
5.196e-05,-0.91369
5.198e-05,-2.5151
5.2e-05,-2.5151
5.202e-05,-3.3151
5.204e-05,-4.1151
5.206e-05,-4.1151
5.208e-05,-4.1151
5.21e-05,-4.1151
5.212e-05,-3.3151
5.214e-05,-2.5137
5.216e-05,-2.5151
5.218e-05,-1.7151
5.22e-05,-0.9151
5.222e-05,0.68348
5.224e-05,0.6849
5.226e-05,1.4849
5.228e-05,2.2849
5.23e-05,2.2849
5.232e-05,2.2849
5.234e-05,2.2849
5.236e-05,1.4849
5.238e-05,0.6849
5.24e-05,0.6849
5.242e-05,-0.1151
5.244e-05,-0.9151
5.246e-05,-0.91652
5.248e-05,-2.5151
5.25e-05,-2.5151
5.252e-05,-2.5151
5.254e-05,-3.3137
5.256e-05,-3.3151
5.258e-05,-3.3151
5.26e-05,-3.3151
5.262e-05,-3.3151
5.264e-05,-2.5151
5.266e-05,-2.5151
5.268e-05,-1.7151
5.27e-05,-0.9151
5.272e-05,-0.9151
5.274e-05,0.6849
5.276e-05,0.6849
5.278e-05,0.6849
5.28e-05,0.68348
5.282e-05,0.6849
5.284e-05,1.4849
5.286e-05,0.68348
5.288e-05,0.6849
5.29e-05,0.6849
5.292e-05,-0.1151
5.294e-05,-0.91369
5.296e-05,-0.9151
5.298e-05,-1.7151
5.3e-05,-1.7151
5.302e-05,-1.7151
5.304e-05,-2.5151
5.306e-05,-2.5151
5.308e-05,-2.5151
5.31e-05,-2.5151
5.312e-05,-2.5151
5.314e-05,-2.5151
5.316e-05,-1.7151
5.318e-05,-2.5151
5.32e-05,-2.5151
5.322e-05,-1.7151
5.324e-05,-1.7151
5.326e-05,-1.7151
5.328e-05,-0.1151
5.33e-05,-0.9151
5.332e-05,-0.11652
5.334e-05,0.6849
5.336e-05,0.68348
5.338e-05,0.6849
5.34e-05,1.4849
5.342e-05,0.6849
5.344e-05,0.6849
5.346e-05,0.6849
5.348e-05,-0.1151
5.35e-05,-0.9151
5.352e-05,-0.9151
5.354e-05,-2.5165
5.356e-05,-2.5151
5.358e-05,-2.5151
5.36e-05,-3.3151
5.362e-05,-3.3165
5.364e-05,-2.5151
5.366e-05,-2.5151
5.368e-05,-2.5165
5.37e-05,-1.7151
5.372e-05,-0.9151
5.374e-05,-0.91652
5.376e-05,-0.11652
5.378e-05,0.6849
5.38e-05,1.4849
5.382e-05,2.2835
5.384e-05,1.4849
5.386e-05,2.2849
5.388e-05,2.2849
5.39e-05,0.6849
5.392e-05,0.6849
5.394e-05,-0.1151
5.396e-05,-0.9151
5.398e-05,-0.9151
5.4e-05,-2.5151
5.402e-05,-2.5151
5.404e-05,-2.5165
5.406e-05,-3.3151
5.408e-05,-2.5151
5.41e-05,-2.5151
5.412e-05,-2.5151
5.414e-05,-2.5151
5.416e-05,-2.5151
5.418e-05,-1.7151
5.42e-05,-0.9151
5.422e-05,-0.9151
5.424e-05,0.6849
5.426e-05,0.6849
5.428e-05,0.6849
5.43e-05,0.6849
5.432e-05,0.6849
5.434e-05,0.6849
5.436e-05,0.6849
5.438e-05,0.68631
5.44e-05,0.6849
5.442e-05,-0.1151
5.444e-05,-0.91652
5.446e-05,-0.9151
5.448e-05,-1.7151
5.45e-05,-1.7151
5.452e-05,-2.5151
5.454e-05,-2.5165
5.456e-05,-2.5165
5.458e-05,-2.5151
5.46e-05,-2.5151
5.462e-05,-2.5151
5.464e-05,-2.5151
5.466e-05,-2.5137
5.468e-05,-1.7165
5.47e-05,-0.9151
5.472e-05,-0.91652
5.474e-05,-0.11652
5.476e-05,-0.1151
5.478e-05,-0.11652
5.48e-05,0.6849
5.482e-05,0.6849
5.484e-05,0.6849
5.486e-05,0.6849
5.488e-05,0.6849
5.49e-05,-0.1151
5.492e-05,0.6849
5.494e-05,-0.1151
5.496e-05,-0.1151
5.498e-05,-0.1151
5.5e-05,-0.9151
5.502e-05,-0.9151
5.504e-05,-0.9151
5.506e-05,-0.9151
5.508e-05,-1.7151
5.51e-05,-2.5151
5.512e-05,-2.5151
5.514e-05,-1.7151
5.516e-05,-2.5151
5.518e-05,-2.5151
5.52e-05,-2.5165
5.522e-05,-1.7151
5.524e-05,-2.5151
5.526e-05,-2.5165
5.528e-05,-1.7151
5.53e-05,-0.91652
5.532e-05,-0.1151
5.534e-05,0.68348
5.536e-05,0.6849
5.538e-05,0.6849
5.54e-05,0.6849
5.542e-05,0.68348
5.544e-05,0.68348
5.546e-05,0.68348
5.548e-05,0.68348
5.55e-05,-0.91652
5.552e-05,-0.91652
5.554e-05,-0.9151
5.556e-05,-1.7165
5.558e-05,-2.5165
5.56e-05,-2.5151
5.562e-05,-2.5151
5.564e-05,-2.5151
5.566e-05,-2.5165
5.568e-05,-2.5151
5.57e-05,-1.7151
5.572e-05,-0.91652
5.574e-05,-0.9151
5.576e-05,0.68348
5.578e-05,0.6849
5.58e-05,0.6849
5.582e-05,0.68348
5.584e-05,0.68348
5.586e-05,0.6849
5.588e-05,-0.11652
5.59e-05,-0.9151
5.592e-05,-0.9151
5.594e-05,-0.9151
5.596e-05,-0.9151
5.598e-05,-1.7165
5.6e-05,-2.5151
5.602e-05,-2.5151
5.604e-05,-2.5165
5.606e-05,-1.7151
5.608e-05,-2.5151
5.61e-05,-1.7165
5.612e-05,-1.7165
5.614e-05,-1.7165
5.616e-05,-0.91652
5.618e-05,-0.91652
5.62e-05,-0.11652
5.622e-05,-0.11652
5.624e-05,-0.1151
5.626e-05,-0.1151
5.628e-05,0.6849
5.63e-05,-0.1151
5.632e-05,0.68348
5.634e-05,-0.9151
5.636e-05,-0.11652
5.638e-05,-0.91652
5.64e-05,-0.11652
5.642e-05,-0.9151
5.644e-05,-0.91652
5.646e-05,-0.9151
5.648e-05,-0.91652
5.65e-05,-1.7165
5.652e-05,-1.7151
5.654e-05,-1.7151
5.656e-05,-1.7151
5.658e-05,-1.7165
5.66e-05,-1.7165
5.662e-05,-1.7151
5.664e-05,-0.91652
5.666e-05,-0.9151
5.668e-05,-0.9151
5.67e-05,-0.9151
5.672e-05,-0.9151
5.674e-05,-0.1151
5.676e-05,-0.91652
5.678e-05,-0.1151
5.68e-05,-0.91652
5.682e-05,-0.91652
5.684e-05,-0.91652
5.686e-05,-0.91652
5.688e-05,-0.91652
5.69e-05,-0.9151
5.692e-05,-0.91652
5.694e-05,-0.9151
5.696e-05,-0.9151
5.698e-05,-0.11652
5.7e-05,-0.91652
5.702e-05,-0.11652
5.704e-05,-0.1151
5.706e-05,0.68348
5.708e-05,-0.91652
5.71e-05,-0.9151
5.712e-05,-0.91652
5.714e-05,-0.91652
5.716e-05,-0.9151
5.718e-05,-1.7151
5.72e-05,-1.7165
5.722e-05,-1.7165
5.724e-05,-1.7165
5.726e-05,-1.7151
5.728e-05,-1.7165
5.73e-05,-1.7151
5.732e-05,-0.9151
5.734e-05,-0.9151
5.736e-05,-0.91652
5.738e-05,-0.91652
5.74e-05,0.68348
5.742e-05,0.6849
5.744e-05,0.68348
5.746e-05,0.68348
5.748e-05,-0.11652
5.75e-05,-0.1151
5.752e-05,-0.9151
5.754e-05,-0.91652
5.756e-05,-0.9151
5.758e-05,-1.7151
5.76e-05,-1.7165
5.762e-05,-1.7165
5.764e-05,-0.91652
5.766e-05,-0.91652
5.768e-05,-0.9151
5.77e-05,-0.91652
5.772e-05,-0.1151
5.774e-05,0.6849
5.776e-05,-0.11652
5.778e-05,0.68348
5.78e-05,0.68348
5.782e-05,-0.11652
5.784e-05,-0.9151
5.786e-05,-0.91652
5.788e-05,-1.7165
5.79e-05,-1.7165
5.792e-05,-0.91652
5.794e-05,-1.7165
5.796e-05,-2.5165
5.798e-05,-1.7165
5.8e-05,-1.7165
5.802e-05,-1.7165
5.804e-05,-0.91652
5.806e-05,-0.91652
5.808e-05,-0.91652
5.81e-05,-0.9151
5.812e-05,0.6849
5.814e-05,0.68348
5.816e-05,0.6849
5.818e-05,0.68348
5.82e-05,0.6849
5.822e-05,0.6849
5.824e-05,0.68348
5.826e-05,-0.11652
5.828e-05,-0.1151
5.83e-05,-0.9151
5.832e-05,-0.91652
5.834e-05,-0.91652
5.836e-05,-1.7165
5.838e-05,-1.7151
5.84e-05,-1.7165
5.842e-05,-2.5165
5.844e-05,-2.5165
5.846e-05,-1.7151
5.848e-05,-2.5165
5.85e-05,-1.7151
5.852e-05,-0.91652
5.854e-05,-1.7165
5.856e-05,-0.9151
5.858e-05,-0.91652
5.86e-05,-0.1151
5.862e-05,0.68348
5.864e-05,0.6849
5.866e-05,0.68348
5.868e-05,0.68348
5.87e-05,0.68348
5.872e-05,0.68348
5.874e-05,0.6849
5.876e-05,-0.11652
5.878e-05,-0.11652
5.88e-05,-0.91652
5.882e-05,-1.7151
5.884e-05,-1.7165
5.886e-05,-1.7165
5.888e-05,-1.7165
5.89e-05,-1.7151
5.892e-05,-1.7151
5.894e-05,-1.7165
5.896e-05,-1.7165
5.898e-05,-0.9151
5.9e-05,-0.91652
5.902e-05,-0.91652
5.904e-05,0.68348
5.906e-05,-0.11652
5.908e-05,-0.11652
5.91e-05,0.68348
5.912e-05,0.6849
5.914e-05,0.6849
5.916e-05,0.6849
5.918e-05,-0.9151
5.92e-05,-0.91652
5.922e-05,-0.91652
5.924e-05,-0.9151
5.926e-05,-0.9151
5.928e-05,-0.91652
5.93e-05,-1.7165
5.932e-05,-0.91652
5.934e-05,-0.91652
5.936e-05,-0.91652
5.938e-05,-0.9151
5.94e-05,-0.91652
5.942e-05,-0.9151
5.944e-05,-0.9151
5.946e-05,-0.9151
5.948e-05,-1.7165
5.95e-05,-0.91652
5.952e-05,-0.91652
5.954e-05,-0.9151
5.956e-05,-0.91652
5.958e-05,-0.9151
5.96e-05,-0.11652
5.962e-05,-0.1151
5.964e-05,-0.1151
5.966e-05,0.6849
5.968e-05,1.4835
5.97e-05,0.68348
5.972e-05,0.68348
5.974e-05,0.68348
5.976e-05,0.6849
5.978e-05,-0.11652
5.98e-05,-0.11652
5.982e-05,-0.91652
5.984e-05,-1.7165
5.986e-05,-1.7165
5.988e-05,-2.5165
5.99e-05,-2.5151
5.992e-05,-2.5151
5.994e-05,-3.3165
5.996e-05,-2.5165
5.998e-05,-2.5165
6e-05,-2.5151
6.002e-05,-1.7165
6.004e-05,-0.9151
6.006e-05,-0.91652
6.008e-05,-0.11652
6.01e-05,0.68348
6.012e-05,0.6849
6.014e-05,1.4849
6.016e-05,1.4835
6.018e-05,1.4849
6.02e-05,1.4835
6.022e-05,2.2835
6.024e-05,0.68348
6.026e-05,0.68348
6.028e-05,-0.11652
6.03e-05,-0.91652
6.032e-05,-1.7165
6.034e-05,-1.7151
6.036e-05,-2.5165
6.038e-05,-2.5151
6.04e-05,-2.5165
6.042e-05,-3.3151
6.044e-05,-2.5165
6.046e-05,-2.5165
6.048e-05,-2.5165
6.05e-05,-1.7165
6.052e-05,-1.7151
6.054e-05,-0.91652
6.056e-05,-0.91652
6.058e-05,-0.91652
6.06e-05,0.6849
6.062e-05,0.68348
6.064e-05,1.4835
6.066e-05,1.4849
6.068e-05,2.2835
6.07e-05,0.68348
6.072e-05,1.4835
6.074e-05,0.6849
6.076e-05,0.6849
6.078e-05,0.68348
6.08e-05,-0.91652
6.082e-05,-1.7165
6.084e-05,-1.7165
6.086e-05,-1.7165
6.088e-05,-1.7165
6.09e-05,-2.5165
6.092e-05,-2.5165
6.094e-05,-1.7165
6.096e-05,-2.5165
6.098e-05,-2.5165
6.1e-05,-0.91652
6.102e-05,-0.91652
6.104e-05,-0.91652
6.106e-05,-0.11652
6.108e-05,-0.9151
6.11e-05,0.68348
6.112e-05,0.68348
6.114e-05,0.68348
6.116e-05,0.68348
6.118e-05,-0.1151
6.12e-05,-0.1151
6.122e-05,0.68348
6.124e-05,0.68348
6.126e-05,0.68348
6.128e-05,-0.9151
6.13e-05,-0.9151
6.132e-05,-0.11652
6.134e-05,-0.9151
6.136e-05,-0.91652
6.138e-05,-0.9151
6.14e-05,-1.7165
6.142e-05,-1.7165
6.144e-05,-2.5165
6.146e-05,-2.5165
6.148e-05,-2.5165
6.15e-05,-2.5165
6.152e-05,-2.5165
6.154e-05,-2.5165
6.156e-05,-0.9151
6.158e-05,-1.7151
6.16e-05,-0.91652
6.162e-05,-0.11652
6.164e-05,0.68348
6.166e-05,0.68348
6.168e-05,1.4835
6.17e-05,0.68348
6.172e-05,1.4835
6.174e-05,2.2835
6.176e-05,1.4835
6.178e-05,0.6849
6.18e-05,0.6849
6.182e-05,-0.11652
6.184e-05,-0.91652
6.186e-05,-1.7165
6.188e-05,-2.5165
6.19e-05,-2.5165
6.192e-05,-2.5165
6.194e-05,-4.1165
6.196e-05,-2.5165
6.198e-05,-2.5165
6.2e-05,-2.5151
6.202e-05,-1.7165
6.204e-05,-0.91652
6.206e-05,-0.91652
6.208e-05,-0.11652
6.21e-05,0.68348
6.212e-05,0.68348
6.214e-05,1.4835
6.216e-05,2.2835
6.218e-05,2.2835
6.22e-05,1.4835
6.222e-05,1.4835
6.224e-05,0.68348
6.226e-05,1.4835
6.228e-05,0.6849
6.23e-05,-0.91652
6.232e-05,-0.91652
6.234e-05,-1.7165
6.236e-05,-2.5165
6.238e-05,-2.5165
6.24e-05,-2.5165
6.242e-05,-2.5165
6.244e-05,-2.5165
6.246e-05,-2.5151
6.248e-05,-2.5165
6.25e-05,-2.5165
6.252e-05,-1.7165
6.254e-05,-0.91652
6.256e-05,-0.91652
6.258e-05,-0.11652
6.26e-05,0.68348
6.262e-05,0.68348
6.264e-05,2.2835
6.266e-05,0.68348
6.268e-05,2.2835
6.27e-05,1.4835
6.272e-05,2.2835
6.274e-05,0.6849
6.276e-05,0.6849
6.278e-05,0.68348
6.28e-05,0.68348
6.282e-05,-0.91652
6.284e-05,-0.91652
6.286e-05,-0.91652
6.288e-05,-2.5165
6.29e-05,-2.5165
6.292e-05,-1.7165
6.294e-05,-2.5165
6.296e-05,-1.7165
6.298e-05,-1.7165
6.3e-05,-1.7165
6.302e-05,-1.7151
6.304e-05,-0.91652
6.306e-05,-0.91652
6.308e-05,-0.91652
6.31e-05,-0.1151
6.312e-05,-0.91652
6.314e-05,-0.91652
6.316e-05,-0.11652
6.318e-05,0.68348
6.32e-05,-0.11652
6.322e-05,0.68348
6.324e-05,0.68348
6.326e-05,0.6849
6.328e-05,0.68348
6.33e-05,0.68348
6.332e-05,0.68348
6.334e-05,-0.11652
6.336e-05,-0.1151
6.338e-05,-0.11652
6.34e-05,-0.91652
6.342e-05,-1.7165
6.344e-05,-2.5165
6.346e-05,-2.5165
6.348e-05,-1.7165
6.35e-05,-2.5165
6.352e-05,-2.5165
6.354e-05,-2.5165
6.356e-05,-2.5165
6.358e-05,-0.91652
6.36e-05,-0.91652
6.362e-05,-0.91652
6.364e-05,0.68348
6.366e-05,0.6849
6.368e-05,1.4835
6.37e-05,2.2835
6.372e-05,2.2835
6.374e-05,2.2835
6.376e-05,1.4835
6.378e-05,0.68348
6.38e-05,0.68348
6.382e-05,-0.11652
6.384e-05,-0.11652
6.386e-05,-0.91652
6.388e-05,-2.5165
6.39e-05,-2.5165
6.392e-05,-2.5165
6.394e-05,-2.5165
6.396e-05,-2.5165
6.398e-05,-3.3165
6.4e-05,-2.5165
6.402e-05,-1.7165
6.404e-05,-0.91652
6.406e-05,-0.91652
6.408e-05,0.68348
6.41e-05,0.68348
6.412e-05,0.68348
6.414e-05,0.68348
6.416e-05,2.2835
6.418e-05,0.68348
6.42e-05,1.4835
6.422e-05,1.4835
6.424e-05,0.6849
6.426e-05,0.68348
6.428e-05,0.68348
6.43e-05,-0.11652
6.432e-05,-0.11652
6.434e-05,-0.91652
6.436e-05,-1.7165
6.438e-05,-0.91652
6.44e-05,-2.5165
6.442e-05,-2.5165
6.444e-05,-2.5165
6.446e-05,-2.5151
6.448e-05,-2.5165
6.45e-05,-2.5165
6.452e-05,-1.7179
6.454e-05,-1.7165
6.456e-05,-0.9151
6.458e-05,-0.91652
6.46e-05,-0.11652
6.462e-05,-0.1151
6.464e-05,0.68348
6.466e-05,0.68348
6.468e-05,0.68348
6.47e-05,0.68348
6.472e-05,1.4835
6.474e-05,0.68348
6.476e-05,0.68348
6.478e-05,0.6849
6.48e-05,0.68348
6.482e-05,-0.11652
6.484e-05,-0.91652
6.486e-05,-0.91652
6.488e-05,-0.91652
6.49e-05,-0.9151
6.492e-05,-1.7165
6.494e-05,-0.91652
6.496e-05,-1.7165
6.498e-05,-0.91652
6.5e-05,-0.91652
6.502e-05,-0.91652
6.504e-05,-0.91652
6.506e-05,-1.7165
6.508e-05,-0.91652
6.51e-05,-0.91652
6.512e-05,-0.91652
6.514e-05,-0.91652
6.516e-05,-1.7165
6.518e-05,-0.1151
6.52e-05,-0.11652
6.522e-05,-0.11652
6.524e-05,-0.11652
6.526e-05,0.68348
6.528e-05,0.68348
6.53e-05,0.68348
6.532e-05,0.68348
6.534e-05,0.68348
6.536e-05,-0.11652
6.538e-05,-0.11652
6.54e-05,-0.11652
6.542e-05,-0.9151
6.544e-05,-1.7165
6.546e-05,-1.7165
6.548e-05,-2.5165
6.55e-05,-2.5165
6.552e-05,-2.5165
6.554e-05,-2.5165
6.556e-05,-1.7165
6.558e-05,-0.91793
6.56e-05,-0.91652
6.562e-05,-0.11652
6.564e-05,-0.11652
6.566e-05,0.68348
6.568e-05,0.68348
6.57e-05,0.68348
6.572e-05,0.68348
6.574e-05,0.68348
6.576e-05,1.4835
6.578e-05,0.68348
6.58e-05,-0.11652
6.582e-05,-0.11652
6.584e-05,-0.91652
6.586e-05,-0.91652
6.588e-05,-0.91793
6.59e-05,-1.7165
6.592e-05,-1.7179
6.594e-05,-1.7165
6.596e-05,-2.5165
6.598e-05,-1.7165
6.6e-05,-0.91652
6.602e-05,-0.9151
6.604e-05,-0.91652
6.606e-05,-0.11652
6.608e-05,-0.11652
6.61e-05,-0.11652
6.612e-05,0.68348
6.614e-05,-0.11652
6.616e-05,0.68348
6.618e-05,0.68348
6.62e-05,0.68348
6.622e-05,0.68348
6.624e-05,0.68348
6.626e-05,-0.11652
6.628e-05,-0.1151
6.63e-05,-0.11652
6.632e-05,-0.11652
6.634e-05,-0.11652
6.636e-05,-0.91652
6.638e-05,-1.7165
6.64e-05,-0.91652
6.642e-05,-1.7165
6.644e-05,-0.91652
6.646e-05,-0.91652
6.648e-05,-0.91652
6.65e-05,-0.9151
6.652e-05,-1.7165
6.654e-05,-0.1151
6.656e-05,-0.11652
6.658e-05,-0.11652
6.66e-05,-0.91652
6.662e-05,-0.11652
6.664e-05,-0.11793
6.666e-05,-0.11652
6.668e-05,-0.11652
6.67e-05,-0.11652
6.672e-05,-0.11652
6.674e-05,-0.1151
6.676e-05,0.68348
6.678e-05,-0.11652
6.68e-05,-0.91652
6.682e-05,-0.11652
6.684e-05,0.6849
6.686e-05,-0.91652
6.688e-05,0.68348
6.69e-05,0.68348
6.692e-05,0.68348
6.694e-05,-0.91652
6.696e-05,-0.11652
6.698e-05,-0.91652
6.7e-05,-0.11652
6.702e-05,-0.11652
6.704e-05,-0.91652
6.706e-05,-0.91652
6.708e-05,-1.7165
6.71e-05,-1.7165
6.712e-05,-1.7165
6.714e-05,-1.7165
6.716e-05,-1.7165
6.718e-05,-0.91652
6.72e-05,-0.91652
6.722e-05,-0.11652
6.724e-05,-0.11652
6.726e-05,0.68348
6.728e-05,0.68348
6.73e-05,0.68348
6.732e-05,0.68348
6.734e-05,0.68348
6.736e-05,0.68348
6.738e-05,0.68348
6.74e-05,0.68348
6.742e-05,-0.11652
6.744e-05,-0.11652
6.746e-05,-0.11652
6.748e-05,-0.91652
6.75e-05,-0.91652
6.752e-05,-1.7165
6.754e-05,-1.7165
6.756e-05,-0.91652
6.758e-05,-0.11652
6.76e-05,-0.91793
6.762e-05,-0.11652
6.764e-05,-0.11652
6.766e-05,0.68348
6.768e-05,-0.11652
6.77e-05,0.68207
6.772e-05,-0.11652
6.774e-05,0.68348
6.776e-05,-0.11652
6.778e-05,-0.11652
6.78e-05,-0.11652
6.782e-05,-0.9151
6.784e-05,-0.11652
6.786e-05,-1.7165
6.788e-05,-1.7165
6.79e-05,-0.9151
6.792e-05,-0.11652
6.794e-05,-0.91652
6.796e-05,-0.91652
6.798e-05,-0.91652
6.8e-05,-0.11652
6.802e-05,-0.11652
6.804e-05,0.68348
6.806e-05,0.68348
6.808e-05,0.68348
6.81e-05,0.68348
6.812e-05,-0.11652
6.814e-05,0.68348
6.816e-05,-0.11652
6.818e-05,-0.91652
6.82e-05,-0.91652
6.822e-05,-0.91652
6.824e-05,-0.91652
6.826e-05,-0.91652
6.828e-05,-0.91652
6.83e-05,-0.91652
6.832e-05,-0.91652
6.834e-05,-0.9151
6.836e-05,-0.11652
6.838e-05,-0.91652
6.84e-05,-0.11652
6.842e-05,-0.91652
6.844e-05,-0.11652
6.846e-05,-0.1151
6.848e-05,-0.11652
6.85e-05,0.68348
6.852e-05,0.68348
6.854e-05,0.68348
6.856e-05,-0.11652
6.858e-05,-0.11652
6.86e-05,0.6849
6.862e-05,0.68348
6.864e-05,-0.11652
6.866e-05,-0.11793
6.868e-05,-0.91652
6.87e-05,-0.91652
6.872e-05,-0.91652
6.874e-05,-1.7165
6.876e-05,-1.7165
6.878e-05,-0.91652
6.88e-05,-0.91652
6.882e-05,-0.91652
6.884e-05,-0.91652
6.886e-05,-0.11652
6.888e-05,-0.11652
6.89e-05,-0.11652
6.892e-05,-0.11652
6.894e-05,0.68348
6.896e-05,0.68348
6.898e-05,0.68348
6.9e-05,0.68348
6.902e-05,-0.11652
6.904e-05,-0.91652
6.906e-05,-0.91652
6.908e-05,-0.91652
6.91e-05,-0.91652
6.912e-05,-0.91652
6.914e-05,-0.91652
6.916e-05,-1.7165
6.918e-05,-0.91652
6.92e-05,-0.91652
6.922e-05,-0.91652
6.924e-05,-0.91652
6.926e-05,-0.91793
6.928e-05,-0.11652
6.93e-05,-0.11652
6.932e-05,-0.11652
6.934e-05,-0.11793
6.936e-05,0.68348
6.938e-05,-0.11652
6.94e-05,-0.91652
6.942e-05,-0.11652
6.944e-05,-0.91652
6.946e-05,-0.9151
6.948e-05,-0.91652
6.95e-05,-0.91652
6.952e-05,-0.91652
6.954e-05,-0.11652
6.956e-05,-0.11652
6.958e-05,0.68348
6.96e-05,-0.11652
6.962e-05,-0.11652
6.964e-05,0.68348
6.966e-05,-0.11793
6.968e-05,0.68348
6.97e-05,0.68348
6.972e-05,-0.91652
6.974e-05,-0.11652
6.976e-05,-0.91652
6.978e-05,-1.7165
6.98e-05,-1.7165
6.982e-05,-1.7165
6.984e-05,-1.7165
6.986e-05,-1.7165
6.988e-05,-0.91652
6.99e-05,-0.91652
6.992e-05,-0.91652
6.994e-05,-0.11652
6.996e-05,-0.11793
6.998e-05,0.68348
7e-05,1.4835
7.002e-05,0.68348
7.004e-05,0.68348
7.006e-05,0.68348
7.008e-05,0.68207
7.01e-05,0.68348
7.012e-05,0.68348
7.014e-05,0.68065
7.016e-05,-0.11652
7.018e-05,-0.9151
7.02e-05,-1.7165
7.022e-05,-1.7165
7.024e-05,-1.7165
7.026e-05,-1.7165
7.028e-05,-1.7165
7.03e-05,-2.5165
7.032e-05,-1.7165
7.034e-05,-0.91652
7.036e-05,-0.91652
7.038e-05,-0.11652
7.04e-05,-0.91793
7.042e-05,-0.11652
7.044e-05,-0.11652
7.046e-05,0.68207
7.048e-05,0.68348
7.05e-05,0.68348
7.052e-05,0.68207
7.054e-05,0.68207
7.056e-05,1.4835
7.058e-05,0.68348
7.06e-05,0.68348
7.062e-05,0.68348
7.064e-05,-0.11652
7.066e-05,-0.11652
7.068e-05,-0.91652
7.07e-05,-0.91652
7.072e-05,-0.91652
7.074e-05,-1.7165
7.076e-05,-0.91652
7.078e-05,-1.7165
7.08e-05,-0.91652
7.082e-05,-0.91652
7.084e-05,-0.91652
7.086e-05,-0.91652
7.088e-05,-0.11652
7.09e-05,0.68348
7.092e-05,-0.11652
7.094e-05,0.68207
7.096e-05,0.68348
7.098e-05,-0.11652
7.1e-05,0.68207
7.102e-05,-0.11652
7.104e-05,0.68348
7.106e-05,-0.11652
7.108e-05,0.68207
7.11e-05,0.68207
7.112e-05,-0.11652
7.114e-05,-0.91652
7.116e-05,-0.11652
7.118e-05,-0.11652
7.12e-05,-0.91652
7.122e-05,-0.11652
7.124e-05,-0.11652
7.126e-05,-0.11652
7.128e-05,-0.11652
7.13e-05,-0.11652
7.132e-05,-0.91652
7.134e-05,-0.91652
7.136e-05,-0.91652
7.138e-05,-0.91652
7.14e-05,-0.91652
7.142e-05,-0.91652
7.144e-05,-0.91652
7.146e-05,-0.11652
7.148e-05,-0.11652
7.15e-05,0.68348
7.152e-05,0.68348
7.154e-05,0.68207
7.156e-05,0.68348
7.158e-05,0.68348
7.16e-05,0.68348
7.162e-05,0.68348
7.164e-05,0.68348
7.166e-05,0.68348
7.168e-05,0.68348
7.17e-05,-0.11652
7.172e-05,-0.91652
7.174e-05,-0.91652
7.176e-05,-1.7165
7.178e-05,-2.5179
7.18e-05,-1.7179
7.182e-05,-1.7165
7.184e-05,-2.5165
7.186e-05,-2.5165
7.188e-05,-1.7165
7.19e-05,-1.7165
7.192e-05,-0.91652
7.194e-05,-0.11652
7.196e-05,0.68348
7.198e-05,0.68348
7.2e-05,1.4835
7.202e-05,1.4835
7.204e-05,1.4835
7.206e-05,1.4835
7.208e-05,2.2835
7.21e-05,1.4835
7.212e-05,0.68207
7.214e-05,0.68207
7.216e-05,0.68348
7.218e-05,-0.91652
7.22e-05,-0.11652
7.222e-05,-0.91652
7.224e-05,-1.7179
7.226e-05,-1.7165
7.228e-05,-2.5165
7.23e-05,-2.5165
7.232e-05,-1.7165
7.234e-05,-2.5165
7.236e-05,-2.5165
7.238e-05,-0.91652
7.24e-05,-0.91652
7.242e-05,-0.91652
7.244e-05,-0.11652
7.246e-05,-0.11652
7.248e-05,0.68348
7.25e-05,0.68348
7.252e-05,0.68348
7.254e-05,1.4821
7.256e-05,1.4835
7.258e-05,0.68207
7.26e-05,0.68348
7.262e-05,0.68348
7.264e-05,0.68348
7.266e-05,-0.11652
7.268e-05,-0.11652
7.27e-05,-0.91652
7.272e-05,-0.91652
7.274e-05,-0.91652
7.276e-05,-1.7179
7.278e-05,-1.7165
7.28e-05,-1.7165
7.282e-05,-1.7165
7.284e-05,-1.7165
7.286e-05,-0.91652
7.288e-05,-0.91652
7.29e-05,-0.91652
7.292e-05,-0.91652
7.294e-05,-0.11652
7.296e-05,-0.11652
7.298e-05,0.68348
7.3e-05,-0.11652
7.302e-05,0.68348
7.304e-05,0.68207
7.306e-05,0.68348
7.308e-05,0.68348
7.31e-05,0.68348
7.312e-05,-0.11652
7.314e-05,0.68348
7.316e-05,0.68207
7.318e-05,0.68348
7.32e-05,0.68348
7.322e-05,0.68207
7.324e-05,-0.91793
7.326e-05,-0.91652
7.328e-05,-0.11652
7.33e-05,-0.91793
7.332e-05,-0.91652
7.334e-05,-1.7165
7.336e-05,-1.7165
7.338e-05,-1.7165
7.34e-05,-1.7165
7.342e-05,-1.7165
7.344e-05,-0.91652
7.346e-05,-1.7165
7.348e-05,-0.91652
7.35e-05,-0.11652
7.352e-05,0.68348
7.354e-05,0.68348
7.356e-05,1.4835
7.358e-05,0.68348
7.36e-05,1.4835
7.362e-05,1.4835
7.364e-05,2.2821
7.366e-05,0.68348
7.368e-05,0.68348
7.37e-05,-0.11652
7.372e-05,-0.91652
7.374e-05,-1.7165
7.376e-05,-1.7165
7.378e-05,-1.7165
7.38e-05,-2.5165
7.382e-05,-2.5179
7.384e-05,-2.5165
7.386e-05,-2.5165
7.388e-05,-1.7165
7.39e-05,-1.7165
7.392e-05,-0.91652
7.394e-05,-0.91652
7.396e-05,0.68348
7.398e-05,0.68348
7.4e-05,0.68348
7.402e-05,1.4835
7.404e-05,1.4835
7.406e-05,0.68348
7.408e-05,2.2835
7.41e-05,0.68348
7.412e-05,0.68348
7.414e-05,0.68348
7.416e-05,0.68348
7.418e-05,-0.11652
7.42e-05,-0.11652
7.422e-05,-0.91652
7.424e-05,-0.91652
7.426e-05,-1.7165
7.428e-05,-1.7165
7.43e-05,-2.5165
7.432e-05,-1.7165
7.434e-05,-1.7165
7.436e-05,-1.7165
7.438e-05,-1.7165
7.44e-05,-0.91793
7.442e-05,-0.91652
7.444e-05,-0.91652
7.446e-05,-0.11793
7.448e-05,-0.11652
7.45e-05,0.68348
7.452e-05,0.68207
7.454e-05,0.68348
7.456e-05,0.68207
7.458e-05,1.4835
7.46e-05,0.68348
7.462e-05,0.68348
7.464e-05,0.68348
7.466e-05,0.68348
7.468e-05,0.68348
7.47e-05,0.68207
7.472e-05,-0.91793
7.474e-05,-0.91652
7.476e-05,-0.91652
7.478e-05,-0.91935
7.48e-05,-0.91652
7.482e-05,-0.91652
7.484e-05,-0.91793
7.486e-05,-0.91652
7.488e-05,-0.91652
7.49e-05,-0.91652
7.492e-05,-0.91652
7.494e-05,-0.91652
7.496e-05,-0.91652
7.498e-05,-0.91652
7.5e-05,-0.91652
7.502e-05,-0.11652
7.504e-05,-0.11652
7.506e-05,0.68348
7.508e-05,0.68207
7.51e-05,0.68348
7.512e-05,0.68348
7.514e-05,0.68348
7.516e-05,0.68348
7.518e-05,0.68348
7.52e-05,0.68207
7.522e-05,0.68348
7.524e-05,0.68348
7.526e-05,-0.11652
7.528e-05,-0.91652
7.53e-05,-0.11652
7.532e-05,-0.91652
7.534e-05,-1.7179
7.536e-05,-1.7165
7.538e-05,-2.5165
7.54e-05,-1.7165
7.542e-05,-2.5165
7.544e-05,-1.7165
7.546e-05,-0.91652
7.548e-05,-0.91652
7.55e-05,-0.11652
7.552e-05,0.68348
7.554e-05,0.68348
7.556e-05,0.68348
7.558e-05,1.4835
7.56e-05,1.4821
7.562e-05,1.4835
7.564e-05,1.4835
7.566e-05,0.68348
7.568e-05,0.68348
7.57e-05,0.68207
7.572e-05,0.68348
7.574e-05,-0.91793
7.576e-05,-0.91652
7.578e-05,-1.7165
7.58e-05,-1.7179
7.582e-05,-2.5165
7.584e-05,-1.7165
7.586e-05,-1.7165
7.588e-05,-1.7165
7.59e-05,-0.91652
7.592e-05,-0.91652
7.594e-05,-0.11652
7.596e-05,-0.11652
7.598e-05,0.68348
7.6e-05,0.68348
7.602e-05,0.68348
7.604e-05,0.68348
7.606e-05,0.68348
7.608e-05,0.68348
7.61e-05,0.68348
7.612e-05,0.68348
7.614e-05,-0.11652
7.616e-05,-0.11652
7.618e-05,-0.11652
7.62e-05,-0.11652
7.622e-05,-0.11652
7.624e-05,-0.11652
7.626e-05,-0.91652
7.628e-05,-0.91652
7.63e-05,-0.91652
7.632e-05,-0.91793
7.634e-05,-0.91652
7.636e-05,-1.7165
7.638e-05,-1.7165
7.64e-05,-0.91793
7.642e-05,-0.91652
7.644e-05,-0.91652
7.646e-05,-0.91652
7.648e-05,-0.91652
7.65e-05,-0.11652
7.652e-05,0.68348
7.654e-05,-0.11652
7.656e-05,0.68065
7.658e-05,0.68348
7.66e-05,0.68207
7.662e-05,0.68207
7.664e-05,0.68348
7.666e-05,0.68348
7.668e-05,0.68348
7.67e-05,0.68348
7.672e-05,0.68348
7.674e-05,0.68348
7.676e-05,-0.11652
7.678e-05,0.68348
7.68e-05,-0.91793
7.682e-05,-0.91652
7.684e-05,-0.91652
7.686e-05,-0.91793
7.688e-05,-0.91652
7.69e-05,-0.91652
7.692e-05,-0.91652
7.694e-05,-0.91652
7.696e-05,-0.91652
7.698e-05,-0.91652
7.7e-05,-0.91793
7.702e-05,-0.91652
7.704e-05,-0.91652
7.706e-05,-0.11793
7.708e-05,0.68207
7.71e-05,0.68348
7.712e-05,0.68348
7.714e-05,0.68348
7.716e-05,0.68207
7.718e-05,0.68348
7.72e-05,1.4835
7.722e-05,0.68348
7.724e-05,0.68348
7.726e-05,0.68348
7.728e-05,-0.11652
7.73e-05,-0.91652
7.732e-05,-0.91652
7.734e-05,-1.7165
7.736e-05,-0.91652
7.738e-05,-1.7165
7.74e-05,-1.7165
7.742e-05,-1.7165
7.744e-05,-0.91652
7.746e-05,-0.91652
7.748e-05,-0.91793
7.75e-05,-0.91652
7.752e-05,-0.11652
7.754e-05,0.68348
7.756e-05,0.68207
7.758e-05,0.68207
7.76e-05,0.68348
7.762e-05,0.68348
7.764e-05,0.68348
7.766e-05,0.68348
7.768e-05,-0.11793
7.77e-05,-0.91652
7.772e-05,-0.91652
7.774e-05,-0.91652
7.776e-05,-0.91652
7.778e-05,-0.91652
7.78e-05,-0.91652
7.782e-05,-0.91652
7.784e-05,-0.91652
7.786e-05,-0.91652
7.788e-05,-0.91793
7.79e-05,-0.11652
7.792e-05,-0.91652
7.794e-05,-0.11652
7.796e-05,0.68348
7.798e-05,0.68348
7.8e-05,0.68348
7.802e-05,0.68207
7.804e-05,0.68207
7.806e-05,-0.11652
7.808e-05,-0.11652
7.81e-05,-0.11652
7.812e-05,0.68348
7.814e-05,-0.11652
7.816e-05,-0.11935
7.818e-05,-0.11652
7.82e-05,-0.11652
7.822e-05,-0.91652
7.824e-05,-0.11652
7.826e-05,-0.91793
7.828e-05,-0.11652
7.83e-05,-0.11652
7.832e-05,-0.11793
7.834e-05,-0.11652
7.836e-05,-0.11652
7.838e-05,-0.11793
7.84e-05,-0.11652
7.842e-05,-0.11652
7.844e-05,-0.11652
7.846e-05,-0.11652
7.848e-05,0.68348
7.85e-05,0.68348
7.852e-05,-0.11652
7.854e-05,-0.11793
7.856e-05,-0.11652
7.858e-05,0.68348
7.86e-05,-0.11652
7.862e-05,0.68348
7.864e-05,-0.11793
7.866e-05,-0.11793
7.868e-05,0.68207
7.87e-05,-0.11793
7.872e-05,-0.11652
7.874e-05,0.68207
7.876e-05,0.68207
7.878e-05,0.68348
7.88e-05,0.68207
7.882e-05,0.68348
7.884e-05,0.68348
7.886e-05,-0.11793
7.888e-05,-0.11935
7.89e-05,0.68348
7.892e-05,-0.11793
7.894e-05,-0.91793
7.896e-05,-0.91652
7.898e-05,-0.91793
7.9e-05,-0.91793
7.902e-05,-0.91652
7.904e-05,-0.91793
7.906e-05,-0.11793
7.908e-05,-0.11652
7.91e-05,-0.91793
7.912e-05,0.68207
7.914e-05,-0.11652
7.916e-05,0.68348
7.918e-05,-0.11652
7.92e-05,0.68207
7.922e-05,-0.11793
7.924e-05,0.68207
7.926e-05,-0.11652
7.928e-05,0.68207
7.93e-05,0.68348
7.932e-05,-0.11652
7.934e-05,-0.11652
7.936e-05,-0.11652
7.938e-05,-0.91652
7.94e-05,-0.91652
7.942e-05,-0.11652
7.944e-05,-0.11793
7.946e-05,-0.11652
7.948e-05,-0.11793
7.95e-05,0.68207
7.952e-05,0.68207
7.954e-05,0.68207
7.956e-05,0.68348
7.958e-05,0.68207
7.96e-05,-0.11793
7.962e-05,-0.11793
7.964e-05,-0.91652
7.966e-05,-0.91652
7.968e-05,-0.91652
7.97e-05,-0.91652
7.972e-05,-0.91793
7.974e-05,-1.7165
7.976e-05,-0.91652
7.978e-05,-1.7165
7.98e-05,-0.91652
7.982e-05,-0.11652
7.984e-05,-0.11652
7.986e-05,-0.11652
7.988e-05,0.68207
7.99e-05,0.68348
7.992e-05,1.4835
7.994e-05,0.68207
7.996e-05,0.68348
7.998e-05,0.68348
8e-05,0.68348
8.002e-05,0.68348
8.004e-05,-0.11652
8.006e-05,-0.11652
8.008e-05,-0.91652
8.01e-05,-0.91793
8.012e-05,-0.91652
8.014e-05,-0.91652
8.016e-05,-1.7179
8.018e-05,-1.7165
8.02e-05,-1.7179
8.022e-05,-0.91793
8.024e-05,-0.91652
8.026e-05,-0.11793
8.028e-05,-0.91652
8.03e-05,-0.91652
8.032e-05,-0.11793
8.034e-05,-0.11793
8.036e-05,0.68207
8.038e-05,0.68207
8.04e-05,0.68207
8.042e-05,0.68207
8.044e-05,0.68207
8.046e-05,0.68207
8.048e-05,0.68207
8.05e-05,-0.11652
8.052e-05,-0.11652
8.054e-05,-0.11793
8.056e-05,0.68348
8.058e-05,-0.91652
8.06e-05,-0.11793
8.062e-05,-0.91793
8.064e-05,-0.91793
8.066e-05,-0.91793
8.068e-05,-0.91652
8.07e-05,-0.91793
8.072e-05,-0.91793
8.074e-05,-0.11652
8.076e-05,-0.91793
8.078e-05,-0.11793
8.08e-05,-0.11793
8.082e-05,0.68348
8.084e-05,0.68348
8.086e-05,0.68348
8.088e-05,0.68348
8.09e-05,0.68348
8.092e-05,0.68348
8.094e-05,0.68207
8.096e-05,-0.11793
8.098e-05,-0.11652
8.1e-05,-0.11652
8.102e-05,-0.11652
8.104e-05,-0.91652
8.106e-05,-0.11652
8.108e-05,-0.91652
8.11e-05,-0.91793
8.112e-05,-0.91793
8.114e-05,-0.91652
8.116e-05,-0.91652
8.118e-05,-0.91652
8.12e-05,-0.91793
8.122e-05,-0.91793
8.124e-05,-0.91652
8.126e-05,-0.91793
8.128e-05,-0.91793
8.13e-05,-0.11652
8.132e-05,-0.11652
8.134e-05,-0.11652
8.136e-05,0.68207
8.138e-05,0.68348
8.14e-05,0.68207
8.142e-05,0.68348
8.144e-05,0.68348
8.146e-05,0.68207
8.148e-05,0.68348
8.15e-05,0.68348
8.152e-05,0.68348
8.154e-05,0.68348
8.156e-05,0.68348
8.158e-05,-0.11793
8.16e-05,-0.91652
8.162e-05,-0.91652
8.164e-05,-0.91652
8.166e-05,-1.7165
8.168e-05,-1.7179
8.17e-05,-1.7165
8.172e-05,-1.7179
8.174e-05,-1.7165
8.176e-05,-0.91652
8.178e-05,-0.91793
8.18e-05,-0.91793
8.182e-05,-0.11652
8.184e-05,0.68207
8.186e-05,0.68207
8.188e-05,2.2835
8.19e-05,1.4821
8.192e-05,2.2835
8.194e-05,2.2835
8.196e-05,1.4835
8.198e-05,1.4835
8.2e-05,0.68348
8.202e-05,0.68348
8.204e-05,-0.11652
8.206e-05,-0.91652
8.208e-05,-0.91652
8.21e-05,-1.7165
8.212e-05,-0.91652
8.214e-05,-2.5165
8.216e-05,-2.5165
8.218e-05,-1.7179
8.22e-05,-1.7165
8.222e-05,-1.7179
8.224e-05,-0.91793
8.226e-05,-0.91652
8.228e-05,-0.91652
8.23e-05,-0.11652
8.232e-05,0.68207
8.234e-05,0.68348
8.236e-05,0.68207
8.238e-05,0.68348
8.24e-05,0.68348
8.242e-05,1.4821
8.244e-05,0.68207
8.246e-05,0.68348
8.248e-05,0.68348
8.25e-05,0.68348
8.252e-05,0.68207
8.254e-05,-0.11793
8.256e-05,-0.11652
8.258e-05,-0.91652
8.26e-05,-0.91652
8.262e-05,-0.91793
8.264e-05,-1.7165
8.266e-05,-1.7179
8.268e-05,-1.7165
8.27e-05,-1.7165
8.272e-05,-0.91793
8.274e-05,-0.91793
8.276e-05,-0.91793
8.278e-05,-0.91793
8.28e-05,-0.91793
8.282e-05,-0.11793
8.284e-05,0.68207
8.286e-05,0.68207
8.288e-05,0.68348
8.29e-05,0.68348
8.292e-05,0.68348
8.294e-05,0.68207
8.296e-05,0.68348
8.298e-05,0.68207
8.3e-05,0.68207
8.302e-05,0.68348
8.304e-05,-0.11652
8.306e-05,-0.11652
8.308e-05,0.68348
8.31e-05,-0.11793
8.312e-05,-0.91652
8.314e-05,-0.91793
8.316e-05,-0.91652
8.318e-05,-0.91793
8.32e-05,-0.91793
8.322e-05,-1.7165
8.324e-05,-0.91793
8.326e-05,-1.7165
8.328e-05,-0.91652
8.33e-05,-0.91793
8.332e-05,-0.91793
8.334e-05,-0.11652
8.336e-05,-0.11793
8.338e-05,0.68348
8.34e-05,0.68348
8.342e-05,1.4835
8.344e-05,0.68348
8.346e-05,1.4835
8.348e-05,1.4835
8.35e-05,1.4835
8.352e-05,0.68348
8.354e-05,0.68348
8.356e-05,0.68348
8.358e-05,-0.11652
8.36e-05,-0.91652
8.362e-05,-0.91652
8.364e-05,-1.7165
8.366e-05,-1.7179
8.368e-05,-2.5165
8.37e-05,-2.5165
8.372e-05,-2.5165
8.374e-05,-2.5165
8.376e-05,-1.7165
8.378e-05,-1.7165
8.38e-05,-0.91652
8.382e-05,0.68348
8.384e-05,0.68348
8.386e-05,0.68348
8.388e-05,0.68207
8.39e-05,1.4835
8.392e-05,2.2835
8.394e-05,2.2821
8.396e-05,2.2821
8.398e-05,1.4835
8.4e-05,0.68207
8.402e-05,0.68348
8.404e-05,0.68348
8.406e-05,-0.91652
8.408e-05,-0.91793
8.41e-05,-0.91793
8.412e-05,-1.7179
8.414e-05,-2.5179
8.416e-05,-1.7165
8.418e-05,-2.5179
8.42e-05,-1.7165
8.422e-05,-1.7165
8.424e-05,-1.7179
8.426e-05,-0.91652
8.428e-05,-0.91652
8.43e-05,-0.11793
8.432e-05,-0.11652
8.434e-05,0.68348
8.436e-05,0.68207
8.438e-05,0.68207
8.44e-05,0.68207
8.442e-05,1.4821
8.444e-05,1.4821
8.446e-05,0.68348
8.448e-05,0.68348
8.45e-05,0.68348
8.452e-05,0.68348
8.454e-05,0.68348
8.456e-05,0.68207
8.458e-05,-0.11793
8.46e-05,-0.91793
8.462e-05,-0.91793
8.464e-05,-0.91793
8.466e-05,-1.7179
8.468e-05,-1.7179
8.47e-05,-0.91793
8.472e-05,-1.7179
8.474e-05,-1.7179
8.476e-05,-0.91652
8.478e-05,-0.91793
8.48e-05,-0.11652
8.482e-05,-0.91652
8.484e-05,-0.11793
8.486e-05,0.68348
8.488e-05,0.68207
8.49e-05,1.4835
8.492e-05,0.68207
8.494e-05,0.68207
8.496e-05,0.68348
8.498e-05,0.68207
8.5e-05,0.68207
8.502e-05,0.68348
8.504e-05,0.68348
8.506e-05,-0.11793
8.508e-05,-0.11793
8.51e-05,-0.11652
8.512e-05,-0.11793
8.514e-05,-0.91793
8.516e-05,-0.11793
8.518e-05,-1.7165
8.52e-05,-1.7179
8.522e-05,-0.91793
8.524e-05,-0.91793
8.526e-05,-0.91793
8.528e-05,-0.91793
8.53e-05,-0.91793
8.532e-05,-0.91793
8.534e-05,-0.11793
8.536e-05,0.68207
8.538e-05,0.68207
8.54e-05,0.68207
8.542e-05,0.68348
8.544e-05,1.4835
8.546e-05,1.4835
8.548e-05,1.4807
8.55e-05,1.4835
8.552e-05,0.68207
8.554e-05,0.68207
8.556e-05,0.68348
8.558e-05,-0.91793
8.56e-05,-0.91652
8.562e-05,-0.91652
8.564e-05,-1.7165
8.566e-05,-2.5165
8.568e-05,-2.5179
8.57e-05,-1.7165
8.572e-05,-1.7179
8.574e-05,-1.7179
8.576e-05,-1.7179
8.578e-05,-0.91793
8.58e-05,-0.11652
8.582e-05,0.68207
8.584e-05,0.68207
8.586e-05,0.68207
8.588e-05,1.4821
8.59e-05,1.4835
8.592e-05,1.4821
8.594e-05,1.4821
8.596e-05,1.4821
8.598e-05,0.68207
8.6e-05,0.68207
8.602e-05,0.68207
8.604e-05,-0.11793
8.606e-05,-0.91793
8.608e-05,-0.91793
8.61e-05,-0.91793
8.612e-05,-0.91793
8.614e-05,-0.91793
8.616e-05,-0.91793
8.618e-05,-0.91793
8.62e-05,-0.91793
8.622e-05,-0.91793
8.624e-05,-0.91793
8.626e-05,-0.91793
8.628e-05,-0.11652
8.63e-05,-0.11652
8.632e-05,0.68207
8.634e-05,0.68207
8.636e-05,0.68207
8.638e-05,0.68207
8.64e-05,0.68207
8.642e-05,0.68348
8.644e-05,0.68348
8.646e-05,0.68207
8.648e-05,0.68207
8.65e-05,0.68207
8.652e-05,0.68348
8.654e-05,-0.11652
8.656e-05,-0.11793
8.658e-05,-0.11793
8.66e-05,-0.11652
8.662e-05,-0.91793
8.664e-05,-0.91793
8.666e-05,-0.11652
8.668e-05,-0.91793
8.67e-05,-0.91793
8.672e-05,-0.11652
8.674e-05,-0.91793
8.676e-05,-0.11652
8.678e-05,-0.11793
8.68e-05,-0.11652
8.682e-05,0.68207
8.684e-05,0.68207
8.686e-05,-0.11793
8.688e-05,0.68207
8.69e-05,-0.11793
8.692e-05,0.68348
8.694e-05,-0.11793
8.696e-05,-0.11652
8.698e-05,0.68207
8.7e-05,0.68207
8.702e-05,-0.11793
8.704e-05,0.68207
8.706e-05,-0.11793
8.708e-05,0.68348
8.71e-05,0.68207
8.712e-05,0.68065
8.714e-05,-0.11793
8.716e-05,-0.11793
8.718e-05,-0.11935
8.72e-05,-0.11793
8.722e-05,-0.91793
8.724e-05,-0.91793
8.726e-05,-0.91793
8.728e-05,-0.11652
8.73e-05,-0.91793
8.732e-05,-0.11793
8.734e-05,0.68348
8.736e-05,-0.11793
8.738e-05,0.68207
8.74e-05,0.68207
8.742e-05,0.68207
8.744e-05,0.68207
8.746e-05,0.68207
8.748e-05,0.68065
8.75e-05,0.68207
8.752e-05,0.68207
8.754e-05,-0.11793
8.756e-05,-0.11793
8.758e-05,-0.91793
8.76e-05,-0.91652
8.762e-05,-0.91793
8.764e-05,-0.91793
8.766e-05,-1.7179
8.768e-05,-0.91935
8.77e-05,-0.91793
8.772e-05,-0.91793
8.774e-05,-0.11793
8.776e-05,-0.11793
8.778e-05,0.68207
8.78e-05,0.68348
8.782e-05,0.68207
8.784e-05,0.68065
8.786e-05,0.68207
8.788e-05,0.68207
8.79e-05,0.68207
8.792e-05,0.68207
8.794e-05,0.68348
8.796e-05,-0.11652
8.798e-05,-0.11652
8.8e-05,-0.11652
8.802e-05,-0.91652
8.804e-05,-0.91793
8.806e-05,-0.91935
8.808e-05,-0.91793
8.81e-05,-0.91652
8.812e-05,-0.91793
8.814e-05,-0.91793
8.816e-05,-0.11793
8.818e-05,-0.11793
8.82e-05,0.68348
8.822e-05,-0.11793
8.824e-05,0.68065
8.826e-05,0.68348
8.828e-05,0.68348
8.83e-05,0.68348
8.832e-05,-0.11793
8.834e-05,0.68065
8.836e-05,0.68207
8.838e-05,0.68207
8.84e-05,-0.11652
8.842e-05,-0.11935
8.844e-05,-0.11935
8.846e-05,-0.11793
8.848e-05,-0.11793
8.85e-05,-0.91793
8.852e-05,-0.91793
8.854e-05,-0.91652
8.856e-05,-0.11793
8.858e-05,-0.91652
8.86e-05,-0.91793
8.862e-05,0.68348
8.864e-05,-0.11793
8.866e-05,-0.11652
8.868e-05,0.68065
8.87e-05,0.68348
8.872e-05,0.68207
8.874e-05,0.68348
8.876e-05,0.68348
8.878e-05,0.68348
8.88e-05,-0.11935
8.882e-05,0.68348
8.884e-05,-0.11793
8.886e-05,-0.11793
8.888e-05,-0.11793
8.89e-05,-0.11793
8.892e-05,-0.91793
8.894e-05,-0.91793
8.896e-05,-0.91652
8.898e-05,-0.11793
8.9e-05,-0.91935
8.902e-05,-0.11793
8.904e-05,-0.11793
8.906e-05,-0.11793
8.908e-05,0.68207
8.91e-05,-0.11652
8.912e-05,0.68207
8.914e-05,0.68065
8.916e-05,0.68207
8.918e-05,0.68207
8.92e-05,-0.11793
8.922e-05,-0.11935
8.924e-05,-0.11935
8.926e-05,0.68348
8.928e-05,0.68207
8.93e-05,-0.11793
8.932e-05,-0.11935
8.934e-05,-0.11793
8.936e-05,0.68207
8.938e-05,-0.11935
8.94e-05,-0.11652
8.942e-05,0.68207
8.944e-05,-0.91793
8.946e-05,0.68207
8.948e-05,0.68065
8.95e-05,-0.11793
8.952e-05,-0.11793
8.954e-05,0.68065
8.956e-05,-0.11793
8.958e-05,-0.91793
8.96e-05,-0.11793
8.962e-05,-0.11935
8.964e-05,-0.91935
8.966e-05,-0.11935
8.968e-05,-0.91935
8.97e-05,-0.11935
8.972e-05,-0.11793
8.974e-05,0.68065
8.976e-05,0.68207
8.978e-05,0.68348
8.98e-05,0.68207
8.982e-05,0.68207
8.984e-05,0.68207
8.986e-05,0.68207
8.988e-05,0.68065
8.99e-05,-0.11793
8.992e-05,-0.11935
8.994e-05,-0.91935
8.996e-05,-0.11793
8.998e-05,-0.91793
9e-05,-0.91935
9.002e-05,-0.91652
9.004e-05,-0.91793
9.006e-05,-0.91935
9.008e-05,-0.91793
9.01e-05,-0.91793
9.012e-05,-0.91793
9.014e-05,0.68207
9.016e-05,0.68207
9.018e-05,0.68207
9.02e-05,0.68207
9.022e-05,0.68207
9.024e-05,0.68207
9.026e-05,0.68065
9.028e-05,0.68065
9.03e-05,0.68065
9.032e-05,0.68065
9.034e-05,-0.11793
9.036e-05,-0.11652
9.038e-05,-0.11793
9.04e-05,0.68207
9.042e-05,-0.11793
9.044e-05,-0.91793
9.046e-05,-0.11935
9.048e-05,-0.91793
9.05e-05,-0.91793
9.052e-05,-0.91793
9.054e-05,-0.91793
9.056e-05,-0.91793
9.058e-05,-0.91793
9.06e-05,-0.11793
9.062e-05,-0.11935
9.064e-05,0.68207
9.066e-05,0.68065
9.068e-05,0.68065
9.07e-05,0.68207
9.072e-05,0.68348
9.074e-05,0.68207
9.076e-05,0.68207
9.078e-05,0.68207
9.08e-05,0.68207
9.082e-05,0.68207
9.084e-05,-0.11793
9.086e-05,-0.11935
9.088e-05,-0.11793
9.09e-05,-0.91793
9.092e-05,-0.11935
9.094e-05,-0.91793
9.096e-05,-0.91793
9.098e-05,-0.91935
9.1e-05,-0.91793
9.102e-05,-0.91935
9.104e-05,-0.91793
9.106e-05,-0.91652
9.108e-05,-0.91793
9.11e-05,0.68065
9.112e-05,0.68207
9.114e-05,0.68348
9.116e-05,0.68065
9.118e-05,0.68065
9.12e-05,0.68207
9.122e-05,0.68207
9.124e-05,0.68207
9.126e-05,0.68207
9.128e-05,0.68348
9.13e-05,0.68207
9.132e-05,0.68065
9.134e-05,0.68207
9.136e-05,0.68207
9.138e-05,-0.11935
9.14e-05,-0.11793
9.142e-05,-0.11935
9.144e-05,-0.11935
9.146e-05,-0.91793
9.148e-05,-0.11793
9.15e-05,-0.91935
9.152e-05,-0.91793
9.154e-05,-0.91935
9.156e-05,-0.91793
9.158e-05,-0.91793
9.16e-05,-0.91935
9.162e-05,-0.11793
9.164e-05,-0.91793
9.166e-05,-0.91935
9.168e-05,0.68348
9.17e-05,0.68207
9.172e-05,0.68207
9.174e-05,0.68348
9.176e-05,0.68207
9.178e-05,1.4807
9.18e-05,1.4821
9.182e-05,1.4807
9.184e-05,0.68207
9.186e-05,0.68207
9.188e-05,0.68065
9.19e-05,-0.11793
9.192e-05,-0.11793
9.194e-05,-0.11935
9.196e-05,-0.91652
9.198e-05,-1.7179
9.2e-05,-1.7193
9.202e-05,-1.7179
9.204e-05,-0.91793
9.206e-05,-0.91935
9.208e-05,-0.91793
9.21e-05,-0.91935
9.212e-05,-0.11793
9.214e-05,-0.11793
9.216e-05,0.68207
9.218e-05,0.68348
9.22e-05,1.4807
9.222e-05,0.68065
9.224e-05,1.4821
9.226e-05,0.68065
9.228e-05,1.4807
9.23e-05,0.68348
9.232e-05,0.68207
9.234e-05,0.68065
9.236e-05,0.68207
9.238e-05,-0.11793
9.24e-05,0.68207
9.242e-05,-0.91793
9.244e-05,-0.91793
9.246e-05,-0.91793
9.248e-05,-0.91793
9.25e-05,-1.7165
9.252e-05,-0.91935
9.254e-05,-0.91793
9.256e-05,-0.91793
9.258e-05,-0.91793
9.26e-05,-0.91793
9.262e-05,-0.11793
9.264e-05,0.68207
9.266e-05,0.68065
9.268e-05,0.68207
9.27e-05,0.68065
9.272e-05,0.68065
9.274e-05,0.68348
9.276e-05,0.68348
9.278e-05,0.68207
9.28e-05,0.68065
9.282e-05,0.68348
9.284e-05,0.68207
9.286e-05,0.68348
9.288e-05,-0.11935
9.29e-05,-0.91652
9.292e-05,-0.11793
9.294e-05,-0.91793
9.296e-05,-0.91935
9.298e-05,-0.91793
9.3e-05,-0.91793
9.302e-05,-0.91935
9.304e-05,-0.91652
9.306e-05,-0.91793
9.308e-05,-0.91793
9.31e-05,-0.11793
9.312e-05,0.68207
9.314e-05,-0.11935
9.316e-05,0.68207
9.318e-05,0.68348
9.32e-05,0.68207
9.322e-05,0.68065
9.324e-05,0.68065
9.326e-05,0.68207
9.328e-05,0.68348
9.33e-05,0.68207
9.332e-05,0.68207
9.334e-05,0.68207
9.336e-05,0.68065
9.338e-05,0.68207
9.34e-05,0.68065
9.342e-05,0.68065
9.344e-05,0.68348
9.346e-05,-0.11793
9.348e-05,-0.11935
9.35e-05,-0.91793
9.352e-05,-0.91793
9.354e-05,-0.91935
9.356e-05,-1.7179
9.358e-05,-0.91793
9.36e-05,-0.91935
9.362e-05,-0.91793
9.364e-05,-0.91793
9.366e-05,-0.11793
9.368e-05,0.68207
9.37e-05,0.68348
9.372e-05,0.68207
9.374e-05,0.68207
9.376e-05,1.4807
9.378e-05,0.68348
9.38e-05,0.68348
9.382e-05,0.68207
9.384e-05,0.68348
9.386e-05,0.68065
9.388e-05,0.68207
9.39e-05,-0.11793
9.392e-05,-0.11935
9.394e-05,-0.91793
9.396e-05,-0.91793
9.398e-05,-0.91793
9.4e-05,-0.91793
9.402e-05,-0.91935
9.404e-05,-0.91935
9.406e-05,-0.91793
9.408e-05,-0.91935
9.41e-05,-0.91793
9.412e-05,-0.11793
9.414e-05,-0.11793
9.416e-05,0.68065
9.418e-05,0.68065
9.42e-05,0.68065
9.422e-05,0.68207
9.424e-05,0.68065
9.426e-05,0.68207
9.428e-05,0.68348
9.43e-05,0.68065
9.432e-05,0.68207
9.434e-05,0.68065
9.436e-05,-0.11793
9.438e-05,-0.11935
9.44e-05,-0.11935
9.442e-05,-0.91793
9.444e-05,-0.11935
9.446e-05,-0.11793
9.448e-05,-0.91793
9.45e-05,-0.91793
9.452e-05,-0.91793
9.454e-05,0.68065
9.456e-05,-0.11793
9.458e-05,-0.11652
9.46e-05,-0.11652
9.462e-05,-0.11793
9.464e-05,0.68348
9.466e-05,-0.11652
9.468e-05,-0.11793
9.47e-05,0.68207
9.472e-05,-0.11793
9.474e-05,0.68065
9.476e-05,0.68065
9.478e-05,-0.11793
9.48e-05,0.68065
9.482e-05,0.68065
9.484e-05,0.68207
9.486e-05,-0.11935
9.488e-05,0.68207
9.49e-05,-0.11793
9.492e-05,-0.11935
9.494e-05,0.68065
9.496e-05,-0.11935
9.498e-05,0.68207
9.5e-05,-0.11652
9.502e-05,-0.11793
9.504e-05,0.68065
9.506e-05,-0.11793
9.508e-05,0.68207
9.51e-05,-0.11793
9.512e-05,0.68065
9.514e-05,0.68207
9.516e-05,-0.11935
9.518e-05,0.68207
9.52e-05,-0.11935
9.522e-05,0.68207
9.524e-05,0.68065
9.526e-05,0.68207
9.528e-05,-0.11793
9.53e-05,0.68207
9.532e-05,0.68207
9.534e-05,0.68207
9.536e-05,0.68207
9.538e-05,0.68348
9.54e-05,0.68207
9.542e-05,0.68065
9.544e-05,-0.11793
9.546e-05,-0.11793
9.548e-05,0.68207
9.55e-05,-0.11935
9.552e-05,-0.11793
9.554e-05,-0.91935
9.556e-05,-0.91652
9.558e-05,-0.11793
9.56e-05,-0.91935
9.562e-05,-0.11793
9.564e-05,-0.91793
9.566e-05,-0.11793
9.568e-05,-0.11935
9.57e-05,0.68207
9.572e-05,0.68207
9.574e-05,0.68348
9.576e-05,0.68207
9.578e-05,0.68065
9.58e-05,0.68207
9.582e-05,0.68065
9.584e-05,0.68065
9.586e-05,-0.11935
9.588e-05,0.68207
9.59e-05,-0.11793
9.592e-05,0.68348
9.594e-05,-0.11793
9.596e-05,-0.11652
9.598e-05,0.68207
9.6e-05,-0.91793
9.602e-05,-0.91793
9.604e-05,-0.11935
9.606e-05,0.68207
9.608e-05,-0.91793
9.61e-05,-0.11935
9.612e-05,-0.11793
9.614e-05,0.68207
9.616e-05,-0.11793
9.618e-05,-0.11793
9.62e-05,0.68207
9.622e-05,0.68207
9.624e-05,0.68207
9.626e-05,-0.11793
9.628e-05,0.68207
9.63e-05,0.68207
9.632e-05,0.68065
9.634e-05,0.68207
9.636e-05,0.68207
9.638e-05,0.68207
9.64e-05,0.68207
9.642e-05,0.68065
9.644e-05,0.68207
9.646e-05,0.68065
9.648e-05,-0.11793
9.65e-05,-0.11652
9.652e-05,-0.11935
9.654e-05,0.68207
9.656e-05,0.68207
9.658e-05,-0.11935
9.66e-05,-0.11935
9.662e-05,0.68207
9.664e-05,-0.11793
9.666e-05,-0.91935
9.668e-05,-0.11793
9.67e-05,-0.91935
9.672e-05,-0.11793
9.674e-05,-0.91793
9.676e-05,-0.11935
9.678e-05,-0.11935
9.68e-05,-0.11793
9.682e-05,0.68348
9.684e-05,0.68207
9.686e-05,0.68207
9.688e-05,0.68207
9.69e-05,0.68207
9.692e-05,0.68207
9.694e-05,0.68207
9.696e-05,0.68065
9.698e-05,0.68207
9.7e-05,0.68207
9.702e-05,0.68207
9.704e-05,-0.11793
9.706e-05,-0.11793
9.708e-05,0.68065
9.71e-05,0.68207
9.712e-05,0.68065
9.714e-05,-0.11793
9.716e-05,-0.91935
9.718e-05,-0.11935
9.72e-05,-0.91652
9.722e-05,-0.11935
9.724e-05,-0.11935
9.726e-05,0.68348
9.728e-05,-0.11793
9.73e-05,-0.11935
9.732e-05,0.68207
9.734e-05,0.68207
9.736e-05,0.68065
9.738e-05,0.68065
9.74e-05,0.68065
9.742e-05,0.68065
9.744e-05,0.68065
9.746e-05,0.68065
9.748e-05,0.68207
9.75e-05,-0.11935
9.752e-05,-0.91935
9.754e-05,-0.11793
9.756e-05,-0.11793
9.758e-05,-0.11935
9.76e-05,-0.11935
9.762e-05,-0.91793
9.764e-05,-0.11793
9.766e-05,-0.11935
9.768e-05,0.68348
9.77e-05,0.68065
9.772e-05,0.68065
9.774e-05,-0.11793
9.776e-05,0.68065
9.778e-05,0.68348
9.78e-05,0.68348
9.782e-05,0.68207
9.784e-05,0.68065
9.786e-05,0.68207
9.788e-05,0.68348
9.79e-05,0.68207
9.792e-05,-0.11793
9.794e-05,0.68207
9.796e-05,0.68207
9.798e-05,-0.11935
9.8e-05,0.68065
9.802e-05,0.68207
9.804e-05,0.68348
9.806e-05,0.68065
9.808e-05,0.68065
9.81e-05,0.68065
9.812e-05,0.68065
9.814e-05,0.68207
9.816e-05,0.68207
9.818e-05,-0.11935
9.82e-05,-0.11793
9.822e-05,-0.11935
9.824e-05,0.68065
9.826e-05,-0.11793
9.828e-05,0.68207
9.83e-05,-0.11935
9.832e-05,0.68065
9.834e-05,0.68065
9.836e-05,-0.11935
9.838e-05,-0.11793
9.84e-05,0.68065
9.842e-05,0.68065
9.844e-05,0.68207
9.846e-05,0.68065
9.848e-05,0.68065
9.85e-05,0.68065
9.852e-05,0.68065
9.854e-05,-0.11793
9.856e-05,0.68065
9.858e-05,-0.11793
9.86e-05,0.68207
9.862e-05,-0.11652
9.864e-05,-0.11793
9.866e-05,-0.11793
9.868e-05,-0.11793
9.87e-05,-0.91935
9.872e-05,-0.11793
9.874e-05,-0.91935
9.876e-05,-0.91793
9.878e-05,-0.11793
9.88e-05,-0.91935
9.882e-05,-0.91793
9.884e-05,-0.11793
9.886e-05,0.68065
9.888e-05,0.68065
9.89e-05,0.68065
9.892e-05,0.68207
9.894e-05,0.68065
9.896e-05,0.68065
9.898e-05,1.4807
9.9e-05,0.68065
9.902e-05,0.68207
9.904e-05,0.68207
9.906e-05,0.68348
9.908e-05,-0.11935
9.91e-05,-0.11935
9.912e-05,0.68207
9.914e-05,-0.91793
9.916e-05,-0.11935
9.918e-05,-0.11793
9.92e-05,-0.11793
9.922e-05,-0.91935
9.924e-05,-0.91793
9.926e-05,-0.11793
9.928e-05,-0.91935
9.93e-05,-0.11793
9.932e-05,-0.11793
9.934e-05,0.68207
9.936e-05,-0.11793
9.938e-05,0.68065
9.94e-05,0.68207
9.942e-05,0.68065
9.944e-05,-0.11935
9.946e-05,0.68207
9.948e-05,-0.11935
9.95e-05,0.68065
9.952e-05,-0.11935
9.954e-05,0.68207
9.956e-05,0.68065
9.958e-05,-0.11793
9.96e-05,-0.11652
9.962e-05,0.68065
9.964e-05,0.68065
9.966e-05,-0.11935
9.968e-05,0.68065
9.97e-05,0.68207
9.972e-05,0.68065
9.974e-05,0.68207
9.976e-05,0.68065
9.978e-05,-0.91652
9.98e-05,-0.11935
9.982e-05,-0.11793
9.984e-05,0.68065
9.986e-05,0.68065
9.988e-05,-0.11935
9.99e-05,-0.11935
9.992e-05,-0.11935
9.994e-05,-0.11793
9.996e-05,0.68207
9.998e-05,-0.11793
0.0001,0.68065
0.00010002,0.68065
0.00010004,0.68065
0.00010006,0.68207
0.00010008,0.68065
0.0001001,0.68207
0.00010012,0.68207
0.00010014,0.68207
0.00010016,-0.11793
0.00010018,-0.11793
0.0001002,-0.11935
0.00010022,-0.11793
0.00010024,0.68065
0.00010026,-0.11793
0.00010028,-0.11793
0.0001003,-0.11935
0.00010032,-0.91793
0.00010034,-0.11935
0.00010036,-0.11935
0.00010038,-0.11935
0.0001004,-0.11793
0.00010042,0.68207
0.00010044,0.68065
0.00010046,0.68065
0.00010048,0.68065
0.0001005,0.68207
0.00010052,0.68065
0.00010054,0.68065
0.00010056,0.68065
0.00010058,0.68207
0.0001006,0.68065
0.00010062,-0.11935
0.00010064,-0.11935
0.00010066,-0.11793
0.00010068,-0.11793
0.0001007,-0.91793
0.00010072,-0.11935
0.00010074,-0.91935
0.00010076,-0.11935
0.00010078,-0.11793
0.0001008,-0.11793
0.00010082,-0.91935
0.00010084,0.68065
0.00010086,-0.11793
0.00010088,0.68207
0.0001009,0.68065
0.00010092,0.68065
0.00010094,0.68065
0.00010096,0.68065
0.00010098,0.68207
0.000101,0.68065
0.00010102,0.68207
0.00010104,0.68207
0.00010106,0.68065
0.00010108,-0.11935
0.0001011,-0.11652
0.00010112,0.68065
0.00010114,-0.11935
0.00010116,-0.11935
0.00010118,0.68065
0.0001012,-0.11793
0.00010122,0.68065
0.00010124,-0.11935
0.00010126,0.68065
0.00010128,-0.11935
0.0001013,-0.11935
0.00010132,0.68065
0.00010134,-0.11935
0.00010136,0.68065
0.00010138,-0.11935
0.0001014,-0.11935
0.00010142,0.68065
0.00010144,-0.11935
0.00010146,0.68348
0.00010148,-0.11793
0.0001015,0.68207
0.00010152,-0.91793
0.00010154,-0.91935
0.00010156,0.68207
0.00010158,0.68065
0.0001016,0.68065
0.00010162,0.68207
0.00010164,0.68065
0.00010166,0.68065
0.00010168,0.68207
0.0001017,0.68065
0.00010172,0.68065
0.00010174,0.68065
0.00010176,0.68065
0.00010178,-0.11935
0.0001018,-0.11652
0.00010182,-0.91935
0.00010184,-0.91793
0.00010186,-0.11793
0.00010188,-0.91935
0.0001019,0.68065
0.00010192,-0.91793
0.00010194,-0.11652
0.00010196,0.68348
0.00010198,-0.11793
0.000102,-0.11935
0.00010202,0.68065
0.00010204,0.68065
0.00010206,0.68065
0.00010208,0.68065
0.0001021,0.68207
0.00010212,0.68207
0.00010214,0.68065
0.00010216,0.68065
0.00010218,0.68065
0.0001022,0.68065
0.00010222,-0.11935
0.00010224,-0.11935
0.00010226,-0.11935
0.00010228,0.68348
0.0001023,-0.11793
0.00010232,0.68065
0.00010234,-0.11793
0.00010236,0.68065
0.00010238,-0.11793
0.0001024,-0.11793
0.00010242,0.68065
0.00010244,0.68065
0.00010246,0.68207
0.00010248,0.68065
0.0001025,0.68207
0.00010252,0.68207
0.00010254,0.68207
0.00010256,0.68207
0.00010258,0.68065
0.0001026,0.68065
0.00010262,0.68065
0.00010264,-0.11793
0.00010266,-0.11793
0.00010268,0.68207
0.0001027,0.68348
0.00010272,-0.11935
0.00010274,0.68207
0.00010276,-0.11793
0.00010278,0.68065
0.0001028,0.68065
0.00010282,0.68065
0.00010284,0.68065
0.00010286,-0.11793
0.00010288,0.68207
0.0001029,0.68065
0.00010292,0.68065
0.00010294,-0.11793
0.00010296,0.68348
0.00010298,0.68207
0.000103,-0.11935
0.00010302,-0.11652
0.00010304,-0.11652
0.00010306,0.68065
0.00010308,0.68207
0.0001031,0.68207
0.00010312,0.68065
0.00010314,0.68207
0.00010316,0.68065
0.00010318,0.68207
0.0001032,-0.11793
0.00010322,0.68065
0.00010324,-0.11793
0.00010326,0.68207
0.00010328,0.68207
0.0001033,0.68065
0.00010332,0.68207
0.00010334,-0.11652
0.00010336,0.68207
0.00010338,-0.11793
0.0001034,-0.11793
0.00010342,-0.91793
0.00010344,-0.11793
0.00010346,-0.11935
0.00010348,-0.11935
0.0001035,-0.91793
0.00010352,-0.11793
0.00010354,0.68207
0.00010356,-0.11935
0.00010358,0.68207
0.0001036,0.68065
0.00010362,1.4821
0.00010364,0.68207
0.00010366,0.68065
0.00010368,0.68207
0.0001037,0.68207
0.00010372,0.68207
0.00010374,0.68065
0.00010376,0.68207
0.00010378,-0.11935
0.0001038,-0.11935
0.00010382,-0.11935
0.00010384,-0.11652
0.00010386,-0.91935
0.00010388,-0.91793
0.0001039,-0.91652
0.00010392,-0.91935
0.00010394,-0.91793
0.00010396,-0.91793
0.00010398,-0.11793
0.000104,-0.11793
0.00010402,0.68207
0.00010404,-0.11935
0.00010406,0.68065
0.00010408,0.68207
0.0001041,0.68065
0.00010412,0.68065
0.00010414,0.68065
0.00010416,-0.11652
0.00010418,0.68065
0.0001042,-0.11935
0.00010422,0.68207
0.00010424,-0.11652
0.00010426,0.68065
0.00010428,0.68207
0.0001043,0.68065
0.00010432,-0.11935
0.00010434,0.68065
0.00010436,0.68207
0.00010438,0.68065
0.0001044,-0.11793
0.00010442,0.68207
0.00010444,-0.11793
0.00010446,-0.91935
0.00010448,-0.11935
0.0001045,0.68207
0.00010452,0.68207
0.00010454,-0.91935
0.00010456,0.68348
0.00010458,-0.11652
0.0001046,-0.11935
0.00010462,0.68207
0.00010464,0.68207
0.00010466,-0.11935
0.00010468,0.68065
0.0001047,0.68065
0.00010472,0.68065
0.00010474,0.68207
0.00010476,0.68207
0.00010478,0.68065
0.0001048,0.68348
0.00010482,0.68207
0.00010484,0.68207
0.00010486,-0.11793
0.00010488,0.68207
0.0001049,-0.11793
0.00010492,-0.11793
0.00010494,-0.91935
0.00010496,0.68065
0.00010498,-0.91793
0.000105,-0.11935
0.00010502,-0.91652
0.00010504,-0.91935
0.00010506,-0.11935
0.00010508,-0.11935
0.0001051,-0.11935
0.00010512,0.68065
0.00010514,-0.11935
0.00010516,0.68065
0.00010518,0.68065
0.0001052,-0.11935
0.00010522,0.68207
0.00010524,0.68207
0.00010526,0.68065
0.00010528,0.68065
0.0001053,-0.11935
0.00010532,0.68065
0.00010534,-0.11935
0.00010536,-0.11935
0.00010538,-0.11793
0.0001054,0.68207
0.00010542,-0.11793
0.00010544,-0.91793
0.00010546,-0.91793
0.00010548,-0.91935
0.0001055,-0.91793
0.00010552,-0.91935
0.00010554,-0.91793
0.00010556,-0.11935
0.00010558,-0.11935
0.0001056,0.68065
0.00010562,0.68065
0.00010564,0.68207
0.00010566,0.68348
0.00010568,0.68207
0.0001057,0.68065
0.00010572,0.68065
0.00010574,0.68065
0.00010576,0.68207
0.00010578,0.68065
0.0001058,-0.11935
0.00010582,-0.11793
0.00010584,-0.91793
0.00010586,-0.11935
0.00010588,0.68065
0.0001059,-0.11793
0.00010592,-0.91935
0.00010594,-0.91793
0.00010596,-0.11935
0.00010598,-0.91793
0.000106,-0.91935
0.00010602,-0.11935
0.00010604,-0.11793
0.00010606,-0.11935
0.00010608,-0.11652
0.0001061,-0.11793
0.00010612,0.68065
0.00010614,-0.11793
0.00010616,0.68065
0.00010618,0.68207
0.0001062,0.68207
0.00010622,0.68065
0.00010624,0.68207
0.00010626,0.68207
0.00010628,0.68065
0.0001063,0.68065
0.00010632,0.68207
0.00010634,0.68065
0.00010636,0.68065
0.00010638,0.68207
0.0001064,0.68065
0.00010642,0.68065
0.00010644,-0.11793
0.00010646,0.68065
0.00010648,-0.11793
0.0001065,-0.91935
0.00010652,-0.91793
0.00010654,-0.91935
0.00010656,-0.11935
0.00010658,-0.91935
0.0001066,-0.11935
0.00010662,-0.11935
0.00010664,-0.91935
0.00010666,-0.11935
0.00010668,0.68207
0.0001067,0.68207
0.00010672,0.68207
0.00010674,0.68207
0.00010676,0.68207
0.00010678,0.68065
0.0001068,0.68207
0.00010682,0.68207
0.00010684,0.68065
0.00010686,0.68207
0.00010688,0.68065
0.0001069,-0.11935
0.00010692,-0.11793
0.00010694,-0.11935
0.00010696,-0.11652
0.00010698,-0.91793
0.000107,-0.91652
0.00010702,-0.91793
0.00010704,-0.11935
0.00010706,-0.91793
0.00010708,-0.11935
0.0001071,-0.11935
0.00010712,-0.11935
0.00010714,-0.11793
0.00010716,0.68207
0.00010718,-0.11793
0.0001072,0.68065
0.00010722,0.68348
0.00010724,0.68207
0.00010726,0.68065
0.00010728,0.68207
0.0001073,0.68065
0.00010732,0.68065
0.00010734,0.68065
0.00010736,0.68207
0.00010738,0.68065
0.0001074,-0.11935
0.00010742,-0.11793
0.00010744,0.68207
0.00010746,-0.91793
0.00010748,-0.11793
0.0001075,-0.11935
0.00010752,-0.11935
0.00010754,-0.91793
0.00010756,-0.11935
0.00010758,-0.11793
0.0001076,-0.11935
0.00010762,0.68348
0.00010764,0.68065
0.00010766,0.68065
0.00010768,0.68207
0.0001077,0.68207
0.00010772,0.68065
0.00010774,0.68207
0.00010776,0.68207
0.00010778,0.68207
0.0001078,0.68207
0.00010782,0.68207
0.00010784,0.68207
0.00010786,-0.11935
0.00010788,0.68207
0.0001079,-0.11935
0.00010792,-0.11793
0.00010794,-0.11793
0.00010796,-0.11935
0.00010798,-0.11793
0.000108,-0.11652
0.00010802,-0.91935
0.00010804,-0.91793
0.00010806,-0.11935
0.00010808,-0.11935
0.0001081,-0.11793
0.00010812,0.68065
0.00010814,-0.11935
0.00010816,-0.11793
0.00010818,-0.11793
0.0001082,0.68065
0.00010822,0.68065
0.00010824,0.68065
0.00010826,0.68207
0.00010828,0.68207
0.0001083,0.68065
0.00010832,0.68207
0.00010834,0.68065
0.00010836,0.68207
0.00010838,0.68065
0.0001084,0.68065
0.00010842,0.68065
0.00010844,-0.11793
0.00010846,0.68207
0.00010848,-0.11935
0.0001085,-0.91793
0.00010852,-0.11935
0.00010854,-0.91935
0.00010856,-0.91793
0.00010858,-0.11935
0.0001086,-0.91935
0.00010862,-0.91935
0.00010864,-0.11793
0.00010866,0.68207
0.00010868,0.68065
0.0001087,0.68348
0.00010872,0.68207
0.00010874,0.68065
0.00010876,0.68207
0.00010878,0.68348
0.0001088,0.68065
0.00010882,0.68207
0.00010884,0.68348
0.00010886,0.68065
0.00010888,0.68065
0.0001089,-0.11935
0.00010892,0.68065
0.00010894,0.68207
0.00010896,-0.11935
0.00010898,-0.91935
0.000109,-0.11935
0.00010902,-0.91793
0.00010904,-0.11935
0.00010906,-0.11935
0.00010908,-0.91793
0.0001091,-0.11935
0.00010912,-0.11935
0.00010914,-0.11793
0.00010916,-0.11935
0.00010918,0.68065
0.0001092,0.68207
0.00010922,0.68065
0.00010924,0.68207
0.00010926,0.68065
0.00010928,0.68207
0.0001093,0.68065
0.00010932,0.68065
0.00010934,0.68065
0.00010936,0.68065
0.00010938,0.68065
0.0001094,-0.11793
0.00010942,-0.11793
0.00010944,-0.11935
0.00010946,-0.11935
0.00010948,-0.11935
0.0001095,-0.91793
0.00010952,-0.91935
0.00010954,-0.91793
0.00010956,-0.11935
0.00010958,0.68207
0.0001096,0.68207
0.00010962,0.68207
0.00010964,0.68065
0.00010966,0.68065
0.00010968,0.68065
0.0001097,0.68207
0.00010972,0.68065
0.00010974,0.68207
0.00010976,0.68207
0.00010978,0.68065
0.0001098,-0.11793
0.00010982,0.68065
0.00010984,-0.11935
0.00010986,-0.11793
0.00010988,-0.11793
0.0001099,-0.11793
0.00010992,-0.11935
0.00010994,-0.11793
0.00010996,-0.11652
0.00010998,-0.11652
0.00011,-0.11793
0.00011002,0.68207
0.00011004,-0.11935
0.00011006,0.68065
0.00011008,-0.11935
0.0001101,-0.11935
0.00011012,0.68207
0.00011014,-0.11935
0.00011016,0.68207
0.00011018,0.68207
0.0001102,0.68065
0.00011022,0.68065
0.00011024,0.68207
0.00011026,0.68207
0.00011028,0.68207
0.0001103,0.68065
0.00011032,0.68207
0.00011034,0.68065
0.00011036,0.68348
0.00011038,0.68207
0.0001104,0.68207
0.00011042,0.68065
0.00011044,-0.11935
0.00011046,0.68065
0.00011048,-0.11935
0.0001105,-0.11793
0.00011052,-0.11793
0.00011054,-0.11935
0.00011056,0.68207
0.00011058,-0.11793
0.0001106,-0.11935
0.00011062,0.68207
0.00011064,0.68207
0.00011066,0.68065
0.00011068,0.68348
0.0001107,0.68207
0.00011072,0.68207
0.00011074,0.68207
0.00011076,0.68207
0.00011078,0.68065
0.0001108,0.68207
0.00011082,0.68207
0.00011084,-0.11793
0.00011086,-0.11793
0.00011088,-0.11935
0.0001109,-0.11793
0.00011092,-0.11793
0.00011094,0.68207
0.00011096,-0.11935
0.00011098,-0.11935
0.000111,0.68207
0.00011102,-0.11793
0.00011104,0.68207
0.00011106,-0.11935
0.00011108,-0.11935
0.0001111,0.68065
0.00011112,0.68065
0.00011114,0.68065
0.00011116,0.68207
0.00011118,0.68207
0.0001112,0.68065
0.00011122,0.68207
0.00011124,0.68207
0.00011126,0.68207
0.00011128,-0.11935
0.0001113,-0.11793
0.00011132,-0.11935
0.00011134,-0.11935
0.00011136,-0.11793
0.00011138,-0.11935
0.0001114,-0.91935
0.00011142,-0.91793
0.00011144,-0.11793
0.00011146,-0.91935
0.00011148,-0.11793
0.0001115,-0.91935
0.00011152,0.68207
0.00011154,0.68207
0.00011156,0.68207
0.00011158,0.68207
0.0001116,0.68065
0.00011162,0.68065
0.00011164,0.68207
0.00011166,0.68207
0.00011168,0.68065
0.0001117,0.68065
0.00011172,0.68207
0.00011174,-0.11935
0.00011176,-0.11793
0.00011178,-0.11793
0.0001118,-0.11793
0.00011182,-0.91793
0.00011184,-0.91935
0.00011186,-0.91793
0.00011188,-0.91935
0.0001119,-0.11935
0.00011192,-0.11935
0.00011194,-0.11935
0.00011196,-0.91935
0.00011198,0.68348
0.000112,0.68207
0.00011202,0.68207
0.00011204,0.68065
0.00011206,0.68065
0.00011208,0.68065
0.0001121,0.68207
0.00011212,0.68207
0.00011214,0.68065
0.00011216,0.68207
0.00011218,0.68207
0.0001122,0.68065
0.00011222,0.68207
0.00011224,0.68207
0.00011226,0.68065
0.00011228,0.68207
0.0001123,-0.11793
0.00011232,0.68065
0.00011234,-0.11793
0.00011236,-0.11935
0.00011238,-0.11935
0.0001124,-0.11793
0.00011242,-0.11935
0.00011244,-0.11793
0.00011246,-0.91935
0.00011248,-0.11935
0.0001125,-0.11935
0.00011252,0.68065
0.00011254,-0.11935
0.00011256,0.68065
0.00011258,0.68207
0.0001126,0.68207
0.00011262,0.68207
0.00011264,0.68207
0.00011266,0.68207
0.00011268,0.68065
0.0001127,0.68207
0.00011272,0.68207
0.00011274,0.68065
0.00011276,-0.91793
0.00011278,-0.91793
0.0001128,-0.11935
0.00011282,-0.11935
0.00011284,-0.91935
0.00011286,-0.11935
0.00011288,0.68207
0.0001129,-0.11793
0.00011292,0.68207
0.00011294,-0.11793
0.00011296,0.68065
0.00011298,0.68065
0.000113,0.68207
0.00011302,0.68207
0.00011304,0.68065
0.00011306,0.68065
0.00011308,0.68065
0.0001131,0.68207
0.00011312,0.68065
0.00011314,0.68065
0.00011316,-0.11935
0.00011318,0.68348
0.0001132,0.68065
0.00011322,0.68065
0.00011324,0.68207
0.00011326,-0.11793
0.00011328,-0.11793
0.0001133,-0.11793
0.00011332,-0.91935
0.00011334,-0.91793
0.00011336,-0.11935
0.00011338,-0.91935
0.0001134,-0.91935
0.00011342,-0.11935
0.00011344,-0.11793
0.00011346,-0.11935
0.00011348,-0.11793
0.0001135,0.68065
0.00011352,0.68065
0.00011354,0.68065
0.00011356,0.68065
0.00011358,0.68065
0.0001136,0.68207
0.00011362,0.68207
0.00011364,0.68065
0.00011366,0.68207
0.00011368,0.68065
0.0001137,0.68065
0.00011372,0.68207
0.00011374,-0.91793
0.00011376,-0.11935
0.00011378,-0.91935
0.0001138,-0.91793
0.00011382,-0.91935
0.00011384,-0.91793
0.00011386,-0.91935
0.00011388,-0.91935
0.0001139,-0.11935
0.00011392,-0.91935
0.00011394,-0.91935
0.00011396,0.68065
0.00011398,0.68207
0.000114,0.68207
0.00011402,0.68207
0.00011404,0.68207
0.00011406,0.68065
0.00011408,0.68065
0.0001141,0.68207
0.00011412,0.68065
0.00011414,0.68348
0.00011416,0.68207
0.00011418,0.68207
0.0001142,-0.11935
0.00011422,0.68065
0.00011424,-0.11793
0.00011426,-0.11793
0.00011428,-0.11793
0.0001143,-0.11793
0.00011432,-0.11935
0.00011434,-0.91793
0.00011436,-0.91935
0.00011438,-0.11935
0.0001144,-0.91935
0.00011442,-0.91935
0.00011444,-0.11935
0.00011446,-0.11935
0.00011448,0.68065
0.0001145,0.68348
0.00011452,0.68207
0.00011454,0.68207
0.00011456,0.68065
0.00011458,0.68207
0.0001146,0.68065
0.00011462,0.68065
0.00011464,0.68207
0.00011466,0.68065
0.00011468,0.68065
0.0001147,-0.11935
0.00011472,-0.11793
0.00011474,-0.11793
0.00011476,-0.11793
0.00011478,-0.91793
0.0001148,-0.91793
0.00011482,-0.91793
0.00011484,-0.11793
0.00011486,-0.11652
0.00011488,-0.91793
0.0001149,-0.11793
0.00011492,0.68207
0.00011494,-0.11793
0.00011496,0.68065
0.00011498,0.68207
0.000115,0.68207
0.00011502,0.68207
0.00011504,0.68348
0.00011506,0.68207
0.00011508,0.68207
0.0001151,0.68065
0.00011512,0.68065
0.00011514,0.68065
0.00011516,0.68065
0.00011518,-0.11935
0.0001152,-0.11793
0.00011522,0.68065
0.00011524,-0.11793
0.00011526,-0.11935
0.00011528,-0.11935
0.0001153,-0.91935
0.00011532,-0.91793
0.00011534,-0.91935
0.00011536,-0.91793
0.00011538,-0.91652
0.0001154,-0.11793
0.00011542,-0.11935
0.00011544,0.68065
0.00011546,0.68065
0.00011548,0.68207
0.0001155,0.68065
0.00011552,0.68065
0.00011554,0.68207
0.00011556,1.4821
0.00011558,1.4807
0.0001156,1.4821
0.00011562,0.68348
0.00011564,0.68207
0.00011566,0.68207
0.00011568,0.68065
0.0001157,-0.11793
0.00011572,-0.11935
0.00011574,-0.91935
0.00011576,-0.91793
0.00011578,-0.91935
0.0001158,-0.91935
0.00011582,-1.7193
0.00011584,-0.91935
0.00011586,-0.91935
0.00011588,-0.91935
0.0001159,-0.11935
0.00011592,-0.91793
0.00011594,-0.11793
0.00011596,0.68065
0.00011598,0.68207
0.000116,1.4821
0.00011602,0.68207
0.00011604,0.68065
0.00011606,1.4821
0.00011608,0.68207
0.0001161,0.68065
0.00011612,0.68065
0.00011614,0.68065
0.00011616,0.68065
0.00011618,0.68065
0.0001162,0.68065
0.00011622,-0.91793
0.00011624,-0.11935
0.00011626,-0.91793
0.00011628,-0.91935
0.0001163,-0.91793
0.00011632,-0.91935
0.00011634,-0.91793
0.00011636,-0.91935
0.00011638,-0.91935
0.0001164,-0.91935
0.00011642,-0.11935
0.00011644,0.68065
0.00011646,-0.11935
0.00011648,0.68065
0.0001165,0.68065
0.00011652,1.4821
0.00011654,0.68065
0.00011656,0.68207
0.00011658,0.68065
0.0001166,0.68065
0.00011662,0.68207
0.00011664,0.68065
0.00011666,0.68207
0.00011668,-0.91935
0.0001167,-0.11793
0.00011672,-0.11935
0.00011674,-0.11793
0.00011676,-0.91935
0.00011678,-0.91935
0.0001168,-0.91935
0.00011682,-0.91935
0.00011684,-0.91935
0.00011686,-0.11935
0.00011688,-0.11793
0.0001169,-0.11793
0.00011692,0.68207
0.00011694,0.68207
0.00011696,1.4807
0.00011698,0.68065
0.000117,0.68207
0.00011702,0.68207
0.00011704,0.68207
0.00011706,0.68065
0.00011708,0.68065
0.0001171,0.68065
0.00011712,0.68207
0.00011714,0.68065
0.00011716,0.68065
0.00011718,-0.11793
0.0001172,-0.11935
0.00011722,-0.11793
0.00011724,-0.91935
0.00011726,-0.91935
0.00011728,-0.91793
0.0001173,-0.91935
0.00011732,-0.91935
0.00011734,-0.91935
0.00011736,-0.11793
0.00011738,-0.11935
0.0001174,-0.91935
0.00011742,-0.11793
0.00011744,0.68207
0.00011746,0.68065
0.00011748,0.68207
0.0001175,0.68065
0.00011752,0.68065
0.00011754,0.68065
0.00011756,0.68065
0.00011758,0.68207
0.0001176,0.68065
0.00011762,0.68207
0.00011764,0.68207
0.00011766,0.68207
0.00011768,0.68065
0.0001177,-0.91935
0.00011772,-0.11793
0.00011774,-0.11935
0.00011776,-0.91793
0.00011778,-0.11935
0.0001178,-0.91793
0.00011782,-0.91935
0.00011784,-0.91793
0.00011786,-0.91935
0.00011788,-0.91935
0.0001179,0.68065
0.00011792,-0.11935
0.00011794,0.68207
0.00011796,0.68065
0.00011798,0.68207
0.000118,0.68065
0.00011802,0.68065
0.00011804,0.68065
0.00011806,0.68065
0.00011808,0.68065
0.0001181,0.68207
0.00011812,0.68207
0.00011814,0.68207
0.00011816,-0.11793
0.00011818,-0.11935
0.0001182,0.68065
0.00011822,-0.91793
0.00011824,-0.91935
0.00011826,-0.11935
0.00011828,-0.91793
0.0001183,-0.91793
0.00011832,-0.11935
0.00011834,-0.91793
0.00011836,-0.91793
0.00011838,-0.11935
0.0001184,0.68207
0.00011842,0.68207
0.00011844,0.68207
0.00011846,0.68065
0.00011848,0.68065
0.0001185,0.68065
0.00011852,0.68065
0.00011854,0.68207
0.00011856,0.68065
0.00011858,0.68207
0.0001186,0.68207
0.00011862,-0.11652
0.00011864,0.68065
0.00011866,0.68065
0.00011868,-0.11935
0.0001187,-0.11793
0.00011872,-0.11793
0.00011874,-0.11935
0.00011876,-0.11793
0.00011878,-0.11793
0.0001188,-0.11935
0.00011882,0.68207
0.00011884,-0.11793
0.00011886,-0.11935
0.00011888,0.68065
0.0001189,0.68207
0.00011892,0.68207
0.00011894,0.68207
0.00011896,0.68065
0.00011898,0.68207
0.000119,0.68065
0.00011902,0.68207
0.00011904,0.68207
0.00011906,0.68065
0.00011908,0.68065
0.0001191,-0.11935
0.00011912,-0.11935
0.00011914,-0.11793
0.00011916,0.68207
0.00011918,-0.11793
0.0001192,0.68207
0.00011922,0.68207
0.00011924,-0.11935
0.00011926,-0.11793
0.00011928,0.68065
0.0001193,-0.11793
0.00011932,0.68207
0.00011934,0.68065
0.00011936,0.68065
0.00011938,0.68065
0.0001194,0.68207
0.00011942,0.68065
0.00011944,0.68065
0.00011946,0.68207
0.00011948,0.68065
0.0001195,0.68065
0.00011952,0.68065
0.00011954,0.68065
0.00011956,0.68207
0.00011958,0.68065
0.0001196,0.68065
0.00011962,0.68065
0.00011964,0.68207
0.00011966,-0.11935
0.00011968,-0.11793
0.0001197,-0.11793
0.00011972,-0.91935
0.00011974,-0.91935
0.00011976,-0.11935
0.00011978,-0.91935
0.0001198,-0.11793
0.00011982,-0.11935
0.00011984,0.68207
0.00011986,-0.11935
0.00011988,0.68207
0.0001199,0.68065
0.00011992,0.68065
0.00011994,0.68207
0.00011996,0.68207
0.00011998,0.68065
0.00012,0.68065
0.00012002,0.68065
0.00012004,0.68065
0.00012006,-0.11793
0.00012008,0.68207
0.0001201,-0.11793
0.00012012,-0.11793
0.00012014,-0.11935
0.00012016,-0.91935
0.00012018,-0.91793
0.0001202,-0.11935
0.00012022,-0.11793
0.00012024,0.68065
0.00012026,0.68207
0.00012028,-0.11935
0.0001203,0.68207
0.00012032,0.68207
0.00012034,0.68065
0.00012036,0.68207
0.00012038,0.68065
0.0001204,0.68065
0.00012042,0.68207
0.00012044,0.68065
0.00012046,0.68065
0.00012048,0.68065
0.0001205,0.68065
0.00012052,-0.11935
0.00012054,-0.11793
0.00012056,-0.11793
0.00012058,-0.91793
0.0001206,-0.91935
0.00012062,-0.91935
0.00012064,-0.91935
0.00012066,-0.91793
0.00012068,0.68065
0.0001207,-0.91793
0.00012072,-0.11793
0.00012074,0.68348
0.00012076,0.68065
0.00012078,0.68065
0.0001208,0.68065
0.00012082,0.68207
0.00012084,0.68207
0.00012086,0.68065
0.00012088,0.68065
0.0001209,0.68207
0.00012092,0.68065
0.00012094,0.68207
0.00012096,0.68065
0.00012098,-0.11793
0.000121,-0.11935
0.00012102,-0.11935
0.00012104,-0.11935
0.00012106,-0.11935
0.00012108,-0.91935
0.0001211,-0.91935
0.00012112,-0.91652
0.00012114,-0.91793
0.00012116,-0.11793
0.00012118,-0.91793
0.0001212,0.68207
0.00012122,-0.11935
0.00012124,0.68065
0.00012126,-0.11793
0.00012128,0.68207
0.0001213,0.68207
0.00012132,0.68065
0.00012134,0.68065
0.00012136,0.68065
0.00012138,0.68207
0.0001214,0.68207
0.00012142,0.68065
0.00012144,0.68207
0.00012146,-0.11793
0.00012148,0.68065
0.0001215,0.68207
0.00012152,0.68065
0.00012154,-0.11935
0.00012156,-0.11935
0.00012158,0.68065
0.0001216,0.68207
0.00012162,-0.11935
0.00012164,-0.11793
0.00012166,-0.11935
0.00012168,-0.91793
0.0001217,-0.91935
0.00012172,-0.11935
0.00012174,-0.11935
0.00012176,-0.11935
0.00012178,0.68065
0.0001218,0.68065
0.00012182,0.68065
0.00012184,0.68207
0.00012186,0.68065
0.00012188,0.68065
0.0001219,0.68348
0.00012192,0.68207
0.00012194,0.68207
0.00012196,0.68065
0.00012198,0.68207
0.000122,0.68065
0.00012202,-0.11652
0.00012204,-0.11793
0.00012206,-0.11793
0.00012208,-0.11935
0.0001221,-0.91935
0.00012212,-0.91793
0.00012214,-0.91793
0.00012216,-0.91935
0.00012218,-0.91935
0.0001222,-0.11935
0.00012222,-0.11935
0.00012224,0.68207
0.00012226,0.68207
0.00012228,0.68348
0.0001223,0.68207
0.00012232,0.68065
0.00012234,0.68065
0.00012236,0.68207
0.00012238,0.68065
0.0001224,0.68065
0.00012242,0.68065
0.00012244,0.68065
0.00012246,-0.11935
0.00012248,-0.11935
0.0001225,-0.11793
0.00012252,-0.91935
0.00012254,-0.91793
0.00012256,-0.11793
0.00012258,-0.91793
0.0001226,-0.91652
0.00012262,-0.11793
0.00012264,-0.11793
0.00012266,-0.11793
0.00012268,-0.11935
0.0001227,0.68207
0.00012272,0.68065
0.00012274,0.68207
0.00012276,0.68207
0.00012278,0.68065
0.0001228,0.68065
0.00012282,0.68065
0.00012284,0.68065
0.00012286,0.68065
0.00012288,0.68065
0.0001229,0.68207
0.00012292,-0.11793
0.00012294,-0.11793
0.00012296,-0.11935
0.00012298,-0.91935
0.000123,-0.91935
0.00012302,-0.91793
0.00012304,-0.91793
0.00012306,-0.91935
0.00012308,-0.91793
0.0001231,-0.91935
0.00012312,-0.11793
0.00012314,-0.11793
0.00012316,-0.11935
0.00012318,0.68065
0.0001232,0.68207
0.00012322,0.68207
0.00012324,0.68207
0.00012326,0.68065
0.00012328,0.68065
0.0001233,0.68065
0.00012332,0.68207
0.00012334,0.68065
0.00012336,0.68207
0.00012338,0.68065
0.0001234,0.68065
0.00012342,-0.11793
0.00012344,-0.11652
0.00012346,0.68207
0.00012348,0.68065
0.0001235,0.68207
0.00012352,-0.11935
0.00012354,-0.11935
0.00012356,-0.11793
0.00012358,0.68065
0.0001236,-0.11935
0.00012362,-0.91935
0.00012364,0.68207
0.00012366,0.68207
0.00012368,0.68065
0.0001237,0.68065
0.00012372,0.68207
0.00012374,0.68065
0.00012376,0.68065
0.00012378,0.68065
0.0001238,0.68207
0.00012382,0.68207
0.00012384,0.68065
0.00012386,0.68065
0.00012388,0.68065
0.0001239,0.68065
0.00012392,0.68207
0.00012394,0.68065
0.00012396,0.68065
0.00012398,0.68207
0.000124,-0.11935
0.00012402,-0.11935
0.00012404,-0.91935
0.00012406,-0.91935
0.00012408,-0.91935
0.0001241,-0.11793
0.00012412,-0.11793
0.00012414,-0.91793
0.00012416,0.68065
0.00012418,-0.11935
0.0001242,0.68065
0.00012422,0.68207
0.00012424,0.68207
0.00012426,0.68065
0.00012428,0.68207
0.0001243,0.68207
0.00012432,0.68065
0.00012434,0.68207
0.00012436,0.68065
0.00012438,0.68065
0.0001244,-0.11652
0.00012442,-0.11935
0.00012444,-0.11935
0.00012446,-0.11935
0.00012448,-0.91935
0.0001245,-0.11935
0.00012452,-0.91793
0.00012454,-0.91935
0.00012456,-0.11793
0.00012458,-0.11935
0.0001246,-0.11935
0.00012462,0.68065
0.00012464,0.68065
0.00012466,0.68065
0.00012468,0.68065
0.0001247,0.68065
0.00012472,0.68207
0.00012474,0.68065
0.00012476,0.68065
0.00012478,0.68207
0.0001248,0.68207
0.00012482,0.68065
0.00012484,0.68065
0.00012486,0.68207
0.00012488,-0.11793
0.0001249,-0.11793
0.00012492,-0.11935
0.00012494,-0.91935
0.00012496,-0.91935
0.00012498,-0.91793
0.000125,-0.11793
0.00012502,-0.11793
0.00012504,-0.11793
0.00012506,-0.91652
0.00012508,0.68065
0.0001251,0.68065
0.00012512,-0.11793
0.00012514,0.68207
0.00012516,0.68207
0.00012518,0.68065
0.0001252,-0.11935
0.00012522,0.68065
0.00012524,0.68065
0.00012526,0.68065
0.00012528,0.68065
0.0001253,-0.11652
0.00012532,0.68065
0.00012534,0.68207
0.00012536,0.68207
0.00012538,0.68207
0.0001254,-0.11935
0.00012542,0.68065
0.00012544,0.68207
0.00012546,0.68065
0.00012548,0.68207
0.0001255,0.68207
0.00012552,0.68207
0.00012554,0.68065
0.00012556,0.68065
0.00012558,0.68207
0.0001256,0.68207
0.00012562,0.68207
0.00012564,-0.11935
0.00012566,-0.11793
0.00012568,-0.11935
0.0001257,-0.11652
0.00012572,0.68065
0.00012574,0.68065
0.00012576,0.68207
0.00012578,-0.11935
0.0001258,0.68207
0.00012582,0.68207
0.00012584,0.68207
0.00012586,0.68065
0.00012588,0.68065
0.0001259,0.68065
0.00012592,0.68207
0.00012594,0.68207
0.00012596,0.68065
0.00012598,0.68065
0.000126,0.68207
0.00012602,-0.11935
0.00012604,-0.11793
0.00012606,0.68065
0.00012608,0.68207
0.0001261,-0.11793
0.00012612,0.68065
0.00012614,0.68065
0.00012616,0.68065
0.00012618,0.68207
0.0001262,0.68065
0.00012622,0.68065
0.00012624,0.68065
0.00012626,0.68065
0.00012628,0.68065
0.0001263,0.68207
0.00012632,-0.11793
0.00012634,-0.11935
0.00012636,-0.11935
0.00012638,0.68348
0.0001264,-0.11793
0.00012642,-0.11935
0.00012644,0.68207
0.00012646,-0.91793
0.00012648,-0.11793
0.0001265,-0.11793
0.00012652,-0.11793
0.00012654,-0.11935
0.00012656,-0.11793
0.00012658,0.68065
0.0001266,0.68065
0.00012662,0.68207
0.00012664,0.68065
0.00012666,0.68065
0.00012668,0.68207
0.0001267,0.68065
0.00012672,0.68065
0.00012674,0.68207
0.00012676,0.68207
0.00012678,0.68207
0.0001268,0.68065
0.00012682,-0.11793
0.00012684,-0.11935
0.00012686,-0.11793
0.00012688,-0.91793
0.0001269,-0.91935
0.00012692,-0.91935
0.00012694,-0.11793
0.00012696,-0.91652
0.00012698,-0.11793
0.000127,-0.11935
0.00012702,0.68207
0.00012704,0.68065
0.00012706,0.68065
0.00012708,0.68207
0.0001271,0.68065
0.00012712,0.68065
0.00012714,0.68065
0.00012716,0.68065
0.00012718,0.68207
0.0001272,0.68065
0.00012722,0.68065
0.00012724,-0.11935
0.00012726,0.68065
0.00012728,-0.11793
0.0001273,-0.91935
0.00012732,-0.91935
0.00012734,-0.11935
0.00012736,-0.91935
0.00012738,-0.91935
0.0001274,-0.11935
0.00012742,-0.11935
0.00012744,0.68065
0.00012746,0.68065
0.00012748,0.68065
0.0001275,0.68207
0.00012752,0.68207
0.00012754,0.68065
0.00012756,0.68065
0.00012758,0.68065
0.0001276,0.68065
0.00012762,0.68207
0.00012764,0.68065
0.00012766,-0.11793
0.00012768,-0.11935
0.0001277,-0.11793
0.00012772,-0.11793
0.00012774,-0.11935
0.00012776,0.68065
0.00012778,-0.11793
0.0001278,0.68065
0.00012782,0.68065
0.00012784,0.68065
0.00012786,-0.11935
0.00012788,0.68207
0.0001279,0.68065
0.00012792,0.68207
0.00012794,0.68065
0.00012796,0.68348
0.00012798,0.68065
0.000128,0.68207
0.00012802,0.68065
0.00012804,0.68207
0.00012806,0.68065
0.00012808,0.68065
0.0001281,0.68065
0.00012812,0.68065
0.00012814,0.68065
0.00012816,0.68207
0.00012818,0.68207
0.0001282,0.68065
0.00012822,0.68065
0.00012824,0.68065
0.00012826,-0.11935
0.00012828,-0.11793
0.0001283,0.68207
0.00012832,-0.91935
0.00012834,-0.11935
0.00012836,-0.91935
0.00012838,-0.91935
0.0001284,-0.91935
0.00012842,-0.91793
0.00012844,-0.11793
0.00012846,-0.11935
0.00012848,0.68065
0.0001285,0.68065
0.00012852,0.68065
0.00012854,0.68065
0.00012856,0.68065
0.00012858,1.4807
0.0001286,0.68065
0.00012862,1.4821
0.00012864,0.68207
0.00012866,0.68065
0.00012868,0.68065
0.0001287,0.68065
0.00012872,0.68207
0.00012874,-0.11652
0.00012876,-0.11935
0.00012878,-0.91935
0.0001288,-0.91793
0.00012882,-0.91935
0.00012884,-0.91793
0.00012886,-1.7193
0.00012888,-0.91935
0.0001289,-0.11935
0.00012892,-0.11935
0.00012894,-0.91935
0.00012896,-0.11793
0.00012898,0.68065
0.000129,0.68207
0.00012902,0.68065
0.00012904,0.68065
0.00012906,0.68065
0.00012908,1.4807
0.0001291,1.4807
0.00012912,0.68065
0.00012914,0.68207
0.00012916,0.68207
0.00012918,0.68065
0.0001292,0.68348
0.00012922,-0.91793
0.00012924,-0.91935
0.00012926,-0.11793
0.00012928,-0.91935
0.0001293,-0.91935
0.00012932,-0.91793
0.00012934,-0.91793
0.00012936,-0.91652
0.00012938,-0.91793
0.0001294,-0.11935
0.00012942,-0.11935
0.00012944,0.68065
0.00012946,0.68207
0.00012948,1.4821
0.0001295,0.68348
0.00012952,0.68207
0.00012954,1.4821
0.00012956,0.68065
0.00012958,0.68207
0.0001296,0.68065
0.00012962,0.68207
0.00012964,0.68207
0.00012966,-0.11935
0.00012968,-0.11935
0.0001297,-0.91935
0.00012972,-0.91935
0.00012974,-0.11652
0.00012976,-0.11935
0.00012978,-0.91793
0.0001298,-0.11935
0.00012982,-0.91793
0.00012984,-0.11935
0.00012986,-0.91935
0.00012988,-0.11935
0.0001299,-0.11935
0.00012992,0.68207
0.00012994,0.68207
0.00012996,0.68207
0.00012998,0.68065
0.00013,0.68065
0.00013002,0.68207
0.00013004,0.68065
0.00013006,0.68207
0.00013008,0.68207
0.0001301,0.68207
0.00013012,0.68207
0.00013014,0.68207
0.00013016,0.68065
0.00013018,0.68065
0.0001302,0.68065
0.00013022,0.68207
0.00013024,-0.11935
0.00013026,-0.11793
0.00013028,-0.11793
0.0001303,-0.11793
0.00013032,-0.91935
0.00013034,-0.91935
0.00013036,-0.91935
0.00013038,-0.91793
0.0001304,-0.91935
0.00013042,-0.91935
0.00013044,-0.11935
0.00013046,0.68207
0.00013048,0.68065
0.0001305,0.68207
0.00013052,0.68065
0.00013054,0.68065
0.00013056,1.4821
0.00013058,1.4807
0.0001306,0.68207
0.00013062,0.68065
0.00013064,0.68207
0.00013066,0.68065
0.00013068,-0.11935
0.0001307,-0.11935
0.00013072,-0.11935
0.00013074,-0.91935
0.00013076,-0.91935
0.00013078,-0.91935
0.0001308,-0.91793
0.00013082,-0.91935
0.00013084,-0.91793
0.00013086,-0.91793
0.00013088,-0.91935
0.0001309,-0.11793
0.00013092,-0.11935
0.00013094,0.68207
0.00013096,0.68065
0.00013098,1.4821
0.000131,0.68207
0.00013102,0.68065
0.00013104,1.4807
0.00013106,0.68065
0.00013108,0.68065
0.0001311,0.68207
0.00013112,-0.11793
0.00013114,-0.11793
0.00013116,-0.11793
0.00013118,-0.91935
0.0001312,-0.91935
0.00013122,-0.91793
0.00013124,-0.91935
0.00013126,-0.91935
0.00013128,-0.91935
0.0001313,-0.91935
0.00013132,-0.11793
0.00013134,-0.91935
0.00013136,0.68065
0.00013138,0.68207
0.0001314,0.68065
0.00013142,0.68065
0.00013144,0.68065
0.00013146,0.68348
0.00013148,1.4821
0.0001315,0.68065
0.00013152,0.68065
0.00013154,0.68065
0.00013156,0.68065
0.00013158,-0.11935
0.0001316,-0.11935
0.00013162,-0.11793
0.00013164,-0.11793
0.00013166,-0.91793
0.00013168,-0.91935
0.0001317,-0.91935
0.00013172,-0.91935
0.00013174,-0.91935
0.00013176,-0.91935
0.00013178,-0.11935
0.0001318,-0.11935
0.00013182,-0.11935
0.00013184,0.68065
0.00013186,-0.11935
0.00013188,0.68065
0.0001319,0.68065
0.00013192,0.68065
0.00013194,0.68207
0.00013196,0.68065
0.00013198,0.68065
0.000132,0.68065
0.00013202,0.68065
0.00013204,0.68207
0.00013206,0.68065
0.00013208,0.68207
0.0001321,0.68065
0.00013212,0.68207
0.00013214,-0.11935
0.00013216,0.68065
0.00013218,-0.91935
0.0001322,-0.91935
0.00013222,-0.11935
0.00013224,-0.91935
0.00013226,-0.91935
0.00013228,-0.91935
0.0001323,-0.91935
0.00013232,-0.91793
0.00013234,-0.91935
0.00013236,0.68065
0.00013238,0.68207
0.0001324,0.68065
0.00013242,0.68065
0.00013244,0.68065
0.00013246,0.68207
0.00013248,1.4821
0.0001325,0.68207
0.00013252,0.68065
0.00013254,0.68207
0.00013256,0.68065
0.00013258,0.68207
0.0001326,0.68065
0.00013262,0.68065
0.00013264,-0.11935
0.00013266,-0.11793
0.00013268,-0.91793
0.0001327,-0.91935
0.00013272,-0.11793
0.00013274,-0.91793
0.00013276,-0.91935
0.00013278,-0.91793
0.0001328,-0.91935
0.00013282,-0.91935
0.00013284,-0.11793
0.00013286,-0.11935
0.00013288,0.68065
0.0001329,0.68065
0.00013292,1.4807
0.00013294,0.68065
0.00013296,1.4821
0.00013298,0.68065
0.000133,0.68207
0.00013302,0.68065
0.00013304,0.68207
0.00013306,0.68065
0.00013308,0.68065
0.0001331,-0.11935
0.00013312,-0.91935
0.00013314,-0.11793
0.00013316,-0.91793
0.00013318,-1.7179
0.0001332,-1.7179
0.00013322,-0.91935
0.00013324,-1.7193
0.00013326,-0.91935
0.00013328,-0.11935
0.0001333,-0.11935
0.00013332,0.68065
0.00013334,0.68065
0.00013336,1.4821
0.00013338,0.68065
0.0001334,1.4807
0.00013342,1.4807
0.00013344,1.4821
0.00013346,0.68065
0.00013348,0.68065
0.0001335,0.68207
0.00013352,0.68065
0.00013354,0.68207
0.00013356,-0.91935
0.00013358,-0.91935
0.0001336,-0.91935
0.00013362,-1.7193
0.00013364,-0.91935
0.00013366,-1.7179
0.00013368,-0.91793
0.0001337,-0.91793
0.00013372,-0.11793
0.00013374,-0.91935
0.00013376,-0.11793
0.00013378,0.68065
0.0001338,0.68065
0.00013382,0.68348
0.00013384,0.68065
0.00013386,0.68207
0.00013388,0.68065
0.0001339,0.68207
0.00013392,0.68065
0.00013394,0.68065
0.00013396,0.68065
0.00013398,0.68065
0.000134,0.68065
0.00013402,0.68065
0.00013404,0.68065
0.00013406,0.68065
0.00013408,-0.11793
0.0001341,-0.11793
0.00013412,0.68065
0.00013414,-0.11935
0.00013416,-0.11935
0.00013418,-0.11935
0.0001342,0.68207
0.00013422,-0.91935
0.00013424,-0.91793
0.00013426,-0.11935
0.00013428,-0.91793
0.0001343,-0.91935
0.00013432,-0.91935
0.00013434,-0.11935
0.00013436,0.68065
0.00013438,0.68065
0.0001344,0.68065
0.00013442,0.68065
0.00013444,0.68207
0.00013446,0.68065
0.00013448,0.68207
0.0001345,0.68207
0.00013452,0.68065
0.00013454,1.4807
0.00013456,0.68065
0.00013458,0.68065
0.0001346,-0.11793
0.00013462,-0.91935
0.00013464,-0.11935
0.00013466,-0.91935
0.00013468,-1.7193
0.0001347,-0.91793
0.00013472,-0.11935
0.00013474,-0.91935
0.00013476,-0.91935
0.00013478,-0.91935
0.0001348,-0.91935
0.00013482,0.68207
0.00013484,0.68207
0.00013486,0.68065
0.00013488,0.68207
0.0001349,1.4807
0.00013492,2.2807
0.00013494,1.4807
0.00013496,2.2821
0.00013498,1.4821
0.000135,0.68065
0.00013502,0.68065
0.00013504,0.68065
0.00013506,-0.11935
0.00013508,-0.11935
0.0001351,-0.91935
0.00013512,-0.91793
0.00013514,-1.7193
0.00013516,-1.7179
0.00013518,-1.7193
0.0001352,-0.91793
0.00013522,-0.91935
0.00013524,-0.11935
0.00013526,0.68065
0.00013528,0.68065
0.0001353,0.68207
0.00013532,0.68065
0.00013534,1.4807
0.00013536,2.2807
0.00013538,1.4807
0.0001354,2.2807
0.00013542,0.68065
0.00013544,1.4807
0.00013546,0.68065
0.00013548,0.68065
0.0001355,-0.11935
0.00013552,0.68065
0.00013554,-0.91793
0.00013556,-0.91935
0.00013558,-0.91793
0.0001356,-0.91935
0.00013562,-1.7179
0.00013564,-0.91935
0.00013566,-0.91935
0.00013568,-0.11935
0.0001357,-0.11935
0.00013572,-0.11935
0.00013574,0.68065
0.00013576,0.68065
0.00013578,0.68207
0.0001358,0.68065
0.00013582,0.68065
0.00013584,0.68065
0.00013586,0.68065
0.00013588,0.68065
0.0001359,0.68065
0.00013592,0.68207
0.00013594,0.68065
0.00013596,0.68065
0.00013598,0.68065
0.000136,-0.11793
0.00013602,-0.11935
0.00013604,-0.11793
0.00013606,0.68065
0.00013608,0.68065
0.0001361,-0.11935
0.00013612,0.68065
0.00013614,-0.11793
0.00013616,-0.91935
0.00013618,-0.11935
0.0001362,-0.11793
0.00013622,-0.91935
0.00013624,-0.11793
0.00013626,-0.11935
0.00013628,-0.11793
0.0001363,-0.11935
0.00013632,0.68065
0.00013634,0.68207
0.00013636,0.68207
0.00013638,0.68207
0.0001364,0.68207
0.00013642,1.4807
0.00013644,0.68065
0.00013646,0.68065
0.00013648,0.68065
0.0001365,0.68207
0.00013652,0.68065
0.00013654,-0.11935
0.00013656,-0.91935
0.00013658,-0.91935
0.0001366,-0.91935
0.00013662,-0.91793
0.00013664,-0.91935
0.00013666,-1.7179
0.00013668,-0.91935
0.0001367,-0.91935
0.00013672,-0.11935
0.00013674,-0.11793
0.00013676,-0.91652
0.00013678,0.68065
0.0001368,1.4821
0.00013682,0.68207
0.00013684,1.4807
0.00013686,1.4807
0.00013688,2.2821
0.0001369,1.4807
0.00013692,1.4807
0.00013694,1.4807
0.00013696,0.68065
0.00013698,0.68065
0.000137,0.68207
0.00013702,-0.11935
0.00013704,-0.91935
0.00013706,-0.91935
0.00013708,-0.91935
0.0001371,-1.7193
0.00013712,-1.7193
0.00013714,-1.7193
0.00013716,-1.7193
0.00013718,-0.91793
0.0001372,-0.91935
0.00013722,-0.11935
0.00013724,0.68207
0.00013726,0.68065
0.00013728,0.68065
0.0001373,1.4807
0.00013732,2.2807
0.00013734,2.2807
0.00013736,1.4807
0.00013738,1.4807
0.0001374,2.2807
0.00013742,0.68207
0.00013744,0.68065
0.00013746,0.68207
0.00013748,0.68065
0.0001375,-0.91652
0.00013752,-0.91935
0.00013754,-0.91935
0.00013756,-1.7193
0.00013758,-0.91935
0.0001376,-0.91793
0.00013762,-1.7193
0.00013764,-0.91935
0.00013766,-0.91935
0.00013768,-0.91935
0.0001377,-0.11935
0.00013772,-0.11935
0.00013774,0.68207
0.00013776,0.68065
0.00013778,1.4807
0.0001378,0.68065
0.00013782,0.68065
0.00013784,0.68207
0.00013786,0.68065
0.00013788,0.68207
0.0001379,0.68065
0.00013792,0.68065
0.00013794,0.68065
0.00013796,0.68065
0.00013798,-0.11793
0.000138,-0.11793
0.00013802,-0.11935
0.00013804,-0.91793
0.00013806,-0.91793
0.00013808,-0.11793
0.0001381,-0.91935
0.00013812,-0.91793
0.00013814,-0.91935
0.00013816,-0.91793
0.00013818,-0.91935
0.0001382,-0.91935
0.00013822,-0.11935
0.00013824,-0.91935
0.00013826,-0.11935
0.00013828,0.68065
0.0001383,0.68207
0.00013832,0.68065
0.00013834,0.68065
0.00013836,0.68207
0.00013838,0.68207
0.0001384,2.2821
0.00013842,0.68065
0.00013844,1.4821
0.00013846,1.4807
0.00013848,0.68207
0.0001385,0.68065
0.00013852,-0.11793
0.00013854,-0.11935
0.00013856,-0.91935
0.00013858,-1.7165
0.0001386,-1.7179
0.00013862,-1.7179
0.00013864,-0.91793
0.00013866,-1.7193
0.00013868,-0.91793
0.0001387,-0.91935
0.00013872,-0.11793
0.00013874,-0.11935
0.00013876,0.68065
0.00013878,0.68065
0.0001388,1.4821
0.00013882,1.4807
0.00013884,1.4807
0.00013886,1.4807
0.00013888,1.4821
0.0001389,0.68207
0.00013892,0.68065
0.00013894,0.68065
0.00013896,0.68207
0.00013898,-0.11935
0.000139,-0.11935
0.00013902,-0.91935
0.00013904,-1.7179
0.00013906,-1.7193
0.00013908,-1.7179
0.0001391,-1.7193
0.00013912,-1.7193
0.00013914,-0.91935
0.00013916,-0.91935
0.00013918,-0.91793
0.0001392,-0.11935
0.00013922,0.68207
0.00013924,0.68065
0.00013926,1.4821
0.00013928,0.68065
0.0001393,2.2807
0.00013932,2.2807
0.00013934,2.2807
0.00013936,1.4807
0.00013938,0.68065
0.0001394,0.68065
0.00013942,0.68065
0.00013944,0.68207
0.00013946,-0.91935
0.00013948,-0.91935
0.0001395,-0.91935
0.00013952,-0.91935
0.00013954,-1.7193
0.00013956,-0.91935
0.00013958,-1.7179
0.0001396,-0.91793
0.00013962,-0.91793
0.00013964,-0.91935
0.00013966,-0.11935
0.00013968,0.68065
0.0001397,0.68207
0.00013972,0.68207
0.00013974,0.68065
0.00013976,1.4807
0.00013978,0.68207
0.0001398,1.4807
0.00013982,1.4807
0.00013984,0.68065
0.00013986,0.68207
0.00013988,0.68065
0.0001399,0.68065
0.00013992,0.68207
0.00013994,0.68065
0.00013996,-0.11935
0.00013998,-0.11935
0.00014,-0.11935
0.00014002,-0.91652
0.00014004,-0.91935
0.00014006,-0.91935
0.00014008,-0.91793
0.0001401,-0.91935
0.00014012,-0.91935
0.00014014,-0.91935
0.00014016,-0.11793
0.00014018,-0.11793
0.0001402,0.68065
0.00014022,0.68065
0.00014024,0.68065
0.00014026,0.68207
0.00014028,0.68065
0.0001403,0.68207
0.00014032,0.68207
0.00014034,0.68065
0.00014036,1.4807
0.00014038,0.68065
0.0001404,0.68065
0.00014042,0.68065
0.00014044,0.68207
0.00014046,-0.11935
0.00014048,-0.11793
0.0001405,-0.91935
0.00014052,-0.91935
0.00014054,-0.91793
0.00014056,-0.91793
0.00014058,-1.7193
0.0001406,-0.91935
0.00014062,-0.91935
0.00014064,-0.91793
0.00014066,-0.91793
0.00014068,-0.11793
0.0001407,0.68065
0.00014072,0.68065
0.00014074,0.68065
0.00014076,1.4807
0.00014078,1.4821
0.0001408,2.2821
0.00014082,1.4821
0.00014084,2.2807
0.00014086,1.4807
0.00014088,1.4807
0.0001409,0.68065
0.00014092,-0.11793
0.00014094,-0.11935
0.00014096,-0.91935
0.00014098,-0.91935
0.000141,-1.7193
0.00014102,-1.7179
0.00014104,-1.7179
0.00014106,-1.7193
0.00014108,-1.7193
0.0001411,-0.91935
0.00014112,-0.91793
0.00014114,-0.11793
0.00014116,0.68065
0.00014118,0.68207
0.0001412,1.4807
0.00014122,1.4807
0.00014124,1.4807
0.00014126,2.2807
0.00014128,1.4807
0.0001413,2.2807
0.00014132,1.4807
0.00014134,0.68065
0.00014136,0.68207
0.00014138,0.68348
0.0001414,0.68207
0.00014142,-0.11935
0.00014144,-0.91935
0.00014146,-0.11793
0.00014148,-0.91793
0.0001415,-0.91935
0.00014152,-0.91935
0.00014154,-1.7193
0.00014156,-0.91935
0.00014158,-0.91935
0.0001416,-0.91935
0.00014162,-0.11935
0.00014164,0.68065
0.00014166,0.68065
0.00014168,1.4807
0.0001417,1.4821
0.00014172,0.68207
0.00014174,0.68207
0.00014176,0.68065
0.00014178,1.4807
0.0001418,0.68065
0.00014182,0.68207
0.00014184,0.68065
0.00014186,0.68065
0.00014188,0.68065
0.0001419,-0.11793
0.00014192,0.68065
0.00014194,-0.11935
0.00014196,-0.11793
0.00014198,-0.11793
0.000142,-0.91793
0.00014202,-0.91935
0.00014204,-0.11935
0.00014206,-0.91935
0.00014208,-0.91935
0.0001421,-0.91793
0.00014212,-0.11793
0.00014214,-0.11793
0.00014216,-0.11793
0.00014218,0.68065
0.0001422,0.68065
0.00014222,0.68065
0.00014224,0.68065
0.00014226,0.68065
0.00014228,0.68065
0.0001423,0.68065
0.00014232,0.68207
0.00014234,0.68065
0.00014236,0.68065
0.00014238,0.68207
0.0001424,0.68207
0.00014242,-0.11935
0.00014244,-0.11935
0.00014246,-0.91935
0.00014248,-0.11935
0.0001425,-0.91793
0.00014252,-0.91935
0.00014254,-1.7193
0.00014256,-0.91935
0.00014258,-0.91935
0.0001426,-0.91935
0.00014262,-0.91793
0.00014264,-0.11935
0.00014266,0.68065
0.00014268,0.68207
0.0001427,1.4821
0.00014272,0.68065
0.00014274,1.4807
0.00014276,2.2821
0.00014278,1.4807
0.0001428,0.68065
0.00014282,1.4807
0.00014284,0.68348
0.00014286,0.68065
0.00014288,0.68207
0.0001429,-0.91793
0.00014292,-0.91935
0.00014294,-0.91935
0.00014296,-0.91935
0.00014298,-1.7165
0.000143,-0.11935
0.00014302,-0.91793
0.00014304,-0.91793
0.00014306,-0.91935
0.00014308,-0.91935
0.0001431,-0.11793
0.00014312,-0.11935
0.00014314,0.68065
0.00014316,0.68065
0.00014318,0.68207
0.0001432,0.68207
0.00014322,1.4807
0.00014324,1.4807
0.00014326,1.4807
0.00014328,1.4821
0.0001433,0.68207
0.00014332,0.68207
0.00014334,0.68207
0.00014336,-0.11935
0.00014338,-0.11935
0.0001434,-0.91793
0.00014342,-0.91935
0.00014344,-0.91935
0.00014346,-0.91935
0.00014348,-0.91793
0.0001435,-1.7193
0.00014352,-0.91935
0.00014354,-0.91793
0.00014356,-0.91935
0.00014358,-0.11935
0.0001436,-0.11935
0.00014362,0.68065
0.00014364,0.68065
0.00014366,0.68065
0.00014368,0.68065
0.0001437,0.68065
0.00014372,1.4821
0.00014374,0.68207
0.00014376,0.68065
0.00014378,0.68207
0.0001438,0.68207
0.00014382,0.68207
0.00014384,-0.11935
0.00014386,-0.11935
0.00014388,-0.11793
0.0001439,-0.91935
0.00014392,-0.91935
0.00014394,-0.91935
0.00014396,-0.91935
0.00014398,-0.91935
0.000144,-0.91935
0.00014402,-0.11935
0.00014404,0.68065
0.00014406,-0.91793
0.00014408,-0.11935
0.0001441,-0.11793
0.00014412,-0.11652
0.00014414,0.68207
0.00014416,0.68065
0.00014418,0.68065
0.0001442,0.68065
0.00014422,0.68207
0.00014424,0.68065
0.00014426,0.68207
0.00014428,0.68065
0.0001443,0.68207
0.00014432,0.68065
0.00014434,0.68065
0.00014436,0.68207
0.00014438,-0.11935
0.0001444,0.68207
0.00014442,-0.91793
0.00014444,-0.11935
0.00014446,-0.91935
0.00014448,-0.91935
0.0001445,-0.91793
0.00014452,-0.91935
0.00014454,-0.91793
0.00014456,-0.91793
0.00014458,-0.11935
0.0001446,-0.11935
0.00014462,0.68207
0.00014464,0.68065
0.00014466,0.68065
0.00014468,0.68065
0.0001447,1.4821
0.00014472,2.2807
0.00014474,2.2807
0.00014476,1.4807
0.00014478,1.4807
0.0001448,1.4807
0.00014482,0.68065
0.00014484,0.68065
0.00014486,-0.11935
0.00014488,-0.11935
0.0001449,-0.91793
0.00014492,-0.91935
0.00014494,-1.7179
0.00014496,-1.7193
0.00014498,-0.91935
0.000145,-1.7193
0.00014502,-0.91935
0.00014504,-0.91935
0.00014506,-0.91935
0.00014508,-0.11935
0.0001451,0.68348
0.00014512,0.68065
0.00014514,0.68065
0.00014516,1.4807
0.00014518,1.4792
0.0001452,1.4807
0.00014522,2.2821
0.00014524,1.4821
0.00014526,1.4821
0.00014528,1.4821
0.0001453,0.68207
0.00014532,0.68065
0.00014534,0.68207
0.00014536,-0.91793
0.00014538,-0.11793
0.0001454,-0.91935
0.00014542,-1.7193
0.00014544,-1.7193
0.00014546,-0.91935
0.00014548,-0.91935
0.0001455,-0.91793
0.00014552,-0.91935
0.00014554,-0.11935
0.00014556,-0.11935
0.00014558,0.68065
0.0001456,0.68065
0.00014562,0.68065
0.00014564,0.68065
0.00014566,0.68065
0.00014568,1.4807
0.0001457,1.4807
0.00014572,1.4807
0.00014574,1.4821
0.00014576,0.68207
0.00014578,0.68065
0.0001458,-0.11935
0.00014582,-0.11793
0.00014584,-0.11793
0.00014586,0.68065
0.00014588,-0.91935
0.0001459,-0.11793
0.00014592,-0.91935
0.00014594,-0.91935
0.00014596,-0.91935
0.00014598,-0.91935
0.000146,-0.91935
0.00014602,-0.91935
0.00014604,-0.91652
0.00014606,-0.11935
0.00014608,0.68065
0.0001461,0.68207
0.00014612,-0.11793
0.00014614,0.68207
0.00014616,0.68065
0.00014618,1.4807
0.0001462,0.68065
0.00014622,0.68207
0.00014624,0.68207
0.00014626,0.68207
0.00014628,1.4821
0.0001463,0.68207
0.00014632,0.68065
0.00014634,0.68207
0.00014636,-0.11793
0.00014638,-0.11935
0.0001464,-0.91935
0.00014642,-0.91935
0.00014644,-1.7193
0.00014646,-0.91935
0.00014648,-1.7193
0.0001465,-0.91935
0.00014652,-0.91793
0.00014654,-0.91935
0.00014656,-0.91793
0.00014658,0.68207
0.0001466,0.68207
0.00014662,0.68065
0.00014664,0.68207
0.00014666,1.4807
0.00014668,2.2807
0.0001467,2.2807
0.00014672,1.4821
0.00014674,2.2807
0.00014676,0.68207
0.00014678,0.68065
0.0001468,0.68207
0.00014682,-0.11935
0.00014684,-0.11935
0.00014686,-0.91935
0.00014688,-0.91935
0.0001469,-1.7193
0.00014692,-0.91935
0.00014694,-1.7193
0.00014696,-1.7193
0.00014698,-0.91793
0.000147,-1.7193
0.00014702,-0.91935
0.00014704,-0.11793
0.00014706,0.68065
0.00014708,0.68065
0.0001471,0.68065
0.00014712,1.4821
0.00014714,1.4807
0.00014716,2.2807
0.00014718,2.2821
0.0001472,2.2821
0.00014722,1.4821
0.00014724,0.68065
0.00014726,0.68065
0.00014728,0.68065
0.0001473,0.68207
0.00014732,-0.11935
0.00014734,-0.91935
0.00014736,-0.91935
0.00014738,-1.7179
0.0001474,-1.7193
0.00014742,-1.7193
0.00014744,-0.91793
0.00014746,-0.91935
0.00014748,-0.91935
0.0001475,-0.91935
0.00014752,-0.91935
0.00014754,0.68207
0.00014756,0.68207
0.00014758,0.68065
0.0001476,0.68207
0.00014762,0.68207
0.00014764,1.4807
0.00014766,0.68065
0.00014768,0.68065
0.0001477,1.4807
0.00014772,0.68065
0.00014774,0.68065
0.00014776,0.68207
0.00014778,-0.11793
0.0001478,0.68207
0.00014782,-0.11935
0.00014784,-0.91935
0.00014786,-0.91935
0.00014788,-0.91793
0.0001479,-0.91935
0.00014792,-0.91935
0.00014794,-0.91935
0.00014796,-0.91793
0.00014798,-0.91935
0.000148,-0.11652
0.00014802,-0.11793
0.00014804,-0.11793
0.00014806,0.68207
0.00014808,0.68065
0.0001481,0.68065
0.00014812,0.68065
0.00014814,0.68207
0.00014816,1.4807
0.00014818,0.68065
0.0001482,0.68207
0.00014822,1.4821
0.00014824,0.68065
0.00014826,0.68065
0.00014828,0.68065
0.0001483,-0.11935
0.00014832,-0.11935
0.00014834,-0.91935
0.00014836,-0.91793
0.00014838,-0.91935
0.0001484,-0.91793
0.00014842,-0.91935
0.00014844,-1.7193
0.00014846,-1.7193
0.00014848,-0.91935
0.0001485,-0.91935
0.00014852,-0.11935
0.00014854,-0.11935
0.00014856,0.68207
0.00014858,1.4821
0.0001486,1.4807
0.00014862,2.2807
0.00014864,2.2807
0.00014866,2.2807
0.00014868,2.2821
0.0001487,1.4821
0.00014872,1.4807
0.00014874,0.68207
0.00014876,0.68207
0.00014878,-0.11652
0.0001488,-0.11793
0.00014882,-0.91935
0.00014884,-0.91935
0.00014886,-1.7179
0.00014888,-1.7193
0.0001489,-1.7179
0.00014892,-1.7193
0.00014894,-1.7193
0.00014896,-0.91935
0.00014898,-0.11935
0.000149,-0.11935
0.00014902,0.68207
0.00014904,0.68207
0.00014906,0.68065
0.00014908,1.4807
0.0001491,1.4821
0.00014912,1.4807
0.00014914,2.2807
0.00014916,1.4807
0.00014918,1.4807
0.0001492,1.4821
0.00014922,0.68065
0.00014924,0.68207
0.00014926,-0.11935
0.00014928,-0.91935
0.0001493,-0.91935
0.00014932,-0.91935
0.00014934,-0.91935
0.00014936,-1.7193
0.00014938,-1.7193
0.0001494,-1.7193
0.00014942,-0.91793
0.00014944,-0.91935
0.00014946,-0.91935
0.00014948,-0.91935
0.0001495,-0.11935
0.00014952,0.68065
0.00014954,0.68207
0.00014956,0.68065
0.00014958,1.4821
0.0001496,1.4807
0.00014962,1.4821
0.00014964,1.4807
0.00014966,1.4821
0.00014968,0.68065
0.0001497,0.68065
0.00014972,0.68065
0.00014974,-0.11935
0.00014976,-0.11793
0.00014978,-0.11935
0.0001498,-0.91793
0.00014982,-0.91935
0.00014984,-0.91793
0.00014986,-0.91935
0.00014988,-0.11793
0.0001499,-0.91935
0.00014992,-0.11935
0.00014994,-0.11935
0.00014996,-0.91935
0.00014998,-0.11935
0.00015,0.68207
0.00015002,0.68065
0.00015004,0.68207
0.00015006,0.68065
0.00015008,0.68065
0.0001501,1.4807
0.00015012,1.4821
0.00015014,0.68065
0.00015016,1.4807
0.00015018,0.68065
0.0001502,0.68207
0.00015022,0.68065
0.00015024,0.68065
0.00015026,0.68065
0.00015028,0.68065
0.0001503,-0.91935
0.00015032,-0.11793
0.00015034,-0.11935
0.00015036,-0.91793
0.00015038,-0.91935
0.0001504,-0.91793
0.00015042,-0.91935
0.00015044,-0.91793
0.00015046,-0.91935
0.00015048,-0.91935
0.0001505,-0.11935
0.00015052,0.68065
0.00015054,0.68065
0.00015056,2.2807
0.00015058,2.2821
0.0001506,1.4821
0.00015062,1.4821
0.00015064,2.2821
0.00015066,1.4807
0.00015068,1.4807
0.0001507,0.68207
0.00015072,0.68207
0.00015074,0.68065
0.00015076,-0.11935
0.00015078,-0.91793
0.0001508,-1.7193
0.00015082,-1.7193
0.00015084,-1.7193
0.00015086,-1.7193
0.00015088,-0.91935
0.0001509,-0.91935
0.00015092,-0.91935
0.00015094,0.68065
0.00015096,-0.11793
0.00015098,0.68065
0.000151,0.68207
0.00015102,0.68207
0.00015104,0.68065
0.00015106,0.68065
0.00015108,2.2807
0.0001511,2.2821
0.00015112,2.2807
0.00015114,1.4821
0.00015116,0.68065
0.00015118,0.68065
0.0001512,0.68065
0.00015122,-0.11935
0.00015124,-0.11935
0.00015126,-0.91793
0.00015128,-0.91935
0.0001513,-0.91793
0.00015132,-0.91935
0.00015134,-0.91935
0.00015136,-0.91935
0.00015138,-0.91793
0.0001514,-0.91793
0.00015142,-0.91793
0.00015144,-0.11935
0.00015146,-0.11793
0.00015148,0.68065
0.0001515,0.68207
0.00015152,1.4807
0.00015154,0.68065
0.00015156,1.4807
0.00015158,1.4807
0.0001516,1.4807
0.00015162,0.68065
0.00015164,0.68207
0.00015166,0.68065
0.00015168,0.68207
0.0001517,-0.11793
0.00015172,-0.11793
0.00015174,-0.91935
0.00015176,-0.91935
0.00015178,-0.91935
0.0001518,-0.91793
0.00015182,-0.91793
0.00015184,-0.91793
0.00015186,-0.91935
0.00015188,-0.91935
0.0001519,-0.91935
0.00015192,-0.11793
0.00015194,-0.11793
0.00015196,0.68065
0.00015198,0.68065
0.000152,0.68065
0.00015202,0.68065
0.00015204,0.68065
0.00015206,0.68207
0.00015208,1.4821
0.0001521,0.68065
0.00015212,1.4807
0.00015214,1.4821
0.00015216,0.68065
0.00015218,0.68065
0.0001522,0.68065
0.00015222,0.68207
0.00015224,-0.11935
0.00015226,-0.11793
0.00015228,-0.91793
0.0001523,-0.91935
0.00015232,-1.7179
0.00015234,-1.7193
0.00015236,-0.91935
0.00015238,-1.7179
0.0001524,-0.91935
0.00015242,-0.91793
0.00015244,-0.11935
0.00015246,-0.11935
0.00015248,0.68065
0.0001525,0.68065
0.00015252,0.68207
0.00015254,0.68065
0.00015256,1.4807
0.00015258,2.2821
0.0001526,2.2821
0.00015262,2.2821
0.00015264,1.4807
0.00015266,1.4807
0.00015268,0.68065
0.0001527,-0.11793
0.00015272,-0.91935
0.00015274,-0.91793
0.00015276,-1.7193
0.00015278,-0.91793
0.0001528,-1.7193
0.00015282,-1.7193
0.00015284,-0.91793
0.00015286,-0.91793
0.00015288,-0.91935
0.0001529,-0.91935
0.00015292,-0.11793
0.00015294,-0.11935
0.00015296,0.68207
0.00015298,0.68207
0.000153,1.4807
0.00015302,0.68065
0.00015304,1.4807
0.00015306,1.4807
0.00015308,1.4821
0.0001531,1.4807
0.00015312,0.68065
0.00015314,0.68065
0.00015316,-0.11793
0.00015318,-0.11793
0.0001532,-0.11935
0.00015322,0.68065
0.00015324,-0.11935
0.00015326,-0.91793
0.00015328,-0.91793
0.0001533,-0.91935
0.00015332,-0.91793
0.00015334,-0.91935
0.00015336,-1.7179
0.00015338,-0.91935
0.0001534,-0.11935
0.00015342,0.68065
0.00015344,0.68065
0.00015346,0.68207
0.00015348,1.4821
0.0001535,1.4807
0.00015352,1.4821
0.00015354,2.2807
0.00015356,1.4821
0.00015358,1.4807
0.0001536,0.68065
0.00015362,0.68065
0.00015364,0.68207
0.00015366,0.68065
0.00015368,0.68065
0.0001537,-0.91935
0.00015372,-0.11793
0.00015374,-0.91935
0.00015376,-0.91935
0.00015378,-0.91793
0.0001538,-0.91935
0.00015382,-0.91793
0.00015384,-0.91935
0.00015386,-0.11793
0.00015388,-0.11935
0.0001539,0.68065
0.00015392,0.68065
0.00015394,0.68065
0.00015396,0.68207
0.00015398,0.68065
0.000154,0.68065
0.00015402,0.68065
0.00015404,1.4807
0.00015406,0.68207
0.00015408,0.68207
0.0001541,1.4807
0.00015412,0.68207
0.00015414,0.68065
0.00015416,0.68065
0.00015418,0.68065
0.0001542,-0.91935
0.00015422,-0.11935
0.00015424,-0.11935
0.00015426,-0.91793
0.00015428,-0.91793
0.0001543,-1.7193
0.00015432,-0.91935
0.00015434,-1.7193
0.00015436,-0.91935
0.00015438,-0.91793
0.0001544,-0.11935
0.00015442,-0.91793
0.00015444,0.68065
0.00015446,0.68207
0.00015448,1.4821
0.0001545,1.4807
0.00015452,2.2807
0.00015454,1.4807
0.00015456,2.2821
0.00015458,1.4821
0.0001546,1.4807
0.00015462,1.4821
0.00015464,0.68207
0.00015466,0.68065
0.00015468,0.68207
0.0001547,-0.91793
0.00015472,-0.91935
0.00015474,-0.91793
0.00015476,-0.91935
0.00015478,-0.91935
0.0001548,-0.91793
0.00015482,-0.11935
0.00015484,-0.91935
0.00015486,-0.91935
0.00015488,-0.11935
0.0001549,0.68065
0.00015492,0.68065
0.00015494,0.68065
0.00015496,1.4821
0.00015498,0.68065
0.000155,0.68207
0.00015502,0.68207
0.00015504,0.68065
0.00015506,1.4807
0.00015508,1.4807
0.0001551,0.68207
0.00015512,0.68207
0.00015514,0.68065
0.00015516,0.68065
0.00015518,-0.11935
0.0001552,-0.91935
0.00015522,-0.91793
0.00015524,-0.91935
0.00015526,-0.91935
0.00015528,-0.91935
0.0001553,-1.7193
0.00015532,-0.91793
0.00015534,-0.91935
0.00015536,-0.11935
0.00015538,-0.11935
0.0001554,0.68207
0.00015542,0.68065
0.00015544,0.68207
0.00015546,1.4821
0.00015548,0.68207
0.0001555,0.68065
0.00015552,0.68065
0.00015554,2.2807
0.00015556,1.4807
0.00015558,0.68065
0.0001556,0.68065
0.00015562,0.68065
0.00015564,0.68207
0.00015566,-0.91793
0.00015568,-0.11935
0.0001557,-0.91935
0.00015572,-0.91935
0.00015574,-0.91935
0.00015576,-0.91793
0.00015578,-0.91793
0.0001558,-0.91935
0.00015582,-0.11793
0.00015584,-0.11793
0.00015586,-0.11935
0.00015588,0.68065
0.0001559,0.68065
0.00015592,0.68065
0.00015594,0.68065
0.00015596,0.68065
0.00015598,0.68065
0.000156,0.68207
0.00015602,0.68065
0.00015604,0.68065
0.00015606,0.68065
0.00015608,0.68207
0.0001561,0.68207
0.00015612,0.68207
0.00015614,0.68065
0.00015616,0.68207
0.00015618,0.68065
0.0001562,-0.91793
0.00015622,-0.91793
0.00015624,-0.91935
0.00015626,-0.91935
0.00015628,-1.7193
0.0001563,-0.91935
0.00015632,-0.91935
0.00015634,-0.11935
0.00015636,-0.11793
0.00015638,-0.11793
0.0001564,0.68207
0.00015642,0.68207
0.00015644,0.68065
0.00015646,0.68065
0.00015648,1.4807
0.0001565,1.4821
0.00015652,0.68065
0.00015654,2.2807
0.00015656,0.68207
0.00015658,0.68207
0.0001566,0.68065
0.00015662,0.68065
0.00015664,-0.11793
0.00015666,-0.11935
0.00015668,-0.11793
0.0001567,-0.91793
0.00015672,-1.7193
0.00015674,-1.7193
0.00015676,-0.91793
0.00015678,-1.7179
0.0001568,-0.91793
0.00015682,-0.91935
0.00015684,-0.11793
0.00015686,-0.11935
0.00015688,0.68207
0.0001569,0.68065
0.00015692,1.4807
0.00015694,0.68065
0.00015696,1.4807
0.00015698,0.68065
0.000157,0.68065
0.00015702,0.68065
0.00015704,1.4821
0.00015706,0.68207
0.00015708,0.68207
0.0001571,-0.11793
0.00015712,0.68065
0.00015714,-0.11935
0.00015716,-0.11793
0.00015718,-0.11935
0.0001572,-0.91935
0.00015722,-1.7193
0.00015724,-0.91793
0.00015726,-0.91935
0.00015728,-0.91793
0.0001573,-0.91935
0.00015732,-0.91935
0.00015734,-0.11935
0.00015736,-0.11935
0.00015738,-0.11793
0.0001574,0.68065
0.00015742,0.68207
0.00015744,1.4807
0.00015746,0.68065
0.00015748,1.4807
0.0001575,0.68065
0.00015752,0.68207
0.00015754,1.4807
0.00015756,0.68065
0.00015758,0.68207
0.0001576,0.68207
0.00015762,-0.11793
0.00015764,-0.11935
0.00015766,-0.11793
0.00015768,-0.91935
0.0001577,-0.91793
0.00015772,-0.91793
0.00015774,-0.91793
0.00015776,-0.91935
0.00015778,-0.91935
0.0001578,-0.91935
0.00015782,-0.11793
0.00015784,0.68207
0.00015786,0.68065
0.00015788,0.68065
0.0001579,0.68065
0.00015792,0.68207
0.00015794,0.68065
0.00015796,0.68065
0.00015798,0.68065
0.000158,0.68065
0.00015802,0.68065
0.00015804,0.68065
0.00015806,0.68207
0.00015808,0.68207
0.0001581,0.68065
0.00015812,-0.11935
0.00015814,-0.11793
0.00015816,-0.11935
0.00015818,-0.91935
0.0001582,-0.91935
0.00015822,-0.91793
0.00015824,-0.11935
0.00015826,-0.91935
0.00015828,-0.11793
0.0001583,-0.11935
0.00015832,-0.91935
0.00015834,0.68065
0.00015836,0.68065
0.00015838,0.68207
0.0001584,0.68065
0.00015842,0.68065
0.00015844,0.68207
0.00015846,0.68207
0.00015848,0.68207
0.0001585,0.68207
0.00015852,1.4807
0.00015854,0.68065
0.00015856,0.68207
0.00015858,0.68207
0.0001586,-0.11793
0.00015862,-0.11935
0.00015864,-0.11935
0.00015866,-0.11935
0.00015868,-0.91793
0.0001587,-0.91935
0.00015872,-0.91793
0.00015874,-0.91793
0.00015876,-0.91793
0.00015878,-0.91935
0.0001588,-0.11935
0.00015882,-0.11935
0.00015884,-0.11935
0.00015886,0.68207
0.00015888,0.68065
0.0001589,0.68065
0.00015892,1.4821
0.00015894,0.68207
0.00015896,0.68065
0.00015898,0.68065
0.000159,0.68065
0.00015902,0.68065
0.00015904,0.68207
0.00015906,0.68065
0.00015908,-0.11793
0.0001591,-0.11793
0.00015912,-0.91793
0.00015914,-0.91935
0.00015916,-0.91935
0.00015918,-0.91935
0.0001592,-0.11793
0.00015922,-0.91935
0.00015924,-0.91935
0.00015926,-0.91793
0.00015928,-0.91793
0.0001593,-0.11935
0.00015932,0.68065
0.00015934,-0.11793
0.00015936,0.68065
0.00015938,0.68207
0.0001594,0.68065
0.00015942,0.68207
0.00015944,0.68065
0.00015946,0.68065
0.00015948,0.68065
0.0001595,1.4807
0.00015952,0.68065
0.00015954,0.68065
0.00015956,0.68207
0.00015958,-0.11793
0.0001596,-0.11793
0.00015962,-0.91793
0.00015964,-0.11935
0.00015966,-0.91935
0.00015968,-0.91935
0.0001597,-0.91935
0.00015972,-0.91793
0.00015974,-0.91935
0.00015976,-0.91935
0.00015978,-0.11935
0.0001598,-0.11793
0.00015982,-0.11793
0.00015984,0.68207
0.00015986,0.68207
0.00015988,0.68065
0.0001599,0.68065
0.00015992,0.68207
0.00015994,0.68207
0.00015996,0.68065
0.00015998,1.4821
0.00016,0.68207
0.00016002,0.68065
0.00016004,0.68207
0.00016006,0.68065
0.00016008,-0.11935
0.0001601,-0.11793
0.00016012,-0.91793
0.00016014,-0.91935
0.00016016,-0.91935
0.00016018,-0.91793
0.0001602,-0.91935
0.00016022,-0.91652
0.00016024,-1.7193
0.00016026,-0.91935
0.00016028,-0.11935
0.0001603,0.68065
0.00016032,0.68207
0.00016034,0.68065
0.00016036,0.68207
0.00016038,0.68065
0.0001604,0.68207
0.00016042,1.4807
0.00016044,1.4807
0.00016046,2.2807
0.00016048,1.4807
0.0001605,0.68065
0.00016052,2.2807
0.00016054,0.68348
0.00016056,-0.11935
0.00016058,-0.11793
0.0001606,-0.11793
0.00016062,-0.91935
0.00016064,-0.91793
0.00016066,-0.91935
0.00016068,-0.91793
0.0001607,-0.91793
0.00016072,-0.91935
0.00016074,-1.7193
0.00016076,-0.91793
0.00016078,-0.11935
0.0001608,-0.11793
0.00016082,0.68065
0.00016084,0.68065
0.00016086,0.68065
0.00016088,0.68207
0.0001609,0.68065
0.00016092,0.68065
0.00016094,1.4821
0.00016096,1.4807
0.00016098,1.4807
0.000161,0.68065
0.00016102,0.68065
0.00016104,0.68207
0.00016106,0.68065
0.00016108,-0.11793
0.0001611,-0.91793
0.00016112,-0.91793
0.00016114,-0.91935
0.00016116,-0.91935
0.00016118,-0.91935
0.0001612,-0.91793
0.00016122,-1.7179
0.00016124,-0.91935
0.00016126,-0.91793
0.00016128,0.68207
0.0001613,-0.11935
0.00016132,0.68065
0.00016134,0.68065
0.00016136,0.68065
0.00016138,0.68065
0.0001614,0.68065
0.00016142,0.68065
0.00016144,0.68207
0.00016146,1.4821
0.00016148,0.68207
0.0001615,0.68207
0.00016152,0.68207
0.00016154,0.68065
0.00016156,0.68065
0.00016158,-0.91935
0.0001616,0.68065
0.00016162,-0.11935
0.00016164,-0.91793
0.00016166,-0.91935
0.00016168,-0.91793
0.0001617,-1.7179
0.00016172,-0.91935
0.00016174,-0.91935
0.00016176,-0.11935
0.00016178,-0.11793
0.0001618,0.68207
0.00016182,0.68065
0.00016184,1.4807
0.00016186,1.4807
0.00016188,1.4807
0.0001619,1.4821
0.00016192,1.4821
0.00016194,0.68207
0.00016196,0.68065
0.00016198,0.68065
0.000162,0.68065
0.00016202,0.68207
0.00016204,0.68065
0.00016206,-0.91935
0.00016208,-0.91935
0.0001621,-0.91793
0.00016212,-0.91935
0.00016214,-0.91935
0.00016216,-0.91935
0.00016218,-0.91793
0.0001622,-0.91793
0.00016222,-0.91935
0.00016224,-0.91935
0.00016226,-0.91793
0.00016228,-0.11935
0.0001623,0.68065
0.00016232,0.68065
0.00016234,0.68065
0.00016236,1.4821
0.00016238,0.68207
0.0001624,0.68065
0.00016242,2.2821
0.00016244,1.4821
0.00016246,0.68065
0.00016248,0.68065
0.0001625,0.68065
0.00016252,0.68207
0.00016254,0.68065
0.00016256,-0.11793
0.00016258,-0.91935
0.0001626,-0.91793
0.00016262,-0.91935
0.00016264,-1.7193
0.00016266,-1.7193
0.00016268,-0.91935
0.0001627,-0.91793
0.00016272,-0.91935
0.00016274,-0.91793
0.00016276,-0.91935
0.00016278,0.68207
0.0001628,0.68065
0.00016282,0.68207
0.00016284,0.68065
0.00016286,1.4807
0.00016288,0.68065
0.0001629,0.68065
0.00016292,1.4807
0.00016294,0.68065
0.00016296,0.68207
0.00016298,0.68065
0.000163,0.68207
0.00016302,-0.11793
0.00016304,0.68065
0.00016306,-0.91935
0.00016308,-0.11935
0.0001631,-0.91935
0.00016312,-0.91793
0.00016314,-0.91935
0.00016316,-0.91793
0.00016318,-0.91793
0.0001632,-0.91793
0.00016322,-0.11935
0.00016324,-0.91935
0.00016326,-0.11935
0.00016328,-0.11935
0.0001633,0.68207
0.00016332,0.68065
0.00016334,1.4821
0.00016336,0.68207
0.00016338,1.4821
0.0001634,1.4807
0.00016342,1.4821
0.00016344,0.68065
0.00016346,0.68065
0.00016348,0.68207
0.0001635,0.68065
0.00016352,0.68207
0.00016354,-0.11935
0.00016356,-0.11793
0.00016358,-0.91935
0.0001636,-0.91935
0.00016362,-0.91935
0.00016364,-0.91935
0.00016366,-1.7165
0.00016368,-0.91935
0.0001637,-0.91935
0.00016372,-0.91935
0.00016374,-0.91935
0.00016376,0.68065
0.00016378,0.68065
0.0001638,1.4807
0.00016382,0.68065
0.00016384,0.68065
0.00016386,1.4807
0.00016388,1.4807
0.0001639,1.4821
0.00016392,1.4821
0.00016394,0.68065
0.00016396,0.68207
0.00016398,0.68207
0.000164,0.68065
0.00016402,-0.91935
0.00016404,-0.11935
0.00016406,-0.91652
0.00016408,-0.91793
0.0001641,-0.91935
0.00016412,-1.7193
0.00016414,-0.91793
0.00016416,-0.91793
0.00016418,-0.91935
0.0001642,-0.91935
0.00016422,-0.11935
0.00016424,0.68207
0.00016426,0.68065
0.00016428,0.68065
0.0001643,0.68065
0.00016432,0.68065
0.00016434,0.68207
0.00016436,0.68065
0.00016438,1.4807
0.0001644,1.4821
0.00016442,1.4821
0.00016444,0.68207
0.00016446,0.68065
0.00016448,0.68207
0.0001645,-0.11935
0.00016452,-0.11935
0.00016454,-0.11935
0.00016456,-0.91793
0.00016458,-0.91935
0.0001646,-0.91935
0.00016462,-1.7179
0.00016464,-0.91793
0.00016466,-0.91793
0.00016468,-0.91935
0.0001647,-0.91935
0.00016472,-0.91935
0.00016474,-0.11793
0.00016476,0.68065
0.00016478,0.68065
0.0001648,0.68207
0.00016482,0.68065
0.00016484,1.4821
0.00016486,1.4807
0.00016488,0.68065
0.0001649,1.4807
0.00016492,1.4807
0.00016494,0.68065
0.00016496,0.68065
0.00016498,0.68207
0.000165,0.68065
0.00016502,-0.91935
0.00016504,-0.91935
0.00016506,-0.91935
0.00016508,-0.91935
0.0001651,-1.7179
0.00016512,-0.91793
0.00016514,-0.91793
0.00016516,-0.91793
0.00016518,-0.91652
0.0001652,-0.91793
0.00016522,-0.91793
0.00016524,-0.11935
0.00016526,0.68207
0.00016528,0.68065
0.0001653,0.68065
0.00016532,0.68065
0.00016534,1.4821
0.00016536,1.4807
0.00016538,1.4807
0.0001654,1.4807
0.00016542,0.68065
0.00016544,0.68065
0.00016546,0.68207
0.00016548,-0.11793
0.0001655,-0.11935
0.00016552,-0.91935
0.00016554,-0.91793
0.00016556,-1.7193
0.00016558,-0.91935
0.0001656,-1.7193
0.00016562,-0.91935
0.00016564,-0.91935
0.00016566,-0.91935
0.00016568,-0.11793
0.0001657,-0.11793
0.00016572,-0.11793
0.00016574,0.68065
0.00016576,0.68207
0.00016578,1.4807
0.0001658,1.4821
0.00016582,1.4821
0.00016584,1.4807
0.00016586,0.68065
0.00016588,1.4821
0.0001659,0.68065
0.00016592,0.68065
0.00016594,0.68207
0.00016596,0.68065
0.00016598,-0.91935
0.000166,-0.11935
0.00016602,-0.91935
0.00016604,-0.91935
0.00016606,-0.91935
0.00016608,-1.7193
0.0001661,-0.91652
0.00016612,-1.7179
0.00016614,-0.91793
0.00016616,-0.91935
0.00016618,-0.11793
0.0001662,0.68065
0.00016622,0.68207
0.00016624,0.68207
0.00016626,0.68065
0.00016628,0.68065
0.0001663,1.4821
0.00016632,2.2807
0.00016634,1.4807
0.00016636,1.4821
0.00016638,1.4821
0.0001664,0.68065
0.00016642,0.68065
0.00016644,0.68207
0.00016646,0.68065
0.00016648,-0.11935
0.0001665,-0.91935
0.00016652,-0.11793
0.00016654,-0.91935
0.00016656,-0.91935
0.00016658,-0.91793
0.0001666,-1.7179
0.00016662,-1.7193
0.00016664,-0.91935
0.00016666,-0.91935
0.00016668,-0.11935
0.0001667,-0.11793
0.00016672,0.68065
0.00016674,0.68207
0.00016676,0.68065
0.00016678,0.68207
0.0001668,1.4807
0.00016682,1.4821
0.00016684,1.4821
0.00016686,1.4807
0.00016688,0.68207
0.0001669,0.68065
0.00016692,0.68065
0.00016694,0.68065
0.00016696,-0.11793
0.00016698,-0.91793
0.000167,-0.91935
0.00016702,-0.91935
0.00016704,-0.91935
0.00016706,-1.7193
0.00016708,-1.7179
0.0001671,-0.91935
0.00016712,-0.91793
0.00016714,-0.91935
0.00016716,-0.91793
0.00016718,-0.11935
0.0001672,0.68207
0.00016722,0.68065
0.00016724,0.68065
0.00016726,0.68207
0.00016728,0.68065
0.0001673,1.4821
0.00016732,1.4807
0.00016734,1.4807
0.00016736,1.4821
0.00016738,0.68065
0.0001674,0.68207
0.00016742,0.68207
0.00016744,-0.11935
0.00016746,-0.91935
0.00016748,-0.11793
0.0001675,-1.7179
0.00016752,-0.91793
0.00016754,-1.7193
0.00016756,-0.91793
0.00016758,-1.7193
0.0001676,-0.91793
0.00016762,-0.91793
0.00016764,-0.11935
0.00016766,-0.11793
0.00016768,-0.11935
0.0001677,0.68065
0.00016772,1.4821
0.00016774,2.2821
0.00016776,2.2807
0.00016778,2.2807
0.0001678,1.4807
0.00016782,2.2821
0.00016784,1.4821
0.00016786,0.68065
0.00016788,0.68065
0.0001679,0.68065
0.00016792,-0.91793
0.00016794,-0.91935
0.00016796,-0.91935
0.00016798,-0.91793
0.000168,-1.7193
0.00016802,-0.91793
0.00016804,-1.7179
0.00016806,-0.91793
0.00016808,-0.91935
0.0001681,-0.91793
0.00016812,-0.91935
0.00016814,-0.11793
0.00016816,0.68207
0.00016818,0.68065
0.0001682,0.68207
0.00016822,1.4807
0.00016824,1.4807
0.00016826,1.4821
0.00016828,1.4807
0.0001683,1.4821
0.00016832,1.4807
0.00016834,0.68207
0.00016836,0.68065
0.00016838,-0.11935
0.0001684,0.68065
0.00016842,-0.11793
0.00016844,-0.11935
0.00016846,-0.11935
0.00016848,-0.91935
0.0001685,-1.7179
0.00016852,-0.91935
0.00016854,-1.7179
0.00016856,-1.7179
0.00016858,-0.91793
0.0001686,-0.91793
0.00016862,-0.91935
0.00016864,-0.11935
0.00016866,-0.11793
0.00016868,0.68065
0.0001687,0.68065
0.00016872,0.68065
0.00016874,0.68065
0.00016876,0.68207
0.00016878,1.4807
0.0001688,1.4807
0.00016882,0.68065
0.00016884,0.68207
0.00016886,0.68065
0.00016888,0.68207
0.0001689,-0.11935
0.00016892,-0.11793
0.00016894,-0.91793
0.00016896,-0.91935
0.00016898,-0.91793
0.000169,-0.91935
0.00016902,-1.7179
0.00016904,-0.91935
0.00016906,-0.91935
0.00016908,-0.91935
0.0001691,-0.11935
0.00016912,-0.11793
0.00016914,-0.11793
0.00016916,0.68065
0.00016918,0.68207
0.0001692,1.4807
0.00016922,1.4807
0.00016924,0.68065
0.00016926,1.4807
0.00016928,1.4821
0.0001693,1.4807
0.00016932,0.68207
0.00016934,0.68207
0.00016936,0.68065
0.00016938,0.68065
0.0001694,-0.11935
0.00016942,-0.91793
0.00016944,-0.91793
0.00016946,-0.91935
0.00016948,-1.7193
0.0001695,-1.7193
0.00016952,-1.7179
0.00016954,-1.7179
0.00016956,-0.91793
0.00016958,-0.91793
0.0001696,-0.91935
0.00016962,-0.11935
0.00016964,0.68207
0.00016966,0.68065
0.00016968,1.4821
0.0001697,1.4807
0.00016972,2.2821
0.00016974,2.2821
0.00016976,1.4821
0.00016978,1.4821
0.0001698,1.4807
0.00016982,1.4807
0.00016984,0.68065
0.00016986,0.68065
0.00016988,-0.91793
0.0001699,-0.91935
0.00016992,-0.91935
0.00016994,-1.7193
0.00016996,-1.7193
0.00016998,-1.7193
0.00017,-1.7193
0.00017002,-2.5193
0.00017004,-0.91793
0.00017006,-0.91793
0.00017008,-0.11793
0.0001701,0.68065
0.00017012,0.68207
0.00017014,0.68065
0.00017016,1.4807
0.00017018,1.4821
0.0001702,1.4807
0.00017022,2.2821
0.00017024,1.4807
0.00017026,1.4821
0.00017028,1.4807
0.0001703,0.68207
0.00017032,0.68207
0.00017034,0.68207
0.00017036,-0.11935
0.00017038,-0.91793
0.0001704,-0.11935
0.00017042,-0.91652
0.00017044,-0.91793
0.00017046,-0.91793
0.00017048,-0.91935
0.0001705,-0.91935
0.00017052,-0.91935
0.00017054,-0.91793
0.00017056,-0.11793
0.00017058,-0.11935
0.0001706,-0.11793
0.00017062,0.68065
0.00017064,0.68207
0.00017066,0.68207
0.00017068,0.68207
0.0001707,0.68207
0.00017072,1.4807
0.00017074,1.4807
0.00017076,0.68348
0.00017078,1.4821
0.0001708,0.68065
0.00017082,0.68207
0.00017084,0.68207
0.00017086,0.68065
0.00017088,0.68065
0.0001709,-0.11935
0.00017092,-0.91793
0.00017094,-0.91793
0.00017096,-1.7193
0.00017098,-1.7193
0.000171,-1.7179
0.00017102,-0.91793
0.00017104,-0.91793
0.00017106,-0.91793
0.00017108,-0.11793
0.0001711,-0.11935
0.00017112,0.68065
0.00017114,0.68207
0.00017116,0.68065
0.00017118,0.68065
0.0001712,1.4807
0.00017122,1.4807
0.00017124,2.2821
0.00017126,2.2821
0.00017128,0.68065
0.0001713,0.68207
0.00017132,0.68065
0.00017134,0.68207
0.00017136,-0.11935
0.00017138,-0.91652
0.0001714,-0.91935
0.00017142,-1.7179
0.00017144,-1.7179
0.00017146,-0.91935
0.00017148,-0.91935
0.0001715,-0.91793
0.00017152,-0.91935
0.00017154,-0.91793
0.00017156,-0.91793
0.00017158,-0.11935
0.0001716,0.68065
0.00017162,0.68207
0.00017164,1.4807
0.00017166,1.4821
0.00017168,2.2821
0.0001717,2.2821
0.00017172,2.2807
0.00017174,1.4821
0.00017176,1.4807
0.00017178,1.4807
0.0001718,0.68065
0.00017182,0.68065
0.00017184,-0.11793
0.00017186,-0.91935
0.00017188,-0.91793
0.0001719,-1.7179
0.00017192,-1.7179
0.00017194,-0.91935
0.00017196,-1.7193
0.00017198,-1.7193
0.000172,-0.91935
0.00017202,-0.91935
0.00017204,-0.11935
0.00017206,0.68065
0.00017208,0.68065
0.0001721,0.68207
0.00017212,0.68207
0.00017214,1.4807
0.00017216,2.2807
0.00017218,1.4821
0.0001722,2.2807
0.00017222,0.68065
0.00017224,1.4807
0.00017226,0.68065
0.00017228,0.68065
0.0001723,0.68065
0.00017232,-0.11935
0.00017234,-0.11793
0.00017236,-0.11935
0.00017238,-0.91793
0.0001724,-0.91935
0.00017242,-0.91935
0.00017244,-1.7193
0.00017246,-0.91935
0.00017248,-0.91935
0.0001725,-0.91935
0.00017252,-0.11793
0.00017254,0.68207
0.00017256,-0.11793
0.00017258,0.68207
0.0001726,0.68207
0.00017262,0.68207
0.00017264,0.68065
0.00017266,0.68065
0.00017268,1.4821
0.0001727,1.4807
0.00017272,2.2807
0.00017274,0.68065
0.00017276,0.68207
0.00017278,0.68065
0.0001728,0.68065
0.00017282,-0.11935
0.00017284,-0.11793
0.00017286,-0.91935
0.00017288,-0.91793
0.0001729,-0.91935
0.00017292,-1.7179
0.00017294,-1.7193
0.00017296,-0.91935
0.00017298,-0.91935
0.000173,-0.91935
0.00017302,-0.11793
0.00017304,-0.11935
0.00017306,0.68065
0.00017308,0.68065
0.0001731,0.68065
0.00017312,0.68065
0.00017314,1.4821
0.00017316,1.4821
0.00017318,1.4821
0.0001732,2.2807
0.00017322,1.4821
0.00017324,0.68065
0.00017326,0.68065
0.00017328,0.68207
0.0001733,0.68207
0.00017332,-0.11935
0.00017334,-0.91935
0.00017336,-0.91793
0.00017338,-1.7193
0.0001734,-1.7193
0.00017342,-1.7193
0.00017344,-1.7179
0.00017346,-0.91935
0.00017348,-0.91935
0.0001735,-0.91935
0.00017352,0.68207
0.00017354,-0.11935
0.00017356,0.68065
0.00017358,0.68207
0.0001736,2.2807
0.00017362,1.4807
0.00017364,2.2807
0.00017366,2.2821
0.00017368,2.2807
0.0001737,2.2807
0.00017372,0.68207
0.00017374,0.68207
0.00017376,0.68065
0.00017378,-0.11935
0.0001738,-0.91793
0.00017382,-0.91935
0.00017384,-1.7193
0.00017386,-1.7193
0.00017388,-1.7179
0.0001739,-1.7193
0.00017392,-1.7193
0.00017394,-0.91935
0.00017396,-0.91793
0.00017398,-0.91793
0.000174,-0.11793
0.00017402,0.68065
0.00017404,1.4807
0.00017406,0.68065
0.00017408,1.4821
0.0001741,2.2821
0.00017412,2.2807
0.00017414,1.4821
0.00017416,1.4821
0.00017418,1.4821
0.0001742,0.68065
0.00017422,0.68207
0.00017424,0.68065
0.00017426,-0.11935
0.00017428,-0.91793
0.0001743,-0.91935
0.00017432,-0.91935
0.00017434,-0.91793
0.00017436,-0.91793
0.00017438,-0.91793
0.0001744,-0.91793
0.00017442,-0.91793
0.00017444,-0.91935
0.00017446,-0.91793
0.00017448,-0.11935
0.0001745,-0.11793
0.00017452,-0.11935
0.00017454,0.68065
0.00017456,1.4807
0.00017458,0.68207
0.0001746,0.68065
0.00017462,0.68065
0.00017464,0.68207
0.00017466,0.68065
0.00017468,0.68207
0.0001747,1.4821
0.00017472,0.68207
0.00017474,0.68065
0.00017476,0.68065
0.00017478,0.68065
0.0001748,-0.11793
0.00017482,-0.11793
0.00017484,-0.91935
0.00017486,-0.11793
0.00017488,-1.7193
0.0001749,-1.7179
0.00017492,-0.91935
0.00017494,-0.91793
0.00017496,-0.11935
0.00017498,-0.11793
0.000175,-0.11935
0.00017502,0.68065
0.00017504,0.68065
0.00017506,0.68065
0.00017508,0.68065
0.0001751,0.68065
0.00017512,2.2807
0.00017514,1.4807
0.00017516,2.2807
0.00017518,0.68207
0.0001752,0.68207
0.00017522,0.68207
0.00017524,-0.11935
0.00017526,-0.11793
0.00017528,-0.91935
0.0001753,-0.91935
0.00017532,-0.91793
0.00017534,-0.91793
0.00017536,-1.7193
0.00017538,-1.7193
0.0001754,-0.91935
0.00017542,-0.91793
0.00017544,-0.11793
0.00017546,-0.11935
0.00017548,0.68207
0.0001755,0.68065
0.00017552,0.68065
0.00017554,1.4807
0.00017556,1.4821
0.00017558,2.2807
0.0001756,2.2807
0.00017562,1.4807
0.00017564,1.4807
0.00017566,1.4807
0.00017568,1.4807
0.0001757,0.68065
0.00017572,0.68207
0.00017574,-0.11935
0.00017576,-0.91793
0.00017578,-0.91793
0.0001758,-0.91935
0.00017582,-1.7193
0.00017584,-1.7193
0.00017586,-0.91935
0.00017588,-1.7193
0.0001759,-1.7193
0.00017592,-0.91935
0.00017594,-0.11793
0.00017596,0.68065
0.00017598,0.68207
0.000176,1.4807
0.00017602,1.4807
0.00017604,1.4807
0.00017606,1.4821
0.00017608,2.2807
0.0001761,2.2807
0.00017612,1.4807
0.00017614,0.68065
0.00017616,0.68065
0.00017618,0.68207
0.0001762,-0.11793
0.00017622,-0.91793
0.00017624,-0.91935
0.00017626,-0.11793
0.00017628,-0.91935
0.0001763,-0.91793
0.00017632,-0.91793
0.00017634,-0.91935
0.00017636,-0.91935
0.00017638,-0.91935
0.0001764,-0.11793
0.00017642,-0.11793
0.00017644,0.68207
0.00017646,0.68065
0.00017648,0.68207
0.0001765,0.68207
0.00017652,0.68207
0.00017654,0.68065
0.00017656,1.4807
0.00017658,0.68065
0.0001766,0.68207
0.00017662,0.68065
0.00017664,0.68065
0.00017666,0.68065
0.00017668,0.68207
0.0001767,-0.11935
0.00017672,0.68065
0.00017674,-0.11793
0.00017676,-0.11793
0.00017678,-0.11793
0.0001768,-0.91935
0.00017682,-0.11793
0.00017684,-0.91935
0.00017686,-0.91935
0.00017688,-0.91793
0.0001769,-0.91935
0.00017692,-0.91793
0.00017694,-0.11935
0.00017696,0.68065
0.00017698,0.68065
0.000177,0.68065
0.00017702,0.68207
0.00017704,0.68207
0.00017706,1.4821
0.00017708,0.68065
0.0001771,0.68207
0.00017712,0.68065
0.00017714,0.68207
0.00017716,0.68065
0.00017718,-0.11935
0.0001772,0.68065
0.00017722,-0.91935
0.00017724,-0.91793
0.00017726,-0.91935
0.00017728,-0.91935
0.0001773,-0.91793
0.00017732,-0.91935
0.00017734,-0.91793
0.00017736,-1.7193
0.00017738,-0.91935
0.0001774,-0.11935
0.00017742,-0.11935
0.00017744,0.68207
0.00017746,0.68065
0.00017748,1.4807
0.0001775,1.4821
0.00017752,2.2821
0.00017754,2.2807
0.00017756,2.2807
0.00017758,1.4807
0.0001776,1.4821
0.00017762,0.68207
0.00017764,1.4807
0.00017766,0.68065
0.00017768,-0.11935
0.0001777,-0.91935
0.00017772,-0.91935
0.00017774,-1.7179
0.00017776,-1.7193
0.00017778,-1.7179
0.0001778,-1.7179
0.00017782,-1.7193
0.00017784,-1.7193
0.00017786,-0.91935
0.00017788,-0.91935
0.0001779,0.68065
0.00017792,0.68207
0.00017794,0.68065
0.00017796,1.4807
0.00017798,1.4821
0.000178,1.4821
0.00017802,1.4807
0.00017804,1.4807
0.00017806,0.68207
0.00017808,0.68207
0.0001781,0.68207
0.00017812,0.68065
0.00017814,-0.11793
0.00017816,-0.91935
0.00017818,-0.91793
0.0001782,-0.91793
0.00017822,-0.91793
0.00017824,-0.91793
0.00017826,-1.7193
0.00017828,-1.7193
0.0001783,-0.91935
0.00017832,-0.91793
0.00017834,-0.11793
0.00017836,-0.11935
0.00017838,0.68207
0.0001784,0.68065
0.00017842,-0.11935
0.00017844,0.68065
0.00017846,0.68065
0.00017848,0.68207
0.0001785,0.68065
0.00017852,0.68065
0.00017854,0.68207
0.00017856,1.4807
0.00017858,0.68065
0.0001786,0.68065
0.00017862,0.68065
0.00017864,0.68065
0.00017866,0.68065
0.00017868,-0.11793
0.0001787,0.68065
0.00017872,-0.11935
0.00017874,-0.91935
0.00017876,-0.11793
0.00017878,-0.91793
0.0001788,-0.11935
0.00017882,-0.91793
0.00017884,-0.91793
0.00017886,-0.91793
0.00017888,-0.11935
0.0001789,-0.11935
0.00017892,0.68065
0.00017894,0.68065
0.00017896,0.68065
0.00017898,0.68065
0.000179,0.68065
0.00017902,0.68065
0.00017904,1.4807
0.00017906,0.68207
0.00017908,0.68065
0.0001791,0.68207
0.00017912,0.68065
0.00017914,0.68207
0.00017916,-0.11935
0.00017918,-0.91935
0.0001792,-0.11935
0.00017922,-0.91935
0.00017924,-0.11935
0.00017926,-1.7193
0.00017928,-0.91793
0.0001793,-0.91935
0.00017932,-1.7179
0.00017934,-0.91935
0.00017936,-0.11935
0.00017938,-0.11935
0.0001794,0.68207
0.00017942,0.68207
0.00017944,1.4807
0.00017946,2.2807
0.00017948,1.4807
0.0001795,1.4807
0.00017952,2.2807
0.00017954,1.4807
0.00017956,1.4821
0.00017958,1.4821
0.0001796,0.68207
0.00017962,0.68065
0.00017964,-0.91793
0.00017966,-0.91935
0.00017968,-0.91935
0.0001797,-0.91793
0.00017972,-1.7193
0.00017974,-1.7179
0.00017976,-1.7193
0.00017978,-1.7193
0.0001798,-0.91935
0.00017982,-0.11935
0.00017984,-0.11935
0.00017986,-0.11793
0.00017988,0.68207
0.0001799,0.68065
0.00017992,1.4821
0.00017994,1.4821
0.00017996,1.4807
0.00017998,2.2807
0.00018,1.4807
0.00018002,0.68065
0.00018004,1.4821
0.00018006,0.68065
0.00018008,0.68065
0.0001801,-0.11935
0.00018012,-0.11793
0.00018014,-0.11935
0.00018016,-0.91935
0.00018018,-0.91793
0.0001802,-0.91935
0.00018022,-0.91935
0.00018024,-0.91935
0.00018026,-0.91793
0.00018028,-0.91793
0.0001803,-0.11935
0.00018032,0.68207
0.00018034,0.68065
0.00018036,0.68065
0.00018038,0.68065
0.0001804,0.68065
0.00018042,0.68065
0.00018044,0.68207
0.00018046,0.68065
0.00018048,0.68065
0.0001805,0.68065
0.00018052,0.68207
0.00018054,0.68065
0.00018056,0.68207
0.00018058,-0.11652
0.0001806,0.68207
0.00018062,0.68065
0.00018064,-0.11793
0.00018066,0.68065
0.00018068,-0.11793
0.0001807,-0.11793
0.00018072,-0.11935
0.00018074,-0.11935
0.00018076,-0.11935
0.00018078,-0.91793
0.0001808,-0.11793
0.00018082,-0.91935
0.00018084,-0.11793
0.00018086,0.68207
0.00018088,0.68065
0.0001809,0.68065
0.00018092,0.68065
0.00018094,0.68065
0.00018096,1.4821
0.00018098,0.68065
0.000181,0.68207
0.00018102,0.68207
0.00018104,0.68065
0.00018106,0.68065
0.00018108,-0.11935
0.0001811,-0.91935
0.00018112,-0.11935
0.00018114,-0.91935
0.00018116,-0.11793
0.00018118,-0.91793
0.0001812,-0.91793
0.00018122,-0.91793
0.00018124,-0.91793
0.00018126,-0.91935
0.00018128,-0.91935
0.0001813,-0.11935
0.00018132,-0.11793
0.00018134,-0.11793
0.00018136,-0.11793
0.00018138,0.68207
0.0001814,0.68207
0.00018142,0.68065
0.00018144,1.4807
0.00018146,2.2807
0.00018148,0.68207
0.0001815,2.2807
0.00018152,0.68065
0.00018154,0.68207
0.00018156,1.4821
0.00018158,0.68207
0.0001816,-0.91935
0.00018162,-0.11935
0.00018164,-0.91935
0.00018166,-0.91793
0.00018168,-0.91935
0.0001817,-1.7179
0.00018172,-0.91793
0.00018174,-1.7179
0.00018176,-0.91935
0.00018178,-0.91935
0.0001818,0.68065
0.00018182,-0.11935
0.00018184,0.68207
0.00018186,1.4821
0.00018188,1.4821
0.0001819,1.4807
0.00018192,2.2807
0.00018194,0.68065
0.00018196,1.4821
0.00018198,1.4807
0.000182,0.68207
0.00018202,0.68207
0.00018204,0.68065
0.00018206,-0.11935
0.00018208,-0.91935
0.0001821,-0.91935
0.00018212,-1.7193
0.00018214,-0.91793
0.00018216,-0.91935
0.00018218,-0.11935
0.0001822,-0.91793
0.00018222,-0.91935
0.00018224,-0.11935
0.00018226,0.68065
0.00018228,0.68065
0.0001823,0.68207
0.00018232,1.4821
0.00018234,0.68065
0.00018236,0.68207
0.00018238,0.68207
0.0001824,0.68207
0.00018242,0.68207
0.00018244,0.68065
0.00018246,0.68065
0.00018248,-0.11935
0.0001825,0.68207
0.00018252,0.68065
0.00018254,0.68065
0.00018256,0.68207
0.00018258,-0.91793
0.0001826,-0.11935
0.00018262,0.68065
0.00018264,-0.11652
0.00018266,0.68065
0.00018268,0.68207
0.0001827,-0.11793
0.00018272,0.68065
0.00018274,0.68065
0.00018276,0.68207
0.00018278,0.68207
0.0001828,0.68207
0.00018282,0.68065
0.00018284,0.68207
0.00018286,0.68065
0.00018288,0.68065
0.0001829,0.68065
0.00018292,0.68065
0.00018294,0.68207
0.00018296,0.68207
0.00018298,0.68207
0.000183,0.68065
0.00018302,0.68207
0.00018304,0.68065
0.00018306,-0.11935
0.00018308,-0.11652
0.0001831,-0.91793
0.00018312,-0.11935
0.00018314,0.68207
0.00018316,-0.91793
0.00018318,-0.91793
0.0001832,-0.11935
0.00018322,-0.91935
0.00018324,-0.91935
0.00018326,0.68065
0.00018328,-0.11793
0.0001833,0.68065
0.00018332,0.68065
0.00018334,0.68207
0.00018336,0.68207
0.00018338,1.4807
0.0001834,2.2807
0.00018342,1.4807
0.00018344,1.4807
0.00018346,1.4821
0.00018348,0.68207
0.0001835,0.68207
0.00018352,0.68207
0.00018354,-0.11935
0.00018356,-0.11935
0.00018358,-0.11935
0.0001836,-0.91935
0.00018362,-0.91793
0.00018364,-0.91793
0.00018366,-0.91935
0.00018368,-0.91935
0.0001837,-0.91935
0.00018372,-0.91935
0.00018374,-0.91793
0.00018376,0.68065
0.00018378,-0.11935
0.0001838,0.68065
0.00018382,1.4821
0.00018384,1.4807
0.00018386,1.4807
0.00018388,2.2821
0.0001839,0.68065
0.00018392,1.4807
0.00018394,1.4807
0.00018396,0.68065
0.00018398,0.68065
0.000184,-0.11935
0.00018402,-0.11793
0.00018404,-0.91935
0.00018406,-0.91793
0.00018408,-0.91935
0.0001841,-0.91935
0.00018412,-0.91793
0.00018414,-0.91793
0.00018416,-0.11793
0.00018418,-0.91935
0.0001842,0.68207
0.00018422,0.68065
0.00018424,0.68207
0.00018426,0.68207
0.00018428,0.68065
0.0001843,0.68065
0.00018432,0.68065
0.00018434,0.68207
0.00018436,0.68065
0.00018438,0.68348
0.0001844,-0.11793
0.00018442,-0.11935
0.00018444,0.68207
0.00018446,0.68065
0.00018448,-0.11935
0.0001845,-0.11935
0.00018452,-0.91935
0.00018454,-0.91935
0.00018456,-0.11793
0.00018458,0.68207
0.0001846,0.68207
0.00018462,0.68065
0.00018464,-0.11793
0.00018466,0.68207
0.00018468,0.68065
0.0001847,0.68207
0.00018472,-0.11935
0.00018474,0.68065
0.00018476,0.68207
0.00018478,0.68065
0.0001848,-0.11793
0.00018482,0.68065
0.00018484,0.68065
0.00018486,0.68207
0.00018488,0.68207
0.0001849,0.68207
0.00018492,0.68207
0.00018494,0.68207
0.00018496,0.68207
0.00018498,0.68207
0.000185,0.68207
0.00018502,0.68207
0.00018504,0.68207
0.00018506,0.68207
0.00018508,0.68207
0.0001851,0.68207
0.00018512,0.68207
0.00018514,0.68207
0.00018516,0.68207
0.00018518,0.68207
0.0001852,0.68207
0.00018522,0.68207
