7.5889e-13,41.412
2.0001e-08,43.812
4e-08,44.593
6e-08,42.993
8e-08,44.612
1e-07,42.993
1.2e-07,42.193
1.4e-07,40.612
1.6e-07,37.412
1.8e-07,34.993
2e-07,33.412
2.2e-07,31.793
2.4e-07,30.193
2.6e-07,30.212
2.8e-07,28.593
3e-07,28.593
3.2e-07,28.612
3.4e-07,26.993
3.6e-07,31.012
3.8e-07,33.393
4e-07,36.593
4.2e-07,40.593
4.4e-07,42.193
4.6e-07,42.993
4.8e-07,44.612
5e-07,44.593
5.2e-07,44.593
5.4e-07,44.593
5.6e-07,43.793
5.8e-07,43.812
6e-07,44.593
6.2e-07,42.993
6.4e-07,43.012
6.6e-07,43.012
6.8e-07,42.993
7e-07,43.012
7.2e-07,42.993
7.4e-07,43.012
7.6e-07,42.974
7.8e-07,43.012
8e-07,43.012
8.2e-07,42.212
8.4e-07,43.012
8.6e-07,43.012
8.8e-07,42.993
9e-07,42.193
9.2e-07,42.212
9.4e-07,42.993
9.6e-07,42.193
9.8e-07,42.193
1e-06,42.993
1.02e-06,42.212
1.04e-06,42.212
1.06e-06,42.974
1.08e-06,42.193
1.1e-06,42.193
1.12e-06,42.212
1.14e-06,42.193
1.16e-06,42.193
1.18e-06,42.212
1.2e-06,41.393
1.22e-06,42.193
1.24e-06,42.212
1.26e-06,42.212
1.28e-06,42.212
1.3e-06,41.412
1.32e-06,41.412
1.34e-06,41.412
1.36e-06,41.374
1.38e-06,42.193
1.4e-06,42.193
1.42e-06,41.393
1.44e-06,41.412
1.46e-06,41.412
1.48e-06,41.393
1.5e-06,41.412
1.52e-06,41.393
1.54e-06,41.412
1.56e-06,41.393
1.58e-06,41.374
1.6e-06,41.412
1.62e-06,41.393
1.64e-06,41.393
1.66e-06,41.393
1.68e-06,41.412
1.7e-06,41.393
1.72e-06,41.412
1.74e-06,40.612
1.76e-06,41.393
1.78e-06,40.612
1.8e-06,41.412
1.82e-06,40.593
1.84e-06,41.393
1.86e-06,40.593
1.88e-06,41.393
1.9e-06,40.612
1.92e-06,41.374
1.94e-06,41.374
1.96e-06,41.393
1.98e-06,41.393
2e-06,40.612
2.02e-06,40.612
2.04e-06,41.412
2.06e-06,40.574
2.08e-06,40.593
2.1e-06,40.612
2.12e-06,40.593
2.14e-06,40.593
2.16e-06,40.612
2.18e-06,40.612
2.2e-06,41.393
2.22e-06,40.612
2.24e-06,39.793
2.26e-06,40.593
2.28e-06,39.793
2.3e-06,40.612
2.32e-06,39.793
2.34e-06,40.593
2.36e-06,39.793
2.38e-06,39.793
2.4e-06,40.612
2.42e-06,40.612
2.44e-06,39.812
2.46e-06,39.812
2.48e-06,39.793
2.5e-06,39.812
2.52e-06,39.793
2.54e-06,40.612
2.56e-06,39.812
2.58e-06,39.793
2.6e-06,40.612
2.62e-06,39.793
2.64e-06,39.793
2.66e-06,39.812
2.68e-06,39.812
2.7e-06,39.812
2.72e-06,39.812
2.74e-06,39.812
2.76e-06,39.793
2.78e-06,39.793
2.8e-06,39.793
2.82e-06,39.793
2.84e-06,39.793
2.86e-06,39.812
2.88e-06,39.774
2.9e-06,39.793
2.92e-06,39.793
2.94e-06,39.793
2.96e-06,39.812
2.98e-06,39.793
3e-06,39.793
3.02e-06,39.812
3.04e-06,38.993
3.06e-06,39.812
3.08e-06,40.612
3.1e-06,41.412
3.12e-06,40.612
3.14e-06,27.012
3.16e-06,10.993
3.18e-06,3.793
3.2e-06,7.793
3.22e-06,8.593
3.24e-06,16.593
3.26e-06,33.412
3.28e-06,41.412
3.3e-06,43.812
3.32e-06,42.212
3.34e-06,43.012
3.36e-06,43.793
3.38e-06,43.793
3.4e-06,41.393
3.42e-06,39.793
3.44e-06,39.812
3.46e-06,43.812
3.48e-06,31.812
3.5e-06,6.2116
3.52e-06,-5.7884
3.54e-06,-13.807
3.56e-06,-15.426
3.58e-06,-20.207
3.6e-06,-18.607
3.62e-06,-10.607
3.64e-06,-2.5884
3.66e-06,2.993
3.68e-06,8.593
3.7e-06,15.793
3.72e-06,20.593
3.74e-06,23.012
3.76e-06,27.812
3.78e-06,26.193
3.8e-06,20.593
3.82e-06,14.993
3.84e-06,12.612
3.86e-06,7.0116
3.88e-06,0.59304
3.9e-06,-2.5884
3.92e-06,-5.807
3.94e-06,-12.188
3.96e-06,-12.207
3.98e-06,-10.588
4e-06,-8.9884
4.02e-06,-8.207
4.04e-06,-5.807
4.06e-06,-1.807
4.08e-06,0.61163
4.1e-06,3.8116
4.12e-06,7.793
4.14e-06,8.6116
4.16e-06,6.2116
4.18e-06,6.2116
4.2e-06,5.393
4.22e-06,3.8116
4.24e-06,0.61163
4.26e-06,-1.7884
4.28e-06,-4.207
4.3e-06,-10.588
4.32e-06,-13.007
4.34e-06,-13.007
4.36e-06,-13.788
4.38e-06,-14.607
4.4e-06,-14.588
4.42e-06,-10.588
4.44e-06,-7.407
4.46e-06,-0.98837
4.48e-06,3.8116
4.5e-06,7.793
4.52e-06,9.393
4.54e-06,11.793
4.56e-06,13.393
4.58e-06,13.393
4.6e-06,11.012
4.62e-06,7.793
4.64e-06,3.0116
4.66e-06,-3.3884
4.68e-06,-7.407
4.7e-06,-10.607
4.72e-06,-14.607
4.74e-06,-18.588
4.76e-06,-20.207
4.78e-06,-20.207
4.8e-06,-19.407
4.82e-06,-17.007
4.84e-06,-12.988
4.86e-06,-9.807
4.88e-06,-5.8256
4.9e-06,-2.607
4.92e-06,1.4116
4.94e-06,3.0116
4.96e-06,3.8116
4.98e-06,6.193
5e-06,6.993
5.02e-06,4.593
5.04e-06,3.793
5.06e-06,2.993
5.08e-06,0.61163
5.1e-06,-1.807
5.12e-06,-2.5884
5.14e-06,-5.807
5.16e-06,-9.7884
5.18e-06,-12.207
5.2e-06,-13.007
5.22e-06,-12.988
5.24e-06,-12.188
5.26e-06,-10.607
5.28e-06,-9.007
5.3e-06,-9.007
5.32e-06,-5.807
5.34e-06,-2.5884
5.36e-06,-0.20696
5.38e-06,0.59304
5.4e-06,0.61163
5.42e-06,-2.607
5.44e-06,-4.9884
5.46e-06,-5.7884
5.48e-06,-6.607
5.5e-06,-9.007
5.52e-06,-12.188
5.54e-06,-13.826
5.56e-06,-13.007
5.58e-06,-12.188
5.6e-06,-9.007
5.62e-06,-5.807
5.64e-06,-4.9884
5.66e-06,-4.207
5.68e-06,-2.607
5.7e-06,0.61163
5.72e-06,2.993
5.74e-06,3.793
5.76e-06,3.8116
5.78e-06,2.193
5.8e-06,0.61163
5.82e-06,-0.98837
5.84e-06,-1.007
5.86e-06,-1.7884
5.88e-06,-4.207
5.9e-06,-5.807
5.92e-06,-8.207
5.94e-06,-9.007
5.96e-06,-9.007
5.98e-06,-8.9884
6e-06,-9.7884
6.02e-06,-10.607
6.04e-06,-10.588
6.06e-06,-8.9884
6.08e-06,-8.1884
6.1e-06,-6.5884
6.12e-06,-5.7884
6.14e-06,-5.807
6.16e-06,-5.8256
6.18e-06,-4.207
6.2e-06,-3.3884
6.22e-06,-2.607
6.24e-06,-4.1884
6.26e-06,-4.9884
6.28e-06,-7.4256
6.3e-06,-9.007
6.32e-06,-8.9884
6.34e-06,-8.9884
6.36e-06,-9.807
6.38e-06,-9.807
6.4e-06,-9.007
6.42e-06,-7.3884
6.44e-06,-4.1884
6.46e-06,-0.20696
6.48e-06,2.993
6.5e-06,3.793
6.52e-06,4.6116
6.54e-06,6.1744
6.56e-06,6.193
6.58e-06,5.393
6.6e-06,3.793
6.62e-06,-0.20696
6.64e-06,-4.207
6.66e-06,-8.207
6.68e-06,-11.407
6.7e-06,-13.807
6.72e-06,-16.988
6.74e-06,-19.388
6.76e-06,-21.007
6.78e-06,-20.988
6.8e-06,-18.588
6.82e-06,-15.407
6.84e-06,-12.207
6.86e-06,-10.588
6.88e-06,-7.407
6.9e-06,-3.407
6.92e-06,0.61163
6.94e-06,2.993
6.96e-06,3.8116
6.98e-06,4.593
7e-06,3.793
7.02e-06,3.8116
7.04e-06,2.2116
7.06e-06,1.4116
7.08e-06,-1.7884
7.1e-06,-4.2256
7.12e-06,-7.3884
7.14e-06,-9.7884
7.16e-06,-11.407
7.18e-06,-12.579
7.2e-06,-13.044
7.22e-06,-12.988
7.24e-06,-13.007
7.26e-06,-11.407
7.28e-06,-9.0251
7.3e-06,-6.6623
7.32e-06,-5.0623
7.34e-06,-3.4623
7.36e-06,-2.6623
7.38e-06,-2.6437
7.4e-06,-1.8437
7.42e-06,-1.8437
7.44e-06,-3.4251
7.46e-06,-4.2251
7.48e-06,-6.6065
7.5e-06,-8.2065
7.52e-06,-9.7879
7.54e-06,-9.8065
7.56e-06,-11.425
7.58e-06,-12.207
7.6e-06,-9.5471
7.62e-06,-9.6029
7.64e-06,-7.9657
7.66e-06,-7.1843
7.68e-06,-4.7657
7.7e-06,-4.0029
7.72e-06,-2.4215
7.74e-06,-1.6773
7.76e-06,0.66695
7.78e-06,1.4112
7.8e-06,2.1554
7.82e-06,1.3368
7.84e-06,0.5182
7.86e-06,-0.33758
7.88e-06,-1.1376
7.9e-06,-1.9562
7.92e-06,-3.5562
7.94e-06,-5.1376
7.96e-06,-6.6632
7.98e-06,-8.2074
8e-06,-8.1145
8.02e-06,-8.0401
8.04e-06,-7.9843
8.06e-06,-6.4215
8.08e-06,-6.3657
8.1e-06,-4.7657
8.12e-06,-3.9657
8.14e-06,-3.9657
8.16e-06,-3.1657
8.18e-06,-3.2029
8.2e-06,-3.2029
8.22e-06,-4.8029
8.24e-06,-5.6029
8.26e-06,-7.2029
8.28e-06,-8.7843
8.3e-06,-9.6029
8.32e-06,-10.421
8.34e-06,-10.403
8.36e-06,-10.421
8.38e-06,-8.8029
8.4e-06,-7.2215
8.42e-06,-4.8029
8.44e-06,-1.6215
8.46e-06,0.79711
8.48e-06,3.1971
8.5e-06,4.7785
8.52e-06,5.5785
8.54e-06,6.3785
8.56e-06,4.7785
8.58e-06,3.9785
8.6e-06,1.5785
8.62e-06,-2.4215
8.64e-06,-6.4401
8.66e-06,-8.8215
8.68e-06,-12.04
8.7e-06,-14.421
8.72e-06,-16.04
8.74e-06,-16.821
8.76e-06,-16.821
8.78e-06,-15.24
8.8e-06,-12.84
8.82e-06,-9.6401
8.84e-06,-7.2401
8.86e-06,-4.0401
8.88e-06,-1.6215
8.9e-06,1.5599
8.92e-06,3.9599
8.94e-06,4.7599
8.96e-06,4.7599
8.98e-06,4.7599
9e-06,4.7599
9.02e-06,3.1599
9.04e-06,1.5599
9.06e-06,-0.040082
9.08e-06,-3.2401
9.1e-06,-6.4401
9.12e-06,-8.0401
9.14e-06,-9.6401
9.16e-06,-10.44
9.18e-06,-10.44
9.2e-06,-10.44
9.22e-06,-9.6401
9.24e-06,-8.8401
9.26e-06,-6.4401
9.28e-06,-4.8401
9.3e-06,-1.6587
9.32e-06,-0.84008
9.34e-06,-0.058676
9.36e-06,-0.058676
9.38e-06,0.74132
9.4e-06,-0.040082
9.42e-06,-0.85868
9.44e-06,-2.4401
9.46e-06,-4.8401
9.48e-06,-6.4587
9.5e-06,-8.0401
9.52e-06,-8.8401
9.54e-06,-9.6587
9.56e-06,-10.44
9.58e-06,-10.44
9.6e-06,-9.6587
9.62e-06,-8.8587
9.64e-06,-6.4401
9.66e-06,-4.8587
9.68e-06,-3.2587
9.7e-06,-2.4587
9.72e-06,-0.85868
9.74e-06,-0.058676
9.76e-06,0.72273
9.78e-06,0.74132
9.8e-06,-0.07727
9.82e-06,-0.87727
9.84e-06,-1.6773
9.86e-06,-3.2773
9.88e-06,-4.8587
9.9e-06,-4.8587
9.92e-06,-6.4959
9.94e-06,-8.0587
9.96e-06,-8.8773
9.98e-06,-8.8773
1e-05,-8.0587
1.002e-05,-8.0773
1.004e-05,-8.0773
1.006e-05,-6.4773
1.008e-05,-4.8773
1.01e-05,-4.0773
1.012e-05,-3.2773
1.014e-05,-2.4773
1.016e-05,-1.6773
1.018e-05,-1.6959
1.02e-05,-1.6773
1.022e-05,-4.0959
1.024e-05,-4.8587
1.026e-05,-6.4959
1.028e-05,-8.0773
1.03e-05,-8.8773
1.032e-05,-8.8773
1.034e-05,-9.6773
1.036e-05,-8.8773
1.038e-05,-8.0773
1.04e-05,-4.8773
1.042e-05,-1.6959
1.044e-05,-0.07727
1.046e-05,2.3227
1.048e-05,3.9227
1.05e-05,4.7227
1.052e-05,4.7227
1.054e-05,4.7041
1.056e-05,3.1041
1.058e-05,-0.095864
1.06e-05,-1.6773
1.062e-05,-6.4773
1.064e-05,-9.6773
1.066e-05,-12.114
1.068e-05,-14.477
1.07e-05,-15.259
1.072e-05,-16.021
1.074e-05,-15.203
1.076e-05,-14.403
1.078e-05,-11.184
1.08e-05,-8.7843
1.082e-05,-5.6029
1.084e-05,-3.2401
1.086e-05,-0.91446
1.088e-05,1.4484
1.09e-05,3.7926
1.092e-05,4.5368
1.094e-05,4.4996
1.096e-05,4.481
1.098e-05,3.6624
1.1e-05,2.2855
1.102e-05,1.374
1.104e-05,-2.5884
1.106e-05,-4.5045
1.108e-05,-6.9974
1.11e-05,-9.4346
1.112e-05,-10.235
1.114e-05,-11.742
1.116e-05,-10.774
1.118e-05,-10.514
1.12e-05,-9.4909
1.122e-05,-8.4863
1.124e-05,-7.5562
1.126e-05,-5.1004
1.128e-05,-1.826
1.13e-05,-0.98883
1.132e-05,-0.18883
1.134e-05,-0.26321
1.136e-05,0.40663
1.138e-05,-0.50493
1.14e-05,-1.4351
1.142e-05,-3.1095
1.144e-05,-4.7467
1.146e-05,-7.2024
1.148e-05,-8.914
1.15e-05,-9.7326
1.152e-05,-9.7512
1.154e-05,-9.7512
1.156e-05,-9.7512
1.158e-05,-8.9884
1.16e-05,-8.207
1.162e-05,-5.8813
1.164e-05,-4.2999
1.166e-05,-2.6999
1.168e-05,-1.9185
1.17e-05,-1.1371
1.172e-05,0.4071
1.174e-05,0.4071
1.176e-05,0.46288
1.178e-05,-0.29993
1.18e-05,-1.8442
1.182e-05,-2.607
1.184e-05,-4.1698
1.186e-05,-5.714
1.188e-05,-5.6954
1.19e-05,-8.0582
1.192e-05,-8.8396
1.194e-05,-9.6582
1.196e-05,-8.8954
1.198e-05,-8.914
1.2e-05,-7.3512
1.202e-05,-7.407
1.204e-05,-5.8442
1.206e-05,-5.1185
1.208e-05,-4.3929
1.21e-05,-3.6115
1.212e-05,-2.8487
1.214e-05,-2.8487
1.216e-05,-2.8115
1.218e-05,-2.8115
1.22e-05,-4.3743
1.222e-05,-5.1371
1.224e-05,-5.8813
1.226e-05,-8.2627
1.228e-05,-8.9884
1.23e-05,-8.9512
1.232e-05,-8.9512
1.234e-05,-8.1512
1.236e-05,-7.3512
1.238e-05,-5.7698
1.24e-05,-2.5884
1.242e-05,-1.007
1.244e-05,1.3373
1.246e-05,2.8815
1.248e-05,3.6629
1.25e-05,3.6629
1.252e-05,3.6257
1.254e-05,1.1885
1.256e-05,0.3885
1.258e-05,-2.8115
1.26e-05,-6.8115
1.262e-05,-9.1743
1.264e-05,-11.574
1.266e-05,-13.137
1.268e-05,-13.937
1.27e-05,-14.737
1.272e-05,-14.7
1.274e-05,-13.063
1.276e-05,-11.444
1.278e-05,-9.0256
1.28e-05,-6.6442
1.282e-05,-4.2442
1.284e-05,-2.6442
1.286e-05,-0.22556
1.288e-05,1.4116
1.29e-05,2.1744
1.292e-05,3.7558
1.294e-05,2.9373
1.296e-05,2.1187
1.298e-05,1.3001
1.3e-05,-1.0999
1.302e-05,-2.7557
1.304e-05,-4.4115
1.306e-05,-6.0487
1.308e-05,-8.4859
1.31e-05,-10.086
1.312e-05,-10.049
1.314e-05,-10.049
1.316e-05,-9.2487
1.318e-05,-9.2301
1.32e-05,-8.3929
1.322e-05,-5.9371
1.324e-05,-4.2813
1.326e-05,-2.6627
1.328e-05,-1.8442
1.33e-05,-1.0442
1.332e-05,-1.0442
1.334e-05,-1.0256
1.336e-05,-1.0256
1.338e-05,-2.6627
1.34e-05,-4.2627
1.342e-05,-5.8999
1.344e-05,-7.5185
1.346e-05,-9.1185
1.348e-05,-9.1371
1.35e-05,-9.9557
1.352e-05,-9.9743
1.354e-05,-9.2115
1.356e-05,-9.2115
1.358e-05,-7.6301
1.36e-05,-6.0115
1.362e-05,-4.4301
1.364e-05,-2.8301
1.366e-05,-1.2487
1.368e-05,-1.2115
1.37e-05,0.3885
1.372e-05,0.42569
1.374e-05,0.44428
1.376e-05,-0.33712
1.378e-05,-1.1185
1.38e-05,-2.6813
1.382e-05,-4.2627
1.384e-05,-5.0442
1.386e-05,-5.8442
1.388e-05,-7.4256
1.39e-05,-9.0442
1.392e-05,-9.0442
1.394e-05,-9.0627
1.396e-05,-9.0627
1.398e-05,-8.2813
1.4e-05,-6.6999
1.402e-05,-5.9371
1.404e-05,-4.3743
1.406e-05,-4.3743
1.408e-05,-2.7929
1.41e-05,-2.8115
1.412e-05,-2.8115
1.414e-05,-2.8115
1.416e-05,-3.6115
1.418e-05,-3.5929
1.42e-05,-5.1743
1.422e-05,-5.9557
1.424e-05,-7.5371
1.426e-05,-8.3371
1.428e-05,-8.3371
1.43e-05,-8.2999
1.432e-05,-8.2813
1.434e-05,-7.4813
1.436e-05,-5.0813
1.438e-05,-2.6813
1.44e-05,-1.0813
1.442e-05,0.50007
1.444e-05,2.1001
1.446e-05,2.1001
1.448e-05,2.8815
1.45e-05,2.0629
1.452e-05,1.2629
1.454e-05,-1.1371
1.456e-05,-3.5557
1.458e-05,-5.9743
1.46e-05,-9.1557
1.462e-05,-9.9743
1.464e-05,-12.393
1.466e-05,-12.393
1.468e-05,-13.174
1.47e-05,-13.174
1.472e-05,-12.374
1.474e-05,-10.756
1.476e-05,-8.3371
1.478e-05,-5.9371
1.48e-05,-3.5371
1.482e-05,-2.7185
1.484e-05,-1.0999
1.486e-05,0.50007
1.488e-05,2.1001
1.49e-05,2.1001
1.492e-05,2.0815
1.494e-05,0.48147
1.496e-05,0.46288
1.498e-05,-1.1371
1.5e-05,-2.7371
1.502e-05,-4.3371
1.504e-05,-5.9743
1.506e-05,-7.5743
1.508e-05,-9.2115
1.51e-05,-9.1929
1.512e-05,-9.1929
1.514e-05,-9.1929
1.516e-05,-8.3743
1.518e-05,-7.5743
1.52e-05,-5.9557
1.522e-05,-4.3557
1.524e-05,-2.7185
1.526e-05,-1.9185
1.528e-05,-1.0999
1.53e-05,-1.0999
1.532e-05,-1.0813
1.534e-05,-1.8999
1.536e-05,-2.6813
1.538e-05,-3.4813
1.54e-05,-5.0813
1.542e-05,-7.4999
1.544e-05,-8.2999
1.546e-05,-8.3185
1.548e-05,-9.1371
1.55e-05,-9.1371
1.552e-05,-9.1371
1.554e-05,-8.3743
1.556e-05,-7.5929
1.558e-05,-5.9929
1.56e-05,-4.4115
1.562e-05,-2.7929
1.564e-05,-1.9929
1.566e-05,-1.2115
1.568e-05,-0.37431
1.57e-05,0.42569
1.572e-05,0.42569
1.574e-05,0.44428
1.576e-05,-1.9371
1.578e-05,-2.7371
1.58e-05,-3.5185
1.582e-05,-5.1185
1.584e-05,-5.9185
1.586e-05,-6.7185
1.588e-05,-7.5185
1.59e-05,-8.3185
1.592e-05,-8.3185
1.594e-05,-7.5371
1.596e-05,-7.5371
1.598e-05,-5.9185
1.6e-05,-5.9371
1.602e-05,-4.3743
1.604e-05,-3.5743
1.606e-05,-2.7743
1.608e-05,-2.7743
1.61e-05,-2.7743
1.612e-05,-2.7743
1.614e-05,-2.7743
1.616e-05,-3.5929
1.618e-05,-4.3929
1.62e-05,-5.1743
1.622e-05,-5.9371
1.624e-05,-7.5371
1.626e-05,-7.5371
1.628e-05,-7.5185
1.63e-05,-7.5185
1.632e-05,-5.9185
1.634e-05,-5.0999
1.636e-05,-3.5185
1.638e-05,-1.8999
1.64e-05,0.48147
1.642e-05,1.2815
1.644e-05,2.0815
1.646e-05,2.0629
1.648e-05,1.2815
1.65e-05,0.48147
1.652e-05,-1.1371
1.654e-05,-3.5371
1.656e-05,-5.9557
1.658e-05,-7.5743
1.66e-05,-9.1557
1.662e-05,-10.756
1.664e-05,-11.537
1.666e-05,-10.756
1.668e-05,-11.574
1.67e-05,-10.756
1.672e-05,-9.1557
1.674e-05,-7.5371
1.676e-05,-5.1371
1.678e-05,-3.5185
1.68e-05,-2.7371
1.682e-05,-1.1185
1.684e-05,0.48147
1.686e-05,1.3001
1.688e-05,2.1001
1.69e-05,1.2815
1.692e-05,1.2815
1.694e-05,0.48147
1.696e-05,-1.1185
1.698e-05,-1.8999
1.7e-05,-3.4999
1.702e-05,-5.1371
1.704e-05,-5.9185
1.706e-05,-8.3371
1.708e-05,-9.1371
1.71e-05,-8.3371
1.712e-05,-8.3371
1.714e-05,-7.5557
1.716e-05,-7.5371
1.718e-05,-5.9371
1.72e-05,-4.3557
1.722e-05,-3.5371
1.724e-05,-1.9371
1.726e-05,-1.1371
1.728e-05,-1.1371
1.73e-05,-1.1371
1.732e-05,-1.9371
1.734e-05,-2.7371
1.736e-05,-2.7371
1.738e-05,-4.3185
1.74e-05,-5.9185
1.742e-05,-5.9371
1.744e-05,-7.5371
1.746e-05,-8.2999
1.748e-05,-7.5185
1.75e-05,-7.5371
1.752e-05,-7.4999
1.754e-05,-5.9371
1.756e-05,-5.1371
1.758e-05,-4.3371
1.76e-05,-2.7371
1.762e-05,-1.1185
1.764e-05,-0.33712
1.766e-05,-1.1371
1.768e-05,-0.33712
1.77e-05,-0.33712
1.772e-05,0.46288
1.774e-05,-1.9371
1.776e-05,-2.7371
1.778e-05,-3.5371
1.78e-05,-5.1371
1.782e-05,-5.9371
1.784e-05,-5.9371
1.786e-05,-7.5371
1.788e-05,-7.5371
1.79e-05,-7.5371
1.792e-05,-7.5371
1.794e-05,-6.7185
1.796e-05,-5.9185
1.798e-05,-4.3371
1.8e-05,-3.5185
1.802e-05,-3.5371
1.804e-05,-2.7371
1.806e-05,-2.7371
1.808e-05,-1.9371
1.81e-05,-2.7185
1.812e-05,-2.7185
1.814e-05,-2.7371
1.816e-05,-4.3371
1.818e-05,-5.9185
1.82e-05,-5.9371
1.822e-05,-6.7371
1.824e-05,-7.5185
1.826e-05,-7.5371
1.828e-05,-6.7371
1.83e-05,-5.9371
1.832e-05,-5.1371
1.834e-05,-3.5371
1.836e-05,-1.9371
1.838e-05,0.46288
1.84e-05,0.46288
1.842e-05,1.2629
1.844e-05,1.2629
1.846e-05,0.48147
1.848e-05,0.48147
1.85e-05,-1.1371
1.852e-05,-2.7371
1.854e-05,-4.3371
1.856e-05,-5.9371
1.858e-05,-7.5371
1.86e-05,-9.1371
1.862e-05,-9.9185
1.864e-05,-9.9371
1.866e-05,-9.9371
1.868e-05,-9.9371
1.87e-05,-9.1371
1.872e-05,-7.5371
1.874e-05,-5.1371
1.876e-05,-3.5371
1.878e-05,-2.7371
1.88e-05,-1.9371
1.882e-05,-1.1371
1.884e-05,0.46288
1.886e-05,0.46288
1.888e-05,1.2629
1.89e-05,0.46288
1.892e-05,-0.33712
1.894e-05,-1.9371
1.896e-05,-2.7185
1.898e-05,-2.7371
1.9e-05,-4.3371
1.902e-05,-5.9371
1.904e-05,-6.7185
1.906e-05,-7.5371
1.908e-05,-7.5371
1.91e-05,-7.5371
1.912e-05,-6.7371
1.914e-05,-5.9371
1.916e-05,-5.9371
1.918e-05,-5.1371
1.92e-05,-2.7371
1.922e-05,-1.9185
1.924e-05,-1.1371
1.926e-05,-1.9371
1.928e-05,-1.1371
1.93e-05,-1.9371
1.932e-05,-1.9371
1.934e-05,-2.7371
1.936e-05,-4.3371
1.938e-05,-5.1371
1.94e-05,-5.9371
1.942e-05,-7.5185
1.944e-05,-7.5371
1.946e-05,-7.5371
1.948e-05,-7.5185
1.95e-05,-5.9185
1.952e-05,-5.9371
1.954e-05,-5.1371
1.956e-05,-4.3371
1.958e-05,-2.7371
1.96e-05,-1.9185
1.962e-05,-1.1185
1.964e-05,-1.1371
1.966e-05,-0.33712
1.968e-05,-1.1371
1.97e-05,-1.1371
1.972e-05,-1.9371
1.974e-05,-2.7185
1.976e-05,-3.5371
1.978e-05,-4.3371
1.98e-05,-5.1371
1.982e-05,-5.9371
1.984e-05,-5.9371
1.986e-05,-6.7371
1.988e-05,-6.7371
1.99e-05,-5.9371
1.992e-05,-5.9185
1.994e-05,-5.1371
1.996e-05,-4.3185
1.998e-05,-4.3185
2e-05,-2.7185
2.002e-05,-2.7185
2.004e-05,-1.9185
2.006e-05,-2.7185
2.008e-05,-2.7371
2.01e-05,-2.7185
2.012e-05,-2.7185
2.014e-05,-4.3185
2.016e-05,-4.3185
2.018e-05,-5.9371
2.02e-05,-5.9185
2.022e-05,-6.7371
2.024e-05,-7.5185
2.026e-05,-5.8999
2.028e-05,-5.9185
2.03e-05,-5.1371
2.032e-05,-3.5185
2.034e-05,-2.7185
2.036e-05,-1.1371
2.038e-05,0.48147
2.04e-05,0.48147
2.042e-05,0.48147
2.044e-05,0.48147
2.046e-05,0.48147
2.048e-05,-1.1185
2.05e-05,-2.7185
2.052e-05,-3.5185
2.054e-05,-5.9185
2.056e-05,-6.7185
2.058e-05,-8.3185
2.06e-05,-9.1185
2.062e-05,-9.1371
2.064e-05,-9.1185
2.066e-05,-9.1185
2.068e-05,-8.2999
2.07e-05,-6.7371
2.072e-05,-5.1371
2.074e-05,-4.3371
2.076e-05,-2.7371
2.078e-05,-1.9185
2.08e-05,-1.1185
2.082e-05,-1.1185
2.084e-05,0.46288
2.086e-05,0.48147
2.088e-05,0.46288
2.09e-05,-1.1185
2.092e-05,-1.0999
2.094e-05,-1.8999
2.096e-05,-2.7185
2.098e-05,-3.5185
2.1e-05,-5.1185
2.102e-05,-5.9185
2.104e-05,-5.9185
2.106e-05,-6.7185
2.108e-05,-5.9371
2.11e-05,-5.9371
2.112e-05,-5.1371
2.114e-05,-5.1185
2.116e-05,-4.3185
2.118e-05,-2.7185
2.12e-05,-2.6999
2.122e-05,-1.9185
2.124e-05,-1.9371
2.126e-05,-1.0999
2.128e-05,-1.9185
2.13e-05,-2.7185
2.132e-05,-2.7185
2.134e-05,-3.5185
2.136e-05,-4.2999
2.138e-05,-5.1185
2.14e-05,-5.9185
2.142e-05,-6.6999
2.144e-05,-6.6999
2.146e-05,-5.8999
2.148e-05,-5.9185
2.15e-05,-5.9185
2.152e-05,-5.0999
2.154e-05,-3.5185
2.156e-05,-2.6999
2.158e-05,-1.8999
2.16e-05,-1.1185
2.162e-05,-1.1185
2.164e-05,-0.31853
2.166e-05,-0.29993
2.168e-05,-1.1185
2.17e-05,-1.0999
2.172e-05,-1.9371
2.174e-05,-3.5371
2.176e-05,-3.4999
2.178e-05,-4.3185
2.18e-05,-5.9185
2.182e-05,-5.9185
2.184e-05,-5.9371
2.186e-05,-5.8999
2.188e-05,-5.9185
2.19e-05,-5.8999
2.192e-05,-5.0999
2.194e-05,-4.2999
2.196e-05,-3.5185
2.198e-05,-3.4999
2.2e-05,-2.6999
2.202e-05,-2.7185
2.204e-05,-1.9371
2.206e-05,-1.8999
2.208e-05,-2.6999
2.21e-05,-2.7185
2.212e-05,-2.6999
2.214e-05,-4.3185
2.216e-05,-5.1185
2.218e-05,-5.1185
2.22e-05,-5.9185
2.222e-05,-5.9185
2.224e-05,-5.9185
2.226e-05,-5.9185
2.228e-05,-5.1185
2.23e-05,-3.5371
2.232e-05,-2.7371
2.234e-05,-1.1185
2.236e-05,-0.31853
2.238e-05,0.48147
2.24e-05,0.50007
2.242e-05,0.48147
2.244e-05,-0.31853
2.246e-05,-1.1185
2.248e-05,-1.9185
2.25e-05,-3.4999
2.252e-05,-4.2999
2.254e-05,-5.8999
2.256e-05,-6.7185
2.258e-05,-7.4999
2.26e-05,-8.3185
2.262e-05,-8.3185
2.264e-05,-7.4999
2.266e-05,-7.5185
2.268e-05,-5.8999
2.27e-05,-5.0999
2.272e-05,-3.4999
2.274e-05,-2.6999
2.276e-05,-2.7185
2.278e-05,-1.8999
2.28e-05,-1.0999
2.282e-05,-0.29993
2.284e-05,-0.31853
2.286e-05,-0.29993
2.288e-05,-1.0999
2.29e-05,-1.0999
2.292e-05,-2.6999
2.294e-05,-2.7185
2.296e-05,-2.7185
2.298e-05,-4.2999
2.3e-05,-5.1185
2.302e-05,-5.9185
2.304e-05,-5.8999
2.306e-05,-5.8999
2.308e-05,-5.9185
2.31e-05,-5.0999
2.312e-05,-5.0999
2.314e-05,-4.3185
2.316e-05,-2.6999
2.318e-05,-1.8999
2.32e-05,-1.9185
2.322e-05,-1.9185
2.324e-05,-1.8999
2.326e-05,-1.9185
2.328e-05,-2.6999
2.33e-05,-2.6999
2.332e-05,-3.4999
2.334e-05,-4.2999
2.336e-05,-5.1185
2.338e-05,-5.8999
2.34e-05,-5.8999
2.342e-05,-5.8999
2.344e-05,-5.9185
2.346e-05,-5.9185
2.348e-05,-5.0999
2.35e-05,-5.0999
2.352e-05,-3.4999
2.354e-05,-2.6999
2.356e-05,-1.9185
2.358e-05,-1.1185
2.36e-05,-1.1185
2.362e-05,-0.29993
2.364e-05,-1.0999
2.366e-05,-0.31853
2.368e-05,-1.0999
2.37e-05,-1.9185
2.372e-05,-2.6999
2.374e-05,-3.5185
2.376e-05,-4.2999
2.378e-05,-4.2999
2.38e-05,-5.0999
2.382e-05,-5.8999
2.384e-05,-5.8999
2.386e-05,-5.9185
2.388e-05,-5.8999
2.39e-05,-5.0999
2.392e-05,-4.2999
2.394e-05,-3.5185
2.396e-05,-2.6999
2.398e-05,-2.6999
2.4e-05,-2.6999
2.402e-05,-1.8999
2.404e-05,-1.9185
2.406e-05,-1.8999
2.408e-05,-2.6999
2.41e-05,-2.6999
2.412e-05,-3.4999
2.414e-05,-4.3185
2.416e-05,-4.2999
2.418e-05,-5.8999
2.42e-05,-5.8999
2.422e-05,-5.8999
2.424e-05,-5.0999
2.426e-05,-4.2999
2.428e-05,-3.5185
2.43e-05,-2.6999
2.432e-05,-1.8999
2.434e-05,-1.0999
2.436e-05,0.48147
2.438e-05,0.48147
2.44e-05,0.50007
2.442e-05,-0.29993
2.444e-05,-0.29993
2.446e-05,-1.8999
2.448e-05,-2.6999
2.45e-05,-4.2999
2.452e-05,-5.8999
2.454e-05,-5.8999
2.456e-05,-6.7185
2.458e-05,-7.5185
2.46e-05,-6.6999
2.462e-05,-7.4999
2.464e-05,-6.6999
2.466e-05,-5.8999
2.468e-05,-4.2999
2.47e-05,-3.5185
2.472e-05,-2.6999
2.474e-05,-2.7185
2.476e-05,-1.8999
2.478e-05,-1.0999
2.48e-05,-0.29993
2.482e-05,-0.29993
2.484e-05,-0.29993
2.486e-05,-1.0999
2.488e-05,-1.9185
2.49e-05,-1.9185
2.492e-05,-2.6999
2.494e-05,-2.6999
2.496e-05,-4.2999
2.498e-05,-4.2999
2.5e-05,-5.1185
2.502e-05,-5.1185
2.504e-05,-5.1185
2.506e-05,-5.0999
2.508e-05,-4.2999
2.51e-05,-4.2999
2.512e-05,-3.4999
2.514e-05,-2.7185
2.516e-05,-2.6999
2.518e-05,-1.8813
2.52e-05,-1.8999
2.522e-05,-1.0999
2.524e-05,-1.8999
2.526e-05,-2.6999
2.528e-05,-1.8999
2.53e-05,-2.6999
2.532e-05,-3.5185
2.534e-05,-4.2999
2.536e-05,-4.2999
2.538e-05,-5.0813
2.54e-05,-5.0999
2.542e-05,-5.8999
2.544e-05,-5.0999
2.546e-05,-5.0999
2.548e-05,-4.2999
2.55e-05,-4.2999
2.552e-05,-2.6999
2.554e-05,-2.6999
2.556e-05,-1.8999
2.558e-05,-1.0999
2.56e-05,-1.1185
2.562e-05,-1.0999
2.564e-05,-1.0999
2.566e-05,-1.0999
2.568e-05,-1.8999
2.57e-05,-2.6999
2.572e-05,-2.6999
2.574e-05,-3.5185
2.576e-05,-4.2999
2.578e-05,-4.2999
2.58e-05,-5.0813
2.582e-05,-5.0999
2.584e-05,-5.0999
2.586e-05,-5.0999
2.588e-05,-4.2999
2.59e-05,-4.2999
2.592e-05,-2.6999
2.594e-05,-2.6999
2.596e-05,-2.6999
2.598e-05,-2.6999
2.6e-05,-1.9185
2.602e-05,-1.8999
2.604e-05,-1.8999
2.606e-05,-2.6999
2.608e-05,-2.6999
2.61e-05,-3.4999
2.612e-05,-3.4999
2.614e-05,-4.2999
2.616e-05,-5.0999
2.618e-05,-5.1185
2.62e-05,-5.0999
2.622e-05,-5.0999
2.624e-05,-3.4999
2.626e-05,-3.4999
2.628e-05,-2.6999
2.63e-05,-1.8999
2.632e-05,-1.0999
2.634e-05,0.50007
2.636e-05,0.50007
2.638e-05,0.50007
2.64e-05,-0.29993
2.642e-05,-0.29993
2.644e-05,-1.0999
2.646e-05,-2.6999
2.648e-05,-3.4999
2.65e-05,-4.2999
2.652e-05,-5.8999
2.654e-05,-5.9185
2.656e-05,-5.8999
2.658e-05,-6.6999
2.66e-05,-6.6999
2.662e-05,-5.8813
2.664e-05,-5.8999
2.666e-05,-4.3185
2.668e-05,-3.4999
2.67e-05,-2.6999
2.672e-05,-2.6999
2.674e-05,-2.6999
2.676e-05,-1.8813
2.678e-05,-1.0999
2.68e-05,-0.29993
2.682e-05,0.50007
2.684e-05,-1.0999
2.686e-05,-1.8999
2.688e-05,-1.8999
2.69e-05,-2.6999
2.692e-05,-2.6999
2.694e-05,-3.4999
2.696e-05,-3.4999
2.698e-05,-4.2999
2.7e-05,-4.2999
2.702e-05,-4.2999
2.704e-05,-4.2999
2.706e-05,-4.2999
2.708e-05,-3.4999
2.71e-05,-3.4999
2.712e-05,-3.4999
2.714e-05,-2.6999
2.716e-05,-1.8999
2.718e-05,-1.0999
2.72e-05,-1.8999
2.722e-05,-1.8999
2.724e-05,-1.8999
2.726e-05,-1.8999
2.728e-05,-2.6999
2.73e-05,-2.6999
2.732e-05,-3.4999
2.734e-05,-4.2999
2.736e-05,-4.2999
2.738e-05,-4.2999
2.74e-05,-4.2999
2.742e-05,-4.2999
2.744e-05,-4.2999
2.746e-05,-4.2999
2.748e-05,-3.4999
2.75e-05,-2.6999
2.752e-05,-2.6999
2.754e-05,-1.8999
2.756e-05,-1.8813
2.758e-05,-1.0999
2.76e-05,-1.0999
2.762e-05,-1.0813
2.764e-05,-1.0813
2.766e-05,-1.8999
2.768e-05,-2.6999
2.77e-05,-2.6999
2.772e-05,-2.6999
2.774e-05,-3.4999
2.776e-05,-4.2999
2.778e-05,-4.2999
2.78e-05,-4.2999
2.782e-05,-4.2999
2.784e-05,-4.2999
2.786e-05,-4.2999
2.788e-05,-3.4999
2.79e-05,-2.6999
2.792e-05,-2.6999
2.794e-05,-2.6999
2.796e-05,-1.8999
2.798e-05,-1.8999
2.8e-05,-1.8999
2.802e-05,-2.6999
2.804e-05,-2.6813
2.806e-05,-2.6999
2.808e-05,-2.6999
2.81e-05,-3.4813
2.812e-05,-4.2999
2.814e-05,-4.2999
2.816e-05,-4.2999
2.818e-05,-5.0999
2.82e-05,-4.2999
2.822e-05,-4.2999
2.824e-05,-3.4999
2.826e-05,-2.6813
2.828e-05,-1.8813
2.83e-05,-1.0999
2.832e-05,-0.29993
2.834e-05,0.50007
2.836e-05,0.50007
2.838e-05,0.50007
2.84e-05,-0.29993
2.842e-05,-1.0999
2.844e-05,-1.8813
2.846e-05,-2.6999
2.848e-05,-4.2999
2.85e-05,-4.2999
2.852e-05,-5.8999
2.854e-05,-5.8999
2.856e-05,-5.8999
2.858e-05,-5.8999
2.86e-05,-5.8999
2.862e-05,-5.8999
2.864e-05,-4.2813
2.866e-05,-4.2999
2.868e-05,-3.4999
2.87e-05,-2.6999
2.872e-05,-1.8999
2.874e-05,-1.0813
2.876e-05,-1.0999
2.878e-05,-1.0999
2.88e-05,-0.29993
2.882e-05,-1.0999
2.884e-05,-1.0813
2.886e-05,-1.8999
2.888e-05,-1.8999
2.89e-05,-1.8813
2.892e-05,-2.6999
2.894e-05,-2.6813
2.896e-05,-3.4813
2.898e-05,-4.2999
2.9e-05,-3.4813
2.902e-05,-4.2813
2.904e-05,-4.2999
2.906e-05,-3.4813
2.908e-05,-3.4813
2.91e-05,-3.4999
2.912e-05,-2.6999
2.914e-05,-2.6999
2.916e-05,-1.8999
2.918e-05,-1.8999
2.92e-05,-1.8999
2.922e-05,-2.6999
2.924e-05,-2.6999
2.926e-05,-2.6813
2.928e-05,-2.6813
2.93e-05,-3.4813
2.932e-05,-4.2999
2.934e-05,-4.2813
2.936e-05,-4.2999
2.938e-05,-4.2813
2.94e-05,-3.4999
2.942e-05,-4.2999
2.944e-05,-3.4999
2.946e-05,-3.4813
2.948e-05,-2.6999
2.95e-05,-1.8999
2.952e-05,-1.8813
2.954e-05,-1.0999
2.956e-05,-1.0813
2.958e-05,-1.0999
2.96e-05,-1.0999
2.962e-05,-1.0813
2.964e-05,-1.8999
2.966e-05,-1.8999
2.968e-05,-2.6813
2.97e-05,-3.4813
2.972e-05,-2.6813
2.974e-05,-3.4813
2.976e-05,-4.2813
2.978e-05,-4.2999
2.98e-05,-4.2999
2.982e-05,-4.2999
2.984e-05,-3.4813
2.986e-05,-3.4813
2.988e-05,-2.6627
2.99e-05,-2.6813
2.992e-05,-2.6813
2.994e-05,-2.6813
2.996e-05,-1.8813
2.998e-05,-1.8999
3e-05,-1.8813
3.002e-05,-1.8813
3.004e-05,-2.6813
3.006e-05,-2.6813
3.008e-05,-2.6813
3.01e-05,-3.4813
3.012e-05,-4.2813
3.014e-05,-4.2999
3.016e-05,-4.2813
3.018e-05,-4.2999
3.02e-05,-4.2999
3.022e-05,-3.4813
3.024e-05,-3.4813
3.026e-05,-2.6813
3.028e-05,-1.8999
3.03e-05,-0.29993
3.032e-05,-0.29993
3.034e-05,0.50007
3.036e-05,-0.29993
3.038e-05,-0.28134
3.04e-05,-1.0813
3.042e-05,-1.0813
3.044e-05,-1.8813
3.046e-05,-2.6813
3.048e-05,-3.4999
3.05e-05,-4.2813
3.052e-05,-4.2999
3.054e-05,-5.0999
3.056e-05,-4.2813
3.058e-05,-5.0999
3.06e-05,-5.0813
3.062e-05,-4.2999
3.064e-05,-4.2813
3.066e-05,-2.6813
3.068e-05,-2.6813
3.07e-05,-1.8999
3.072e-05,-1.8813
3.074e-05,-1.0813
3.076e-05,-1.0813
3.078e-05,-1.0813
3.08e-05,-1.0999
3.082e-05,-1.0813
3.084e-05,-1.8813
3.086e-05,-1.8999
3.088e-05,-1.8813
3.09e-05,-2.6999
3.092e-05,-2.6813
3.094e-05,-3.4813
3.096e-05,-3.4813
3.098e-05,-3.4813
3.1e-05,-3.4813
3.102e-05,-3.4999
3.104e-05,-3.4813
3.106e-05,-3.4813
3.108e-05,-2.6999
3.11e-05,-2.6813
3.112e-05,-1.8813
3.114e-05,-1.8813
3.116e-05,-1.8813
3.118e-05,-1.8813
3.12e-05,-1.8813
3.122e-05,-2.6813
3.124e-05,-2.6813
3.126e-05,-2.6813
3.128e-05,-2.6813
3.13e-05,-3.4999
3.132e-05,-4.2813
3.134e-05,-3.4813
3.136e-05,-4.2813
3.138e-05,-3.4813
3.14e-05,-3.4813
3.142e-05,-3.4813
3.144e-05,-2.6813
3.146e-05,-2.6813
3.148e-05,-2.6813
3.15e-05,-1.8813
3.152e-05,-1.0813
3.154e-05,-1.0813
3.156e-05,-1.0813
3.158e-05,-1.0999
3.16e-05,-1.0813
3.162e-05,-1.0813
3.164e-05,-1.8813
3.166e-05,-2.6813
3.168e-05,-2.6813
3.17e-05,-3.4999
3.172e-05,-3.4813
3.174e-05,-3.4999
3.176e-05,-3.4813
3.178e-05,-3.4813
3.18e-05,-3.4813
3.182e-05,-3.4813
3.184e-05,-2.6813
3.186e-05,-3.4813
3.188e-05,-2.6813
3.19e-05,-1.8813
3.192e-05,-2.6813
3.194e-05,-1.8813
3.196e-05,-1.8813
3.198e-05,-1.8813
3.2e-05,-1.8813
3.202e-05,-1.8813
3.204e-05,-2.6813
3.206e-05,-2.6813
3.208e-05,-2.6813
3.21e-05,-3.4813
3.212e-05,-3.4813
3.214e-05,-3.4813
3.216e-05,-4.2999
3.218e-05,-3.4813
3.22e-05,-3.4813
3.222e-05,-2.6813
3.224e-05,-2.6813
3.226e-05,-1.8813
3.228e-05,-1.0999
3.23e-05,-0.28134
3.232e-05,-0.28134
3.234e-05,-0.28134
3.236e-05,-0.28134
3.238e-05,-1.0813
3.24e-05,-1.0813
3.242e-05,-1.8813
3.244e-05,-2.6813
3.246e-05,-3.4813
3.248e-05,-4.2813
3.25e-05,-4.2813
3.252e-05,-4.2813
3.254e-05,-4.2999
3.256e-05,-4.2813
3.258e-05,-4.2813
3.26e-05,-4.2813
3.262e-05,-3.4813
3.264e-05,-3.4813
3.266e-05,-2.6813
3.268e-05,-1.8813
3.27e-05,-1.8813
3.272e-05,-1.0813
3.274e-05,-1.0813
3.276e-05,-1.0813
3.278e-05,-1.0813
3.28e-05,-1.0813
3.282e-05,-1.8813
3.284e-05,-1.8813
3.286e-05,-2.6813
3.288e-05,-2.6813
3.29e-05,-2.6813
3.292e-05,-3.4627
3.294e-05,-3.4813
3.296e-05,-3.4813
3.298e-05,-3.4813
3.3e-05,-3.4813
3.302e-05,-2.6813
3.304e-05,-2.6627
3.306e-05,-2.6627
3.308e-05,-1.8813
3.31e-05,-1.8627
3.312e-05,-1.8813
3.314e-05,-1.8627
3.316e-05,-1.8813
3.318e-05,-1.8627
3.32e-05,-1.8813
3.322e-05,-2.6813
3.324e-05,-2.6813
3.326e-05,-2.6627
3.328e-05,-2.6813
3.33e-05,-3.4813
3.332e-05,-3.4813
3.334e-05,-3.4813
3.336e-05,-3.4627
3.338e-05,-3.4813
3.34e-05,-3.4813
3.342e-05,-2.6813
3.344e-05,-2.6813
3.346e-05,-2.6813
3.348e-05,-1.8627
3.35e-05,-1.8813
3.352e-05,-1.0813
3.354e-05,-1.0813
3.356e-05,-1.0627
3.358e-05,-1.0627
3.36e-05,-1.0627
3.362e-05,-1.8627
3.364e-05,-1.8813
3.366e-05,-2.6813
3.368e-05,-2.6813
3.37e-05,-2.6627
3.372e-05,-2.6813
3.374e-05,-3.4813
3.376e-05,-3.4813
3.378e-05,-3.4813
3.38e-05,-3.4813
3.382e-05,-3.4627
3.384e-05,-2.6627
3.386e-05,-2.6813
3.388e-05,-2.6813
3.39e-05,-2.6813
3.392e-05,-2.6813
3.394e-05,-2.6813
3.396e-05,-1.8627
3.398e-05,-1.8627
3.4e-05,-1.8813
3.402e-05,-1.8813
3.404e-05,-2.6627
3.406e-05,-2.6627
3.408e-05,-2.6627
3.41e-05,-3.4627
3.412e-05,-3.4813
3.414e-05,-3.4627
3.416e-05,-4.2627
3.418e-05,-3.4813
3.42e-05,-3.4627
3.422e-05,-2.6813
3.424e-05,-1.8627
3.426e-05,-1.0813
3.428e-05,-1.0813
3.43e-05,0.51866
3.432e-05,-0.28134
3.434e-05,-0.28134
3.436e-05,-0.26275
3.438e-05,-1.0813
3.44e-05,-1.8813
3.442e-05,-2.6813
3.444e-05,-2.6813
3.446e-05,-4.2627
3.448e-05,-4.2813
3.45e-05,-4.2813
3.452e-05,-4.2813
3.454e-05,-4.2813
3.456e-05,-4.2627
3.458e-05,-3.4627
3.46e-05,-3.4627
3.462e-05,-3.4627
3.464e-05,-2.6627
3.466e-05,-2.6627
3.468e-05,-1.8627
3.47e-05,-1.0627
3.472e-05,-1.0813
3.474e-05,-1.0627
3.476e-05,-1.0813
3.478e-05,-1.0813
3.48e-05,-1.0813
3.482e-05,-1.0627
3.484e-05,-1.8627
3.486e-05,-2.6813
3.488e-05,-2.6813
3.49e-05,-2.6813
3.492e-05,-3.4627
3.494e-05,-3.4813
3.496e-05,-2.6627
3.498e-05,-3.4813
3.5e-05,-2.6813
3.502e-05,-2.6813
3.504e-05,-2.6627
3.506e-05,-2.6813
3.508e-05,-2.6813
3.51e-05,-1.0627
3.512e-05,-1.0813
3.514e-05,-1.8627
3.516e-05,-1.8627
3.518e-05,-1.8627
3.52e-05,-1.8627
3.522e-05,-2.6627
3.524e-05,-1.8627
3.526e-05,-2.6627
3.528e-05,-2.6627
3.53e-05,-2.6813
3.532e-05,-2.6627
3.534e-05,-2.6627
3.536e-05,-2.6813
3.538e-05,-3.4627
3.54e-05,-2.6627
3.542e-05,-2.6627
3.544e-05,-1.8813
3.546e-05,-2.6627
3.548e-05,-1.8627
3.55e-05,-1.0813
3.552e-05,-1.0813
3.554e-05,-1.0627
3.556e-05,-1.0627
3.558e-05,-1.0627
3.56e-05,-1.0813
3.562e-05,-1.8627
3.564e-05,-1.8813
3.566e-05,-1.8627
3.568e-05,-2.6627
3.57e-05,-2.6627
3.572e-05,-2.6627
3.574e-05,-3.4813
3.576e-05,-2.6813
3.578e-05,-2.6627
3.58e-05,-2.6627
3.582e-05,-3.4627
3.584e-05,-2.6813
3.586e-05,-2.6813
3.588e-05,-2.6627
3.59e-05,-2.6627
3.592e-05,-1.8813
3.594e-05,-1.8813
3.596e-05,-1.8813
3.598e-05,-1.8627
3.6e-05,-2.6627
3.602e-05,-2.6627
3.604e-05,-2.6627
3.606e-05,-2.6627
3.608e-05,-2.6627
3.61e-05,-3.4813
3.612e-05,-3.4627
3.614e-05,-2.6627
3.616e-05,-2.6627
3.618e-05,-2.6627
3.62e-05,-2.6627
3.622e-05,-1.8627
3.624e-05,-1.0627
3.626e-05,-1.0627
3.628e-05,-0.28134
3.63e-05,-0.26275
3.632e-05,-0.26275
3.634e-05,0.53725
3.636e-05,-1.0813
3.638e-05,-1.0627
3.64e-05,-1.8627
3.642e-05,-2.6627
3.644e-05,-2.6813
3.646e-05,-3.4627
3.648e-05,-3.4627
3.65e-05,-3.4627
3.652e-05,-4.2627
3.654e-05,-4.2813
3.656e-05,-4.2627
3.658e-05,-3.4627
3.66e-05,-2.6627
3.662e-05,-2.6627
3.664e-05,-1.8627
3.666e-05,-2.6627
3.668e-05,-1.8813
3.67e-05,-1.0627
3.672e-05,-0.28134
3.674e-05,-0.26275
3.676e-05,-1.0627
3.678e-05,-1.0627
3.68e-05,-1.8627
3.682e-05,-1.0627
3.684e-05,-1.8627
3.686e-05,-1.8627
3.688e-05,-2.6627
3.69e-05,-2.6627
3.692e-05,-2.6627
3.694e-05,-2.6627
3.696e-05,-2.6627
3.698e-05,-2.6627
3.7e-05,-2.6627
3.702e-05,-2.6813
3.704e-05,-2.6627
3.706e-05,-1.8627
3.708e-05,-1.8627
3.71e-05,-1.0627
3.712e-05,-1.0627
3.714e-05,-1.0813
3.716e-05,-1.8627
3.718e-05,-1.8627
3.72e-05,-1.8627
3.722e-05,-1.8627
3.724e-05,-2.6627
3.726e-05,-2.6627
3.728e-05,-2.6813
3.73e-05,-2.6627
3.732e-05,-2.6627
3.734e-05,-2.6627
3.736e-05,-2.6813
3.738e-05,-1.8813
3.74e-05,-2.6627
3.742e-05,-2.6813
3.744e-05,-1.8627
3.746e-05,-1.8627
3.748e-05,-1.8627
3.75e-05,-1.8627
3.752e-05,-1.8627
3.754e-05,-1.0627
3.756e-05,-1.0813
3.758e-05,-1.8627
3.76e-05,-1.0627
3.762e-05,-1.8627
3.764e-05,-1.8627
3.766e-05,-1.8627
3.768e-05,-2.6627
3.77e-05,-2.6627
3.772e-05,-2.6627
3.774e-05,-2.6627
3.776e-05,-2.6627
3.778e-05,-2.6627
3.78e-05,-2.6627
3.782e-05,-2.6627
3.784e-05,-2.6627
3.786e-05,-2.6627
3.788e-05,-1.8627
3.79e-05,-2.6813
3.792e-05,-1.8627
3.794e-05,-1.8627
3.796e-05,-1.8627
3.798e-05,-1.8627
3.8e-05,-1.8627
3.802e-05,-2.6627
3.804e-05,-2.6813
3.806e-05,-2.6627
3.808e-05,-2.6627
3.81e-05,-3.4627
3.812e-05,-2.6627
3.814e-05,-2.6627
3.816e-05,-2.6627
3.818e-05,-2.6627
3.82e-05,-1.8627
3.822e-05,-1.0627
3.824e-05,-1.0627
3.826e-05,-0.26275
3.828e-05,-0.26275
3.83e-05,-0.26275
3.832e-05,-0.28134
3.834e-05,-1.0627
3.836e-05,-0.26275
3.838e-05,-1.8627
3.84e-05,-1.8627
3.842e-05,-2.6627
3.844e-05,-3.4813
3.846e-05,-3.4627
3.848e-05,-2.6813
3.85e-05,-3.4627
3.852e-05,-3.4627
3.854e-05,-2.6627
3.856e-05,-3.4627
3.858e-05,-2.6627
3.86e-05,-2.6627
3.862e-05,-2.6627
3.864e-05,-1.8627
3.866e-05,-2.6627
3.868e-05,-1.0627
3.87e-05,-1.0627
3.872e-05,-1.0627
3.874e-05,-1.0627
3.876e-05,-1.0627
3.878e-05,-1.0627
3.88e-05,-1.0627
3.882e-05,-1.8627
3.884e-05,-1.8627
3.886e-05,-2.6627
3.888e-05,-2.6627
3.89e-05,-2.6627
3.892e-05,-2.6627
3.894e-05,-2.6627
3.896e-05,-2.6627
3.898e-05,-2.6813
3.9e-05,-2.6627
3.902e-05,-1.8627
3.904e-05,-2.6627
3.906e-05,-1.0627
3.908e-05,-1.8627
3.91e-05,-1.0627
3.912e-05,-1.8627
3.914e-05,-1.8627
3.916e-05,-2.6627
3.918e-05,-1.8627
3.92e-05,-1.8627
3.922e-05,-2.6627
3.924e-05,-1.8627
3.926e-05,-2.6627
3.928e-05,-2.6627
3.93e-05,-2.6627
3.932e-05,-2.6627
3.934e-05,-2.6627
3.936e-05,-2.6627
3.938e-05,-2.6627
3.94e-05,-2.6627
3.942e-05,-1.8627
3.944e-05,-1.8627
3.946e-05,-1.0627
3.948e-05,-1.0627
3.95e-05,-1.0627
3.952e-05,-1.0627
3.954e-05,-1.0627
3.956e-05,-1.0627
3.958e-05,-1.8627
3.96e-05,-1.8627
3.962e-05,-1.8627
3.964e-05,-2.6627
3.966e-05,-1.8627
3.968e-05,-2.6627
3.97e-05,-2.6627
3.972e-05,-2.6627
3.974e-05,-2.6627
3.976e-05,-2.6627
3.978e-05,-2.6627
3.98e-05,-2.6627
3.982e-05,-2.6627
3.984e-05,-2.6627
3.986e-05,-1.8627
3.988e-05,-1.8627
3.99e-05,-1.8627
3.992e-05,-1.8627
3.994e-05,-1.8627
3.996e-05,-1.8627
3.998e-05,-1.0627
4e-05,-1.8627
4.002e-05,-1.8627
4.004e-05,-2.6627
4.006e-05,-2.6627
4.008e-05,-2.6627
4.01e-05,-2.6627
4.012e-05,-2.6627
4.014e-05,-2.6627
4.016e-05,-2.6627
4.018e-05,-2.6627
4.02e-05,-1.8627
4.022e-05,-1.0627
4.024e-05,-0.26275
4.026e-05,-0.26275
4.028e-05,-0.26275
4.03e-05,0.53725
4.032e-05,-0.26275
4.034e-05,-0.26275
4.036e-05,-0.26275
4.038e-05,-1.0627
4.04e-05,-1.8442
4.042e-05,-2.6627
4.044e-05,-2.6627
4.046e-05,-2.6627
4.048e-05,-2.6627
4.05e-05,-2.6627
4.052e-05,-3.4627
4.054e-05,-2.6627
4.056e-05,-2.6627
4.058e-05,-2.6627
4.06e-05,-2.6627
4.062e-05,-1.8627
4.064e-05,-1.8627
4.066e-05,-1.0627
4.068e-05,-1.0627
4.07e-05,-1.0627
4.072e-05,-1.0627
4.074e-05,-1.0627
4.076e-05,-1.0627
4.078e-05,-1.0627
4.08e-05,-1.0627
4.082e-05,-1.8627
4.084e-05,-1.0627
4.086e-05,-1.8627
4.088e-05,-2.6627
4.09e-05,-2.6627
4.092e-05,-2.6627
4.094e-05,-1.8627
4.096e-05,-1.8627
4.098e-05,-2.6627
4.1e-05,-1.8627
4.102e-05,-1.8627
4.104e-05,-1.0627
4.106e-05,-1.0627
4.108e-05,-1.0627
4.11e-05,-1.0627
4.112e-05,-1.8627
4.114e-05,-1.8627
4.116e-05,-1.8627
4.118e-05,-2.6627
4.12e-05,-2.6627
4.122e-05,-2.6627
4.124e-05,-2.6627
4.126e-05,-2.6627
4.128e-05,-2.6627
4.13e-05,-2.6627
4.132e-05,-2.6627
4.134e-05,-2.6627
4.136e-05,-2.6627
4.138e-05,-1.8627
4.14e-05,-1.8627
4.142e-05,-1.8627
4.144e-05,-1.0627
4.146e-05,-1.0627
4.148e-05,-1.0627
4.15e-05,-1.8627
4.152e-05,-1.8627
4.154e-05,-1.0627
4.156e-05,-1.0627
4.158e-05,-1.8627
4.16e-05,-1.8627
4.162e-05,-1.8627
4.164e-05,-1.8627
4.166e-05,-1.8627
4.168e-05,-1.8627
4.17e-05,-2.6627
4.172e-05,-2.6627
4.174e-05,-2.6627
4.176e-05,-2.6627
4.178e-05,-2.6627
4.18e-05,-2.6627
4.182e-05,-1.8627
4.184e-05,-2.6627
4.186e-05,-1.8627
4.188e-05,-1.8627
4.19e-05,-1.8627
4.192e-05,-1.8627
4.194e-05,-1.0627
4.196e-05,-1.8627
4.198e-05,-1.8627
4.2e-05,-1.0627
4.202e-05,-1.8627
4.204e-05,-2.6627
4.206e-05,-1.8627
4.208e-05,-2.6627
4.21e-05,-1.8627
4.212e-05,-1.8627
4.214e-05,-2.6627
4.216e-05,-2.6627
4.218e-05,-1.8627
4.22e-05,-1.0627
4.222e-05,-1.0627
4.224e-05,-1.0627
4.226e-05,-1.0627
4.228e-05,-1.0627
4.23e-05,-1.0627
4.232e-05,-1.0627
4.234e-05,-1.0627
4.236e-05,-1.0627
4.238e-05,-1.0627
4.24e-05,-2.6627
4.242e-05,-2.6627
4.244e-05,-2.6627
4.246e-05,-2.6627
4.248e-05,-2.6627
4.25e-05,-2.6627
4.252e-05,-3.4627
4.254e-05,-2.6627
4.256e-05,-1.8627
4.258e-05,-2.6627
4.26e-05,-2.6627
4.262e-05,-1.8627
4.264e-05,-1.8627
4.266e-05,-1.0627
4.268e-05,-1.0627
4.27e-05,-1.0627
4.272e-05,-1.0627
4.274e-05,-1.0627
4.276e-05,-1.0627
4.278e-05,-1.0627
4.28e-05,-1.8627
4.282e-05,-1.0627
4.284e-05,-1.8627
4.286e-05,-1.8627
4.288e-05,-2.6627
4.29e-05,-2.6627
4.292e-05,-2.6627
4.294e-05,-1.8442
4.296e-05,-1.8627
4.298e-05,-2.6627
4.3e-05,-1.8627
4.302e-05,-1.8627
4.304e-05,-1.0627
4.306e-05,-1.0627
4.308e-05,-1.0627
4.31e-05,-1.0627
4.312e-05,-1.8627
4.314e-05,-1.8627
4.316e-05,-1.8442
4.318e-05,-1.8627
4.32e-05,-1.8627
4.322e-05,-2.6627
4.324e-05,-2.6627
4.326e-05,-2.6627
4.328e-05,-2.6627
4.33e-05,-2.6442
4.332e-05,-2.6627
4.334e-05,-1.8627
4.336e-05,-1.8627
4.338e-05,-1.8627
4.34e-05,-1.0627
4.342e-05,-1.0627
4.344e-05,-1.0627
4.346e-05,-1.0627
4.348e-05,-1.0627
4.35e-05,-1.0627
4.352e-05,-1.8627
4.354e-05,-1.0627
4.356e-05,-1.0627
4.358e-05,-1.0627
4.36e-05,-1.8627
4.362e-05,-1.8627
4.364e-05,-1.8627
4.366e-05,-1.8627
4.368e-05,-1.8627
4.37e-05,-2.6627
4.372e-05,-1.8627
4.374e-05,-1.8627
4.376e-05,-1.8627
4.378e-05,-1.8627
4.38e-05,-1.8627
4.382e-05,-2.6627
4.384e-05,-1.8627
4.386e-05,-1.8627
4.388e-05,-1.8627
4.39e-05,-1.0627
4.392e-05,-1.8627
4.394e-05,-1.8627
4.396e-05,-1.8627
4.398e-05,-1.8627
4.4e-05,-1.8627
4.402e-05,-1.8627
4.404e-05,-1.8627
4.406e-05,-2.6627
4.408e-05,-2.6627
4.41e-05,-2.6627
4.412e-05,-1.8627
4.414e-05,-1.8627
4.416e-05,-1.8627
4.418e-05,-1.0627
4.42e-05,-1.0627
4.422e-05,-1.0627
4.424e-05,-1.0627
4.426e-05,-0.26275
4.428e-05,-1.0627
4.43e-05,-1.0627
4.432e-05,-1.0627
4.434e-05,-1.0627
4.436e-05,-1.0627
4.438e-05,-2.6627
4.44e-05,-1.8627
4.442e-05,-1.8627
4.444e-05,-2.6627
4.446e-05,-2.6627
4.448e-05,-2.6627
4.45e-05,-2.6627
4.452e-05,-2.6627
4.454e-05,-2.6627
4.456e-05,-2.6627
4.458e-05,-1.8627
4.46e-05,-1.8627
4.462e-05,-1.8442
4.464e-05,-1.0627
4.466e-05,-1.0627
4.468e-05,-0.26275
4.47e-05,-1.0627
4.472e-05,-0.26275
4.474e-05,-0.26275
4.476e-05,-1.0627
4.478e-05,-1.0627
4.48e-05,-1.0627
4.482e-05,-1.8627
4.484e-05,-1.8627
4.486e-05,-1.8627
4.488e-05,-2.6627
4.49e-05,-1.8627
4.492e-05,-1.8627
4.494e-05,-1.8627
4.496e-05,-1.8627
4.498e-05,-2.6627
4.5e-05,-1.8627
4.502e-05,-1.0627
4.504e-05,-1.0627
4.506e-05,-1.0627
4.508e-05,-1.0627
4.51e-05,-1.8627
4.512e-05,-1.0627
4.514e-05,-1.0627
4.516e-05,-1.8627
4.518e-05,-1.8442
4.52e-05,-2.6442
4.522e-05,-1.8627
4.524e-05,-2.6627
4.526e-05,-1.8442
4.528e-05,-2.6627
4.53e-05,-2.6627
4.532e-05,-1.8627
4.534e-05,-1.8627
4.536e-05,-1.8627
4.538e-05,-1.8627
4.54e-05,-1.8627
4.542e-05,-1.8627
4.544e-05,-1.0627
4.546e-05,-1.0627
4.548e-05,-1.0627
4.55e-05,-1.0627
4.552e-05,-1.0627
4.554e-05,-1.0627
4.556e-05,-1.0627
4.558e-05,-1.0627
4.56e-05,-1.0627
4.562e-05,-1.0442
4.564e-05,-1.8627
4.566e-05,-1.8627
4.568e-05,-1.8627
4.57e-05,-1.8627
4.572e-05,-1.8627
4.574e-05,-1.8627
4.576e-05,-2.6627
4.578e-05,-1.8627
4.58e-05,-1.8442
4.582e-05,-1.8627
4.584e-05,-1.8627
4.586e-05,-2.6627
4.588e-05,-1.8627
4.59e-05,-1.0627
4.592e-05,-1.8627
4.594e-05,-1.8627
4.596e-05,-1.8627
4.598e-05,-1.0627
4.6e-05,-1.8442
4.602e-05,-1.8442
4.604e-05,-1.8442
4.606e-05,-2.6442
4.608e-05,-1.8442
4.61e-05,-1.0442
4.612e-05,-1.8442
4.614e-05,-1.8627
4.616e-05,-1.0627
4.618e-05,-1.0627
4.62e-05,-0.26275
4.622e-05,-0.26275
4.624e-05,-0.24415
4.626e-05,-0.26275
4.628e-05,-1.0627
4.63e-05,-1.0627
4.632e-05,-1.0627
4.634e-05,-1.0627
4.636e-05,-1.8627
4.638e-05,-1.8442
4.64e-05,-1.8627
4.642e-05,-2.6627
4.644e-05,-2.6627
4.646e-05,-2.6627
4.648e-05,-2.6627
4.65e-05,-2.6627
4.652e-05,-2.6627
4.654e-05,-2.6627
4.656e-05,-1.0627
4.658e-05,-1.0627
4.66e-05,-1.8627
4.662e-05,-1.0627
4.664e-05,-1.0627
4.666e-05,-0.26275
4.668e-05,-0.26275
4.67e-05,-0.26275
4.672e-05,-0.26275
4.674e-05,-0.26275
4.676e-05,-1.0627
4.678e-05,-0.26275
4.68e-05,-1.0627
4.682e-05,-1.8627
4.684e-05,-1.8627
4.686e-05,-1.8442
4.688e-05,-1.8627
4.69e-05,-2.6627
4.692e-05,-1.8627
4.694e-05,-1.8627
4.696e-05,-1.8627
4.698e-05,-1.8442
4.7e-05,-1.8627
4.702e-05,-1.8627
4.704e-05,-1.0627
4.706e-05,-1.0627
4.708e-05,-1.0442
4.71e-05,-1.0442
4.712e-05,-1.0627
4.714e-05,-1.8627
4.716e-05,-1.8627
4.718e-05,-1.8627
4.72e-05,-1.8627
4.722e-05,-1.8442
4.724e-05,-1.8442
4.726e-05,-1.8442
4.728e-05,-1.0627
4.73e-05,-1.0442
4.732e-05,-1.0627
4.734e-05,-1.0442
4.736e-05,-1.0442
4.738e-05,-1.0627
4.74e-05,-1.0627
4.742e-05,-1.0442
4.744e-05,-1.0442
4.746e-05,-1.0627
4.748e-05,-1.8627
4.75e-05,-1.0627
4.752e-05,-1.0442
4.754e-05,-1.0442
4.756e-05,-1.0627
4.758e-05,-1.8627
4.76e-05,-1.0627
4.762e-05,-1.0442
4.764e-05,-1.8442
4.766e-05,-1.8442
4.768e-05,-1.8627
4.77e-05,-1.0442
4.772e-05,-1.8442
4.774e-05,-1.8627
4.776e-05,-1.8442
4.778e-05,-1.8442
4.78e-05,-1.0442
4.782e-05,-1.0627
4.784e-05,-1.8442
4.786e-05,-1.8627
4.788e-05,-1.8627
4.79e-05,-1.8627
4.792e-05,-1.0442
4.794e-05,-1.0442
4.796e-05,-1.0627
4.798e-05,-1.8442
4.8e-05,-1.8627
4.802e-05,-1.8627
4.804e-05,-1.8627
4.806e-05,-1.8627
4.808e-05,-1.8442
4.81e-05,-1.8442
4.812e-05,-1.0442
4.814e-05,-1.8627
4.816e-05,-1.0627
4.818e-05,-1.0627
4.82e-05,-1.0442
4.822e-05,-0.24415
4.824e-05,-0.24415
4.826e-05,-1.0627
4.828e-05,-1.0627
4.83e-05,-1.0442
4.832e-05,-1.0627
4.834e-05,-1.0442
4.836e-05,-1.0442
4.838e-05,-1.8442
4.84e-05,-2.6442
4.842e-05,-1.8442
4.844e-05,-2.6627
4.846e-05,-2.6442
4.848e-05,-2.6442
4.85e-05,-2.6442
4.852e-05,-2.6627
4.854e-05,-1.8627
4.856e-05,-1.8442
4.858e-05,-1.8442
4.86e-05,-1.0627
4.862e-05,-1.0442
4.864e-05,-1.0442
4.866e-05,-1.0627
4.868e-05,-1.0442
4.87e-05,-1.0442
4.872e-05,-0.24415
4.874e-05,-1.0442
4.876e-05,-1.0442
4.878e-05,-1.0442
4.88e-05,-1.0442
4.882e-05,-1.8627
4.884e-05,-1.8442
4.886e-05,-1.8627
4.888e-05,-1.8627
4.89e-05,-1.8627
4.892e-05,-1.8442
4.894e-05,-1.8442
4.896e-05,-1.8442
4.898e-05,-1.0442
4.9e-05,-1.8627
4.902e-05,-1.0442
4.904e-05,-1.0627
4.906e-05,-1.0627
4.908e-05,-1.0627
4.91e-05,-1.8442
4.912e-05,-1.8442
4.914e-05,-1.8442
4.916e-05,-1.0442
4.918e-05,-1.0442
4.92e-05,-1.8442
4.922e-05,-1.8627
4.924e-05,-1.0442
4.926e-05,-1.0627
4.928e-05,-1.8442
4.93e-05,-1.0442
4.932e-05,-1.0442
4.934e-05,-1.0442
4.936e-05,-1.0442
4.938e-05,-1.0442
4.94e-05,-1.0442
4.942e-05,-1.0627
4.944e-05,-1.0442
4.946e-05,-1.0627
4.948e-05,-1.0627
4.95e-05,-1.0627
4.952e-05,-1.0442
4.954e-05,-1.0627
4.956e-05,-1.8442
4.958e-05,-1.0442
4.96e-05,-1.8442
4.962e-05,-1.0442
4.964e-05,-1.8627
4.966e-05,-1.0442
4.968e-05,-1.8442
4.97e-05,-1.8442
4.972e-05,-1.0442
4.974e-05,-1.8627
4.976e-05,-1.8442
4.978e-05,-1.8442
4.98e-05,-1.0442
4.982e-05,-1.0442
4.984e-05,-1.8442
4.986e-05,-1.0627
4.988e-05,-1.8442
4.99e-05,-1.0442
4.992e-05,-1.8627
4.994e-05,-1.0627
4.996e-05,-1.8442
4.998e-05,-1.8442
5e-05,-1.0442
5.002e-05,-1.0442
5.004e-05,-1.0442
5.006e-05,-1.8627
5.008e-05,-1.0442
5.01e-05,-1.0627
5.012e-05,-1.0442
5.014e-05,-1.0442
5.016e-05,-0.26275
5.018e-05,-1.0627
5.02e-05,-1.0627
5.022e-05,-1.0442
5.024e-05,-0.24415
5.026e-05,-1.0442
5.028e-05,-0.24415
5.03e-05,-1.0442
5.032e-05,-1.0442
5.034e-05,-1.0442
5.036e-05,-1.8442
5.038e-05,-1.8442
5.04e-05,-1.8442
5.042e-05,-1.8442
5.044e-05,-2.6442
5.046e-05,-2.6627
5.048e-05,-2.6442
5.05e-05,-1.8256
5.052e-05,-1.8442
5.054e-05,-1.8442
5.056e-05,-1.8442
5.058e-05,-1.8442
5.06e-05,-1.8442
5.062e-05,-1.0442
5.064e-05,-0.24415
5.066e-05,-1.0442
5.068e-05,-1.0442
5.07e-05,-1.0627
5.072e-05,-1.0442
5.074e-05,-1.0442
5.076e-05,-1.0442
5.078e-05,-1.0442
5.08e-05,-1.0627
5.082e-05,-1.0442
5.084e-05,-1.8442
5.086e-05,-1.8442
5.088e-05,-1.0442
5.09e-05,-1.8442
5.092e-05,-1.8442
5.094e-05,-1.0627
5.096e-05,-1.0442
5.098e-05,-1.0442
5.1e-05,-1.0442
5.102e-05,-1.0442
5.104e-05,-1.0442
5.106e-05,-1.0442
5.108e-05,-1.0442
5.11e-05,-1.0442
5.112e-05,-1.0442
5.114e-05,-1.8442
5.116e-05,-1.8442
5.118e-05,-1.8442
5.12e-05,-1.8256
5.122e-05,-1.8442
5.124e-05,-1.8442
5.126e-05,-1.8442
5.128e-05,-1.8627
5.13e-05,-1.0442
5.132e-05,-1.0627
5.134e-05,-1.0627
5.136e-05,-1.0442
5.138e-05,-1.0442
5.14e-05,-1.0442
5.142e-05,-1.0442
5.144e-05,-1.0256
5.146e-05,-1.0442
5.148e-05,-1.0442
5.15e-05,-1.0442
5.152e-05,-1.0256
5.154e-05,-1.0442
5.156e-05,-1.0442
5.158e-05,-1.0442
5.16e-05,-1.0442
5.162e-05,-1.8442
5.164e-05,-1.0627
5.166e-05,-1.0442
5.168e-05,-1.8442
5.17e-05,-1.0442
5.172e-05,-1.8442
5.174e-05,-1.0627
5.176e-05,-1.8442
5.178e-05,-1.0442
5.18e-05,-1.8442
5.182e-05,-1.8442
5.184e-05,-1.8442
5.186e-05,-1.0442
5.188e-05,-1.0442
5.19e-05,-1.0442
5.192e-05,-1.0442
5.194e-05,-1.8442
5.196e-05,-1.0627
5.198e-05,-1.0442
5.2e-05,-1.8442
5.202e-05,-1.0442
5.204e-05,-1.8442
5.206e-05,-1.0442
5.208e-05,-1.8442
5.21e-05,-1.0442
5.212e-05,-1.0442
5.214e-05,-1.0627
5.216e-05,-1.0442
5.218e-05,-1.0442
5.22e-05,-1.0442
5.222e-05,-1.0256
5.224e-05,-0.24415
5.226e-05,-0.24415
5.228e-05,-1.0442
5.23e-05,-0.24415
5.232e-05,-1.0442
5.234e-05,-1.8442
5.236e-05,-1.8442
5.238e-05,-1.0442
5.24e-05,-1.8442
5.242e-05,-1.8442
5.244e-05,-1.8442
5.246e-05,-2.6256
5.248e-05,-1.8442
5.25e-05,-1.8442
5.252e-05,-1.8442
5.254e-05,-1.0627
5.256e-05,-1.0442
5.258e-05,-1.0442
5.26e-05,-1.0442
5.262e-05,-1.0442
5.264e-05,-1.0442
5.266e-05,-1.0442
5.268e-05,-1.0442
5.27e-05,-1.0442
5.272e-05,-1.0442
5.274e-05,-1.0442
5.276e-05,-1.0442
5.278e-05,-1.0442
5.28e-05,-1.8256
5.282e-05,-1.0442
5.284e-05,-1.0442
5.286e-05,-1.0256
5.288e-05,-1.0442
5.29e-05,-1.0442
5.292e-05,-1.0442
5.294e-05,-1.0627
5.296e-05,-1.0442
5.298e-05,-1.0442
5.3e-05,-1.0442
5.302e-05,-1.0442
5.304e-05,-1.0442
5.306e-05,-1.0442
5.308e-05,-1.0442
5.31e-05,-1.0442
5.312e-05,-1.8442
5.314e-05,-1.0442
5.316e-05,-1.8442
5.318e-05,-1.8442
5.32e-05,-1.8442
5.322e-05,-1.8442
5.324e-05,-1.8442
5.326e-05,-1.8442
5.328e-05,-1.8442
5.33e-05,-1.8442
5.332e-05,-1.0256
5.334e-05,-1.0442
5.336e-05,-0.22556
5.338e-05,-1.0442
5.34e-05,-1.0442
5.342e-05,-0.24415
5.344e-05,-1.0442
5.346e-05,-1.0442
5.348e-05,-0.24415
5.35e-05,-1.0442
5.352e-05,-1.0442
5.354e-05,-1.0256
5.356e-05,-1.0442
5.358e-05,-1.0442
5.36e-05,-1.0442
5.362e-05,-1.0256
5.364e-05,-1.0442
5.366e-05,-1.0442
5.368e-05,-1.0256
5.37e-05,-1.0442
5.372e-05,-1.0442
5.374e-05,-1.8256
5.376e-05,-1.8256
5.378e-05,-1.8442
5.38e-05,-1.0442
5.382e-05,-1.8256
5.384e-05,-1.0442
5.386e-05,-1.0442
5.388e-05,-1.0442
5.39e-05,-1.0442
5.392e-05,-1.0442
5.394e-05,-1.0442
5.396e-05,-1.0442
5.398e-05,-1.0442
5.4e-05,-1.0442
5.402e-05,-1.0442
5.404e-05,-1.0256
5.406e-05,-1.0442
5.408e-05,-1.0442
5.41e-05,-1.0442
5.412e-05,-1.0442
5.414e-05,-0.24415
5.416e-05,-1.0442
5.418e-05,-1.0442
5.42e-05,-1.0442
5.422e-05,-1.0442
5.424e-05,-0.24415
5.426e-05,-1.0442
5.428e-05,-1.0442
5.43e-05,-1.0442
5.432e-05,-1.8442
5.434e-05,-1.0442
5.436e-05,-1.8442
5.438e-05,-1.8627
5.44e-05,-1.8442
5.442e-05,-2.6442
5.444e-05,-1.8256
5.446e-05,-1.8442
5.448e-05,-1.8442
5.45e-05,-1.0442
5.452e-05,-1.8442
5.454e-05,-1.0256
5.456e-05,-1.0256
5.458e-05,-1.0442
5.46e-05,-1.0442
5.462e-05,-1.0442
5.464e-05,-1.0442
5.466e-05,-1.0627
5.468e-05,-1.0256
5.47e-05,-0.24415
5.472e-05,-1.0256
5.474e-05,-1.0256
5.476e-05,-1.0442
5.478e-05,-1.0256
5.48e-05,-1.0442
5.482e-05,-1.0442
5.484e-05,-1.8442
5.486e-05,-1.8442
5.488e-05,-1.0442
5.49e-05,-1.0442
5.492e-05,-1.0442
5.494e-05,-1.0442
5.496e-05,-1.0442
5.498e-05,-1.0442
5.5e-05,-1.0442
5.502e-05,-1.0442
5.504e-05,-1.0442
5.506e-05,-1.0442
5.508e-05,-1.0442
5.51e-05,-1.0442
5.512e-05,-1.0442
5.514e-05,-1.8442
5.516e-05,-1.0442
5.518e-05,-1.8442
5.52e-05,-1.0256
5.522e-05,-1.8442
5.524e-05,-1.8442
5.526e-05,-1.0256
5.528e-05,-1.8442
5.53e-05,-1.0256
5.532e-05,-1.0442
5.534e-05,-1.0256
5.536e-05,-1.0442
5.538e-05,-1.0442
5.54e-05,-1.0442
5.542e-05,-1.0256
5.544e-05,-1.0256
5.546e-05,-1.0256
5.548e-05,-1.0256
5.55e-05,-1.0256
5.552e-05,-1.0256
5.554e-05,-1.0442
5.556e-05,-1.0256
5.558e-05,-1.0256
5.56e-05,-1.0442
5.562e-05,-1.0442
5.564e-05,-1.0442
5.566e-05,-1.0256
5.568e-05,-1.0442
5.57e-05,-1.0442
5.572e-05,-1.0256
5.574e-05,-1.8442
5.576e-05,-1.8256
5.578e-05,-1.0442
5.58e-05,-1.0442
5.582e-05,-1.0256
5.584e-05,-1.0256
5.586e-05,-1.0442
5.588e-05,-1.0256
5.59e-05,-1.0442
5.592e-05,-1.0442
5.594e-05,-1.0442
5.596e-05,-1.0442
5.598e-05,-1.0256
5.6e-05,-1.0442
5.602e-05,-1.0442
5.604e-05,-1.0256
5.606e-05,-1.0442
5.608e-05,-1.0442
5.61e-05,-0.22556
5.612e-05,-1.0256
5.614e-05,-0.22556
5.616e-05,-0.22556
5.618e-05,-1.0256
5.62e-05,-0.22556
5.622e-05,-0.22556
5.624e-05,-0.24415
5.626e-05,-1.0442
5.628e-05,-1.0442
5.63e-05,-1.0442
5.632e-05,-1.0256
5.634e-05,-1.0442
5.636e-05,-1.0256
5.638e-05,-1.8256
5.64e-05,-1.8256
5.642e-05,-1.8442
5.644e-05,-1.8256
5.646e-05,-1.8442
5.648e-05,-1.8256
5.65e-05,-1.0256
5.652e-05,-1.0442
5.654e-05,-1.0442
5.656e-05,-1.0442
5.658e-05,-1.0256
5.66e-05,-1.0256
5.662e-05,-1.0442
5.664e-05,-1.0256
5.666e-05,0.55585
5.668e-05,-0.24415
5.67e-05,-0.24415
5.672e-05,-0.24415
5.674e-05,-1.0442
5.676e-05,-0.22556
5.678e-05,-1.0442
5.68e-05,-1.0256
5.682e-05,-1.0256
5.684e-05,-1.0256
5.686e-05,-1.0256
5.688e-05,-1.8256
5.69e-05,-1.8442
5.692e-05,-1.8256
5.694e-05,-1.0442
5.696e-05,-1.0442
5.698e-05,-1.0256
5.7e-05,-1.0256
5.702e-05,-1.0256
5.704e-05,-1.0442
5.706e-05,-1.0256
5.708e-05,-1.0256
5.71e-05,-1.0442
5.712e-05,-1.0256
5.714e-05,-1.0256
5.716e-05,-1.0442
5.718e-05,-1.0442
5.72e-05,-1.0256
5.722e-05,-1.0256
5.724e-05,-1.0256
5.726e-05,-1.0442
5.728e-05,-1.0256
5.73e-05,-1.0442
5.732e-05,-1.0442
5.734e-05,-1.0442
5.736e-05,-1.0256
5.738e-05,-1.0256
5.74e-05,-1.0256
5.742e-05,-1.0442
5.744e-05,-1.0256
5.746e-05,-1.0256
5.748e-05,-1.0256
5.75e-05,-1.0442
5.752e-05,-1.0442
5.754e-05,-1.0256
5.756e-05,-1.0442
5.758e-05,-1.0442
5.76e-05,-1.0256
5.762e-05,-1.0256
5.764e-05,-1.0256
5.766e-05,-1.0256
5.768e-05,-1.0442
5.77e-05,-1.0256
5.772e-05,-1.0442
5.774e-05,-1.0442
5.776e-05,-1.8256
5.778e-05,-1.0256
5.78e-05,-1.0256
5.782e-05,-1.0256
5.784e-05,-1.0442
5.786e-05,-1.0256
5.788e-05,-1.0256
5.79e-05,-1.0256
5.792e-05,-1.0256
5.794e-05,-1.0256
5.796e-05,-1.0256
5.798e-05,-1.0256
5.8e-05,-1.8256
5.802e-05,-1.0256
5.804e-05,-1.0256
5.806e-05,-1.0256
5.808e-05,-1.0256
5.81e-05,-1.0442
5.812e-05,-1.0442
5.814e-05,-1.0256
5.816e-05,-0.24415
5.818e-05,-1.0256
5.82e-05,-0.24415
5.822e-05,-0.24415
5.824e-05,-1.0256
5.826e-05,-0.22556
5.828e-05,-1.0442
5.83e-05,-1.0442
5.832e-05,-1.0256
5.834e-05,-1.0256
5.836e-05,-1.8256
5.838e-05,-1.8442
5.84e-05,-1.8256
5.842e-05,-1.8256
5.844e-05,-1.8256
5.846e-05,-1.0442
5.848e-05,-1.8256
5.85e-05,-1.8442
5.852e-05,-1.0256
5.854e-05,-1.0256
5.856e-05,-1.0442
5.858e-05,-1.0256
5.86e-05,-1.0442
5.862e-05,-1.0256
5.864e-05,-1.0442
5.866e-05,-0.22556
5.868e-05,-0.22556
5.87e-05,-0.22556
5.872e-05,-0.22556
5.874e-05,-0.24415
5.876e-05,-1.0256
5.878e-05,-1.0256
5.88e-05,-1.0256
5.882e-05,-1.0442
5.884e-05,-1.0256
5.886e-05,-1.0256
5.888e-05,-1.0256
5.89e-05,-1.0442
5.892e-05,-1.0442
5.894e-05,-1.0256
5.896e-05,-1.0256
5.898e-05,-1.0442
5.9e-05,-1.0256
5.902e-05,-1.0256
5.904e-05,-1.0256
5.906e-05,-1.0256
5.908e-05,-1.0256
5.91e-05,-1.0256
5.912e-05,-1.0442
5.914e-05,-1.0442
5.916e-05,-1.0442
5.918e-05,-1.0442
5.92e-05,-1.0256
5.922e-05,-1.0256
5.924e-05,-1.0442
5.926e-05,-1.0442
5.928e-05,-1.0256
5.93e-05,-1.0256
5.932e-05,-1.0256
5.934e-05,-1.0256
5.936e-05,-1.0256
5.938e-05,-1.0442
5.94e-05,-1.0256
5.942e-05,-0.24415
5.944e-05,-1.0442
5.946e-05,-1.0442
5.948e-05,-1.0256
5.95e-05,-1.0256
5.952e-05,-1.0256
5.954e-05,-1.0442
5.956e-05,-1.0256
5.958e-05,-1.0442
5.96e-05,-1.0256
5.962e-05,-1.0442
5.964e-05,-1.0442
5.966e-05,-1.0442
5.968e-05,-1.0256
5.97e-05,-1.0256
5.972e-05,-1.0256
5.974e-05,-1.0256
5.976e-05,-1.0442
5.978e-05,-1.0256
5.98e-05,-1.0256
5.982e-05,-1.0256
5.984e-05,-1.0256
5.986e-05,-1.0256
5.988e-05,-1.0256
5.99e-05,-1.0442
5.992e-05,-1.0442
5.994e-05,-1.0256
5.996e-05,-1.0256
5.998e-05,-1.0256
6e-05,-1.0442
6.002e-05,-1.0256
6.004e-05,-1.0442
6.006e-05,-1.0256
6.008e-05,-1.0256
6.01e-05,-1.0256
6.012e-05,-1.0442
6.014e-05,-1.0442
6.016e-05,-1.0256
6.018e-05,-0.24415
6.02e-05,-0.22556
6.022e-05,-1.0256
6.024e-05,-0.22556
6.026e-05,-1.0256
6.028e-05,-1.0256
6.03e-05,-1.0256
6.032e-05,-1.0256
6.034e-05,-1.0442
6.036e-05,-1.0256
6.038e-05,-1.0442
6.04e-05,-1.8256
6.042e-05,-1.0442
6.044e-05,-1.0256
6.046e-05,-1.8256
6.048e-05,-1.0256
6.05e-05,-1.0256
6.052e-05,-1.0442
6.054e-05,-1.0256
6.056e-05,-1.0256
6.058e-05,-1.0256
6.06e-05,-1.0442
6.062e-05,-1.0256
6.064e-05,-1.0256
6.066e-05,-1.0442
6.068e-05,-0.22556
6.07e-05,-1.0256
6.072e-05,-1.0256
6.074e-05,-0.24415
6.076e-05,-0.24415
6.078e-05,-1.0256
6.08e-05,-1.0256
6.082e-05,-1.0256
6.084e-05,-1.0256
6.086e-05,-1.0256
6.088e-05,-1.0256
6.09e-05,-1.0256
6.092e-05,-1.0256
6.094e-05,-1.0256
6.096e-05,-1.0256
6.098e-05,-1.0256
6.1e-05,-1.0256
6.102e-05,-1.0256
6.104e-05,-1.0256
6.106e-05,-1.0256
6.108e-05,-1.0442
6.11e-05,-1.0256
6.112e-05,-1.0256
6.114e-05,-1.0256
6.116e-05,-1.0256
6.118e-05,-1.0442
6.12e-05,-1.0442
6.122e-05,-1.0256
6.124e-05,-1.0256
6.126e-05,-1.0256
6.128e-05,-1.0442
6.13e-05,-1.0442
6.132e-05,-1.0256
6.134e-05,-0.24415
6.136e-05,-0.22556
6.138e-05,-0.24415
6.14e-05,-1.0256
6.142e-05,-1.0256
6.144e-05,-0.22556
6.146e-05,-1.0256
6.148e-05,-1.0256
6.15e-05,-1.0256
6.152e-05,-1.0256
6.154e-05,-1.0256
6.156e-05,-1.0442
6.158e-05,-1.0442
6.16e-05,-1.0256
6.162e-05,-1.0256
6.164e-05,-1.0256
6.166e-05,-1.0256
6.168e-05,-1.0256
6.17e-05,-1.0256
6.172e-05,-1.0256
6.174e-05,-1.0256
6.176e-05,-1.0256
6.178e-05,-1.0442
6.18e-05,-1.0442
6.182e-05,-1.0256
6.184e-05,-1.0256
6.186e-05,-1.0256
6.188e-05,-1.0256
6.19e-05,-1.0256
6.192e-05,-1.0256
6.194e-05,-1.0256
6.196e-05,-1.0256
6.198e-05,-1.0256
6.2e-05,-1.0442
6.202e-05,-0.22556
6.204e-05,-1.0256
6.206e-05,-1.0256
6.208e-05,-1.0256
6.21e-05,-1.0256
6.212e-05,-0.22556
6.214e-05,-1.0256
6.216e-05,-0.22556
6.218e-05,-1.0256
6.22e-05,-0.22556
6.222e-05,-1.0256
6.224e-05,-1.0256
6.226e-05,-0.22556
6.228e-05,-1.0442
6.23e-05,-1.0256
6.232e-05,-1.0256
6.234e-05,-1.0256
6.236e-05,-1.0256
6.238e-05,-1.0256
6.24e-05,-1.0256
6.242e-05,-1.0256
6.244e-05,-1.0256
6.246e-05,-1.0442
6.248e-05,-1.0256
6.25e-05,-1.0256
6.252e-05,-1.0256
6.254e-05,-1.0256
6.256e-05,-1.0256
6.258e-05,-1.0256
6.26e-05,-0.22556
6.262e-05,-1.0256
6.264e-05,-0.22556
6.266e-05,-0.22556
6.268e-05,-1.0256
6.27e-05,-0.22556
6.272e-05,-0.22556
6.274e-05,-0.24415
6.276e-05,-1.0442
6.278e-05,-1.0256
6.28e-05,-1.0256
6.282e-05,-1.0256
6.284e-05,-0.22556
6.286e-05,-1.0256
6.288e-05,-1.0256
6.29e-05,-1.0256
6.292e-05,-0.22556
6.294e-05,-1.0256
6.296e-05,-1.0256
6.298e-05,-1.0256
6.3e-05,-1.0256
6.302e-05,-1.0442
6.304e-05,-1.0256
6.306e-05,-1.0256
6.308e-05,-0.22556
6.31e-05,-1.0442
6.312e-05,-1.0256
6.314e-05,-1.0256
6.316e-05,-1.0256
6.318e-05,-1.0256
6.32e-05,-1.0256
6.322e-05,-1.0256
6.324e-05,-1.0256
6.326e-05,-1.0442
6.328e-05,-1.0256
6.33e-05,-1.0256
6.332e-05,-0.22556
6.334e-05,-0.22556
6.336e-05,-0.24415
6.338e-05,-0.22556
6.34e-05,-0.22556
6.342e-05,-0.22556
6.344e-05,-0.22556
6.346e-05,-0.22556
6.348e-05,-1.0256
6.35e-05,-0.22556
6.352e-05,-0.22556
6.354e-05,-0.22556
6.356e-05,-1.0256
6.358e-05,-1.0256
6.36e-05,-1.0256
6.362e-05,-1.0256
6.364e-05,-1.0256
6.366e-05,-1.0442
6.368e-05,-0.22556
6.37e-05,-1.0256
6.372e-05,-1.0256
6.374e-05,-1.0256
6.376e-05,-1.0256
6.378e-05,-1.0256
6.38e-05,-1.0256
6.382e-05,-1.0256
6.384e-05,-1.0256
6.386e-05,-1.0256
6.388e-05,-1.0256
6.39e-05,-0.22556
6.392e-05,-0.22556
6.394e-05,-1.0256
6.396e-05,-1.0256
6.398e-05,-1.0256
6.4e-05,-0.22556
6.402e-05,-1.0256
6.404e-05,-0.22556
6.406e-05,-1.0256
6.408e-05,-0.22556
6.41e-05,-0.22556
6.412e-05,-1.0256
6.414e-05,-1.0256
6.416e-05,-1.0256
6.418e-05,-0.22556
6.42e-05,0.57444
6.422e-05,-1.0256
6.424e-05,-0.24415
6.426e-05,-0.22556
6.428e-05,-1.0256
6.43e-05,-1.0256
6.432e-05,-1.0256
6.434e-05,-1.0256
6.436e-05,-1.0256
6.438e-05,-1.0256
6.44e-05,-1.0256
6.442e-05,-1.0256
6.444e-05,-1.0256
6.446e-05,-1.0442
6.448e-05,-1.0256
6.45e-05,-1.0256
6.452e-05,-1.007
6.454e-05,-1.0256
6.456e-05,-1.0442
6.458e-05,-1.0256
6.46e-05,-0.22556
6.462e-05,-1.0442
6.464e-05,-1.0256
6.466e-05,-0.22556
6.468e-05,-1.0256
6.47e-05,-1.0256
6.472e-05,-0.22556
6.474e-05,-1.0256
6.476e-05,-1.0256
6.478e-05,-1.0442
6.48e-05,-1.0256
6.482e-05,-1.0256
6.484e-05,-1.0256
6.486e-05,-1.0256
6.488e-05,-1.0256
6.49e-05,-1.0442
6.492e-05,-1.0256
6.494e-05,-1.0256
6.496e-05,-1.0256
6.498e-05,-1.0256
6.5e-05,-1.0256
6.502e-05,-1.0256
6.504e-05,-0.22556
6.506e-05,-1.0256
6.508e-05,-1.0256
6.51e-05,-0.22556
6.512e-05,-0.22556
6.514e-05,-1.0256
6.516e-05,-1.0256
6.518e-05,-1.0442
6.52e-05,-1.0256
6.522e-05,-1.0256
6.524e-05,-0.22556
6.526e-05,-1.0256
6.528e-05,-0.22556
6.53e-05,-1.0256
6.532e-05,-0.22556
6.534e-05,-0.22556
6.536e-05,-0.22556
6.538e-05,-0.22556
6.54e-05,-1.0256
6.542e-05,-0.24415
6.544e-05,-0.22556
6.546e-05,-0.22556
6.548e-05,-1.0256
6.55e-05,-1.0256
6.552e-05,-0.22556
6.554e-05,-0.22556
6.556e-05,-1.0256
6.558e-05,-1.007
6.56e-05,-1.0256
6.562e-05,-1.0256
6.564e-05,-1.0256
6.566e-05,-1.0256
6.568e-05,-1.0256
6.57e-05,-1.0256
6.572e-05,-1.0256
6.574e-05,-0.22556
6.576e-05,-1.0256
6.578e-05,-1.0256
6.58e-05,-1.0256
6.582e-05,-0.22556
6.584e-05,-1.0256
6.586e-05,-1.0256
6.588e-05,-1.007
6.59e-05,-1.0256
6.592e-05,-0.20696
6.594e-05,-1.0256
6.596e-05,-1.0256
6.598e-05,-0.22556
6.6e-05,-1.0256
6.602e-05,-1.0442
6.604e-05,-0.22556
6.606e-05,0.57444
6.608e-05,-1.0256
6.61e-05,-1.0256
6.612e-05,-0.22556
6.614e-05,-0.22556
6.616e-05,-1.0256
6.618e-05,-0.22556
6.62e-05,-0.22556
6.622e-05,-1.0256
6.624e-05,-1.0256
6.626e-05,-1.0256
6.628e-05,-1.0442
6.63e-05,-1.0256
6.632e-05,-1.0256
6.634e-05,-1.0256
6.636e-05,-1.0256
6.638e-05,-1.0256
6.64e-05,-1.0256
6.642e-05,-1.0256
6.644e-05,-1.0256
6.646e-05,-1.0256
6.648e-05,-1.0256
6.65e-05,-1.0442
6.652e-05,-1.0256
6.654e-05,-1.0442
6.656e-05,-1.0256
6.658e-05,-1.0256
6.66e-05,-0.22556
6.662e-05,-0.22556
6.664e-05,-0.20696
6.666e-05,-0.22556
6.668e-05,-0.22556
6.67e-05,-1.0256
6.672e-05,-1.0256
6.674e-05,-0.24415
6.676e-05,-0.22556
6.678e-05,-1.0256
6.68e-05,-1.0256
6.682e-05,-1.0256
6.684e-05,-1.0442
6.686e-05,-1.0256
6.688e-05,-1.0256
6.69e-05,-1.0256
6.692e-05,-1.0256
6.694e-05,-1.0256
6.696e-05,-1.0256
6.698e-05,-0.22556
6.7e-05,-1.0256
6.702e-05,-0.22556
6.704e-05,-1.0256
6.706e-05,-1.0256
6.708e-05,-0.22556
6.71e-05,-1.0256
6.712e-05,-0.22556
6.714e-05,-0.22556
6.716e-05,-1.0256
6.718e-05,-1.0256
6.72e-05,-1.0256
6.722e-05,-1.0256
6.724e-05,-1.0256
6.726e-05,-0.22556
6.728e-05,-1.0256
6.73e-05,-1.0256
6.732e-05,-0.22556
6.734e-05,-0.22556
6.736e-05,-0.22556
6.738e-05,0.57444
6.74e-05,-0.22556
6.742e-05,-0.22556
6.744e-05,-0.22556
6.746e-05,-0.22556
6.748e-05,-1.0256
6.75e-05,-1.0256
6.752e-05,-1.0256
6.754e-05,-1.0256
6.756e-05,-1.0256
6.758e-05,-1.0256
6.76e-05,-0.20696
6.762e-05,-0.22556
6.764e-05,-0.22556
6.766e-05,-1.0256
6.768e-05,-1.0256
6.77e-05,-1.007
6.772e-05,-1.0256
6.774e-05,-1.0256
6.776e-05,-0.22556
6.778e-05,-0.22556
6.78e-05,-1.0256
6.782e-05,-0.24415
6.784e-05,-1.0256
6.786e-05,-1.0256
6.788e-05,-1.0256
6.79e-05,-1.0442
6.792e-05,-0.22556
6.794e-05,-0.22556
6.796e-05,-1.0256
6.798e-05,-1.0256
6.8e-05,-0.22556
6.802e-05,0.57444
6.804e-05,-0.22556
6.806e-05,-0.22556
6.808e-05,0.57444
6.81e-05,-0.22556
6.812e-05,0.57444
6.814e-05,0.57444
6.816e-05,0.57444
6.818e-05,-0.22556
6.82e-05,-1.0256
6.822e-05,-1.0256
6.824e-05,-0.22556
6.826e-05,-0.22556
6.828e-05,-1.0256
6.83e-05,-1.0256
6.832e-05,-1.0256
6.834e-05,-1.0442
6.836e-05,-1.0256
6.838e-05,-1.0256
6.84e-05,-1.0256
6.842e-05,-1.0256
6.844e-05,-1.0256
6.846e-05,-1.0442
6.848e-05,-0.22556
6.85e-05,-1.0256
6.852e-05,-1.0256
6.854e-05,-0.22556
6.856e-05,-0.22556
6.858e-05,-1.0256
6.86e-05,-0.24415
6.862e-05,-1.0256
6.864e-05,-0.22556
6.866e-05,-1.007
6.868e-05,0.57444
6.87e-05,-0.22556
6.872e-05,-0.22556
6.874e-05,0.57444
6.876e-05,-0.22556
6.878e-05,-0.22556
6.88e-05,-0.22556
6.882e-05,-1.0256
6.884e-05,-1.0256
6.886e-05,-0.22556
6.888e-05,-1.0256
6.89e-05,-1.0256
6.892e-05,-1.0256
6.894e-05,-1.0256
6.896e-05,-1.0256
6.898e-05,-1.0256
6.9e-05,-0.22556
6.902e-05,-0.22556
6.904e-05,-0.22556
6.906e-05,-1.0256
6.908e-05,-1.0256
6.91e-05,-1.0256
6.912e-05,-1.0256
6.914e-05,-1.0256
6.916e-05,-0.22556
6.918e-05,-1.0256
6.92e-05,-0.22556
6.922e-05,-0.22556
6.924e-05,-0.22556
6.926e-05,-0.20696
6.928e-05,-1.0256
6.93e-05,-0.22556
6.932e-05,-0.22556
6.934e-05,-0.20696
6.936e-05,-1.0256
6.938e-05,-0.22556
6.94e-05,-0.22556
6.942e-05,-0.22556
6.944e-05,-1.0256
6.946e-05,-0.24415
6.948e-05,-1.0256
6.95e-05,-1.0256
6.952e-05,-1.0256
6.954e-05,-1.0256
6.956e-05,-1.0256
6.958e-05,-1.0256
6.96e-05,-0.22556
6.962e-05,-1.0256
6.964e-05,-1.0256
6.966e-05,-0.20696
6.968e-05,0.57444
6.97e-05,-0.22556
6.972e-05,-0.22556
6.974e-05,-0.22556
6.976e-05,-0.22556
6.978e-05,-1.0256
6.98e-05,-0.22556
6.982e-05,-0.22556
6.984e-05,-0.22556
6.986e-05,-1.0256
6.988e-05,-0.22556
6.99e-05,-0.22556
6.992e-05,-1.0256
6.994e-05,-0.22556
6.996e-05,-1.007
6.998e-05,-0.22556
7e-05,-1.0256
7.002e-05,-0.22556
7.004e-05,-0.22556
7.006e-05,-0.22556
7.008e-05,0.59304
7.01e-05,0.57444
7.012e-05,-0.22556
7.014e-05,-0.18837
7.016e-05,-1.0256
7.018e-05,0.55585
7.02e-05,0.57444
7.022e-05,0.57444
7.024e-05,-0.22556
7.026e-05,-0.22556
7.028e-05,-0.22556
7.03e-05,-1.0256
7.032e-05,-1.0256
7.034e-05,-1.0256
7.036e-05,-1.0256
7.038e-05,0.57444
7.04e-05,-1.007
7.042e-05,-1.0256
7.044e-05,-1.0256
7.046e-05,-1.007
7.048e-05,-1.0256
7.05e-05,-1.0256
7.052e-05,-1.007
7.054e-05,-0.20696
7.056e-05,-0.22556
7.058e-05,-1.0256
7.06e-05,-0.22556
7.062e-05,-0.22556
7.064e-05,-0.22556
7.066e-05,-0.22556
7.068e-05,-0.22556
7.07e-05,-0.22556
7.072e-05,-1.0256
7.074e-05,-0.22556
7.076e-05,-0.22556
7.078e-05,-0.22556
7.08e-05,-0.22556
7.082e-05,-0.22556
7.084e-05,0.57444
7.086e-05,-1.0256
7.088e-05,-0.22556
7.09e-05,-0.22556
7.092e-05,-1.0256
7.094e-05,-0.20696
7.096e-05,-1.0256
7.098e-05,-1.0256
7.1e-05,-0.20696
7.102e-05,-1.0256
7.104e-05,-1.0256
7.106e-05,-0.22556
7.108e-05,-0.20696
7.11e-05,0.59304
7.112e-05,-0.22556
7.114e-05,-0.22556
7.116e-05,0.57444
7.118e-05,-0.22556
7.12e-05,-1.0256
7.122e-05,-1.0256
7.124e-05,-1.0256
7.126e-05,-0.22556
7.128e-05,-1.0256
7.13e-05,-0.22556
7.132e-05,-1.0256
7.134e-05,-0.22556
7.136e-05,-1.0256
7.138e-05,-0.22556
7.14e-05,-1.0256
7.142e-05,-1.0256
7.144e-05,-0.22556
7.146e-05,-1.0256
7.148e-05,-1.0256
7.15e-05,-0.22556
7.152e-05,-0.22556
7.154e-05,-1.007
7.156e-05,-1.0256
7.158e-05,-1.0256
7.16e-05,-1.0256
7.162e-05,-0.22556
7.164e-05,-1.0256
7.166e-05,-1.0256
7.168e-05,-0.22556
7.17e-05,-1.0256
7.172e-05,-1.0256
7.174e-05,0.57444
7.176e-05,0.57444
7.178e-05,-0.20696
7.18e-05,-1.007
7.182e-05,-1.0256
7.184e-05,-1.0256
7.186e-05,-0.22556
7.188e-05,-0.22556
7.19e-05,-1.0256
7.192e-05,-0.22556
7.194e-05,-0.22556
7.196e-05,-1.0256
7.198e-05,-0.22556
7.2e-05,-1.0256
7.202e-05,-0.22556
7.204e-05,-0.22556
7.206e-05,-0.22556
7.208e-05,-0.22556
7.21e-05,0.57444
7.212e-05,0.59304
7.214e-05,-0.20696
7.216e-05,0.57444
7.218e-05,-1.0256
7.22e-05,-1.0256
7.222e-05,-0.22556
7.224e-05,-0.20696
7.226e-05,-0.22556
7.228e-05,-1.0256
7.23e-05,-1.0256
7.232e-05,-1.0256
7.234e-05,-1.0256
7.236e-05,-0.22556
7.238e-05,-1.0256
7.24e-05,-1.8256
7.242e-05,-1.0256
7.244e-05,-1.0256
7.246e-05,0.57444
7.248e-05,-1.0256
7.25e-05,-1.0256
7.252e-05,0.57444
7.254e-05,-1.007
7.256e-05,-0.22556
7.258e-05,0.59304
7.26e-05,-0.22556
7.262e-05,0.57444
7.264e-05,-0.22556
7.266e-05,0.57444
7.268e-05,-0.22556
7.27e-05,-0.22556
7.272e-05,-0.22556
7.274e-05,-0.22556
7.276e-05,0.59304
7.278e-05,-1.0256
7.28e-05,0.57444
7.282e-05,-0.22556
7.284e-05,-0.22556
7.286e-05,0.57444
7.288e-05,-1.0256
7.29e-05,-1.0256
7.292e-05,-0.22556
7.294e-05,-1.0256
7.296e-05,-0.22556
7.298e-05,-1.0256
7.3e-05,0.57444
7.302e-05,-1.0256
7.304e-05,-1.007
7.306e-05,0.57444
7.308e-05,-0.22556
7.31e-05,-0.22556
7.312e-05,0.57444
7.314e-05,-0.22556
7.316e-05,-1.007
7.318e-05,-1.0256
7.32e-05,-1.0256
7.322e-05,-0.20696
7.324e-05,0.59304
7.326e-05,-0.22556
7.328e-05,-0.22556
7.33e-05,-0.20696
7.332e-05,-0.22556
7.334e-05,-0.22556
7.336e-05,-0.22556
7.338e-05,-0.22556
7.34e-05,0.57444
7.342e-05,-0.22556
7.344e-05,-0.22556
7.346e-05,0.57444
7.348e-05,0.57444
7.35e-05,-0.22556
7.352e-05,0.57444
7.354e-05,-1.0256
7.356e-05,-0.22556
7.358e-05,-1.0256
7.36e-05,-1.0256
7.362e-05,-0.22556
7.364e-05,-0.20696
7.366e-05,-1.0256
7.368e-05,-0.22556
7.37e-05,-1.0256
7.372e-05,-0.22556
7.374e-05,-1.0256
7.376e-05,-1.0256
7.378e-05,-1.0256
7.38e-05,-0.22556
7.382e-05,-0.20696
7.384e-05,-0.22556
7.386e-05,-0.22556
7.388e-05,0.57444
7.39e-05,-1.0256
7.392e-05,-0.22556
7.394e-05,0.57444
7.396e-05,-0.22556
7.398e-05,-0.22556
7.4e-05,-0.22556
7.402e-05,-0.22556
7.404e-05,0.57444
7.406e-05,-0.22556
7.408e-05,-0.22556
7.41e-05,0.57444
7.412e-05,0.57444
7.414e-05,-0.22556
7.416e-05,0.57444
7.418e-05,-0.22556
7.42e-05,-0.22556
7.422e-05,0.57444
7.424e-05,-0.22556
7.426e-05,-1.0256
7.428e-05,-0.22556
7.43e-05,-1.0256
7.432e-05,0.57444
7.434e-05,-0.22556
7.436e-05,-1.0256
7.438e-05,-1.0256
7.44e-05,-1.007
7.442e-05,-1.0256
7.444e-05,-1.0256
7.446e-05,-1.007
7.448e-05,-1.0256
7.45e-05,-0.22556
7.452e-05,-0.20696
7.454e-05,-0.22556
7.456e-05,-0.20696
7.458e-05,0.57444
7.46e-05,0.57444
7.462e-05,-0.22556
7.464e-05,0.57444
7.466e-05,-0.22556
7.468e-05,-0.22556
7.47e-05,-0.20696
7.472e-05,-0.20696
7.474e-05,-0.22556
7.476e-05,0.57444
7.478e-05,-0.18837
7.48e-05,-0.22556
7.482e-05,-1.0256
7.484e-05,-0.20696
7.486e-05,-0.22556
7.488e-05,-0.22556
7.49e-05,-0.22556
7.492e-05,-0.22556
7.494e-05,-1.0256
7.496e-05,-1.0256
7.498e-05,-0.22556
7.5e-05,-1.0256
7.502e-05,-1.0256
7.504e-05,-1.0256
7.506e-05,-0.22556
7.508e-05,-1.007
7.51e-05,-1.0256
7.512e-05,-1.0256
7.514e-05,-1.0256
7.516e-05,0.57444
7.518e-05,-0.22556
7.52e-05,0.59304
7.522e-05,-0.22556
7.524e-05,-0.22556
7.526e-05,-0.22556
7.528e-05,-0.22556
7.53e-05,-0.22556
7.532e-05,0.57444
7.534e-05,-1.007
7.536e-05,-0.22556
7.538e-05,-0.22556
7.54e-05,-0.22556
7.542e-05,0.57444
7.544e-05,-0.22556
7.546e-05,-1.0256
7.548e-05,-0.22556
7.55e-05,-1.0256
7.552e-05,-0.22556
7.554e-05,-1.0256
7.556e-05,-0.22556
7.558e-05,-0.22556
7.56e-05,-0.20696
7.562e-05,-1.0256
7.564e-05,-1.0256
7.566e-05,-0.22556
7.568e-05,0.57444
7.57e-05,-1.007
7.572e-05,-0.22556
7.574e-05,0.59304
7.576e-05,-0.22556
7.578e-05,-1.0256
7.58e-05,-1.007
7.582e-05,-1.0256
7.584e-05,-0.22556
7.586e-05,-0.22556
7.588e-05,-1.0256
7.59e-05,-0.22556
7.592e-05,-1.0256
7.594e-05,-0.22556
7.596e-05,0.57444
7.598e-05,-0.22556
7.6e-05,0.57444
7.602e-05,0.57444
7.604e-05,-0.22556
7.606e-05,0.57444
7.608e-05,0.57444
7.61e-05,0.57444
7.612e-05,0.57444
7.614e-05,-0.22556
7.616e-05,0.57444
7.618e-05,-0.22556
7.62e-05,-0.22556
7.622e-05,0.57444
7.624e-05,-1.0256
7.626e-05,-1.0256
7.628e-05,-0.22556
7.63e-05,-1.0256
7.632e-05,-0.20696
7.634e-05,-1.0256
7.636e-05,-0.22556
7.638e-05,-1.0256
7.64e-05,-1.007
7.642e-05,0.57444
7.644e-05,-0.22556
7.646e-05,-1.0256
7.648e-05,-0.22556
7.65e-05,-0.22556
7.652e-05,0.57444
7.654e-05,-0.22556
7.656e-05,0.61163
7.658e-05,-0.22556
7.66e-05,0.59304
7.662e-05,0.59304
7.664e-05,0.57444
7.666e-05,-0.22556
7.668e-05,-0.22556
7.67e-05,0.57444
7.672e-05,0.57444
7.674e-05,-0.22556
7.676e-05,-0.22556
7.678e-05,-0.22556
7.68e-05,0.59304
7.682e-05,-1.0256
7.684e-05,-0.22556
7.686e-05,0.59304
7.688e-05,-0.22556
7.69e-05,-0.22556
7.692e-05,-0.22556
7.694e-05,-0.22556
7.696e-05,-0.22556
7.698e-05,-1.0256
7.7e-05,0.59304
7.702e-05,-1.0256
7.704e-05,-0.22556
7.706e-05,0.59304
7.708e-05,-0.20696
7.71e-05,0.57444
7.712e-05,-0.22556
7.714e-05,-0.22556
7.716e-05,-0.20696
7.718e-05,-1.0256
7.72e-05,-1.0256
7.722e-05,-1.0256
7.724e-05,-1.0256
7.726e-05,-0.22556
7.728e-05,-0.22556
7.73e-05,-0.22556
7.732e-05,0.57444
7.734e-05,-0.22556
7.736e-05,0.57444
7.738e-05,0.57444
7.74e-05,-0.22556
7.742e-05,0.57444
7.744e-05,0.57444
7.746e-05,0.57444
7.748e-05,-0.20696
7.75e-05,0.57444
7.752e-05,-0.22556
7.754e-05,-0.22556
7.756e-05,-0.20696
7.758e-05,-1.007
7.76e-05,-0.22556
7.762e-05,-0.22556
7.764e-05,-0.22556
7.766e-05,-1.0256
7.768e-05,-1.007
7.77e-05,-1.0256
7.772e-05,-1.0256
7.774e-05,-0.22556
7.776e-05,-0.22556
7.778e-05,-1.0256
7.78e-05,-0.22556
7.782e-05,0.57444
7.784e-05,-1.0256
7.786e-05,-1.0256
7.788e-05,-0.20696
7.79e-05,-1.0256
7.792e-05,-0.22556
7.794e-05,-1.0256
7.796e-05,0.57444
7.798e-05,-0.22556
7.8e-05,0.57444
7.802e-05,0.59304
7.804e-05,-0.20696
7.806e-05,-0.22556
7.808e-05,0.57444
7.81e-05,0.57444
7.812e-05,-0.22556
7.814e-05,0.57444
7.816e-05,0.61163
7.818e-05,0.57444
7.82e-05,0.57444
7.822e-05,-0.22556
7.824e-05,-0.22556
7.826e-05,-0.20696
7.828e-05,-1.0256
7.83e-05,-0.22556
7.832e-05,-1.007
7.834e-05,-1.0256
7.836e-05,-0.22556
7.838e-05,-0.20696
7.84e-05,-1.0256
7.842e-05,-1.0256
7.844e-05,-0.22556
7.846e-05,-0.22556
7.848e-05,-0.22556
7.85e-05,-1.0256
7.852e-05,-0.22556
7.854e-05,-0.20696
7.856e-05,-0.22556
7.858e-05,-0.22556
7.86e-05,-0.22556
7.862e-05,-0.22556
7.864e-05,0.59304
7.866e-05,0.59304
7.868e-05,-0.20696
7.87e-05,-0.20696
7.872e-05,-0.22556
7.874e-05,0.59304
7.876e-05,-1.007
7.878e-05,-0.22556
7.88e-05,0.59304
7.882e-05,-1.0256
7.884e-05,-0.22556
7.886e-05,0.59304
7.888e-05,-0.98837
7.89e-05,-0.22556
7.892e-05,0.59304
7.894e-05,-0.20696
7.896e-05,-1.0256
7.898e-05,-0.20696
7.9e-05,0.59304
7.902e-05,0.57444
7.904e-05,-0.20696
7.906e-05,0.59304
7.908e-05,0.57444
7.91e-05,-0.20696
7.912e-05,-0.20696
7.914e-05,-0.22556
7.916e-05,0.57444
7.918e-05,-0.22556
7.92e-05,-1.007
7.922e-05,-1.007
7.924e-05,-0.20696
7.926e-05,-0.22556
7.928e-05,-0.20696
7.93e-05,-0.22556
7.932e-05,0.57444
7.934e-05,-1.0256
7.936e-05,-0.22556
7.938e-05,-0.22556
7.94e-05,-0.22556
7.942e-05,0.57444
7.944e-05,0.59304
7.946e-05,-0.22556
7.948e-05,-0.20696
7.95e-05,-1.007
7.952e-05,0.59304
7.954e-05,-0.20696
7.956e-05,-0.22556
7.958e-05,-1.007
7.96e-05,-0.20696
7.962e-05,-0.20696
7.964e-05,-0.22556
7.966e-05,-0.22556
7.968e-05,-0.22556
7.97e-05,-0.22556
7.972e-05,-0.20696
7.974e-05,-0.22556
7.976e-05,-0.22556
7.978e-05,-0.22556
7.98e-05,-0.22556
7.982e-05,0.57444
7.984e-05,-0.22556
7.986e-05,-0.22556
7.988e-05,-0.20696
7.99e-05,-0.22556
7.992e-05,-1.0256
7.994e-05,-0.20696
7.996e-05,-0.22556
7.998e-05,-0.22556
8e-05,0.57444
8.002e-05,0.57444
8.004e-05,-0.22556
8.006e-05,-0.22556
8.008e-05,0.57444
8.01e-05,0.59304
8.012e-05,-0.22556
8.014e-05,-0.22556
8.016e-05,-0.20696
8.018e-05,0.57444
8.02e-05,-1.007
8.022e-05,-1.007
8.024e-05,-1.0256
8.026e-05,-0.20696
8.028e-05,-0.22556
8.03e-05,-1.0256
8.032e-05,-1.007
8.034e-05,-0.20696
8.036e-05,-1.007
8.038e-05,-0.20696
8.04e-05,-1.007
8.042e-05,-0.20696
8.044e-05,-1.007
8.046e-05,-1.007
8.048e-05,-0.20696
8.05e-05,-0.22556
8.052e-05,-0.22556
8.054e-05,0.59304
8.056e-05,-0.22556
8.058e-05,-0.22556
8.06e-05,-0.20696
8.062e-05,0.59304
8.064e-05,0.59304
8.066e-05,0.59304
8.068e-05,-0.22556
8.07e-05,-0.20696
8.072e-05,0.59304
8.074e-05,0.57444
8.076e-05,-0.20696
8.078e-05,-0.20696
8.08e-05,0.59304
8.082e-05,-0.22556
8.084e-05,-0.22556
8.086e-05,-0.22556
8.088e-05,0.57444
8.09e-05,-0.22556
8.092e-05,-0.22556
8.094e-05,-0.20696
8.096e-05,-1.007
8.098e-05,-1.0256
8.1e-05,-0.22556
8.102e-05,-1.0256
8.104e-05,-0.22556
8.106e-05,-1.0256
8.108e-05,-0.22556
8.11e-05,-1.007
8.112e-05,-0.20696
8.114e-05,-0.22556
8.116e-05,-0.22556
8.118e-05,0.57444
8.12e-05,-0.20696
8.122e-05,-0.20696
8.124e-05,-0.22556
8.126e-05,-1.007
8.128e-05,-0.20696
8.13e-05,0.57444
8.132e-05,0.57444
8.134e-05,0.57444
8.136e-05,-0.20696
8.138e-05,-0.22556
8.14e-05,0.59304
8.142e-05,-0.22556
8.144e-05,-0.22556
8.146e-05,0.59304
8.148e-05,-0.22556
8.15e-05,-0.22556
8.152e-05,-0.22556
8.154e-05,-0.22556
8.156e-05,-1.0256
8.158e-05,-1.007
8.16e-05,-1.0256
8.162e-05,-0.22556
8.164e-05,-0.22556
8.166e-05,-1.0256
8.168e-05,-0.20696
8.17e-05,-1.0256
8.172e-05,0.59304
8.174e-05,0.57444
8.176e-05,-0.22556
8.178e-05,-0.20696
8.18e-05,-0.20696
8.182e-05,-1.0256
8.184e-05,-0.20696
8.186e-05,0.59304
8.188e-05,-1.0256
8.19e-05,-1.007
8.192e-05,-0.22556
8.194e-05,0.57444
8.196e-05,0.57444
8.198e-05,-0.22556
8.2e-05,-0.22556
8.202e-05,0.57444
8.204e-05,-0.22556
8.206e-05,0.57444
8.208e-05,0.57444
8.21e-05,-0.22556
8.212e-05,0.57444
8.214e-05,-0.22556
8.216e-05,0.57444
8.218e-05,-0.20696
8.22e-05,-0.22556
8.222e-05,0.59304
8.224e-05,-0.20696
8.226e-05,-0.22556
8.228e-05,-0.22556
8.23e-05,-1.0256
8.232e-05,-1.007
8.234e-05,-0.22556
8.236e-05,-1.007
8.238e-05,-1.0256
8.24e-05,-1.0256
8.242e-05,-1.007
8.244e-05,-0.20696
8.246e-05,-1.0256
8.248e-05,-0.22556
8.25e-05,-0.22556
8.252e-05,-1.007
8.254e-05,-0.20696
8.256e-05,0.57444
8.258e-05,0.57444
8.26e-05,-0.22556
8.262e-05,0.59304
8.264e-05,-0.22556
8.266e-05,0.59304
8.268e-05,0.57444
8.27e-05,-0.22556
8.272e-05,0.59304
8.274e-05,0.59304
8.276e-05,-0.20696
8.278e-05,-0.20696
8.28e-05,0.59304
8.282e-05,-0.20696
8.284e-05,-0.20696
8.286e-05,-1.007
8.288e-05,-0.22556
8.29e-05,0.57444
8.292e-05,-0.22556
8.294e-05,-0.20696
8.296e-05,0.57444
8.298e-05,-1.007
8.3e-05,-0.20696
8.302e-05,0.57444
8.304e-05,-0.22556
8.306e-05,-1.0256
8.308e-05,-0.22556
8.31e-05,-0.20696
8.312e-05,-0.22556
8.314e-05,-0.20696
8.316e-05,-0.22556
8.318e-05,-0.20696
8.32e-05,-0.20696
8.322e-05,-0.22556
8.324e-05,-0.20696
8.326e-05,-0.22556
8.328e-05,-0.22556
8.33e-05,-0.20696
8.332e-05,-0.20696
8.334e-05,-0.22556
8.336e-05,0.59304
8.338e-05,0.57444
8.34e-05,-0.22556
8.342e-05,0.57444
8.344e-05,0.57444
8.346e-05,-0.22556
8.348e-05,-0.22556
8.35e-05,-0.22556
8.352e-05,-1.0256
8.354e-05,-0.22556
8.356e-05,-0.22556
8.358e-05,-0.22556
8.36e-05,-0.22556
8.362e-05,-0.22556
8.364e-05,-1.0256
8.366e-05,-1.007
8.368e-05,-0.22556
8.37e-05,0.57444
8.372e-05,-0.22556
8.374e-05,0.57444
8.376e-05,0.57444
8.378e-05,0.57444
8.38e-05,-0.22556
8.382e-05,-0.22556
8.384e-05,-0.22556
8.386e-05,-0.22556
8.388e-05,-0.20696
8.39e-05,-1.0256
8.392e-05,-0.22556
8.394e-05,-0.20696
8.396e-05,-0.20696
8.398e-05,0.57444
8.4e-05,-1.007
8.402e-05,-0.22556
8.404e-05,-0.22556
8.406e-05,-0.22556
8.408e-05,0.59304
8.41e-05,0.59304
8.412e-05,-0.20696
8.414e-05,0.59304
8.416e-05,-0.22556
8.418e-05,-0.20696
8.42e-05,-0.22556
8.422e-05,0.57444
8.424e-05,-0.20696
8.426e-05,0.57444
8.428e-05,-0.22556
8.43e-05,-1.007
8.432e-05,-1.0256
8.434e-05,-0.22556
8.436e-05,-1.007
8.438e-05,-1.007
8.44e-05,-0.20696
8.442e-05,-0.20696
8.444e-05,-1.007
8.446e-05,-1.0256
8.448e-05,-0.22556
8.45e-05,0.57444
8.452e-05,-0.22556
8.454e-05,-0.22556
8.456e-05,0.59304
8.458e-05,0.59304
8.46e-05,0.59304
8.462e-05,0.59304
8.464e-05,0.59304
8.466e-05,0.59304
8.468e-05,-0.20696
8.47e-05,-0.20696
8.472e-05,-0.20696
8.474e-05,-0.20696
8.476e-05,-0.22556
8.478e-05,0.59304
8.48e-05,-1.0256
8.482e-05,-0.22556
8.484e-05,-0.20696
8.486e-05,-1.0256
8.488e-05,-0.20696
8.49e-05,-0.22556
8.492e-05,-1.007
8.494e-05,-0.20696
8.496e-05,-0.22556
8.498e-05,-1.007
8.5e-05,-0.20696
8.502e-05,0.57444
8.504e-05,-0.22556
8.506e-05,-0.20696
8.508e-05,-0.20696
8.51e-05,-1.0256
8.512e-05,-1.007
8.514e-05,-0.20696
8.516e-05,0.59304
8.518e-05,-0.22556
8.52e-05,-0.20696
8.522e-05,0.59304
8.524e-05,-0.20696
8.526e-05,-0.20696
8.528e-05,0.59304
8.53e-05,-0.20696
8.532e-05,-0.20696
8.534e-05,-0.20696
8.536e-05,-0.20696
8.538e-05,-0.20696
8.54e-05,-0.20696
8.542e-05,-0.22556
8.544e-05,0.57444
8.546e-05,-0.22556
8.548e-05,-0.18837
8.55e-05,0.57444
8.552e-05,-0.20696
8.554e-05,-0.20696
8.556e-05,-0.22556
8.558e-05,-1.007
8.56e-05,-1.0256
8.562e-05,-0.22556
8.564e-05,-0.22556
8.566e-05,-1.0256
8.568e-05,-0.20696
8.57e-05,-0.22556
8.572e-05,-1.007
8.574e-05,-0.20696
8.576e-05,-0.20696
8.578e-05,-0.20696
8.58e-05,-0.22556
8.582e-05,-1.007
8.584e-05,-0.20696
8.586e-05,0.59304
8.588e-05,-0.20696
8.59e-05,-0.22556
8.592e-05,-0.20696
8.594e-05,-0.20696
8.596e-05,-0.20696
8.598e-05,0.59304
8.6e-05,-0.20696
8.602e-05,0.59304
8.604e-05,0.59304
8.606e-05,-0.20696
8.608e-05,0.59304
8.61e-05,-0.20696
8.612e-05,0.59304
8.614e-05,0.59304
8.616e-05,0.59304
8.618e-05,0.59304
8.62e-05,0.59304
8.622e-05,-0.20696
8.624e-05,-0.20696
8.626e-05,0.59304
8.628e-05,-0.22556
8.63e-05,-0.22556
8.632e-05,-0.20696
8.634e-05,-0.20696
8.636e-05,-0.20696
8.638e-05,-0.20696
8.64e-05,-0.20696
8.642e-05,-0.22556
8.644e-05,-0.22556
8.646e-05,-0.20696
8.648e-05,-0.20696
8.65e-05,-0.20696
8.652e-05,-0.22556
8.654e-05,-0.22556
8.656e-05,0.59304
8.658e-05,-0.20696
8.66e-05,-0.22556
8.662e-05,0.59304
8.664e-05,0.59304
8.666e-05,0.57444
8.668e-05,0.59304
8.67e-05,0.59304
8.672e-05,0.57444
8.674e-05,-0.20696
8.676e-05,-0.22556
8.678e-05,-0.20696
8.68e-05,-1.0256
8.682e-05,-1.007
8.684e-05,-0.20696
8.686e-05,-0.20696
8.688e-05,-1.007
8.69e-05,-0.20696
8.692e-05,-0.22556
8.694e-05,-1.007
8.696e-05,-0.22556
8.698e-05,-0.20696
8.7e-05,0.59304
8.702e-05,-0.20696
8.704e-05,-0.20696
8.706e-05,0.59304
8.708e-05,-0.22556
8.71e-05,0.59304
8.712e-05,0.61163
8.714e-05,-0.20696
8.716e-05,0.59304
8.718e-05,0.61163
8.72e-05,-0.20696
8.722e-05,-0.20696
8.724e-05,0.59304
8.726e-05,0.59304
8.728e-05,-0.22556
8.73e-05,-0.20696
8.732e-05,0.59304
8.734e-05,0.57444
8.736e-05,-0.20696
8.738e-05,0.59304
8.74e-05,0.59304
8.742e-05,-0.20696
8.744e-05,-0.20696
8.746e-05,0.59304
8.748e-05,0.61163
8.75e-05,-0.20696
8.752e-05,0.59304
8.754e-05,-0.20696
8.756e-05,0.59304
8.758e-05,-1.007
8.76e-05,0.57444
8.762e-05,-0.20696
8.764e-05,-0.20696
8.766e-05,0.59304
8.768e-05,-0.18837
8.77e-05,-0.20696
8.772e-05,-0.20696
8.774e-05,-0.20696
8.776e-05,-0.20696
8.778e-05,-0.20696
8.78e-05,-0.22556
8.782e-05,-0.20696
8.784e-05,-0.98837
8.786e-05,-0.20696
8.788e-05,-0.20696
8.79e-05,-0.20696
8.792e-05,-0.20696
8.794e-05,-0.22556
8.796e-05,-0.22556
8.798e-05,-0.22556
8.8e-05,-0.22556
8.802e-05,-0.22556
8.804e-05,0.59304
8.806e-05,-0.18837
8.808e-05,-0.20696
8.81e-05,0.57444
8.812e-05,0.59304
8.814e-05,-0.20696
8.816e-05,-0.20696
8.818e-05,0.59304
8.82e-05,-0.22556
8.822e-05,-1.007
8.824e-05,-0.18837
8.826e-05,-1.0256
8.828e-05,-1.0256
8.83e-05,-0.22556
8.832e-05,-1.007
8.834e-05,-0.98837
8.836e-05,0.59304
8.838e-05,-0.20696
8.84e-05,-0.22556
8.842e-05,-0.18837
8.844e-05,-0.18837
8.846e-05,-0.20696
8.848e-05,-0.20696
8.85e-05,-0.20696
8.852e-05,0.59304
8.854e-05,0.57444
8.856e-05,0.59304
8.858e-05,-0.22556
8.86e-05,0.59304
8.862e-05,-0.22556
8.864e-05,0.59304
8.866e-05,-0.22556
8.868e-05,-0.18837
8.87e-05,-0.22556
8.872e-05,-0.20696
8.874e-05,0.57444
8.876e-05,-0.22556
8.878e-05,-1.0256
8.88e-05,-0.18837
8.882e-05,-1.0256
8.884e-05,-0.20696
8.886e-05,-0.20696
8.888e-05,-0.20696
8.89e-05,-0.20696
8.892e-05,0.59304
8.894e-05,-0.20696
8.896e-05,0.57444
8.898e-05,0.59304
8.9e-05,0.61163
8.902e-05,-0.20696
8.904e-05,-0.20696
8.906e-05,0.59304
8.908e-05,0.59304
8.91e-05,-0.22556
8.912e-05,-1.007
8.914e-05,0.61163
8.916e-05,-0.20696
8.918e-05,-0.20696
8.92e-05,0.59304
8.922e-05,-0.18837
8.924e-05,0.61163
8.926e-05,-0.22556
8.928e-05,-0.20696
8.93e-05,-0.20696
8.932e-05,0.61163
8.934e-05,0.59304
8.936e-05,-0.20696
8.938e-05,0.61163
8.94e-05,-0.22556
8.942e-05,0.59304
8.944e-05,-0.20696
8.946e-05,0.59304
8.948e-05,0.61163
8.95e-05,0.59304
8.952e-05,0.59304
8.954e-05,-0.18837
8.956e-05,-0.20696
8.958e-05,-0.20696
8.96e-05,0.59304
8.962e-05,0.61163
8.964e-05,-0.18837
8.966e-05,-0.18837
8.968e-05,-0.98837
8.97e-05,-0.98837
8.972e-05,-0.20696
8.974e-05,-0.18837
8.976e-05,-0.20696
8.978e-05,0.57444
8.98e-05,-0.20696
8.982e-05,-0.20696
8.984e-05,0.59304
8.986e-05,0.59304
8.988e-05,-0.98837
8.99e-05,-0.20696
8.992e-05,-0.18837
8.994e-05,0.61163
8.996e-05,0.59304
8.998e-05,0.59304
9e-05,0.61163
9.002e-05,0.57444
9.004e-05,0.59304
9.006e-05,0.61163
9.008e-05,0.59304
9.01e-05,-0.20696
9.012e-05,0.59304
9.014e-05,-0.20696
9.016e-05,-0.20696
9.018e-05,0.59304
9.02e-05,-0.20696
9.022e-05,0.59304
9.024e-05,0.59304
9.026e-05,-0.18837
9.028e-05,-0.18837
9.03e-05,-0.18837
9.032e-05,-0.18837
9.034e-05,-0.20696
9.036e-05,-0.22556
9.038e-05,-0.20696
9.04e-05,-0.20696
9.042e-05,-0.20696
9.044e-05,-0.20696
9.046e-05,0.61163
9.048e-05,-0.20696
9.05e-05,0.59304
9.052e-05,-0.20696
9.054e-05,0.59304
9.056e-05,-0.20696
9.058e-05,0.59304
9.06e-05,0.59304
9.062e-05,0.61163
9.064e-05,0.59304
9.066e-05,-0.18837
9.068e-05,-0.98837
9.07e-05,-0.20696
9.072e-05,-1.0256
9.074e-05,-0.20696
9.076e-05,-0.20696
9.078e-05,-0.20696
9.08e-05,-0.20696
9.082e-05,-0.20696
9.084e-05,-0.20696
9.086e-05,-0.98837
9.088e-05,-0.20696
9.09e-05,-0.20696
9.092e-05,-0.18837
9.094e-05,-0.20696
9.096e-05,0.59304
9.098e-05,-0.18837
9.1e-05,0.59304
9.102e-05,-0.18837
9.104e-05,-0.20696
9.106e-05,0.57444
9.108e-05,-0.20696
9.11e-05,-0.18837
9.112e-05,-0.20696
9.114e-05,-0.22556
9.116e-05,-0.18837
9.118e-05,0.61163
9.12e-05,-0.20696
9.122e-05,-0.20696
9.124e-05,-0.20696
9.126e-05,-0.20696
9.128e-05,0.57444
9.13e-05,0.59304
9.132e-05,0.61163
9.134e-05,-0.20696
9.136e-05,-0.20696
9.138e-05,-0.18837
9.14e-05,-0.20696
9.142e-05,0.61163
9.144e-05,0.61163
9.146e-05,-0.20696
9.148e-05,-0.20696
9.15e-05,-0.18837
9.152e-05,-0.20696
9.154e-05,-0.18837
9.156e-05,-0.20696
9.158e-05,-1.007
9.16e-05,-0.98837
9.162e-05,-1.007
9.164e-05,-0.20696
9.166e-05,-0.18837
9.168e-05,-0.22556
9.17e-05,-0.20696
9.172e-05,-1.007
9.174e-05,-0.22556
9.176e-05,-0.20696
9.178e-05,-0.18837
9.18e-05,0.59304
9.182e-05,-0.98837
9.184e-05,-0.20696
9.186e-05,-0.20696
9.188e-05,-0.18837
9.19e-05,0.59304
9.192e-05,0.59304
9.194e-05,0.61163
9.196e-05,-0.22556
9.198e-05,-0.20696
9.2e-05,-0.18837
9.202e-05,-0.20696
9.204e-05,0.59304
9.206e-05,0.61163
9.208e-05,-0.20696
9.21e-05,-0.18837
9.212e-05,-0.20696
9.214e-05,-0.20696
9.216e-05,-0.20696
9.218e-05,-0.22556
9.22e-05,0.61163
9.222e-05,-0.18837
9.224e-05,0.59304
9.226e-05,-0.18837
9.228e-05,-0.18837
9.23e-05,-1.0256
9.232e-05,-0.20696
9.234e-05,0.61163
9.236e-05,-0.20696
9.238e-05,-1.007
9.24e-05,-0.20696
9.242e-05,-0.20696
9.244e-05,0.59304
9.246e-05,0.59304
9.248e-05,0.59304
9.25e-05,-0.22556
9.252e-05,0.61163
9.254e-05,0.59304
9.256e-05,-0.20696
9.258e-05,0.59304
9.26e-05,0.59304
9.262e-05,0.59304
9.264e-05,-0.20696
9.266e-05,-0.18837
9.268e-05,-0.20696
9.27e-05,0.61163
9.272e-05,-0.98837
9.274e-05,-0.22556
9.276e-05,-0.22556
9.278e-05,0.59304
9.28e-05,0.61163
9.282e-05,-0.22556
9.284e-05,0.59304
9.286e-05,-0.22556
9.288e-05,0.61163
9.29e-05,-0.22556
9.292e-05,0.59304
9.294e-05,0.59304
9.296e-05,-0.18837
9.298e-05,0.59304
9.3e-05,-0.20696
9.302e-05,-0.18837
9.304e-05,0.57444
9.306e-05,0.59304
9.308e-05,0.59304
9.31e-05,0.59304
9.312e-05,0.59304
9.314e-05,0.61163
9.316e-05,-0.20696
9.318e-05,-0.22556
9.32e-05,0.59304
9.322e-05,-0.18837
9.324e-05,-0.18837
9.326e-05,0.59304
9.328e-05,0.57444
9.33e-05,0.59304
9.332e-05,0.59304
9.334e-05,0.59304
9.336e-05,0.61163
9.338e-05,0.59304
9.34e-05,-0.18837
9.342e-05,-0.18837
9.344e-05,-0.22556
9.346e-05,-0.20696
9.348e-05,-0.18837
9.35e-05,0.59304
9.352e-05,-0.20696
9.354e-05,-0.18837
9.356e-05,-1.007
9.358e-05,-1.007
9.36e-05,-0.98837
9.362e-05,-0.20696
9.364e-05,-1.007
9.366e-05,-0.20696
9.368e-05,-1.007
9.37e-05,-0.22556
9.372e-05,-0.20696
9.374e-05,-0.20696
9.376e-05,-0.18837
9.378e-05,-0.22556
9.38e-05,-0.22556
9.382e-05,-0.20696
9.384e-05,-0.22556
9.386e-05,-0.18837
9.388e-05,0.59304
9.39e-05,-0.20696
9.392e-05,-0.18837
9.394e-05,-0.20696
9.396e-05,0.59304
9.398e-05,0.59304
9.4e-05,0.59304
9.402e-05,0.61163
9.404e-05,-0.18837
9.406e-05,-0.20696
9.408e-05,-0.18837
9.41e-05,-0.20696
9.412e-05,-0.20696
9.414e-05,0.59304
9.416e-05,-0.18837
9.418e-05,-0.18837
9.42e-05,0.61163
9.422e-05,-0.20696
9.424e-05,0.61163
9.426e-05,-0.20696
9.428e-05,-0.22556
9.43e-05,0.61163
9.432e-05,-0.20696
9.434e-05,0.61163
9.436e-05,0.59304
9.438e-05,0.61163
9.44e-05,0.61163
9.442e-05,0.59304
9.444e-05,0.61163
9.446e-05,-0.20696
9.448e-05,-0.20696
9.45e-05,-0.20696
9.452e-05,0.59304
9.454e-05,0.61163
9.456e-05,0.59304
9.458e-05,0.57444
9.46e-05,-0.22556
9.462e-05,0.59304
9.464e-05,-0.22556
9.466e-05,-0.22556
9.468e-05,-0.20696
9.47e-05,-0.20696
9.472e-05,-0.20696
9.474e-05,0.61163
9.476e-05,-0.18837
9.478e-05,0.59304
9.48e-05,-0.18837
9.482e-05,-0.18837
9.484e-05,0.59304
9.486e-05,0.61163
9.488e-05,0.59304
9.49e-05,-0.20696
9.492e-05,-0.18837
9.494e-05,-0.18837
9.496e-05,-0.18837
9.498e-05,-0.20696
9.5e-05,-0.22556
9.502e-05,-0.20696
9.504e-05,0.61163
9.506e-05,-0.20696
9.508e-05,0.59304
9.51e-05,0.59304
9.512e-05,-0.18837
9.514e-05,-0.20696
9.516e-05,0.61163
9.518e-05,0.59304
9.52e-05,-0.18837
9.522e-05,0.59304
9.524e-05,-0.18837
9.526e-05,0.59304
9.528e-05,0.59304
9.53e-05,0.59304
9.532e-05,0.59304
9.534e-05,-0.20696
9.536e-05,0.59304
9.538e-05,0.57444
9.54e-05,0.59304
9.542e-05,-0.18837
9.544e-05,-0.20696
9.546e-05,-0.20696
9.548e-05,-0.20696
9.55e-05,-0.18837
9.552e-05,-0.20696
9.554e-05,-0.98837
9.556e-05,-0.22556
9.558e-05,-0.20696
9.56e-05,-0.18837
9.562e-05,0.59304
9.564e-05,-0.20696
9.566e-05,-0.20696
9.568e-05,-0.18837
9.57e-05,-0.20696
9.572e-05,-0.20696
9.574e-05,0.57444
9.576e-05,-0.20696
9.578e-05,-0.18837
9.58e-05,0.59304
9.582e-05,0.61163
9.584e-05,0.61163
9.586e-05,0.61163
9.588e-05,-0.20696
9.59e-05,-0.20696
9.592e-05,0.57444
9.594e-05,0.59304
9.596e-05,0.57444
9.598e-05,-0.20696
9.6e-05,-0.20696
9.602e-05,-0.20696
9.604e-05,-0.18837
9.606e-05,-0.20696
9.608e-05,0.59304
9.61e-05,0.61163
9.612e-05,0.59304
9.614e-05,-0.20696
9.616e-05,0.59304
9.618e-05,0.59304
9.62e-05,-0.20696
9.622e-05,-1.007
9.624e-05,0.59304
9.626e-05,-0.20696
9.628e-05,-0.20696
9.63e-05,-0.20696
9.632e-05,-0.18837
9.634e-05,0.59304
9.636e-05,-0.20696
9.638e-05,-0.20696
9.64e-05,-0.20696
9.642e-05,-0.18837
9.644e-05,0.59304
9.646e-05,-0.18837
9.648e-05,-0.20696
9.65e-05,0.57444
9.652e-05,-0.18837
9.654e-05,0.59304
9.656e-05,0.59304
9.658e-05,-0.18837
9.66e-05,0.61163
9.662e-05,0.59304
9.664e-05,-0.20696
9.666e-05,-0.18837
9.668e-05,0.59304
9.67e-05,-0.18837
9.672e-05,-1.007
9.674e-05,0.59304
9.676e-05,0.61163
9.678e-05,0.61163
9.68e-05,0.59304
9.682e-05,-0.22556
9.684e-05,0.59304
9.686e-05,-0.20696
9.688e-05,0.59304
9.69e-05,0.59304
9.692e-05,0.59304
9.694e-05,-0.20696
9.696e-05,-0.18837
9.698e-05,0.59304
9.7e-05,-0.20696
9.702e-05,-0.20696
9.704e-05,0.59304
9.706e-05,-0.20696
9.708e-05,0.61163
9.71e-05,-0.20696
9.712e-05,-0.18837
9.714e-05,0.59304
9.716e-05,-0.18837
9.718e-05,0.61163
9.72e-05,0.57444
9.722e-05,0.61163
9.724e-05,-0.18837
9.726e-05,0.57444
9.728e-05,-0.20696
9.73e-05,0.61163
9.732e-05,0.59304
9.734e-05,0.59304
9.736e-05,0.61163
9.738e-05,0.61163
9.74e-05,0.61163
9.742e-05,-0.18837
9.744e-05,0.61163
9.746e-05,-0.18837
9.748e-05,-0.20696
9.75e-05,0.61163
9.752e-05,0.61163
9.754e-05,0.59304
9.756e-05,0.59304
9.758e-05,0.61163
9.76e-05,-0.18837
9.762e-05,-0.20696
9.764e-05,-1.007
9.766e-05,0.61163
9.768e-05,-0.22556
9.77e-05,0.61163
9.772e-05,-0.18837
9.774e-05,0.59304
9.776e-05,0.61163
9.778e-05,-0.22556
9.78e-05,0.57444
9.782e-05,0.59304
9.784e-05,0.61163
9.786e-05,-0.20696
9.788e-05,0.57444
9.79e-05,0.59304
9.792e-05,0.59304
9.794e-05,-0.20696
9.796e-05,0.59304
9.798e-05,0.61163
9.8e-05,0.61163
9.802e-05,0.59304
9.804e-05,0.57444
9.806e-05,0.61163
9.808e-05,0.61163
9.81e-05,0.61163
9.812e-05,-0.18837
9.814e-05,-0.20696
9.816e-05,0.59304
9.818e-05,0.61163
9.82e-05,-0.20696
9.822e-05,-0.18837
9.824e-05,-0.18837
9.826e-05,0.59304
9.828e-05,0.59304
9.83e-05,0.61163
9.832e-05,-0.18837
9.834e-05,-0.18837
9.836e-05,0.61163
9.838e-05,-0.20696
9.84e-05,-0.18837
9.842e-05,0.61163
9.844e-05,-0.20696
9.846e-05,-0.18837
9.848e-05,0.61163
9.85e-05,-0.18837
9.852e-05,0.61163
9.854e-05,0.59304
9.856e-05,-0.18837
9.858e-05,-0.20696
9.86e-05,0.59304
9.862e-05,0.57444
9.864e-05,0.59304
9.866e-05,-0.20696
9.868e-05,-0.20696
9.87e-05,-0.18837
9.872e-05,-0.20696
9.874e-05,-0.18837
9.876e-05,0.59304
9.878e-05,-0.20696
9.88e-05,-0.18837
9.882e-05,-0.20696
9.884e-05,-0.20696
9.886e-05,0.61163
9.888e-05,-0.18837
9.89e-05,-0.18837
9.892e-05,-0.20696
9.894e-05,-0.18837
9.896e-05,-0.18837
9.898e-05,0.61163
9.9e-05,0.61163
9.902e-05,0.59304
9.904e-05,0.59304
9.906e-05,-0.22556
9.908e-05,0.61163
9.91e-05,0.61163
9.912e-05,0.59304
9.914e-05,0.59304
9.916e-05,-0.18837
9.918e-05,-0.20696
9.92e-05,0.59304
9.922e-05,0.61163
9.924e-05,0.59304
9.926e-05,-0.20696
9.928e-05,-0.18837
9.93e-05,0.59304
9.932e-05,-0.20696
9.934e-05,-0.20696
9.936e-05,0.59304
9.938e-05,0.61163
9.94e-05,0.59304
9.942e-05,0.61163
9.944e-05,0.61163
9.946e-05,-0.20696
9.948e-05,-0.18837
9.95e-05,0.61163
9.952e-05,-0.18837
9.954e-05,-0.20696
9.956e-05,0.61163
9.958e-05,0.59304
9.96e-05,-0.22556
9.962e-05,0.61163
9.964e-05,0.61163
9.966e-05,0.61163
9.968e-05,0.61163
9.97e-05,0.59304
9.972e-05,-0.18837
9.974e-05,0.59304
9.976e-05,-0.18837
9.978e-05,-0.22556
9.98e-05,-0.18837
9.982e-05,-0.20696
9.984e-05,0.61163
9.986e-05,0.61163
9.988e-05,-0.18837
9.99e-05,-0.18837
9.992e-05,0.61163
9.994e-05,0.59304
9.996e-05,-0.20696
9.998e-05,-0.20696
0.0001,-0.18837
0.00010002,0.61163
0.00010004,0.61163
0.00010006,0.59304
0.00010008,0.61163
0.0001001,-0.20696
0.00010012,-0.20696
0.00010014,0.59304
0.00010016,0.59304
0.00010018,-0.20696
0.0001002,0.61163
0.00010022,-1.007
0.00010024,-0.18837
0.00010026,-0.20696
0.00010028,-1.007
0.0001003,-0.98837
0.00010032,-1.007
0.00010034,0.61163
0.00010036,-0.18837
0.00010038,-0.18837
0.0001004,0.59304
0.00010042,0.59304
0.00010044,0.61163
0.00010046,0.61163
0.00010048,0.61163
0.0001005,0.59304
0.00010052,0.61163
0.00010054,0.61163
0.00010056,0.61163
0.00010058,0.59304
0.0001006,0.61163
0.00010062,0.61163
0.00010064,0.61163
0.00010066,0.59304
0.00010068,0.59304
0.0001007,0.59304
0.00010072,0.61163
0.00010074,0.61163
0.00010076,0.61163
0.00010078,0.59304
0.0001008,-0.20696
0.00010082,-0.18837
0.00010084,-0.18837
0.00010086,0.59304
0.00010088,-0.20696
0.0001009,0.61163
0.00010092,-0.18837
0.00010094,-0.18837
0.00010096,-0.18837
0.00010098,0.59304
0.000101,0.61163
0.00010102,-0.20696
0.00010104,0.59304
0.00010106,-0.18837
0.00010108,0.61163
0.0001011,-0.22556
0.00010112,0.61163
0.00010114,0.61163
0.00010116,0.61163
0.00010118,0.61163
0.0001012,-0.20696
0.00010122,0.61163
0.00010124,0.61163
0.00010126,-0.18837
0.00010128,0.61163
0.0001013,0.61163
0.00010132,0.61163
0.00010134,-0.18837
0.00010136,0.61163
0.00010138,0.61163
0.0001014,-0.18837
0.00010142,-0.18837
0.00010144,0.61163
0.00010146,0.57444
0.00010148,-0.20696
0.0001015,-0.20696
0.00010152,-0.20696
0.00010154,-0.18837
0.00010156,0.59304
0.00010158,-0.18837
0.0001016,0.61163
0.00010162,0.59304
0.00010164,0.61163
0.00010166,0.61163
0.00010168,0.59304
0.0001017,0.61163
0.00010172,0.61163
0.00010174,-0.18837
0.00010176,0.61163
0.00010178,0.61163
0.0001018,0.57444
0.00010182,0.61163
0.00010184,-0.20696
0.00010186,-0.20696
0.00010188,-0.18837
0.0001019,0.61163
0.00010192,0.59304
0.00010194,-0.22556
0.00010196,0.57444
0.00010198,-0.20696
0.000102,0.61163
0.00010202,0.61163
0.00010204,0.61163
0.00010206,-0.18837
0.00010208,-0.18837
0.0001021,0.59304
0.00010212,0.59304
0.00010214,0.61163
0.00010216,0.61163
0.00010218,-0.18837
0.0001022,0.61163
0.00010222,0.61163
0.00010224,-0.18837
0.00010226,-0.18837
0.00010228,0.57444
0.0001023,0.59304
0.00010232,-0.18837
0.00010234,0.59304
0.00010236,-0.18837
0.00010238,-0.20696
0.0001024,-0.20696
0.00010242,0.61163
0.00010244,0.61163
0.00010246,0.59304
0.00010248,0.61163
0.0001025,0.59304
0.00010252,0.59304
0.00010254,0.59304
0.00010256,0.59304
0.00010258,-0.18837
0.0001026,0.61163
0.00010262,0.61163
0.00010264,-0.20696
0.00010266,0.59304
0.00010268,-0.20696
0.0001027,0.57444
0.00010272,-0.18837
0.00010274,0.59304
0.00010276,-0.20696
0.00010278,0.61163
0.0001028,0.61163
0.00010282,0.61163
0.00010284,0.61163
0.00010286,0.59304
0.00010288,0.59304
0.0001029,0.61163
0.00010292,0.61163
0.00010294,-0.20696
0.00010296,-0.22556
0.00010298,-0.20696
0.000103,-0.18837
0.00010302,-0.22556
0.00010304,0.57444
0.00010306,-0.18837
0.00010308,-0.20696
0.0001031,-0.20696
0.00010312,0.61163
0.00010314,0.59304
0.00010316,0.61163
0.00010318,0.59304
0.0001032,-0.20696
0.00010322,0.61163
0.00010324,-0.20696
0.00010326,0.59304
0.00010328,0.59304
0.0001033,0.61163
0.00010332,0.59304
0.00010334,-0.22556
0.00010336,-0.20696
0.00010338,-0.20696
0.0001034,-0.20696
0.00010342,0.59304
0.00010344,0.59304
0.00010346,-0.18837
0.00010348,0.61163
0.0001035,-0.20696
0.00010352,-0.20696
0.00010354,-0.20696
0.00010356,-0.18837
0.00010358,-0.20696
0.0001036,0.61163
0.00010362,0.59304
0.00010364,-0.20696
0.00010366,-0.18837
0.00010368,0.59304
0.0001037,0.59304
0.00010372,0.59304
0.00010374,0.61163
0.00010376,-0.20696
0.00010378,0.61163
0.0001038,0.61163
0.00010382,-0.18837
0.00010384,0.57444
0.00010386,-0.18837
0.00010388,0.59304
0.0001039,0.57444
0.00010392,0.61163
0.00010394,0.59304
0.00010396,-0.20696
0.00010398,0.59304
0.000104,0.59304
0.00010402,0.59304
0.00010404,0.61163
0.00010406,-0.18837
0.00010408,-0.20696
0.0001041,-0.18837
0.00010412,0.61163
0.00010414,0.61163
0.00010416,-0.22556
0.00010418,-0.18837
0.0001042,-0.18837
0.00010422,-0.20696
0.00010424,-0.22556
0.00010426,0.61163
0.00010428,-1.007
0.0001043,-0.98837
0.00010432,-0.18837
0.00010434,-0.18837
0.00010436,0.59304
0.00010438,-0.18837
0.0001044,0.59304
0.00010442,-0.20696
0.00010444,-0.20696
0.00010446,0.61163
0.00010448,0.61163
0.0001045,0.59304
0.00010452,0.59304
0.00010454,-0.18837
0.00010456,0.57444
0.00010458,0.57444
0.0001046,0.61163
0.00010462,0.59304
0.00010464,0.59304
0.00010466,0.61163
0.00010468,0.61163
0.0001047,0.61163
0.00010472,-0.18837
0.00010474,-0.20696
0.00010476,-0.20696
0.00010478,0.61163
0.0001048,-0.22556
0.00010482,-0.20696
0.00010484,-0.20696
0.00010486,0.59304
0.00010488,-0.20696
0.0001049,-0.20696
0.00010492,0.59304
0.00010494,0.61163
0.00010496,0.61163
0.00010498,-0.20696
0.000105,0.61163
0.00010502,0.57444
0.00010504,-0.18837
0.00010506,-0.18837
0.00010508,0.61163
0.0001051,0.61163
0.00010512,-0.18837
0.00010514,0.61163
0.00010516,-0.18837
0.00010518,0.61163
0.0001052,0.61163
0.00010522,0.59304
0.00010524,-0.20696
0.00010526,-0.18837
0.00010528,0.61163
0.0001053,0.61163
0.00010532,-0.18837
0.00010534,0.61163
0.00010536,-0.18837
0.00010538,0.59304
0.0001054,-0.20696
0.00010542,-0.20696
0.00010544,-0.20696
0.00010546,0.59304
0.00010548,0.61163
0.0001055,0.59304
0.00010552,-0.18837
0.00010554,-0.20696
0.00010556,0.61163
0.00010558,0.61163
0.0001056,-0.18837
0.00010562,0.61163
0.00010564,0.59304
0.00010566,0.57444
0.00010568,-0.20696
0.0001057,-0.18837
0.00010572,0.61163
0.00010574,0.61163
0.00010576,-0.20696
0.00010578,0.61163
0.0001058,-0.18837
0.00010582,0.59304
0.00010584,-0.20696
0.00010586,0.61163
0.00010588,0.61163
0.0001059,0.59304
0.00010592,0.61163
0.00010594,0.59304
0.00010596,0.61163
0.00010598,-0.20696
0.000106,0.61163
0.00010602,0.61163
0.00010604,0.59304
0.00010606,-0.18837
0.00010608,-0.22556
0.0001061,0.59304
0.00010612,0.61163
0.00010614,-0.20696
0.00010616,0.61163
0.00010618,-0.20696
0.0001062,0.59304
0.00010622,-0.18837
0.00010624,0.59304
0.00010626,0.59304
0.00010628,-0.18837
0.0001063,-0.18837
0.00010632,0.59304
0.00010634,-0.18837
0.00010636,0.61163
0.00010638,0.59304
0.0001064,0.61163
0.00010642,0.61163
0.00010644,0.59304
0.00010646,0.61163
0.00010648,0.59304
0.0001065,0.61163
0.00010652,-0.20696
0.00010654,-0.18837
0.00010656,0.61163
0.00010658,0.61163
0.0001066,-0.18837
0.00010662,0.61163
0.00010664,-0.98837
0.00010666,0.61163
0.00010668,0.59304
0.0001067,-0.20696
0.00010672,0.59304
0.00010674,0.59304
0.00010676,0.59304
0.00010678,-0.18837
0.0001068,0.59304
0.00010682,0.59304
0.00010684,0.61163
0.00010686,-0.20696
0.00010688,0.61163
0.0001069,0.61163
0.00010692,-0.20696
0.00010694,0.61163
0.00010696,0.57444
0.00010698,0.59304
0.000107,-0.22556
0.00010702,0.59304
0.00010704,0.61163
0.00010706,-0.20696
0.00010708,0.61163
0.0001071,-0.18837
0.00010712,0.61163
0.00010714,-0.20696
0.00010716,0.59304
0.00010718,-0.20696
0.0001072,-0.18837
0.00010722,-0.22556
0.00010724,0.59304
0.00010726,0.61163
0.00010728,0.59304
0.0001073,0.61163
0.00010732,0.61163
0.00010734,-0.18837
0.00010736,0.59304
0.00010738,0.61163
0.0001074,-0.18837
0.00010742,-0.20696
0.00010744,0.59304
0.00010746,0.59304
0.00010748,-0.20696
0.0001075,-0.18837
0.00010752,-0.18837
0.00010754,0.59304
0.00010756,0.61163
0.00010758,0.59304
0.0001076,-0.18837
0.00010762,0.57444
0.00010764,0.61163
0.00010766,0.61163
0.00010768,0.59304
0.0001077,-0.20696
0.00010772,0.61163
0.00010774,0.59304
0.00010776,-0.20696
0.00010778,-0.20696
0.0001078,0.59304
0.00010782,0.59304
0.00010784,-0.20696
0.00010786,-0.18837
0.00010788,0.59304
0.0001079,0.61163
0.00010792,-0.20696
0.00010794,0.59304
0.00010796,0.61163
0.00010798,0.59304
0.000108,0.57444
0.00010802,0.61163
0.00010804,0.59304
0.00010806,-0.18837
0.00010808,0.61163
0.0001081,-0.20696
0.00010812,-0.18837
0.00010814,0.61163
0.00010816,0.59304
0.00010818,0.59304
0.0001082,0.61163
0.00010822,-0.98837
0.00010824,-0.18837
0.00010826,-0.20696
0.00010828,0.59304
0.0001083,0.61163
0.00010832,0.59304
0.00010834,0.61163
0.00010836,-0.20696
0.00010838,0.61163
0.0001084,0.61163
0.00010842,0.61163
0.00010844,-0.20696
0.00010846,0.59304
0.00010848,0.61163
0.0001085,0.59304
0.00010852,-0.18837
0.00010854,-0.18837
0.00010856,0.59304
0.00010858,0.61163
0.0001086,0.61163
0.00010862,-0.18837
0.00010864,-0.20696
0.00010866,0.59304
0.00010868,0.61163
0.0001087,0.57444
0.00010872,0.59304
0.00010874,-0.18837
0.00010876,0.59304
0.00010878,-0.22556
0.0001088,0.61163
0.00010882,-0.20696
0.00010884,0.57444
0.00010886,0.61163
0.00010888,0.61163
0.0001089,0.61163
0.00010892,0.61163
0.00010894,0.59304
0.00010896,-0.18837
0.00010898,-0.18837
0.000109,-0.18837
0.00010902,0.59304
0.00010904,0.61163
0.00010906,-0.18837
0.00010908,0.59304
0.0001091,0.61163
0.00010912,0.61163
0.00010914,-0.20696
0.00010916,0.61163
0.00010918,-0.18837
0.0001092,0.59304
0.00010922,0.61163
0.00010924,0.59304
0.00010926,0.61163
0.00010928,-0.20696
0.0001093,0.61163
0.00010932,-0.18837
0.00010934,-0.18837
0.00010936,-0.18837
0.00010938,0.61163
0.0001094,0.59304
0.00010942,0.59304
0.00010944,-0.18837
0.00010946,-0.18837
0.00010948,0.61163
0.0001095,-0.20696
0.00010952,0.61163
0.00010954,0.59304
0.00010956,0.61163
0.00010958,-1.007
0.0001096,0.59304
0.00010962,0.59304
0.00010964,-0.18837
0.00010966,-0.18837
0.00010968,0.61163
0.0001097,0.59304
0.00010972,0.61163
0.00010974,-1.007
0.00010976,-0.20696
0.00010978,0.61163
0.0001098,-0.20696
0.00010982,-0.18837
0.00010984,0.61163
0.00010986,-0.20696
0.00010988,0.59304
0.0001099,0.59304
0.00010992,0.61163
0.00010994,0.59304
0.00010996,0.57444
0.00010998,0.57444
0.00011,0.59304
0.00011002,0.59304
0.00011004,0.61163
0.00011006,0.61163
0.00011008,-0.18837
0.0001101,0.61163
0.00011012,0.59304
0.00011014,0.61163
0.00011016,-1.007
0.00011018,0.59304
0.0001102,-0.18837
0.00011022,0.61163
0.00011024,-0.20696
0.00011026,-0.20696
0.00011028,-0.20696
0.0001103,0.61163
0.00011032,0.59304
0.00011034,0.61163
0.00011036,-0.22556
0.00011038,-0.20696
0.0001104,0.59304
0.00011042,0.61163
0.00011044,0.61163
0.00011046,-0.18837
0.00011048,0.61163
0.0001105,0.59304
0.00011052,0.59304
0.00011054,0.61163
0.00011056,0.59304
0.00011058,0.59304
0.0001106,0.61163
0.00011062,-0.20696
0.00011064,-0.20696
0.00011066,-0.18837
0.00011068,-0.22556
0.0001107,-0.20696
0.00011072,0.59304
0.00011074,-0.20696
0.00011076,0.59304
0.00011078,0.61163
0.0001108,0.59304
0.00011082,-0.20696
0.00011084,0.59304
0.00011086,-0.20696
0.00011088,-0.18837
0.0001109,-0.20696
0.00011092,0.59304
0.00011094,0.59304
0.00011096,0.61163
0.00011098,0.61163
0.000111,0.59304
0.00011102,0.59304
0.00011104,0.59304
0.00011106,0.61163
0.00011108,-0.18837
0.0001111,0.61163
0.00011112,0.61163
0.00011114,0.61163
0.00011116,0.59304
0.00011118,0.59304
0.0001112,0.61163
0.00011122,-0.20696
0.00011124,0.59304
0.00011126,0.59304
0.00011128,0.61163
0.0001113,0.59304
0.00011132,0.61163
0.00011134,0.61163
0.00011136,0.59304
0.00011138,0.61163
0.0001114,0.61163
0.00011142,0.59304
0.00011144,0.59304
0.00011146,-0.18837
0.00011148,0.59304
0.0001115,-0.18837
0.00011152,-0.20696
0.00011154,0.59304
0.00011156,-0.20696
0.00011158,0.59304
0.0001116,-0.18837
0.00011162,-0.18837
0.00011164,0.59304
0.00011166,0.59304
0.00011168,0.61163
0.0001117,0.61163
0.00011172,-0.20696
0.00011174,-0.98837
0.00011176,-0.20696
0.00011178,0.59304
0.0001118,0.59304
0.00011182,0.59304
0.00011184,0.61163
0.00011186,0.59304
0.00011188,0.61163
0.0001119,0.61163
0.00011192,0.61163
0.00011194,0.61163
0.00011196,0.61163
0.00011198,0.57444
0.000112,0.59304
0.00011202,0.59304
0.00011204,-0.18837
0.00011206,-0.18837
0.00011208,0.61163
0.0001121,-0.20696
0.00011212,0.59304
0.00011214,0.61163
0.00011216,0.59304
0.00011218,-0.20696
0.0001122,0.61163
0.00011222,0.59304
0.00011224,-0.20696
0.00011226,0.61163
0.00011228,0.59304
0.0001123,0.59304
0.00011232,0.61163
0.00011234,0.59304
0.00011236,0.61163
0.00011238,-0.18837
0.0001124,0.59304
0.00011242,-0.18837
0.00011244,0.59304
0.00011246,-0.18837
0.00011248,0.61163
0.0001125,0.61163
0.00011252,0.61163
0.00011254,-0.18837
0.00011256,-0.18837
0.00011258,0.59304
0.0001126,0.59304
0.00011262,-0.20696
0.00011264,0.59304
0.00011266,-0.20696
0.00011268,0.61163
0.0001127,0.59304
0.00011272,0.59304
0.00011274,-0.18837
0.00011276,-0.20696
0.00011278,0.59304
0.0001128,0.61163
0.00011282,-0.18837
0.00011284,0.61163
0.00011286,0.61163
0.00011288,0.59304
0.0001129,-0.20696
0.00011292,-0.20696
0.00011294,-0.20696
0.00011296,0.61163
0.00011298,-0.18837
0.000113,0.59304
0.00011302,0.59304
0.00011304,-0.18837
0.00011306,0.61163
0.00011308,-0.18837
0.0001131,0.59304
0.00011312,-0.18837
0.00011314,0.61163
0.00011316,0.61163
0.00011318,0.57444
0.0001132,0.61163
0.00011322,0.61163
0.00011324,-0.20696
0.00011326,-0.20696
0.00011328,0.59304
0.0001133,-0.20696
0.00011332,0.61163
0.00011334,-0.20696
0.00011336,-0.18837
0.00011338,0.61163
0.0001134,0.61163
0.00011342,0.61163
0.00011344,0.59304
0.00011346,-0.18837
0.00011348,-0.20696
0.0001135,-0.18837
0.00011352,-0.18837
0.00011354,-0.18837
0.00011356,0.61163
0.00011358,-0.18837
0.0001136,0.59304
0.00011362,-0.20696
0.00011364,-0.18837
0.00011366,0.59304
0.00011368,0.61163
0.0001137,0.61163
0.00011372,0.59304
0.00011374,0.59304
0.00011376,0.61163
0.00011378,0.61163
0.0001138,0.59304
0.00011382,-0.18837
0.00011384,-0.20696
0.00011386,-0.18837
0.00011388,0.61163
0.0001139,0.61163
0.00011392,0.61163
0.00011394,-0.18837
0.00011396,0.61163
0.00011398,-0.20696
0.000114,0.59304
0.00011402,-0.20696
0.00011404,-0.20696
0.00011406,0.61163
0.00011408,0.61163
0.0001141,-1.007
0.00011412,0.61163
0.00011414,-0.22556
0.00011416,0.59304
0.00011418,-0.20696
0.0001142,0.61163
0.00011422,-0.18837
0.00011424,0.59304
0.00011426,0.59304
0.00011428,0.59304
0.0001143,0.59304
0.00011432,0.61163
0.00011434,0.59304
0.00011436,0.61163
0.00011438,-0.18837
0.0001144,0.61163
0.00011442,-0.18837
0.00011444,-0.18837
0.00011446,0.61163
0.00011448,0.61163
0.0001145,0.57444
0.00011452,0.59304
0.00011454,-0.20696
0.00011456,0.61163
0.00011458,-0.20696
0.0001146,0.61163
0.00011462,-0.18837
0.00011464,-0.20696
0.00011466,0.61163
0.00011468,0.61163
0.0001147,0.61163
0.00011472,0.59304
0.00011474,-0.20696
0.00011476,0.59304
0.00011478,-0.20696
0.0001148,0.59304
0.00011482,-0.20696
0.00011484,0.59304
0.00011486,0.57444
0.00011488,0.59304
0.0001149,-0.20696
0.00011492,0.59304
0.00011494,0.59304
0.00011496,0.61163
0.00011498,-0.20696
0.000115,-0.20696
0.00011502,0.59304
0.00011504,-0.22556
0.00011506,-0.20696
0.00011508,0.59304
0.0001151,-0.18837
0.00011512,0.61163
0.00011514,0.61163
0.00011516,0.61163
0.00011518,0.61163
0.0001152,0.59304
0.00011522,0.61163
0.00011524,0.59304
0.00011526,0.61163
0.00011528,-0.18837
0.0001153,0.61163
0.00011532,-0.20696
0.00011534,0.61163
0.00011536,-0.20696
0.00011538,0.57444
0.0001154,0.59304
0.00011542,0.61163
0.00011544,0.61163
0.00011546,-0.18837
0.00011548,-0.20696
0.0001155,-0.18837
0.00011552,-0.18837
0.00011554,0.59304
0.00011556,0.59304
0.00011558,0.61163
0.0001156,0.59304
0.00011562,-0.22556
0.00011564,0.59304
0.00011566,0.59304
0.00011568,0.61163
0.0001157,0.59304
0.00011572,0.61163
0.00011574,0.61163
0.00011576,0.59304
0.00011578,0.61163
0.0001158,0.61163
0.00011582,0.61163
0.00011584,0.61163
0.00011586,0.61163
0.00011588,0.61163
0.0001159,-0.18837
0.00011592,0.59304
0.00011594,0.59304
0.00011596,0.61163
0.00011598,0.59304
0.000116,-0.20696
0.00011602,-0.20696
0.00011604,-0.18837
0.00011606,0.59304
0.00011608,0.59304
0.0001161,0.61163
0.00011612,-0.98837
0.00011614,0.61163
0.00011616,-0.18837
0.00011618,-0.18837
0.0001162,0.61163
0.00011622,-0.20696
0.00011624,-0.18837
0.00011626,0.59304
0.00011628,0.61163
0.0001163,0.59304
0.00011632,-0.18837
0.00011634,0.59304
0.00011636,-0.18837
0.00011638,0.61163
0.0001164,0.61163
0.00011642,0.61163
0.00011644,0.61163
0.00011646,0.61163
0.00011648,-0.18837
0.0001165,-0.18837
0.00011652,-0.20696
0.00011654,-0.18837
0.00011656,0.59304
0.00011658,0.61163
0.0001166,0.61163
0.00011662,0.59304
0.00011664,0.61163
0.00011666,-0.20696
0.00011668,0.61163
0.0001167,-0.20696
0.00011672,-0.18837
0.00011674,0.59304
0.00011676,0.61163
0.00011678,0.61163
0.0001168,-0.18837
0.00011682,0.61163
0.00011684,0.61163
0.00011686,0.61163
0.00011688,0.59304
0.0001169,-0.20696
0.00011692,0.59304
0.00011694,-0.20696
0.00011696,0.61163
0.00011698,0.61163
0.000117,0.59304
0.00011702,0.59304
0.00011704,0.59304
0.00011706,-0.18837
0.00011708,-0.18837
0.0001171,0.61163
0.00011712,0.59304
0.00011714,0.61163
0.00011716,0.61163
0.00011718,-0.20696
0.0001172,0.61163
0.00011722,-0.20696
0.00011724,0.61163
0.00011726,0.61163
0.00011728,0.59304
0.0001173,0.61163
0.00011732,-0.18837
0.00011734,0.61163
0.00011736,0.59304
0.00011738,0.61163
0.0001174,0.61163
0.00011742,0.59304
0.00011744,0.59304
0.00011746,-0.18837
0.00011748,0.59304
0.0001175,-0.18837
0.00011752,0.61163
0.00011754,-0.18837
0.00011756,-0.18837
0.00011758,0.59304
0.0001176,0.61163
0.00011762,0.59304
0.00011764,0.59304
0.00011766,0.59304
0.00011768,-0.18837
0.0001177,-0.18837
0.00011772,0.59304
0.00011774,0.61163
0.00011776,0.59304
0.00011778,0.61163
0.0001178,0.59304
0.00011782,0.61163
0.00011784,0.59304
0.00011786,0.61163
0.00011788,0.61163
0.0001179,0.61163
0.00011792,-0.18837
0.00011794,-0.20696
0.00011796,-0.18837
0.00011798,-0.20696
0.000118,-0.18837
0.00011802,0.61163
0.00011804,-0.18837
0.00011806,0.61163
0.00011808,-0.18837
0.0001181,-0.20696
0.00011812,-0.20696
0.00011814,0.59304
0.00011816,0.59304
0.00011818,0.61163
0.0001182,-0.18837
0.00011822,0.59304
0.00011824,0.61163
0.00011826,-0.18837
0.00011828,0.59304
0.0001183,-0.20696
0.00011832,0.61163
0.00011834,0.59304
0.00011836,0.59304
0.00011838,0.61163
0.0001184,0.59304
0.00011842,0.59304
0.00011844,-0.20696
0.00011846,0.61163
0.00011848,-0.18837
0.0001185,0.61163
0.00011852,0.61163
0.00011854,0.59304
0.00011856,0.61163
0.00011858,0.59304
0.0001186,-0.20696
0.00011862,0.57444
0.00011864,-0.18837
0.00011866,0.61163
0.00011868,0.61163
0.0001187,0.59304
0.00011872,-0.20696
0.00011874,-0.18837
0.00011876,-0.20696
0.00011878,0.59304
0.0001188,-0.18837
0.00011882,-0.20696
0.00011884,0.59304
0.00011886,0.61163
0.00011888,0.61163
0.0001189,-0.20696
0.00011892,0.59304
0.00011894,-0.20696
0.00011896,0.61163
0.00011898,0.59304
0.000119,0.61163
0.00011902,-0.20696
0.00011904,0.59304
0.00011906,0.61163
0.00011908,0.61163
0.0001191,-0.18837
0.00011912,-0.18837
0.00011914,0.59304
0.00011916,-0.20696
0.00011918,0.59304
0.0001192,0.59304
0.00011922,0.59304
0.00011924,0.61163
0.00011926,0.59304
0.00011928,0.61163
0.0001193,0.59304
0.00011932,0.59304
0.00011934,-0.18837
0.00011936,-0.18837
0.00011938,-0.18837
0.0001194,-0.20696
0.00011942,-0.18837
0.00011944,0.61163
0.00011946,0.59304
0.00011948,-0.18837
0.0001195,-0.18837
0.00011952,0.61163
0.00011954,-0.18837
0.00011956,-0.20696
0.00011958,0.61163
0.0001196,0.61163
0.00011962,0.61163
0.00011964,0.59304
0.00011966,-0.18837
0.00011968,0.59304
0.0001197,-0.20696
0.00011972,0.61163
0.00011974,0.61163
0.00011976,0.61163
0.00011978,0.61163
0.0001198,0.59304
0.00011982,0.61163
0.00011984,0.59304
0.00011986,0.61163
0.00011988,0.59304
0.0001199,0.61163
0.00011992,0.61163
0.00011994,0.59304
0.00011996,0.59304
0.00011998,0.61163
0.00012,0.61163
0.00012002,-0.18837
0.00012004,0.61163
0.00012006,0.59304
0.00012008,-0.20696
0.0001201,0.59304
0.00012012,0.59304
0.00012014,0.61163
0.00012016,0.61163
0.00012018,-0.20696
0.0001202,-0.18837
0.00012022,-0.20696
0.00012024,0.61163
0.00012026,-0.20696
0.00012028,0.61163
0.0001203,-0.20696
0.00012032,-0.20696
0.00012034,0.61163
0.00012036,0.59304
0.00012038,0.61163
0.0001204,0.61163
0.00012042,0.59304
0.00012044,0.61163
0.00012046,-0.18837
0.00012048,0.61163
0.0001205,0.61163
0.00012052,0.61163
0.00012054,0.59304
0.00012056,0.59304
0.00012058,0.59304
0.0001206,-0.18837
0.00012062,0.61163
0.00012064,-0.18837
0.00012066,0.59304
0.00012068,0.61163
0.0001207,-0.20696
0.00012072,0.59304
0.00012074,-0.22556
0.00012076,-0.18837
0.00012078,-0.18837
0.0001208,0.61163
0.00012082,0.59304
0.00012084,0.59304
0.00012086,-0.18837
0.00012088,0.61163
0.0001209,0.59304
0.00012092,0.61163
0.00012094,0.59304
0.00012096,0.61163
0.00012098,-0.20696
0.000121,0.61163
0.00012102,-0.18837
0.00012104,-0.18837
0.00012106,0.61163
0.00012108,0.61163
0.0001211,0.61163
0.00012112,-0.22556
0.00012114,0.59304
0.00012116,0.59304
0.00012118,-0.20696
0.0001212,0.59304
0.00012122,-0.18837
0.00012124,0.61163
0.00012126,-0.20696
0.00012128,0.59304
0.0001213,0.59304
0.00012132,0.61163
0.00012134,0.61163
0.00012136,-0.18837
0.00012138,0.59304
0.0001214,-0.20696
0.00012142,0.61163
0.00012144,-0.20696
0.00012146,0.59304
0.00012148,0.61163
0.0001215,-0.20696
0.00012152,0.61163
0.00012154,0.61163
0.00012156,-0.18837
0.00012158,0.61163
0.0001216,0.59304
0.00012162,0.61163
0.00012164,-0.20696
0.00012166,0.61163
0.00012168,-0.20696
0.0001217,-0.18837
0.00012172,0.61163
0.00012174,0.61163
0.00012176,0.61163
0.00012178,0.61163
0.0001218,0.61163
0.00012182,0.61163
0.00012184,-0.20696
0.00012186,0.61163
0.00012188,-0.18837
0.0001219,-0.22556
0.00012192,0.59304
0.00012194,0.59304
0.00012196,0.61163
0.00012198,-0.20696
0.000122,-0.18837
0.00012202,0.57444
0.00012204,-0.20696
0.00012206,0.59304
0.00012208,0.61163
0.0001221,-0.18837
0.00012212,-0.20696
0.00012214,0.59304
0.00012216,0.61163
0.00012218,0.61163
0.0001222,0.61163
0.00012222,-0.18837
0.00012224,-0.20696
0.00012226,0.59304
0.00012228,0.57444
0.0001223,-0.20696
0.00012232,0.61163
0.00012234,-0.18837
0.00012236,-0.20696
0.00012238,0.61163
0.0001224,0.61163
0.00012242,0.61163
0.00012244,0.61163
0.00012246,0.61163
0.00012248,0.61163
0.0001225,0.59304
0.00012252,0.61163
0.00012254,0.59304
0.00012256,0.59304
0.00012258,-0.20696
0.0001226,-0.22556
0.00012262,0.59304
0.00012264,0.59304
0.00012266,0.59304
0.00012268,-0.18837
0.0001227,-0.20696
0.00012272,-0.18837
0.00012274,-0.20696
0.00012276,0.59304
0.00012278,-0.18837
0.0001228,-0.18837
0.00012282,0.61163
0.00012284,0.61163
0.00012286,0.61163
0.00012288,0.61163
0.0001229,0.59304
0.00012292,0.59304
0.00012294,0.59304
0.00012296,-0.18837
0.00012298,0.61163
0.000123,0.61163
0.00012302,0.59304
0.00012304,0.59304
0.00012306,0.61163
0.00012308,-0.20696
0.0001231,-0.18837
0.00012312,0.59304
0.00012314,0.59304
0.00012316,-0.18837
0.00012318,0.61163
0.0001232,-0.20696
0.00012322,0.59304
0.00012324,0.59304
0.00012326,0.61163
0.00012328,0.61163
0.0001233,-0.18837
0.00012332,0.59304
0.00012334,-0.18837
0.00012336,0.59304
0.00012338,-0.18837
0.0001234,0.61163
0.00012342,0.59304
0.00012344,0.57444
0.00012346,0.59304
0.00012348,0.61163
0.0001235,0.59304
0.00012352,-0.18837
0.00012354,-0.18837
0.00012356,0.59304
0.00012358,0.61163
0.0001236,0.61163
0.00012362,0.61163
0.00012364,-0.20696
0.00012366,-0.20696
0.00012368,0.61163
0.0001237,0.61163
0.00012372,0.59304
0.00012374,0.61163
0.00012376,-0.18837
0.00012378,0.61163
0.0001238,0.59304
0.00012382,0.59304
0.00012384,0.61163
0.00012386,-0.18837
0.00012388,0.61163
0.0001239,0.61163
0.00012392,0.59304
0.00012394,0.61163
0.00012396,0.61163
0.00012398,0.59304
0.000124,0.61163
0.00012402,-0.18837
0.00012404,-0.18837
0.00012406,0.61163
0.00012408,0.61163
0.0001241,0.59304
0.00012412,0.59304
0.00012414,0.59304
0.00012416,-0.18837
0.00012418,0.61163
0.0001242,-0.18837
0.00012422,-0.20696
0.00012424,-0.20696
0.00012426,0.61163
0.00012428,0.59304
0.0001243,-0.20696
0.00012432,0.61163
0.00012434,-0.20696
0.00012436,0.61163
0.00012438,0.61163
0.0001244,0.57444
0.00012442,0.61163
0.00012444,0.61163
0.00012446,-0.18837
0.00012448,0.61163
0.0001245,0.61163
0.00012452,0.59304
0.00012454,0.61163
0.00012456,-0.20696
0.00012458,0.61163
0.0001246,0.61163
0.00012462,0.61163
0.00012464,-0.18837
0.00012466,-0.18837
0.00012468,-0.18837
0.0001247,0.61163
0.00012472,-0.20696
0.00012474,-0.18837
0.00012476,-0.18837
0.00012478,0.59304
0.0001248,-0.20696
0.00012482,0.61163
0.00012484,0.61163
0.00012486,0.59304
0.00012488,0.59304
0.0001249,-0.20696
0.00012492,0.61163
0.00012494,-0.18837
0.00012496,0.61163
0.00012498,0.59304
0.000125,0.59304
0.00012502,0.59304
0.00012504,-0.20696
0.00012506,0.57444
0.00012508,-0.18837
0.0001251,0.61163
0.00012512,0.59304
0.00012514,0.59304
0.00012516,0.59304
0.00012518,0.61163
0.0001252,0.61163
0.00012522,0.61163
0.00012524,-0.18837
0.00012526,0.61163
0.00012528,0.61163
0.0001253,0.57444
0.00012532,0.61163
0.00012534,-0.20696
0.00012536,0.59304
0.00012538,-0.20696
0.0001254,-0.18837
0.00012542,-0.18837
0.00012544,0.59304
0.00012546,0.61163
0.00012548,0.59304
0.0001255,-0.20696
0.00012552,-0.20696
0.00012554,0.61163
0.00012556,0.61163
0.00012558,-0.20696
0.0001256,0.59304
0.00012562,0.59304
0.00012564,0.61163
0.00012566,0.59304
0.00012568,0.61163
0.0001257,0.57444
0.00012572,0.61163
0.00012574,0.61163
0.00012576,0.59304
0.00012578,-0.18837
0.0001258,0.59304
0.00012582,-0.20696
0.00012584,0.59304
0.00012586,-0.18837
0.00012588,0.61163
0.0001259,0.61163
0.00012592,0.59304
0.00012594,0.59304
0.00012596,0.61163
0.00012598,0.61163
0.000126,0.59304
0.00012602,0.61163
0.00012604,0.59304
0.00012606,0.61163
0.00012608,0.59304
0.0001261,-0.20696
0.00012612,-0.18837
0.00012614,0.61163
0.00012616,-0.18837
0.00012618,0.59304
0.0001262,-0.18837
0.00012622,-0.18837
0.00012624,-0.18837
0.00012626,0.61163
0.00012628,-0.18837
0.0001263,0.59304
0.00012632,0.59304
0.00012634,-0.18837
0.00012636,0.61163
0.00012638,-0.22556
0.0001264,0.59304
0.00012642,-0.18837
0.00012644,0.59304
0.00012646,0.59304
0.00012648,0.59304
0.0001265,-0.20696
0.00012652,0.59304
0.00012654,0.61163
0.00012656,0.59304
0.00012658,0.61163
0.0001266,-0.18837
0.00012662,0.59304
0.00012664,-0.18837
0.00012666,-0.18837
0.00012668,-0.20696
0.0001267,0.61163
0.00012672,0.61163
0.00012674,0.59304
0.00012676,-0.20696
0.00012678,-0.20696
0.0001268,0.61163
0.00012682,0.59304
0.00012684,0.61163
0.00012686,0.59304
0.00012688,0.59304
0.0001269,0.61163
0.00012692,-0.18837
0.00012694,-0.20696
0.00012696,-0.22556
0.00012698,0.59304
0.000127,0.61163
0.00012702,0.59304
0.00012704,-0.18837
0.00012706,-0.18837
0.00012708,-0.20696
0.0001271,-0.18837
0.00012712,-0.18837
0.00012714,-0.18837
0.00012716,0.61163
0.00012718,0.59304
0.0001272,0.61163
0.00012722,0.61163
0.00012724,-0.18837
0.00012726,0.61163
0.00012728,0.59304
0.0001273,0.61163
0.00012732,0.61163
0.00012734,0.61163
0.00012736,0.61163
0.00012738,0.61163
0.0001274,-0.98837
0.00012742,-0.18837
0.00012744,0.61163
0.00012746,0.61163
0.00012748,-0.18837
0.0001275,0.59304
0.00012752,0.59304
0.00012754,0.61163
0.00012756,-0.18837
0.00012758,0.61163
0.0001276,0.61163
0.00012762,-0.20696
0.00012764,0.61163
0.00012766,0.59304
0.00012768,0.61163
0.0001277,-0.20696
0.00012772,0.59304
0.00012774,0.61163
0.00012776,0.61163
0.00012778,0.59304
0.0001278,0.61163
0.00012782,-0.18837
0.00012784,0.61163
0.00012786,-0.18837
0.00012788,-0.20696
0.0001279,0.61163
0.00012792,0.59304
0.00012794,0.61163
0.00012796,-0.22556
0.00012798,0.61163
0.000128,-0.20696
0.00012802,0.61163
0.00012804,0.59304
0.00012806,0.61163
0.00012808,-0.18837
0.0001281,0.61163
0.00012812,0.61163
0.00012814,-0.18837
0.00012816,0.59304
0.00012818,-0.20696
0.0001282,-0.18837
0.00012822,-0.18837
0.00012824,0.61163
0.00012826,-0.18837
0.00012828,0.59304
0.0001283,0.59304
0.00012832,0.61163
0.00012834,-0.18837
0.00012836,-0.18837
0.00012838,0.61163
0.0001284,0.61163
0.00012842,0.59304
0.00012844,0.59304
0.00012846,0.61163
0.00012848,0.61163
0.0001285,0.61163
0.00012852,0.61163
0.00012854,-0.18837
0.00012856,0.61163
0.00012858,0.61163
0.0001286,0.61163
0.00012862,0.59304
0.00012864,-0.20696
0.00012866,0.61163
0.00012868,-0.18837
0.0001287,0.61163
0.00012872,-0.20696
0.00012874,0.57444
0.00012876,0.61163
0.00012878,0.61163
0.0001288,0.59304
0.00012882,0.61163
0.00012884,0.59304
0.00012886,0.61163
0.00012888,0.61163
0.0001289,0.61163
0.00012892,0.61163
0.00012894,0.61163
0.00012896,0.59304
0.00012898,-0.18837
0.000129,-0.20696
0.00012902,-0.18837
0.00012904,-0.18837
0.00012906,0.61163
0.00012908,0.61163
0.0001291,0.61163
0.00012912,-0.18837
0.00012914,-0.20696
0.00012916,0.59304
0.00012918,0.61163
0.0001292,0.57444
0.00012922,0.59304
0.00012924,0.61163
0.00012926,-0.20696
0.00012928,0.61163
0.0001293,-0.18837
0.00012932,0.59304
0.00012934,0.59304
0.00012936,0.57444
0.00012938,0.59304
0.0001294,-0.18837
0.00012942,0.61163
0.00012944,0.61163
0.00012946,-0.20696
0.00012948,0.59304
0.0001295,0.57444
0.00012952,0.59304
0.00012954,0.59304
0.00012956,0.61163
0.00012958,0.59304
0.0001296,0.61163
0.00012962,0.59304
0.00012964,0.59304
0.00012966,0.61163
0.00012968,0.61163
0.0001297,0.61163
0.00012972,0.61163
0.00012974,0.57444
0.00012976,-0.18837
0.00012978,0.59304
0.0001298,-0.18837
0.00012982,0.59304
0.00012984,-0.18837
0.00012986,0.61163
0.00012988,-0.18837
0.0001299,0.61163
0.00012992,0.59304
0.00012994,0.59304
0.00012996,-0.20696
0.00012998,-0.18837
0.00013,0.61163
0.00013002,0.59304
0.00013004,0.61163
0.00013006,-0.20696
0.00013008,-0.20696
0.0001301,0.59304
0.00013012,0.59304
0.00013014,-0.20696
0.00013016,0.61163
0.00013018,-0.18837
0.0001302,0.61163
0.00013022,-0.20696
0.00013024,-0.18837
0.00013026,0.59304
0.00013028,0.59304
0.0001303,0.59304
0.00013032,0.61163
0.00013034,0.61163
0.00013036,0.61163
0.00013038,0.59304
0.0001304,0.61163
0.00013042,0.61163
0.00013044,0.61163
0.00013046,0.59304
0.00013048,0.61163
0.0001305,-0.20696
0.00013052,-0.18837
0.00013054,0.61163
0.00013056,0.59304
0.00013058,-0.18837
0.0001306,-0.20696
0.00013062,-0.18837
0.00013064,0.59304
0.00013066,-0.18837
0.00013068,0.61163
0.0001307,-0.18837
0.00013072,-0.18837
0.00013074,0.61163
0.00013076,0.61163
0.00013078,0.61163
0.0001308,0.59304
0.00013082,0.61163
0.00013084,0.59304
0.00013086,0.59304
0.00013088,0.61163
0.0001309,0.59304
0.00013092,-0.18837
0.00013094,0.59304
0.00013096,-0.18837
0.00013098,-0.20696
0.000131,-0.20696
0.00013102,0.61163
0.00013104,0.61163
0.00013106,-0.18837
0.00013108,-0.18837
0.0001311,-0.20696
0.00013112,-1.007
0.00013114,0.59304
0.00013116,0.59304
0.00013118,-0.18837
0.0001312,0.61163
0.00013122,0.59304
0.00013124,0.61163
0.00013126,0.61163
0.00013128,0.61163
0.0001313,0.61163
0.00013132,0.59304
0.00013134,-0.18837
0.00013136,0.61163
0.00013138,-0.20696
0.0001314,-0.18837
0.00013142,-0.18837
0.00013144,-0.18837
0.00013146,0.57444
0.00013148,0.59304
0.0001315,0.61163
0.00013152,0.61163
0.00013154,-0.18837
0.00013156,0.61163
0.00013158,0.61163
0.0001316,-0.18837
0.00013162,0.59304
0.00013164,0.59304
0.00013166,0.59304
0.00013168,0.61163
0.0001317,0.61163
0.00013172,-0.18837
0.00013174,-0.18837
0.00013176,0.61163
0.00013178,0.61163
0.0001318,0.61163
0.00013182,0.61163
0.00013184,0.61163
0.00013186,0.61163
0.00013188,0.61163
0.0001319,0.61163
0.00013192,0.61163
0.00013194,0.59304
0.00013196,-0.18837
0.00013198,-0.18837
0.000132,-0.18837
0.00013202,0.61163
0.00013204,0.59304
0.00013206,0.61163
0.00013208,0.59304
0.0001321,-0.18837
0.00013212,0.59304
0.00013214,-0.18837
0.00013216,-0.18837
0.00013218,-0.18837
0.0001322,0.61163
0.00013222,0.61163
0.00013224,0.61163
0.00013226,-0.98837
0.00013228,-0.18837
0.0001323,-0.18837
0.00013232,0.59304
0.00013234,0.61163
0.00013236,0.61163
0.00013238,0.59304
0.0001324,0.61163
0.00013242,0.61163
0.00013244,0.61163
0.00013246,-0.20696
0.00013248,0.59304
0.0001325,-0.20696
0.00013252,0.61163
0.00013254,-0.20696
0.00013256,0.61163
0.00013258,0.59304
0.0001326,0.61163
0.00013262,-0.18837
0.00013264,0.61163
0.00013266,0.59304
0.00013268,0.59304
0.0001327,0.61163
0.00013272,0.59304
0.00013274,0.59304
0.00013276,0.61163
0.00013278,-0.20696
0.0001328,-0.18837
0.00013282,0.61163
0.00013284,0.59304
0.00013286,0.61163
0.00013288,0.61163
0.0001329,0.61163
0.00013292,-0.18837
0.00013294,0.61163
0.00013296,0.59304
0.00013298,0.61163
0.000133,0.59304
0.00013302,-0.18837
0.00013304,0.59304
0.00013306,0.61163
0.00013308,0.61163
0.0001331,0.61163
0.00013312,-0.18837
0.00013314,0.59304
0.00013316,0.59304
0.00013318,0.59304
0.0001332,0.59304
0.00013322,0.61163
0.00013324,0.61163
0.00013326,0.61163
0.00013328,0.61163
0.0001333,-0.18837
0.00013332,-0.18837
0.00013334,-0.18837
0.00013336,0.59304
0.00013338,-0.18837
0.0001334,-0.18837
0.00013342,-0.18837
0.00013344,-1.007
0.00013346,0.61163
0.00013348,0.61163
0.0001335,0.59304
0.00013352,-0.18837
0.00013354,0.59304
0.00013356,0.61163
0.00013358,0.61163
0.0001336,0.61163
0.00013362,-0.18837
0.00013364,0.61163
0.00013366,0.59304
0.00013368,0.59304
0.0001337,-0.20696
0.00013372,0.59304
0.00013374,0.61163
0.00013376,0.59304
0.00013378,-0.98837
0.0001338,0.61163
0.00013382,-0.22556
0.00013384,-0.18837
0.00013386,0.59304
0.00013388,0.61163
0.0001339,0.59304
0.00013392,-0.18837
0.00013394,0.61163
0.00013396,0.61163
0.00013398,0.61163
0.000134,0.61163
0.00013402,0.61163
0.00013404,-0.18837
0.00013406,-0.18837
0.00013408,0.59304
0.0001341,0.59304
0.00013412,-0.98837
0.00013414,0.61163
0.00013416,-0.18837
0.00013418,0.61163
0.0001342,0.59304
0.00013422,0.61163
0.00013424,-0.20696
0.00013426,0.61163
0.00013428,0.59304
0.0001343,0.61163
0.00013432,-0.18837
0.00013434,0.61163
0.00013436,-0.18837
0.00013438,0.61163
0.0001344,0.61163
0.00013442,0.61163
0.00013444,-0.20696
0.00013446,-0.18837
0.00013448,-0.20696
0.0001345,0.59304
0.00013452,-0.18837
0.00013454,0.61163
0.00013456,-0.98837
0.00013458,0.61163
0.0001346,-0.20696
0.00013462,0.61163
0.00013464,0.61163
0.00013466,0.61163
0.00013468,0.61163
0.0001347,0.59304
0.00013472,0.61163
0.00013474,0.61163
0.00013476,0.61163
0.00013478,0.61163
0.0001348,0.61163
0.00013482,0.59304
0.00013484,0.59304
0.00013486,0.61163
0.00013488,-0.20696
0.0001349,0.61163
0.00013492,0.61163
0.00013494,0.61163
0.00013496,-0.20696
0.00013498,-0.20696
0.000135,-0.18837
0.00013502,-0.18837
0.00013504,-0.18837
0.00013506,-0.18837
0.00013508,0.61163
0.0001351,0.61163
0.00013512,0.59304
0.00013514,0.61163
0.00013516,0.59304
0.00013518,0.61163
0.0001352,0.59304
0.00013522,0.61163
0.00013524,-0.18837
0.00013526,-0.18837
0.00013528,0.61163
0.0001353,0.59304
0.00013532,0.61163
0.00013534,0.61163
0.00013536,-0.18837
0.00013538,-0.18837
0.0001354,-0.18837
0.00013542,-0.18837
0.00013544,0.61163
0.00013546,-0.18837
0.00013548,-0.18837
0.0001355,-0.18837
0.00013552,0.61163
0.00013554,0.59304
0.00013556,0.61163
0.00013558,0.59304
0.0001356,0.61163
0.00013562,0.59304
0.00013564,-0.18837
0.00013566,0.61163
0.00013568,0.61163
0.0001357,0.61163
0.00013572,-0.18837
0.00013574,-0.18837
0.00013576,0.61163
0.00013578,0.59304
0.0001358,0.61163
0.00013582,-0.18837
0.00013584,0.61163
0.00013586,-0.18837
0.00013588,0.61163
0.0001359,-0.18837
0.00013592,0.59304
0.00013594,0.61163
0.00013596,0.61163
0.00013598,-0.18837
0.000136,0.59304
0.00013602,-0.18837
0.00013604,-0.20696
0.00013606,-0.18837
0.00013608,0.61163
0.0001361,0.61163
0.00013612,-0.18837
0.00013614,0.59304
0.00013616,0.61163
0.00013618,0.61163
0.0001362,0.59304
0.00013622,-0.18837
0.00013624,0.59304
0.00013626,-0.18837
0.00013628,0.59304
0.0001363,0.61163
0.00013632,0.61163
0.00013634,0.59304
0.00013636,0.59304
0.00013638,-0.20696
0.0001364,0.59304
0.00013642,-0.18837
0.00013644,0.61163
0.00013646,0.61163
0.00013648,0.61163
0.0001365,0.59304
0.00013652,-0.18837
0.00013654,0.61163
0.00013656,0.61163
0.00013658,0.61163
0.0001366,0.61163
0.00013662,0.59304
0.00013664,0.61163
0.00013666,0.59304
0.00013668,0.61163
0.0001367,-0.18837
0.00013672,0.61163
0.00013674,0.59304
0.00013676,0.57444
0.00013678,0.61163
0.0001368,0.59304
0.00013682,0.59304
0.00013684,-0.18837
0.00013686,-0.18837
0.00013688,0.59304
0.0001369,-0.18837
0.00013692,-0.18837
0.00013694,-0.18837
0.00013696,0.61163
0.00013698,0.61163
0.000137,0.59304
0.00013702,0.61163
0.00013704,-0.18837
0.00013706,0.61163
0.00013708,0.61163
0.0001371,0.61163
0.00013712,-0.18837
0.00013714,0.61163
0.00013716,0.61163
0.00013718,0.59304
0.0001372,-0.18837
0.00013722,0.61163
0.00013724,-0.20696
0.00013726,0.61163
0.00013728,0.61163
0.0001373,0.61163
0.00013732,0.61163
0.00013734,-0.18837
0.00013736,-0.18837
0.00013738,0.61163
0.0001374,-0.98837
0.00013742,-0.20696
0.00013744,0.61163
0.00013746,0.59304
0.00013748,-0.18837
0.0001375,0.57444
0.00013752,0.61163
0.00013754,0.61163
0.00013756,0.61163
0.00013758,0.61163
0.0001376,0.59304
0.00013762,0.61163
0.00013764,0.61163
0.00013766,0.61163
0.00013768,0.61163
0.0001377,-0.18837
0.00013772,0.61163
0.00013774,0.59304
0.00013776,-0.18837
0.00013778,-0.18837
0.0001378,-0.18837
0.00013782,0.61163
0.00013784,-0.20696
0.00013786,-0.18837
0.00013788,0.59304
0.0001379,-0.18837
0.00013792,0.61163
0.00013794,0.61163
0.00013796,0.61163
0.00013798,0.59304
0.000138,-0.20696
0.00013802,0.61163
0.00013804,0.59304
0.00013806,0.59304
0.00013808,-0.20696
0.0001381,0.61163
0.00013812,-0.20696
0.00013814,0.61163
0.00013816,-0.20696
0.00013818,0.61163
0.0001382,0.61163
0.00013822,0.61163
0.00013824,0.61163
0.00013826,0.61163
0.00013828,0.61163
0.0001383,-0.20696
0.00013832,-0.98837
0.00013834,0.61163
0.00013836,0.59304
0.00013838,-0.20696
0.0001384,0.59304
0.00013842,0.61163
0.00013844,-0.20696
0.00013846,0.61163
0.00013848,0.59304
0.0001385,0.61163
0.00013852,0.59304
0.00013854,-0.18837
0.00013856,-0.18837
0.00013858,-0.22556
0.0001386,0.59304
0.00013862,0.59304
0.00013864,0.59304
0.00013866,-0.18837
0.00013868,0.59304
0.0001387,0.61163
0.00013872,0.59304
0.00013874,-0.18837
0.00013876,0.61163
0.00013878,0.61163
0.0001388,0.59304
0.00013882,0.61163
0.00013884,-0.18837
0.00013886,0.61163
0.00013888,-0.20696
0.0001389,0.59304
0.00013892,-0.18837
0.00013894,0.61163
0.00013896,0.59304
0.00013898,0.61163
0.000139,0.61163
0.00013902,0.61163
0.00013904,0.59304
0.00013906,0.61163
0.00013908,0.59304
0.0001391,-0.18837
0.00013912,-0.18837
0.00013914,0.61163
0.00013916,0.61163
0.00013918,0.59304
0.0001392,0.61163
0.00013922,0.59304
0.00013924,0.61163
0.00013926,-0.20696
0.00013928,0.61163
0.0001393,-0.18837
0.00013932,-0.18837
0.00013934,0.61163
0.00013936,0.61163
0.00013938,-0.18837
0.0001394,0.61163
0.00013942,-0.18837
0.00013944,-0.20696
0.00013946,-0.18837
0.00013948,0.61163
0.0001395,0.61163
0.00013952,0.61163
0.00013954,0.61163
0.00013956,0.61163
0.00013958,0.59304
0.0001396,0.59304
0.00013962,0.59304
0.00013964,0.61163
0.00013966,0.61163
0.00013968,0.61163
0.0001397,0.59304
0.00013972,-0.20696
0.00013974,0.61163
0.00013976,-0.18837
0.00013978,-0.20696
0.0001398,0.61163
0.00013982,0.61163
0.00013984,0.61163
0.00013986,0.59304
0.00013988,0.61163
0.0001399,0.61163
0.00013992,0.59304
0.00013994,0.61163
0.00013996,0.61163
0.00013998,-0.18837
0.00014,0.61163
0.00014002,0.57444
0.00014004,0.61163
0.00014006,-0.18837
0.00014008,0.59304
0.0001401,0.61163
0.00014012,0.61163
0.00014014,-0.18837
0.00014016,-0.20696
0.00014018,0.59304
0.0001402,0.61163
0.00014022,0.61163
0.00014024,-0.18837
0.00014026,0.59304
0.00014028,0.61163
0.0001403,0.59304
0.00014032,0.59304
0.00014034,0.61163
0.00014036,-0.18837
0.00014038,0.61163
0.0001404,0.61163
0.00014042,0.61163
0.00014044,-0.20696
0.00014046,-0.18837
0.00014048,0.59304
0.0001405,0.61163
0.00014052,-0.18837
0.00014054,-0.20696
0.00014056,0.59304
0.00014058,0.61163
0.0001406,-0.18837
0.00014062,0.61163
0.00014064,0.59304
0.00014066,0.59304
0.00014068,0.59304
0.0001407,0.61163
0.00014072,0.61163
0.00014074,0.61163
0.00014076,0.61163
0.00014078,-0.20696
0.0001408,0.59304
0.00014082,-0.20696
0.00014084,0.61163
0.00014086,-0.18837
0.00014088,0.61163
0.0001409,0.61163
0.00014092,-0.20696
0.00014094,0.61163
0.00014096,0.61163
0.00014098,-0.18837
0.000141,0.61163
0.00014102,0.59304
0.00014104,0.59304
0.00014106,0.61163
0.00014108,0.61163
0.0001411,0.61163
0.00014112,0.59304
0.00014114,0.59304
0.00014116,0.61163
0.00014118,-0.20696
0.0001412,0.61163
0.00014122,0.61163
0.00014124,0.61163
0.00014126,-0.18837
0.00014128,-0.18837
0.0001413,0.61163
0.00014132,-0.18837
0.00014134,-0.18837
0.00014136,0.59304
0.00014138,-0.22556
0.0001414,-1.007
0.00014142,0.61163
0.00014144,0.61163
0.00014146,0.59304
0.00014148,0.59304
0.0001415,0.61163
0.00014152,0.61163
0.00014154,0.61163
0.00014156,-0.18837
0.00014158,0.61163
0.0001416,0.61163
0.00014162,0.61163
0.00014164,0.61163
0.00014166,0.61163
0.00014168,0.61163
0.0001417,-0.20696
0.00014172,-0.20696
0.00014174,-0.20696
0.00014176,0.61163
0.00014178,0.61163
0.0001418,-0.18837
0.00014182,-0.20696
0.00014184,-0.18837
0.00014186,0.61163
0.00014188,-0.18837
0.0001419,0.59304
0.00014192,0.61163
0.00014194,0.61163
0.00014196,0.59304
0.00014198,0.59304
0.000142,0.59304
0.00014202,-0.18837
0.00014204,0.61163
0.00014206,0.61163
0.00014208,0.61163
0.0001421,-0.20696
0.00014212,-0.20696
0.00014214,0.59304
0.00014216,-0.20696
0.00014218,-0.18837
0.0001422,-0.18837
0.00014222,-0.18837
0.00014224,-0.18837
0.00014226,0.61163
0.00014228,-0.18837
0.0001423,0.61163
0.00014232,0.59304
0.00014234,0.61163
0.00014236,0.61163
0.00014238,0.59304
0.0001424,0.59304
0.00014242,0.61163
0.00014244,0.61163
0.00014246,0.61163
0.00014248,0.61163
0.0001425,0.59304
0.00014252,0.61163
0.00014254,0.61163
0.00014256,0.61163
0.00014258,0.61163
0.0001426,0.61163
0.00014262,0.59304
0.00014264,0.61163
0.00014266,-0.18837
0.00014268,0.59304
0.0001427,0.59304
0.00014272,-0.18837
0.00014274,0.61163
0.00014276,0.59304
0.00014278,0.61163
0.0001428,-0.18837
0.00014282,-0.18837
0.00014284,-0.22556
0.00014286,-0.18837
0.00014288,0.59304
0.0001429,0.59304
0.00014292,-0.18837
0.00014294,0.61163
0.00014296,0.61163
0.00014298,0.57444
0.000143,0.61163
0.00014302,-0.20696
0.00014304,-0.20696
0.00014306,0.61163
0.00014308,0.61163
0.0001431,1.393
0.00014312,0.61163
0.00014314,0.61163
0.00014316,0.61163
0.00014318,0.59304
0.0001432,0.59304
0.00014322,-0.18837
0.00014324,0.61163
0.00014326,-0.18837
0.00014328,-0.20696
0.0001433,0.59304
0.00014332,0.59304
0.00014334,-1.007
0.00014336,-0.98837
0.00014338,-0.18837
0.0001434,0.59304
0.00014342,-0.18837
0.00014344,0.61163
0.00014346,-0.18837
0.00014348,0.59304
0.0001435,0.61163
0.00014352,0.61163
0.00014354,0.59304
0.00014356,0.61163
0.00014358,-0.18837
0.0001436,-0.18837
0.00014362,-0.18837
0.00014364,0.61163
0.00014366,0.61163
0.00014368,0.61163
0.0001437,-0.18837
0.00014372,0.59304
0.00014374,0.59304
0.00014376,-0.18837
0.00014378,-0.20696
0.0001438,-0.20696
0.00014382,0.59304
0.00014384,0.61163
0.00014386,0.61163
0.00014388,-0.20696
0.0001439,0.61163
0.00014392,0.61163
0.00014394,0.61163
0.00014396,-0.18837
0.00014398,0.61163
0.000144,0.61163
0.00014402,0.61163
0.00014404,-0.18837
0.00014406,0.59304
0.00014408,-0.98837
0.0001441,0.59304
0.00014412,0.57444
0.00014414,0.59304
0.00014416,0.61163
0.00014418,0.61163
0.0001442,-0.18837
0.00014422,0.59304
0.00014424,0.61163
0.00014426,0.59304
0.00014428,0.61163
0.0001443,-0.20696
0.00014432,0.61163
0.00014434,0.61163
0.00014436,-0.20696
0.00014438,0.61163
0.0001444,0.59304
0.00014442,0.59304
0.00014444,0.61163
0.00014446,0.61163
0.00014448,-0.18837
0.0001445,0.59304
0.00014452,0.61163
0.00014454,-0.20696
0.00014456,-0.20696
0.00014458,0.61163
0.0001446,0.61163
0.00014462,0.59304
0.00014464,0.61163
0.00014466,-0.18837
0.00014468,-0.18837
0.0001447,-0.20696
0.00014472,0.61163
0.00014474,0.61163
0.00014476,0.61163
0.00014478,0.61163
0.0001448,-0.18837
0.00014482,0.61163
0.00014484,0.61163
0.00014486,0.61163
0.00014488,0.61163
0.0001449,-0.20696
0.00014492,-0.18837
0.00014494,-0.20696
0.00014496,-0.18837
0.00014498,-0.18837
0.000145,0.61163
0.00014502,0.61163
0.00014504,0.61163
0.00014506,0.61163
0.00014508,0.61163
0.0001451,0.57444
0.00014512,0.61163
0.00014514,-0.18837
0.00014516,-0.18837
0.00014518,-0.16978
0.0001452,0.61163
0.00014522,0.59304
0.00014524,0.59304
0.00014526,-0.20696
0.00014528,0.59304
0.0001453,0.59304
0.00014532,-0.18837
0.00014534,0.59304
0.00014536,0.59304
0.00014538,0.59304
0.0001454,-0.18837
0.00014542,0.61163
0.00014544,0.61163
0.00014546,0.61163
0.00014548,0.61163
0.0001455,0.59304
0.00014552,0.61163
0.00014554,0.61163
0.00014556,0.61163
0.00014558,0.61163
0.0001456,-0.18837
0.00014562,0.61163
0.00014564,-0.18837
0.00014566,-0.18837
0.00014568,0.61163
0.0001457,0.61163
0.00014572,0.61163
0.00014574,-0.20696
0.00014576,-0.20696
0.00014578,0.61163
0.0001458,0.61163
0.00014582,0.59304
0.00014584,0.59304
0.00014586,0.61163
0.00014588,0.61163
0.0001459,0.59304
0.00014592,0.61163
0.00014594,0.61163
0.00014596,0.61163
0.00014598,0.61163
0.000146,0.61163
0.00014602,0.61163
0.00014604,0.57444
0.00014606,0.61163
0.00014608,0.61163
0.0001461,0.59304
0.00014612,-0.20696
0.00014614,-0.20696
0.00014616,-0.18837
0.00014618,-0.18837
0.0001462,-0.18837
0.00014622,-0.20696
0.00014624,-0.20696
0.00014626,0.59304
0.00014628,0.59304
0.0001463,0.59304
0.00014632,0.61163
0.00014634,0.59304
0.00014636,0.59304
0.00014638,0.61163
0.0001464,0.61163
0.00014642,0.61163
0.00014644,0.61163
0.00014646,-0.18837
0.00014648,0.61163
0.0001465,-0.18837
0.00014652,-0.20696
0.00014654,0.61163
0.00014656,0.59304
0.00014658,0.59304
0.0001466,0.59304
0.00014662,0.61163
0.00014664,-0.20696
0.00014666,-0.18837
0.00014668,0.61163
0.0001467,0.61163
0.00014672,0.59304
0.00014674,-0.18837
0.00014676,0.59304
0.00014678,0.61163
0.0001468,-0.20696
0.00014682,0.61163
0.00014684,-0.18837
0.00014686,0.61163
0.00014688,0.61163
0.0001469,0.61163
0.00014692,-0.18837
0.00014694,0.61163
0.00014696,0.61163
0.00014698,-0.20696
0.000147,0.61163
0.00014702,0.61163
0.00014704,0.59304
0.00014706,0.61163
0.00014708,-0.18837
0.0001471,0.61163
0.00014712,-0.20696
0.00014714,0.61163
0.00014716,-0.18837
0.00014718,0.59304
0.0001472,-0.20696
0.00014722,-0.20696
0.00014724,0.61163
0.00014726,0.61163
0.00014728,0.61163
0.0001473,-0.20696
0.00014732,0.61163
0.00014734,0.61163
0.00014736,0.61163
0.00014738,0.59304
0.0001474,0.61163
0.00014742,0.61163
0.00014744,0.59304
0.00014746,0.61163
0.00014748,0.61163
0.0001475,0.61163
0.00014752,0.61163
0.00014754,0.59304
0.00014756,-0.20696
0.00014758,0.61163
0.0001476,0.59304
0.00014762,0.59304
0.00014764,0.61163
0.00014766,-0.18837
0.00014768,-0.18837
0.0001477,0.61163
0.00014772,0.61163
0.00014774,0.61163
0.00014776,0.59304
0.00014778,0.59304
0.0001478,-0.20696
0.00014782,0.61163
0.00014784,-0.18837
0.00014786,0.61163
0.00014788,0.59304
0.0001479,0.61163
0.00014792,0.61163
0.00014794,0.61163
0.00014796,0.59304
0.00014798,0.61163
0.000148,0.57444
0.00014802,0.59304
0.00014804,-0.20696
0.00014806,-0.20696
0.00014808,-0.18837
0.0001481,0.61163
0.00014812,0.61163
0.00014814,-0.20696
0.00014816,-0.18837
0.00014818,0.61163
0.0001482,0.59304
0.00014822,0.59304
0.00014824,0.61163
0.00014826,0.61163
0.00014828,-0.18837
0.0001483,0.61163
0.00014832,0.61163
0.00014834,0.61163
0.00014836,0.59304
0.00014838,0.61163
0.0001484,0.59304
0.00014842,-0.18837
0.00014844,0.61163
0.00014846,-0.98837
0.00014848,0.61163
0.0001485,0.61163
0.00014852,0.61163
0.00014854,-0.18837
0.00014856,-0.20696
0.00014858,0.59304
0.0001486,0.61163
0.00014862,-0.18837
0.00014864,0.61163
0.00014866,0.61163
0.00014868,0.59304
0.0001487,0.59304
0.00014872,0.61163
0.00014874,0.59304
0.00014876,0.59304
0.00014878,-0.22556
0.0001488,-0.20696
0.00014882,-0.18837
0.00014884,0.61163
0.00014886,0.59304
0.00014888,0.61163
0.0001489,0.59304
0.00014892,-0.18837
0.00014894,0.61163
0.00014896,0.61163
0.00014898,0.61163
0.000149,-0.18837
0.00014902,0.59304
0.00014904,-0.20696
0.00014906,0.61163
0.00014908,0.61163
0.0001491,0.59304
0.00014912,0.61163
0.00014914,-0.18837
0.00014916,0.61163
0.00014918,0.61163
0.0001492,-0.20696
0.00014922,0.61163
0.00014924,0.59304
0.00014926,-0.18837
0.00014928,0.61163
0.0001493,-0.18837
0.00014932,-0.18837
0.00014934,0.61163
0.00014936,0.61163
0.00014938,0.61163
0.0001494,0.61163
0.00014942,-0.20696
0.00014944,0.61163
0.00014946,0.61163
0.00014948,0.61163
0.0001495,0.61163
0.00014952,0.61163
0.00014954,0.59304
0.00014956,0.61163
0.00014958,0.59304
0.0001496,0.61163
0.00014962,0.59304
0.00014964,0.61163
0.00014966,0.59304
0.00014968,0.61163
0.0001497,-0.18837
0.00014972,-0.18837
0.00014974,-0.18837
0.00014976,0.59304
0.00014978,0.61163
0.0001498,0.59304
0.00014982,-0.18837
0.00014984,-0.20696
0.00014986,0.61163
0.00014988,0.59304
0.0001499,0.61163
0.00014992,0.61163
0.00014994,-0.18837
0.00014996,-0.18837
0.00014998,0.61163
0.00015,0.59304
0.00015002,0.61163
0.00015004,-0.20696
0.00015006,0.61163
0.00015008,0.61163
0.0001501,0.61163
0.00015012,-0.20696
0.00015014,0.61163
0.00015016,-0.18837
0.00015018,0.61163
0.0001502,0.59304
0.00015022,0.61163
0.00015024,0.61163
0.00015026,0.61163
0.00015028,0.61163
0.0001503,0.61163
0.00015032,0.59304
0.00015034,0.61163
0.00015036,0.59304
0.00015038,0.61163
0.0001504,0.59304
0.00015042,0.61163
0.00015044,0.59304
0.00015046,0.61163
0.00015048,0.61163
0.0001505,0.61163
0.00015052,0.61163
0.00015054,0.61163
0.00015056,0.61163
0.00015058,0.59304
0.0001506,-0.20696
0.00015062,-0.20696
0.00015064,0.59304
0.00015066,-0.18837
0.00015068,0.61163
0.0001507,0.59304
0.00015072,0.59304
0.00015074,0.61163
0.00015076,0.61163
0.00015078,0.59304
0.0001508,-0.18837
0.00015082,0.61163
0.00015084,-0.18837
0.00015086,0.61163
0.00015088,0.61163
0.0001509,0.61163
0.00015092,0.61163
0.00015094,0.61163
0.00015096,0.59304
0.00015098,0.61163
0.000151,0.59304
0.00015102,0.59304
0.00015104,-0.18837
0.00015106,-0.18837
0.00015108,0.61163
0.0001511,0.59304
0.00015112,0.61163
0.00015114,0.59304
0.00015116,0.61163
0.00015118,0.61163
0.0001512,-0.18837
0.00015122,0.61163
0.00015124,0.61163
0.00015126,-0.20696
0.00015128,-0.18837
0.0001513,-0.20696
0.00015132,0.61163
0.00015134,0.61163
0.00015136,0.61163
0.00015138,0.59304
0.0001514,0.59304
0.00015142,0.59304
0.00015144,0.61163
0.00015146,-0.20696
0.00015148,0.61163
0.0001515,-0.20696
0.00015152,0.61163
0.00015154,0.61163
0.00015156,0.61163
0.00015158,-0.18837
0.0001516,-0.18837
0.00015162,0.61163
0.00015164,0.59304
0.00015166,-0.18837
0.00015168,0.59304
0.0001517,0.59304
0.00015172,0.59304
0.00015174,0.61163
0.00015176,0.61163
0.00015178,0.61163
0.0001518,0.59304
0.00015182,0.59304
0.00015184,0.59304
0.00015186,0.61163
0.00015188,0.61163
0.0001519,0.61163
0.00015192,0.59304
0.00015194,0.59304
0.00015196,0.61163
0.00015198,-0.98837
0.000152,0.61163
0.00015202,-0.18837
0.00015204,0.61163
0.00015206,-0.20696
0.00015208,0.59304
0.0001521,-0.18837
0.00015212,-0.18837
0.00015214,0.59304
0.00015216,0.61163
0.00015218,0.61163
0.0001522,0.61163
0.00015222,0.59304
0.00015224,0.61163
0.00015226,0.59304
0.00015228,0.59304
0.0001523,0.61163
0.00015232,0.59304
0.00015234,0.61163
0.00015236,0.61163
0.00015238,0.59304
0.0001524,0.61163
0.00015242,0.59304
0.00015244,-0.18837
0.00015246,-0.18837
0.00015248,0.61163
0.0001525,0.61163
0.00015252,-0.20696
0.00015254,-0.18837
0.00015256,0.61163
0.00015258,0.59304
0.0001526,-0.20696
0.00015262,0.59304
0.00015264,-0.18837
0.00015266,-0.18837
0.00015268,-0.18837
0.0001527,0.59304
0.00015272,0.61163
0.00015274,0.59304
0.00015276,0.61163
0.00015278,0.59304
0.0001528,0.61163
0.00015282,0.61163
0.00015284,0.59304
0.00015286,0.59304
0.00015288,0.61163
0.0001529,-0.18837
0.00015292,0.59304
0.00015294,0.61163
0.00015296,0.59304
0.00015298,0.59304
0.000153,0.61163
0.00015302,0.61163
0.00015304,0.61163
0.00015306,-0.18837
0.00015308,0.59304
0.0001531,-0.18837
0.00015312,-0.18837
0.00015314,-0.98837
0.00015316,0.59304
0.00015318,0.59304
0.0001532,0.61163
0.00015322,-0.18837
0.00015324,-0.18837
0.00015326,0.59304
0.00015328,0.59304
0.0001533,0.61163
0.00015332,0.59304
0.00015334,0.61163
0.00015336,0.59304
0.00015338,0.61163
0.0001534,-0.18837
0.00015342,0.61163
0.00015344,0.61163
0.00015346,0.59304
0.00015348,0.59304
0.0001535,-0.98837
0.00015352,-0.20696
0.00015354,-0.18837
0.00015356,-0.20696
0.00015358,0.61163
0.0001536,-0.18837
0.00015362,0.61163
0.00015364,-0.20696
0.00015366,0.61163
0.00015368,0.61163
0.0001537,0.61163
0.00015372,0.59304
0.00015374,0.61163
0.00015376,0.61163
0.00015378,-0.20696
0.0001538,0.61163
0.00015382,0.59304
0.00015384,0.61163
0.00015386,0.59304
0.00015388,0.61163
0.0001539,0.61163
0.00015392,0.61163
0.00015394,0.61163
0.00015396,0.59304
0.00015398,-0.18837
0.000154,0.61163
0.00015402,-0.18837
0.00015404,0.61163
0.00015406,-0.20696
0.00015408,-0.20696
0.0001541,-0.18837
0.00015412,-0.20696
0.00015414,0.61163
0.00015416,0.61163
0.00015418,0.61163
0.0001542,-0.18837
0.00015422,0.61163
0.00015424,0.61163
0.00015426,0.59304
0.00015428,0.59304
0.0001543,0.61163
0.00015432,0.61163
0.00015434,-0.18837
0.00015436,0.61163
0.00015438,-0.20696
0.0001544,0.61163
0.00015442,-0.20696
0.00015444,0.61163
0.00015446,0.59304
0.00015448,0.59304
0.0001545,-0.18837
0.00015452,-0.18837
0.00015454,-0.18837
0.00015456,-0.20696
0.00015458,-1.007
0.0001546,-0.18837
0.00015462,-0.20696
0.00015464,0.59304
0.00015466,0.61163
0.00015468,-0.20696
0.0001547,-0.20696
0.00015472,-0.18837
0.00015474,0.59304
0.00015476,0.61163
0.00015478,0.61163
0.0001548,0.59304
0.00015482,0.61163
0.00015484,0.61163
0.00015486,0.61163
0.00015488,0.61163
0.0001549,0.61163
0.00015492,0.61163
0.00015494,-0.18837
0.00015496,-0.20696
0.00015498,-0.18837
0.000155,0.59304
0.00015502,0.59304
0.00015504,-0.18837
0.00015506,-0.18837
0.00015508,-0.18837
0.0001551,0.59304
0.00015512,-0.20696
0.00015514,0.61163
0.00015516,-0.18837
0.00015518,0.61163
0.0001552,0.61163
0.00015522,0.59304
0.00015524,0.61163
0.00015526,-0.18837
0.00015528,0.61163
0.0001553,0.61163
0.00015532,0.59304
0.00015534,0.61163
0.00015536,0.61163
0.00015538,0.61163
0.0001554,0.59304
0.00015542,0.61163
0.00015544,0.59304
0.00015546,0.59304
0.00015548,0.59304
0.0001555,-0.98837
0.00015552,-0.18837
0.00015554,-0.18837
0.00015556,-0.98837
0.00015558,-0.18837
0.0001556,0.61163
0.00015562,0.61163
0.00015564,-0.20696
0.00015566,0.59304
0.00015568,0.61163
0.0001557,0.61163
0.00015572,0.61163
0.00015574,0.61163
0.00015576,0.59304
0.00015578,0.59304
0.0001558,0.61163
0.00015582,-0.20696
0.00015584,0.59304
0.00015586,-0.18837
0.00015588,0.61163
0.0001559,0.61163
0.00015592,0.61163
0.00015594,0.61163
0.00015596,0.61163
0.00015598,-0.18837
0.000156,0.59304
0.00015602,-0.98837
0.00015604,-0.18837
0.00015606,-0.18837
0.00015608,-0.20696
0.0001561,0.59304
0.00015612,0.59304
0.00015614,0.61163
0.00015616,0.59304
0.00015618,0.61163
0.0001562,0.59304
0.00015622,0.59304
0.00015624,0.61163
0.00015626,0.61163
0.00015628,0.61163
0.0001563,0.61163
0.00015632,0.61163
0.00015634,-0.18837
0.00015636,0.59304
0.00015638,-0.20696
0.0001564,0.59304
0.00015642,-1.007
0.00015644,0.61163
0.00015646,-0.18837
0.00015648,0.61163
0.0001565,0.59304
0.00015652,-0.18837
0.00015654,0.61163
0.00015656,0.59304
0.00015658,0.59304
0.0001566,-0.18837
0.00015662,0.61163
0.00015664,0.59304
0.00015666,-0.18837
0.00015668,0.59304
0.0001567,0.59304
0.00015672,0.61163
0.00015674,0.61163
0.00015676,0.59304
0.00015678,0.59304
0.0001568,-0.20696
0.00015682,0.61163
0.00015684,0.59304
0.00015686,0.61163
0.00015688,0.59304
0.0001569,0.61163
0.00015692,0.61163
0.00015694,0.61163
0.00015696,0.61163
0.00015698,0.61163
0.000157,-0.18837
0.00015702,0.61163
0.00015704,-0.20696
0.00015706,0.59304
0.00015708,0.59304
0.0001571,0.59304
0.00015712,-0.18837
0.00015714,-0.18837
0.00015716,0.59304
0.00015718,-0.18837
0.0001572,0.61163
0.00015722,0.61163
0.00015724,0.59304
0.00015726,0.61163
0.00015728,0.59304
0.0001573,0.61163
0.00015732,0.61163
0.00015734,0.61163
0.00015736,0.61163
0.00015738,0.59304
0.0001574,-0.18837
0.00015742,-1.007
0.00015744,-0.18837
0.00015746,0.61163
0.00015748,0.61163
0.0001575,0.61163
0.00015752,0.59304
0.00015754,-0.18837
0.00015756,0.61163
0.00015758,0.59304
0.0001576,0.59304
0.00015762,-0.20696
0.00015764,0.61163
0.00015766,0.59304
0.00015768,0.61163
0.0001577,0.59304
0.00015772,0.59304
0.00015774,-0.20696
0.00015776,-0.18837
0.00015778,0.61163
0.0001578,0.61163
0.00015782,0.59304
0.00015784,-0.20696
0.00015786,-0.18837
0.00015788,0.61163
0.0001579,0.61163
0.00015792,-0.20696
0.00015794,-0.18837
0.00015796,-0.18837
0.00015798,0.61163
0.000158,-0.98837
0.00015802,-0.18837
0.00015804,-0.18837
0.00015806,-0.20696
0.00015808,0.59304
0.0001581,0.61163
0.00015812,-0.18837
0.00015814,0.59304
0.00015816,0.61163
0.00015818,0.61163
0.0001582,0.61163
0.00015822,0.59304
0.00015824,0.61163
0.00015826,0.61163
0.00015828,0.59304
0.0001583,0.61163
0.00015832,0.61163
0.00015834,0.61163
0.00015836,0.61163
0.00015838,-0.20696
0.0001584,0.61163
0.00015842,-0.18837
0.00015844,-0.20696
0.00015846,-0.20696
0.00015848,0.59304
0.0001585,-1.007
0.00015852,-0.18837
0.00015854,-0.18837
0.00015856,-0.20696
0.00015858,0.59304
0.0001586,0.59304
0.00015862,-0.18837
0.00015864,0.61163
0.00015866,0.61163
0.00015868,0.59304
0.0001587,0.61163
0.00015872,0.59304
0.00015874,0.59304
0.00015876,0.59304
0.00015878,0.61163
0.0001588,0.61163
0.00015882,0.61163
0.00015884,0.61163
0.00015886,0.59304
0.00015888,-0.18837
0.0001589,-0.18837
0.00015892,0.59304
0.00015894,0.59304
0.00015896,0.61163
0.00015898,0.61163
0.000159,-0.18837
0.00015902,0.61163
0.00015904,-0.20696
0.00015906,0.61163
0.00015908,-0.20696
0.0001591,0.59304
0.00015912,0.59304
0.00015914,0.61163
0.00015916,0.61163
0.00015918,0.61163
0.0001592,0.59304
0.00015922,0.61163
0.00015924,0.61163
0.00015926,0.59304
0.00015928,0.59304
0.0001593,0.61163
0.00015932,0.61163
0.00015934,0.59304
0.00015936,0.61163
0.00015938,0.59304
0.0001594,0.61163
0.00015942,0.59304
0.00015944,-0.18837
0.00015946,0.61163
0.00015948,-0.18837
0.0001595,-0.18837
0.00015952,0.61163
0.00015954,0.61163
0.00015956,0.59304
0.00015958,0.59304
0.0001596,0.59304
0.00015962,-0.20696
0.00015964,0.61163
0.00015966,-0.18837
0.00015968,0.61163
0.0001597,0.61163
0.00015972,0.59304
0.00015974,0.61163
0.00015976,0.61163
0.00015978,0.61163
0.0001598,0.59304
0.00015982,0.59304
0.00015984,0.59304
0.00015986,0.59304
0.00015988,0.61163
0.0001599,0.61163
0.00015992,-0.20696
0.00015994,-0.20696
0.00015996,0.61163
0.00015998,0.59304
0.00016,-0.20696
0.00016002,0.61163
0.00016004,0.59304
0.00016006,-0.18837
0.00016008,0.61163
0.0001601,0.59304
0.00016012,0.59304
0.00016014,0.61163
0.00016016,0.61163
0.00016018,0.59304
0.0001602,0.61163
0.00016022,0.57444
0.00016024,0.61163
0.00016026,0.61163
0.00016028,0.61163
0.0001603,0.61163
0.00016032,-0.20696
0.00016034,-0.18837
0.00016036,-0.20696
0.00016038,-0.18837
0.0001604,-0.20696
0.00016042,-0.18837
0.00016044,-0.98837
0.00016046,-0.18837
0.00016048,0.61163
0.0001605,-0.18837
0.00016052,0.61163
0.00016054,0.57444
0.00016056,0.61163
0.00016058,0.59304
0.0001606,0.59304
0.00016062,0.61163
0.00016064,0.59304
0.00016066,0.61163
0.00016068,0.59304
0.0001607,0.59304
0.00016072,0.61163
0.00016074,0.61163
0.00016076,0.59304
0.00016078,0.61163
0.0001608,-0.20696
0.00016082,0.61163
0.00016084,0.61163
0.00016086,0.61163
0.00016088,-0.20696
0.0001609,0.61163
0.00016092,0.61163
0.00016094,0.59304
0.00016096,0.61163
0.00016098,-0.18837
0.000161,0.61163
0.00016102,0.61163
0.00016104,0.59304
0.00016106,0.61163
0.00016108,0.59304
0.0001611,0.59304
0.00016112,0.59304
0.00016114,0.61163
0.00016116,0.61163
0.00016118,0.61163
0.0001612,0.59304
0.00016122,0.59304
0.00016124,0.61163
0.00016126,0.59304
0.00016128,-0.20696
0.0001613,0.61163
0.00016132,0.61163
0.00016134,-0.18837
0.00016136,-0.18837
0.00016138,0.61163
0.0001614,0.61163
0.00016142,0.61163
0.00016144,-0.20696
0.00016146,0.59304
0.00016148,-0.20696
0.0001615,-0.20696
0.00016152,-0.20696
0.00016154,0.61163
0.00016156,0.61163
0.00016158,0.61163
0.0001616,0.61163
0.00016162,0.61163
0.00016164,0.59304
0.00016166,0.61163
0.00016168,0.59304
0.0001617,-0.20696
0.00016172,0.61163
0.00016174,0.61163
0.00016176,0.61163
0.00016178,0.59304
0.0001618,0.59304
0.00016182,0.61163
0.00016184,0.61163
0.00016186,0.61163
0.00016188,0.61163
0.0001619,-0.20696
0.00016192,0.59304
0.00016194,0.59304
0.00016196,-0.18837
0.00016198,-0.18837
0.000162,0.61163
0.00016202,-0.20696
0.00016204,-0.18837
0.00016206,0.61163
0.00016208,0.61163
0.0001621,0.59304
0.00016212,0.61163
0.00016214,0.61163
0.00016216,0.61163
0.00016218,0.59304
0.0001622,0.59304
0.00016222,0.61163
0.00016224,0.61163
0.00016226,0.59304
0.00016228,0.61163
0.0001623,0.61163
0.00016232,-0.18837
0.00016234,-0.18837
0.00016236,0.59304
0.00016238,-0.20696
0.0001624,-0.98837
0.00016242,0.59304
0.00016244,-0.20696
0.00016246,-0.18837
0.00016248,0.61163
0.0001625,-0.18837
0.00016252,-0.20696
0.00016254,-0.18837
0.00016256,0.59304
0.00016258,0.61163
0.0001626,0.59304
0.00016262,0.61163
0.00016264,0.61163
0.00016266,0.61163
0.00016268,-0.18837
0.0001627,0.59304
0.00016272,0.61163
0.00016274,0.59304
0.00016276,0.61163
0.00016278,-0.20696
0.0001628,-0.18837
0.00016282,0.59304
0.00016284,0.61163
0.00016286,0.61163
0.00016288,0.61163
0.0001629,0.61163
0.00016292,0.61163
0.00016294,0.61163
0.00016296,-0.20696
0.00016298,-0.18837
0.000163,-0.20696
0.00016302,0.59304
0.00016304,0.61163
0.00016306,0.61163
0.00016308,0.61163
0.0001631,0.61163
0.00016312,-0.20696
0.00016314,-0.18837
0.00016316,0.59304
0.00016318,0.59304
0.0001632,0.59304
0.00016322,0.61163
0.00016324,0.61163
0.00016326,0.61163
0.00016328,0.61163
0.0001633,-0.20696
0.00016332,0.61163
0.00016334,0.59304
0.00016336,0.59304
0.00016338,-0.20696
0.0001634,-0.18837
0.00016342,0.59304
0.00016344,-0.18837
0.00016346,-0.18837
0.00016348,0.59304
0.0001635,0.61163
0.00016352,0.59304
0.00016354,-0.18837
0.00016356,-0.20696
0.00016358,0.61163
0.0001636,0.61163
0.00016362,0.61163
0.00016364,0.61163
0.00016366,0.57444
0.00016368,0.61163
0.0001637,0.61163
0.00016372,0.61163
0.00016374,0.61163
0.00016376,-0.18837
0.00016378,0.61163
0.0001638,0.61163
0.00016382,0.61163
0.00016384,-0.18837
0.00016386,-0.18837
0.00016388,-0.18837
0.0001639,-1.007
0.00016392,-0.20696
0.00016394,0.61163
0.00016396,-0.20696
0.00016398,-0.20696
0.000164,0.61163
0.00016402,0.61163
0.00016404,0.61163
0.00016406,0.57444
0.00016408,-0.20696
0.0001641,0.61163
0.00016412,0.61163
0.00016414,0.59304
0.00016416,0.59304
0.00016418,0.61163
0.0001642,0.61163
0.00016422,0.61163
0.00016424,0.59304
0.00016426,0.61163
0.00016428,0.61163
0.0001643,0.61163
0.00016432,0.61163
0.00016434,-0.20696
0.00016436,-0.18837
0.00016438,0.61163
0.0001644,-1.007
0.00016442,-1.007
0.00016444,0.59304
0.00016446,-0.18837
0.00016448,-0.20696
0.0001645,0.61163
0.00016452,0.61163
0.00016454,0.61163
0.00016456,0.59304
0.00016458,0.61163
0.0001646,0.61163
0.00016462,0.59304
0.00016464,0.59304
0.00016466,0.59304
0.00016468,0.61163
0.0001647,0.61163
0.00016472,0.61163
0.00016474,0.59304
0.00016476,0.61163
0.00016478,-0.18837
0.0001648,-0.20696
0.00016482,-0.18837
0.00016484,-0.20696
0.00016486,-0.18837
0.00016488,0.61163
0.0001649,-0.18837
0.00016492,-0.18837
0.00016494,-0.18837
0.00016496,0.61163
0.00016498,0.59304
0.000165,0.61163
0.00016502,0.61163
0.00016504,0.61163
0.00016506,0.61163
0.00016508,0.61163
0.0001651,0.59304
0.00016512,0.59304
0.00016514,0.59304
0.00016516,0.59304
0.00016518,0.57444
0.0001652,-0.20696
0.00016522,0.59304
0.00016524,0.61163
0.00016526,0.59304
0.00016528,0.61163
0.0001653,0.61163
0.00016532,0.61163
0.00016534,-0.20696
0.00016536,-0.18837
0.00016538,0.61163
0.0001654,0.61163
0.00016542,0.61163
0.00016544,-0.18837
0.00016546,0.59304
0.00016548,0.59304
0.0001655,-0.18837
0.00016552,-0.18837
0.00016554,0.59304
0.00016556,0.61163
0.00016558,-0.18837
0.0001656,0.61163
0.00016562,0.61163
0.00016564,0.61163
0.00016566,0.61163
0.00016568,0.59304
0.0001657,0.59304
0.00016572,0.59304
0.00016574,0.61163
0.00016576,0.59304
0.00016578,0.61163
0.0001658,0.59304
0.00016582,-0.20696
0.00016584,-0.18837
0.00016586,0.61163
0.00016588,-0.20696
0.0001659,-0.18837
0.00016592,0.61163
0.00016594,-0.20696
0.00016596,0.61163
0.00016598,0.61163
0.000166,-0.18837
0.00016602,0.61163
0.00016604,0.61163
0.00016606,0.61163
0.00016608,0.61163
0.0001661,0.57444
0.00016612,0.59304
0.00016614,0.59304
0.00016616,0.61163
0.00016618,-0.20696
0.0001662,0.61163
0.00016622,-0.20696
0.00016624,0.59304
0.00016626,0.61163
0.00016628,0.61163
0.0001663,0.59304
0.00016632,-0.18837
0.00016634,0.61163
0.00016636,-1.007
0.00016638,-1.007
0.0001664,-0.98837
0.00016642,-0.18837
0.00016644,0.59304
0.00016646,0.61163
0.00016648,0.61163
0.0001665,0.61163
0.00016652,0.59304
0.00016654,0.61163
0.00016656,0.61163
0.00016658,0.59304
0.0001666,0.59304
0.00016662,0.61163
0.00016664,0.61163
0.00016666,0.61163
0.00016668,0.61163
0.0001667,0.59304
0.00016672,0.61163
0.00016674,0.59304
0.00016676,-0.18837
0.00016678,0.59304
0.0001668,-0.98837
0.00016682,-1.007
0.00016684,-0.20696
0.00016686,-0.18837
0.00016688,0.59304
0.0001669,-0.18837
0.00016692,0.61163
0.00016694,-0.18837
0.00016696,-0.20696
0.00016698,-0.20696
0.000167,0.61163
0.00016702,0.61163
0.00016704,0.61163
0.00016706,0.61163
0.00016708,0.59304
0.0001671,0.61163
0.00016712,0.59304
0.00016714,0.61163
0.00016716,0.59304
0.00016718,0.61163
0.0001672,-0.20696
0.00016722,-0.18837
0.00016724,-0.18837
0.00016726,-0.20696
0.00016728,-0.18837
0.0001673,0.59304
0.00016732,0.61163
0.00016734,-0.18837
0.00016736,-1.007
0.00016738,-0.18837
0.0001674,0.59304
0.00016742,0.59304
0.00016744,-0.18837
0.00016746,0.61163
0.00016748,0.59304
0.0001675,0.59304
0.00016752,0.59304
0.00016754,0.61163
0.00016756,0.59304
0.00016758,0.61163
0.0001676,0.59304
0.00016762,0.59304
0.00016764,0.61163
0.00016766,0.59304
0.00016768,0.61163
0.0001677,0.61163
0.00016772,0.59304
0.00016774,0.59304
0.00016776,0.61163
0.00016778,0.61163
0.0001678,0.61163
0.00016782,-0.20696
0.00016784,-0.20696
0.00016786,0.61163
0.00016788,0.61163
0.0001679,-0.18837
0.00016792,0.59304
0.00016794,0.61163
0.00016796,0.61163
0.00016798,0.59304
0.000168,0.61163
0.00016802,0.59304
0.00016804,0.59304
0.00016806,0.59304
0.00016808,0.61163
0.0001681,0.59304
0.00016812,0.61163
0.00016814,0.59304
0.00016816,0.59304
0.00016818,0.61163
0.0001682,-0.20696
0.00016822,0.61163
0.00016824,-0.18837
0.00016826,0.59304
0.00016828,-0.18837
0.0001683,0.59304
0.00016832,-0.18837
0.00016834,-0.20696
0.00016836,0.61163
0.00016838,0.61163
0.0001684,0.61163
0.00016842,0.59304
0.00016844,0.61163
0.00016846,0.61163
0.00016848,0.61163
0.0001685,0.59304
0.00016852,0.61163
0.00016854,0.59304
0.00016856,0.59304
0.00016858,0.59304
0.0001686,0.59304
0.00016862,0.61163
0.00016864,-0.18837
0.00016866,0.59304
0.00016868,0.61163
0.0001687,0.61163
0.00016872,0.61163
0.00016874,-0.18837
0.00016876,-0.20696
0.00016878,-0.18837
0.0001688,-0.18837
0.00016882,-0.98837
0.00016884,0.59304
0.00016886,-0.18837
0.00016888,-0.20696
0.0001689,-0.18837
0.00016892,0.59304
0.00016894,0.59304
0.00016896,0.61163
0.00016898,0.59304
0.000169,0.61163
0.00016902,0.59304
0.00016904,0.61163
0.00016906,0.61163
0.00016908,0.61163
0.0001691,-0.18837
0.00016912,0.59304
0.00016914,0.59304
0.00016916,0.61163
0.00016918,0.59304
0.0001692,0.61163
0.00016922,0.61163
0.00016924,0.61163
0.00016926,0.61163
0.00016928,0.59304
0.0001693,-0.18837
0.00016932,-0.20696
0.00016934,-0.20696
0.00016936,-0.18837
0.00016938,-0.18837
0.0001694,0.61163
0.00016942,-0.20696
0.00016944,-0.20696
0.00016946,0.61163
0.00016948,0.61163
0.0001695,0.61163
0.00016952,0.59304
0.00016954,0.59304
0.00016956,0.59304
0.00016958,0.59304
0.0001696,0.61163
0.00016962,0.61163
0.00016964,0.59304
0.00016966,-0.18837
0.00016968,0.59304
0.0001697,0.61163
0.00016972,0.59304
0.00016974,0.59304
0.00016976,-0.20696
0.00016978,0.59304
0.0001698,-0.18837
0.00016982,0.61163
0.00016984,0.61163
0.00016986,0.61163
0.00016988,-0.20696
0.0001699,0.61163
0.00016992,0.61163
0.00016994,0.61163
0.00016996,0.61163
0.00016998,-0.18837
0.00017,0.61163
0.00017002,0.61163
0.00017004,0.59304
0.00017006,0.59304
0.00017008,0.59304
0.0001701,-0.18837
0.00017012,0.59304
0.00017014,-0.18837
0.00017016,0.61163
0.00017018,0.59304
0.0001702,0.61163
0.00017022,-0.20696
0.00017024,-0.18837
0.00017026,-0.20696
0.00017028,-0.18837
0.0001703,-0.20696
0.00017032,-0.20696
0.00017034,0.59304
0.00017036,0.61163
0.00017038,0.59304
0.0001704,0.61163
0.00017042,0.57444
0.00017044,-0.20696
0.00017046,0.59304
0.00017048,0.61163
0.0001705,0.61163
0.00017052,0.61163
0.00017054,0.59304
0.00017056,0.59304
0.00017058,0.61163
0.0001706,0.59304
0.00017062,0.61163
0.00017064,-0.20696
0.00017066,-0.20696
0.00017068,0.59304
0.0001707,0.59304
0.00017072,0.61163
0.00017074,-0.18837
0.00017076,-0.22556
0.00017078,0.59304
0.0001708,-0.18837
0.00017082,-0.20696
0.00017084,0.59304
0.00017086,0.61163
0.00017088,0.61163
0.0001709,0.61163
0.00017092,0.59304
0.00017094,0.59304
0.00017096,0.61163
0.00017098,0.61163
0.000171,0.59304
0.00017102,0.59304
0.00017104,0.59304
0.00017106,0.59304
0.00017108,0.59304
0.0001711,-0.18837
0.00017112,0.61163
0.00017114,0.59304
0.00017116,0.61163
0.00017118,-0.18837
0.0001712,0.61163
0.00017122,0.61163
0.00017124,-0.20696
0.00017126,0.59304
0.00017128,0.61163
0.0001713,0.59304
0.00017132,0.61163
0.00017134,-0.20696
0.00017136,0.61163
0.00017138,0.57444
0.0001714,-0.18837
0.00017142,0.59304
0.00017144,0.59304
0.00017146,0.61163
0.00017148,0.61163
0.0001715,0.59304
0.00017152,0.61163
0.00017154,0.59304
0.00017156,-0.20696
0.00017158,0.61163
0.0001716,0.61163
0.00017162,0.59304
0.00017164,0.61163
0.00017166,0.59304
0.00017168,0.59304
0.0001717,0.59304
0.00017172,0.61163
0.00017174,0.59304
0.00017176,0.61163
0.00017178,0.61163
0.0001718,0.61163
0.00017182,0.61163
0.00017184,-0.20696
0.00017186,0.61163
0.00017188,0.59304
0.0001719,-1.007
0.00017192,-0.20696
0.00017194,0.61163
0.00017196,-0.18837
0.00017198,0.61163
0.000172,0.61163
0.00017202,0.61163
0.00017204,0.61163
0.00017206,0.61163
0.00017208,0.61163
0.0001721,0.59304
0.00017212,-0.20696
0.00017214,-0.18837
0.00017216,0.61163
0.00017218,0.59304
0.0001722,-0.18837
0.00017222,-0.18837
0.00017224,0.61163
0.00017226,0.61163
0.00017228,-0.18837
0.0001723,-0.18837
0.00017232,-0.18837
0.00017234,0.59304
0.00017236,0.61163
0.00017238,0.59304
0.0001724,0.61163
0.00017242,-0.18837
0.00017244,-0.18837
0.00017246,-0.18837
0.00017248,0.61163
0.0001725,0.61163
0.00017252,0.59304
0.00017254,-0.20696
0.00017256,0.59304
0.00017258,0.59304
0.0001726,0.59304
0.00017262,0.59304
0.00017264,0.61163
0.00017266,-0.18837
0.00017268,-0.20696
0.0001727,-0.18837
0.00017272,-0.18837
0.00017274,-0.18837
0.00017276,-0.20696
0.00017278,0.61163
0.0001728,0.61163
0.00017282,0.61163
0.00017284,-0.20696
0.00017286,-0.18837
0.00017288,0.59304
0.0001729,0.61163
0.00017292,0.59304
0.00017294,0.61163
0.00017296,0.61163
0.00017298,0.61163
0.000173,0.61163
0.00017302,-0.20696
0.00017304,0.61163
0.00017306,0.61163
0.00017308,-0.18837
0.0001731,0.61163
0.00017312,-0.18837
0.00017314,0.59304
0.00017316,0.59304
0.00017318,0.59304
0.0001732,-0.18837
0.00017322,0.59304
0.00017324,0.61163
0.00017326,-0.18837
0.00017328,0.59304
0.0001733,0.59304
0.00017332,0.61163
0.00017334,0.61163
0.00017336,-0.20696
0.00017338,0.61163
0.0001734,-0.18837
0.00017342,0.61163
0.00017344,0.59304
0.00017346,0.61163
0.00017348,0.61163
0.0001735,-0.18837
0.00017352,0.59304
0.00017354,0.61163
0.00017356,0.61163
0.00017358,0.59304
0.0001736,0.61163
0.00017362,0.61163
0.00017364,0.61163
0.00017366,0.59304
0.00017368,0.61163
0.0001737,-0.18837
0.00017372,0.59304
0.00017374,0.59304
0.00017376,0.61163
0.00017378,-0.18837
0.0001738,-0.20696
0.00017382,-0.18837
0.00017384,0.61163
0.00017386,-0.18837
0.00017388,0.59304
0.0001739,0.61163
0.00017392,0.61163
0.00017394,0.61163
0.00017396,0.59304
0.00017398,0.59304
0.000174,0.59304
0.00017402,0.61163
0.00017404,0.61163
0.00017406,0.61163
0.00017408,0.59304
0.0001741,-0.20696
0.00017412,-0.18837
0.00017414,-0.20696
0.00017416,0.59304
0.00017418,0.59304
0.0001742,0.61163
0.00017422,0.59304
0.00017424,-0.18837
0.00017426,-0.18837
0.00017428,0.59304
0.0001743,0.61163
0.00017432,0.61163
0.00017434,-0.20696
0.00017436,0.59304
0.00017438,0.59304
0.0001744,0.59304
0.00017442,0.59304
0.00017444,-0.18837
0.00017446,0.59304
0.00017448,0.61163
0.0001745,0.59304
0.00017452,-0.18837
0.00017454,0.61163
0.00017456,0.61163
0.00017458,0.59304
0.0001746,0.61163
0.00017462,-0.18837
0.00017464,-0.20696
0.00017466,-0.18837
0.00017468,0.59304
0.0001747,-0.20696
0.00017472,0.59304
0.00017474,0.61163
0.00017476,0.61163
0.00017478,-0.18837
0.0001748,0.59304
0.00017482,0.59304
0.00017484,0.61163
0.00017486,0.59304
0.00017488,0.61163
0.0001749,0.59304
0.00017492,-0.18837
0.00017494,0.59304
0.00017496,0.61163
0.00017498,0.59304
0.000175,0.61163
0.00017502,-0.18837
0.00017504,0.61163
0.00017506,0.61163
0.00017508,0.61163
0.0001751,-0.18837
0.00017512,0.61163
0.00017514,0.61163
0.00017516,-0.18837
0.00017518,-0.20696
0.0001752,0.59304
0.00017522,0.59304
0.00017524,0.61163
0.00017526,0.59304
0.00017528,0.61163
0.0001753,0.61163
0.00017532,0.59304
0.00017534,-0.20696
0.00017536,-0.18837
0.00017538,-0.18837
0.0001754,0.61163
0.00017542,0.59304
0.00017544,0.59304
0.00017546,0.61163
0.00017548,-0.20696
0.0001755,-0.18837
0.00017552,0.61163
0.00017554,0.61163
0.00017556,0.59304
0.00017558,0.61163
0.0001756,-0.18837
0.00017562,0.61163
0.00017564,0.61163
0.00017566,0.61163
0.00017568,-0.18837
0.0001757,0.61163
0.00017572,0.59304
0.00017574,0.61163
0.00017576,0.59304
0.00017578,-0.20696
0.0001758,0.61163
0.00017582,-0.18837
0.00017584,-0.18837
0.00017586,-0.18837
0.00017588,0.61163
0.0001759,0.61163
0.00017592,-0.18837
0.00017594,-0.20696
0.00017596,0.61163
0.00017598,0.59304
0.000176,0.61163
0.00017602,0.61163
0.00017604,0.61163
0.00017606,-0.20696
0.00017608,0.61163
0.0001761,0.61163
0.00017612,0.61163
0.00017614,0.61163
0.00017616,-0.18837
0.00017618,-0.20696
0.0001762,0.59304
0.00017622,0.59304
0.00017624,-0.18837
0.00017626,0.59304
0.00017628,0.61163
0.0001763,0.59304
0.00017632,-0.20696
0.00017634,0.61163
0.00017636,-0.18837
0.00017638,-0.18837
0.0001764,-0.20696
0.00017642,0.59304
0.00017644,0.59304
0.00017646,0.61163
0.00017648,-0.20696
0.0001765,0.59304
0.00017652,0.59304
0.00017654,-0.18837
0.00017656,-0.18837
0.00017658,0.61163
0.0001766,0.59304
0.00017662,0.61163
0.00017664,0.61163
0.00017666,-0.18837
0.00017668,0.59304
0.0001767,0.61163
0.00017672,0.61163
0.00017674,-0.20696
0.00017676,0.59304
0.00017678,0.59304
0.0001768,-0.18837
0.00017682,0.59304
0.00017684,0.61163
0.00017686,0.61163
0.00017688,0.59304
0.0001769,-0.18837
0.00017692,0.59304
0.00017694,-0.18837
0.00017696,0.61163
0.00017698,0.61163
0.000177,0.61163
0.00017702,0.59304
0.00017704,0.59304
0.00017706,0.59304
0.00017708,0.61163
0.0001771,0.59304
0.00017712,-0.18837
0.00017714,-0.20696
0.00017716,0.61163
0.00017718,0.61163
0.0001772,0.61163
0.00017722,-0.18837
0.00017724,-0.20696
0.00017726,0.61163
0.00017728,-0.18837
0.0001773,0.59304
0.00017732,-0.18837
0.00017734,-0.20696
0.00017736,0.61163
0.00017738,0.61163
0.0001774,0.61163
0.00017742,0.61163
0.00017744,-0.20696
0.00017746,0.61163
0.00017748,-0.18837
0.0001775,0.59304
0.00017752,-0.20696
0.00017754,0.61163
0.00017756,0.61163
0.00017758,0.61163
0.0001776,0.59304
0.00017762,0.59304
0.00017764,0.61163
0.00017766,0.61163
0.00017768,0.61163
0.0001777,0.61163
0.00017772,0.61163
0.00017774,-0.20696
0.00017776,0.61163
0.00017778,0.59304
0.0001778,0.59304
0.00017782,0.61163
0.00017784,0.61163
0.00017786,-0.18837
0.00017788,-0.18837
0.0001779,-0.18837
0.00017792,0.59304
0.00017794,0.61163
0.00017796,0.61163
0.00017798,0.59304
0.000178,0.59304
0.00017802,0.61163
0.00017804,0.61163
0.00017806,-0.20696
0.00017808,0.59304
0.0001781,-0.20696
0.00017812,0.61163
0.00017814,0.59304
0.00017816,0.61163
0.00017818,-0.20696
0.0001782,-0.20696
0.00017822,-0.20696
0.00017824,-0.20696
0.00017826,-0.18837
0.00017828,0.61163
0.0001783,0.61163
0.00017832,0.59304
0.00017834,-0.20696
0.00017836,-0.18837
0.00017838,0.59304
0.0001784,-0.18837
0.00017842,0.61163
0.00017844,0.61163
0.00017846,0.61163
0.00017848,0.59304
0.0001785,-0.18837
0.00017852,0.61163
0.00017854,-0.20696
0.00017856,-0.18837
0.00017858,0.61163
0.0001786,0.61163
0.00017862,0.61163
0.00017864,0.61163
0.00017866,0.61163
0.00017868,-0.20696
0.0001787,0.61163
0.00017872,0.61163
0.00017874,0.61163
0.00017876,0.59304
0.00017878,0.59304
0.0001788,0.61163
0.00017882,-0.20696
0.00017884,0.59304
0.00017886,-0.20696
0.00017888,-0.18837
0.0001789,0.61163
0.00017892,0.61163
0.00017894,0.61163
0.00017896,0.61163
0.00017898,0.61163
0.000179,0.61163
0.00017902,0.61163
0.00017904,0.61163
0.00017906,0.59304
0.00017908,0.61163
0.0001791,-0.20696
0.00017912,0.61163
0.00017914,-0.20696
0.00017916,-0.18837
0.00017918,0.61163
0.0001792,0.61163
0.00017922,0.61163
0.00017924,-0.18837
0.00017926,0.61163
0.00017928,0.59304
0.0001793,0.61163
0.00017932,-0.20696
0.00017934,-0.18837
0.00017936,0.61163
0.00017938,-0.18837
0.0001794,0.59304
0.00017942,-0.20696
0.00017944,0.61163
0.00017946,0.61163
0.00017948,0.61163
0.0001795,-0.18837
0.00017952,0.61163
0.00017954,0.61163
0.00017956,0.59304
0.00017958,0.59304
0.0001796,0.59304
0.00017962,0.61163
0.00017964,0.59304
0.00017966,0.61163
0.00017968,0.61163
0.0001797,-0.20696
0.00017972,-0.18837
0.00017974,-0.20696
0.00017976,-0.18837
0.00017978,-0.18837
0.0001798,0.61163
0.00017982,0.61163
0.00017984,0.61163
0.00017986,-0.20696
0.00017988,0.59304
0.0001799,0.61163
0.00017992,0.59304
0.00017994,0.59304
0.00017996,0.61163
0.00017998,0.61163
0.00018,-0.18837
0.00018002,0.61163
0.00018004,0.59304
0.00018006,0.61163
0.00018008,0.61163
0.0001801,0.61163
0.00018012,-0.20696
0.00018014,0.61163
0.00018016,0.61163
0.00018018,0.59304
0.0001802,0.61163
0.00018022,-0.18837
0.00018024,0.61163
0.00018026,0.59304
0.00018028,0.59304
0.0001803,0.61163
0.00018032,0.59304
0.00018034,0.61163
0.00018036,-0.18837
0.00018038,-0.18837
0.0001804,-0.18837
0.00018042,0.61163
0.00018044,0.59304
0.00018046,0.61163
0.00018048,0.61163
0.0001805,0.61163
0.00018052,0.59304
0.00018054,0.61163
0.00018056,0.59304
0.00018058,-0.22556
0.0001806,-0.20696
0.00018062,0.61163
0.00018064,0.59304
0.00018066,0.61163
0.00018068,0.59304
0.0001807,0.59304
0.00018072,-0.18837
0.00018074,0.61163
0.00018076,0.61163
0.00018078,0.59304
0.0001808,-0.20696
0.00018082,0.61163
0.00018084,0.59304
0.00018086,0.59304
0.00018088,-0.18837
0.0001809,0.61163
0.00018092,-0.18837
0.00018094,0.61163
0.00018096,0.59304
0.00018098,0.61163
0.000181,-0.20696
0.00018102,0.59304
0.00018104,-0.18837
0.00018106,0.61163
0.00018108,0.61163
0.0001811,0.61163
0.00018112,0.61163
0.00018114,-0.18837
0.00018116,0.59304
0.00018118,0.59304
0.0001812,0.59304
0.00018122,-0.20696
0.00018124,0.59304
0.00018126,0.61163
0.00018128,0.61163
0.0001813,0.61163
0.00018132,-0.20696
0.00018134,0.59304
0.00018136,0.59304
0.00018138,0.59304
0.0001814,-0.20696
0.00018142,0.61163
0.00018144,0.61163
0.00018146,0.61163
0.00018148,0.59304
0.0001815,0.61163
0.00018152,0.61163
0.00018154,0.59304
0.00018156,0.59304
0.00018158,0.59304
0.0001816,0.61163
0.00018162,-0.18837
0.00018164,0.61163
0.00018166,0.59304
0.00018168,0.61163
0.0001817,0.59304
0.00018172,-0.20696
0.00018174,-0.20696
0.00018176,0.61163
0.00018178,0.61163
0.0001818,-0.18837
0.00018182,0.61163
0.00018184,0.59304
0.00018186,0.59304
0.00018188,0.59304
0.0001819,0.61163
0.00018192,0.61163
0.00018194,0.61163
0.00018196,0.59304
0.00018198,0.61163
0.000182,0.59304
0.00018202,0.59304
0.00018204,0.61163
0.00018206,0.61163
0.00018208,0.61163
0.0001821,0.61163
0.00018212,0.61163
0.00018214,-0.20696
0.00018216,0.61163
0.00018218,0.61163
0.0001822,0.59304
0.00018222,0.61163
0.00018224,0.61163
0.00018226,-0.18837
0.00018228,0.61163
0.0001823,0.59304
0.00018232,0.59304
0.00018234,0.61163
0.00018236,-0.20696
0.00018238,0.59304
0.0001824,0.59304
0.00018242,0.59304
0.00018244,-0.18837
0.00018246,0.61163
0.00018248,0.61163
0.0001825,0.59304
0.00018252,0.61163
0.00018254,0.61163
0.00018256,0.59304
0.00018258,-0.20696
0.0001826,0.61163
0.00018262,0.61163
0.00018264,-0.22556
0.00018266,-0.18837
0.00018268,0.59304
0.0001827,0.59304
0.00018272,0.61163
0.00018274,0.61163
0.00018276,0.59304
0.00018278,-0.20696
0.0001828,0.59304
0.00018282,-0.18837
0.00018284,-0.20696
0.00018286,0.61163
0.00018288,0.61163
0.0001829,0.61163
0.00018292,0.61163
0.00018294,0.59304
0.00018296,0.59304
0.00018298,0.59304
0.000183,0.61163
0.00018302,0.59304
0.00018304,0.61163
0.00018306,0.61163
0.00018308,-0.22556
0.0001831,0.59304
0.00018312,0.61163
0.00018314,0.59304
0.00018316,0.59304
0.00018318,-0.20696
0.0001832,0.61163
0.00018322,-0.18837
0.00018324,0.61163
0.00018326,0.61163
0.00018328,0.59304
0.0001833,0.61163
0.00018332,0.61163
0.00018334,0.59304
0.00018336,0.59304
0.00018338,-0.18837
0.0001834,-0.18837
0.00018342,-0.18837
0.00018344,0.61163
0.00018346,0.59304
0.00018348,0.59304
0.0001835,0.59304
0.00018352,0.59304
0.00018354,0.61163
0.00018356,0.61163
0.00018358,-0.18837
0.0001836,0.61163
0.00018362,0.59304
0.00018364,-0.20696
0.00018366,-0.18837
0.00018368,0.61163
0.0001837,0.61163
0.00018372,0.61163
0.00018374,-0.20696
0.00018376,-0.18837
0.00018378,0.61163
0.0001838,0.61163
0.00018382,-1.007
0.00018384,-0.18837
0.00018386,0.61163
0.00018388,0.59304
0.0001839,0.61163
0.00018392,0.61163
0.00018394,0.61163
0.00018396,0.61163
0.00018398,0.61163
0.000184,0.61163
0.00018402,-0.20696
0.00018404,0.61163
0.00018406,0.59304
0.00018408,0.61163
0.0001841,0.61163
0.00018412,-0.20696
0.00018414,-1.007
0.00018416,0.59304
0.00018418,-0.18837
0.0001842,-0.20696
0.00018422,0.61163
0.00018424,0.59304
0.00018426,0.59304
0.00018428,-0.18837
0.0001843,-0.18837
0.00018432,0.61163
0.00018434,0.59304
0.00018436,0.61163
0.00018438,-0.22556
0.0001844,0.59304
0.00018442,0.61163
0.00018444,0.59304
0.00018446,0.61163
0.00018448,0.61163
0.0001845,0.61163
0.00018452,0.61163
0.00018454,0.61163
0.00018456,0.59304
0.00018458,-0.20696
0.0001846,-0.20696
0.00018462,0.61163
0.00018464,-0.20696
0.00018466,-0.20696
0.00018468,-0.18837
0.0001847,-0.20696
0.00018472,-0.18837
0.00018474,0.61163
0.00018476,0.59304
0.00018478,-0.18837
0.0001848,0.59304
0.00018482,0.61163
0.00018484,-0.18837
0.00018486,-0.20696
0.00018488,0.59304
0.0001849,0.59304
0.00018492,0.59304
0.00018494,0.59304
0.00018496,0.59304
0.00018498,0.59304
0.000185,0.59304
0.00018502,0.59304
0.00018504,0.59304
0.00018506,0.59304
0.00018508,0.59304
0.0001851,0.59304
0.00018512,0.59304
0.00018514,0.59304
0.00018516,0.59304
0.00018518,0.59304
0.0001852,0.59304
0.00018522,0.59304
