4.2138e-13,1.3893
2e-08,2.8721
4e-08,2.1502
6e-08,2.1112
8.0001e-08,2.1502
1e-07,2.8721
1.2e-07,2.0331
1.4e-07,3.5159
1.6e-07,1.7987
1.8e-07,2.4816
2e-07,2.3644
2.2e-07,1.5253
2.4e-07,1.4863
2.6e-07,2.1691
2.8e-07,1.3691
3e-07,2.13
3.2e-07,0.53005
3.4e-07,2.9691
3.6e-07,1.5253
3.8e-07,2.4425
4e-07,3.4378
4.2e-07,2.794
4.4e-07,2.9112
4.6e-07,2.8331
4.8e-07,2.1502
5e-07,2.1502
5.2e-07,2.1502
5.4e-07,1.3502
5.6e-07,0.55025
5.8e-07,2.0721
6e-07,2.0721
6.2e-07,2.8721
6.4e-07,2.8721
6.6e-07,2.0721
6.8e-07,1.3112
7e-07,2.0721
7.2e-07,2.8331
7.4e-07,2.0721
7.6e-07,2.8331
7.8e-07,2.0721
8e-07,2.8331
8.2e-07,2.0721
8.4e-07,2.8331
8.6e-07,2.0721
8.8e-07,1.2721
9e-07,2.8331
9.2e-07,2.0331
9.4e-07,2.8331
9.6e-07,2.0331
9.8e-07,2.0331
1e-06,2.0331
1.02e-06,2.0331
1.04e-06,2.794
1.06e-06,2.0331
1.08e-06,2.794
1.1e-06,2.0331
1.12e-06,1.994
1.14e-06,2.0331
1.16e-06,2.0331
1.18e-06,2.794
1.2e-06,2.794
1.22e-06,1.994
1.24e-06,2.794
1.26e-06,1.994
1.28e-06,1.2331
1.3e-06,1.994
1.32e-06,1.994
1.34e-06,2.794
1.36e-06,1.994
1.38e-06,1.994
1.4e-06,1.994
1.42e-06,1.994
1.44e-06,1.994
1.46e-06,1.994
1.48e-06,1.994
1.5e-06,1.994
1.52e-06,1.994
1.54e-06,1.994
1.56e-06,1.994
1.58e-06,1.994
1.6e-06,1.994
1.62e-06,1.994
1.64e-06,1.994
1.66e-06,1.994
1.68e-06,1.994
1.7e-06,1.955
1.72e-06,1.994
1.74e-06,1.955
1.76e-06,1.955
1.78e-06,1.955
1.8e-06,1.994
1.82e-06,2.755
1.84e-06,1.994
1.86e-06,1.194
1.88e-06,2.755
1.9e-06,1.194
1.92e-06,1.194
1.94e-06,2.755
1.96e-06,1.194
1.98e-06,1.194
2e-06,2.755
2.02e-06,1.955
2.04e-06,0.39402
2.06e-06,2.755
2.08e-06,1.955
2.1e-06,1.155
2.12e-06,1.955
2.14e-06,1.955
2.16e-06,2.7159
2.18e-06,1.955
2.2e-06,2.7159
2.22e-06,2.7159
2.24e-06,2.7159
2.26e-06,2.7159
2.28e-06,1.955
2.3e-06,1.955
2.32e-06,3.4768
2.34e-06,1.955
2.36e-06,2.7159
2.38e-06,1.9159
2.4e-06,1.955
2.42e-06,1.9159
2.44e-06,1.9159
2.46e-06,1.9159
2.48e-06,1.9159
2.5e-06,1.9159
2.52e-06,2.7159
2.54e-06,1.9159
2.56e-06,1.9159
2.58e-06,3.4768
2.6e-06,1.9159
2.62e-06,2.6768
2.64e-06,1.155
2.66e-06,2.6768
2.68e-06,1.9159
2.7e-06,1.9159
2.72e-06,1.9159
2.74e-06,1.9159
2.76e-06,1.9159
2.78e-06,1.9159
2.8e-06,1.9159
2.82e-06,2.6768
2.84e-06,1.9159
2.86e-06,1.9159
2.88e-06,1.9159
2.9e-06,1.9159
2.92e-06,1.9159
2.94e-06,2.6768
2.96e-06,2.6768
2.98e-06,2.6768
3e-06,1.9159
3.02e-06,1.9159
3.04e-06,0.3159
3.06e-06,2.6378
3.08e-06,1.1159
3.1e-06,0.35496
3.12e-06,-1.1669
3.14e-06,-1.1279
3.16e-06,-1.1279
3.18e-06,-1.0888
3.2e-06,-1.0888
3.22e-06,1.2721
3.24e-06,2.794
3.26e-06,5.8378
3.28e-06,1.7597
3.3e-06,-7.1575
3.32e-06,-4.8747
3.34e-06,-4.1528
3.36e-06,-4.1918
3.38e-06,-2.6309
3.4e-06,-12.562
3.42e-06,-7.1966
3.44e-06,23.202
3.46e-06,36.138
3.48e-06,39.143
3.5e-06,36.665
3.52e-06,35.065
3.54e-06,29.66
3.56e-06,22.012
3.58e-06,12.158
3.6e-06,3.027
3.62e-06,-2.1433
3.64e-06,-7.47
3.66e-06,-9.7528
3.68e-06,-9.5966
3.7e-06,-10.318
3.72e-06,-11.118
3.74e-06,-8.0747
3.76e-06,-5.1481
3.78e-06,-1.3824
3.8e-06,1.5442
3.82e-06,2.188
3.84e-06,2.9099
3.86e-06,2.7927
3.88e-06,4.9583
3.9e-06,3.3193
3.92e-06,0.080225
3.94e-06,-6.3198
3.96e-06,-14.32
3.98e-06,-20.798
4e-06,-28.837
4.02e-06,-34.593
4.04e-06,-34.632
4.06e-06,-36.232
4.08e-06,-36.271
4.1e-06,-34.71
4.12e-06,-26.028
4.14e-06,-2.0275
4.16e-06,14.89
4.18e-06,35.768
4.2e-06,43.085
4.22e-06,43.963
4.24e-06,41.641
4.26e-06,40.158
4.28e-06,39.397
4.3e-06,37.076
4.32e-06,34.715
4.34e-06,37.076
4.36e-06,0.1974
4.38e-06,-35.042
4.4e-06,-42.32
4.42e-06,-40.037
4.44e-06,-39.315
4.46e-06,-36.271
4.48e-06,-34.028
4.5e-06,-33.267
4.52e-06,-30.945
4.54e-06,-30.945
4.56e-06,-17.267
4.58e-06,40.333
4.6e-06,48.412
4.62e-06,49.29
4.64e-06,47.007
4.66e-06,46.246
4.68e-06,42.402
4.7e-06,42.48
4.72e-06,40.88
4.74e-06,34.48
4.76e-06,-4.7198
4.78e-06,-33.559
4.8e-06,-39.998
4.82e-06,-40.837
4.84e-06,-38.554
4.86e-06,-36.271
4.88e-06,-35.51
4.9e-06,-35.51
4.92e-06,-33.988
4.94e-06,-32.467
4.96e-06,-7.6666
4.98e-06,25.133
5e-06,40.333
5.02e-06,48.412
5.04e-06,49.212
5.06e-06,48.49
5.08e-06,48.49
5.1e-06,43.69
5.12e-06,29.368
5.14e-06,15.046
5.16e-06,3.8849
5.18e-06,-8.876
5.2e-06,-18.515
5.22e-06,-26.515
5.24e-06,-30.515
5.26e-06,-32.076
5.28e-06,-31.998
5.3e-06,-27.276
5.32e-06,-22.515
5.34e-06,-16.954
5.36e-06,-10.593
5.38e-06,-5.0322
5.4e-06,-0.23223
5.42e-06,5.2506
5.44e-06,9.1334
5.46e-06,12.255
5.48e-06,14.577
5.5e-06,15.377
5.52e-06,15.455
5.54e-06,17.055
5.56e-06,16.255
5.58e-06,15.494
5.6e-06,13.172
5.62e-06,10.09
5.64e-06,7.8068
5.66e-06,5.4459
5.68e-06,2.2849
5.7e-06,-0.11506
5.72e-06,-2.5151
5.74e-06,-4.876
5.76e-06,-5.676
5.78e-06,-4.9541
5.8e-06,-6.5541
5.82e-06,-5.8322
5.84e-06,-6.6713
5.86e-06,-9.0713
5.88e-06,-12.31
5.9e-06,-15.549
5.92e-06,-21.188
5.94e-06,-26.067
5.96e-06,-29.267
5.98e-06,-29.306
6e-06,-30.067
6.02e-06,-28.506
6.04e-06,-24.506
6.06e-06,-8.5447
6.08e-06,5.9334
6.1e-06,22.733
6.12e-06,40.412
6.14e-06,49.251
6.16e-06,50.09
6.18e-06,49.329
6.2e-06,47.807
6.22e-06,47.046
6.24e-06,47.085
6.26e-06,36.685
6.28e-06,5.524
6.3e-06,-20.915
6.32e-06,-36.915
6.34e-06,-36.954
6.36e-06,-38.554
6.38e-06,-37.793
6.4e-06,-37.032
6.42e-06,-35.51
6.44e-06,-33.988
6.46e-06,-33.988
6.48e-06,-33.228
6.5e-06,-2.0666
6.52e-06,45.933
6.54e-06,51.533
6.56e-06,53.133
6.58e-06,52.372
6.6e-06,51.612
6.62e-06,50.851
6.64e-06,48.49
6.66e-06,50.89
6.68e-06,32.49
6.7e-06,-14.632
6.72e-06,-34.593
6.74e-06,-36.193
6.76e-06,-37.793
6.78e-06,-37.793
6.8e-06,-37.793
6.82e-06,-37.032
6.84e-06,-37.032
6.86e-06,-37.032
6.88e-06,-32.271
6.9e-06,8.4897
6.92e-06,27.69
6.94e-06,43.69
6.96e-06,48.451
6.98e-06,51.612
7e-06,50.051
7.02e-06,50.812
7.04e-06,45.972
7.06e-06,28.372
7.08e-06,15.612
7.1e-06,2.0115
7.12e-06,-11.588
7.14e-06,-21.949
7.16e-06,-30.71
7.18e-06,-32.31
7.2e-06,-33.11
7.22e-06,-34.671
7.24e-06,-34.632
7.26e-06,-31.432
7.28e-06,-22.632
7.3e-06,-14.632
7.32e-06,-5.0713
7.34e-06,2.1287
7.36e-06,10.09
7.38e-06,15.69
7.4e-06,19.69
7.42e-06,22.89
7.44e-06,26.012
7.46e-06,26.812
7.48e-06,27.533
7.5e-06,23.572
7.52e-06,18.772
7.54e-06,13.972
7.56e-06,8.4115
7.58e-06,2.8115
7.6e-06,-4.3494
7.62e-06,-9.1494
7.64e-06,-14.671
7.66e-06,-17.071
7.68e-06,-17.832
7.7e-06,-17.032
7.72e-06,-15.393
7.74e-06,-11.432
7.76e-06,-8.9932
7.78e-06,-5.7932
7.8e-06,-4.9932
7.82e-06,-3.4322
7.84e-06,-5.8322
7.86e-06,-9.0713
7.88e-06,-13.11
7.9e-06,-17.91
7.92e-06,-21.11
7.94e-06,-19.588
7.96e-06,-17.228
7.98e-06,-10.828
8e-06,-2.0666
8.02e-06,9.9725
8.04e-06,23.572
8.06e-06,39.533
8.08e-06,48.412
8.1e-06,50.012
8.12e-06,51.612
8.14e-06,50.051
8.16e-06,46.89
8.18e-06,30.89
8.2e-06,10.929
8.22e-06,-10.671
8.24e-06,-32.271
8.26e-06,-34.671
8.28e-06,-35.471
8.3e-06,-36.271
8.32e-06,-36.271
8.34e-06,-35.51
8.36e-06,-35.51
8.38e-06,-36.271
8.4e-06,-35.51
8.42e-06,-12.388
8.44e-06,37.212
8.46e-06,50.012
8.48e-06,51.612
8.5e-06,51.612
8.52e-06,51.612
8.54e-06,52.412
8.56e-06,52.372
8.58e-06,53.172
8.6e-06,35.612
8.62e-06,-8.3103
8.64e-06,-30.71
8.66e-06,-33.11
8.68e-06,-35.471
8.7e-06,-35.471
8.72e-06,-36.271
8.74e-06,-37.032
8.76e-06,-36.271
8.78e-06,-37.032
8.8e-06,-32.271
8.82e-06,2.9287
8.84e-06,25.329
8.86e-06,42.89
8.88e-06,46.929
8.9e-06,49.329
8.92e-06,50.09
8.94e-06,49.29
8.96e-06,46.851
8.98e-06,30.812
9e-06,15.651
9.02e-06,2.0506
9.04e-06,-13.91
9.06e-06,-23.549
9.08e-06,-30.788
9.1e-06,-32.349
9.12e-06,-33.149
9.14e-06,-34.71
9.16e-06,-33.91
9.18e-06,-31.471
9.2e-06,-20.31
9.22e-06,-10.671
9.24e-06,-1.0713
9.26e-06,7.7678
9.28e-06,15.768
9.3e-06,22.129
9.32e-06,24.529
9.34e-06,26.129
9.36e-06,25.329
9.38e-06,22.168
9.4e-06,18.968
9.42e-06,15.69
9.44e-06,9.3287
9.46e-06,5.2897
9.48e-06,-0.31034
9.5e-06,-3.5103
9.52e-06,-9.1103
9.54e-06,-10.749
9.56e-06,-13.11
9.58e-06,-14.71
9.6e-06,-12.349
9.62e-06,-11.51
9.64e-06,-8.3103
9.66e-06,-5.1103
9.68e-06,-2.7103
9.7e-06,-0.31034
9.72e-06,0.48966
9.74e-06,0.48966
9.76e-06,-1.9103
9.78e-06,-5.8713
9.8e-06,-10.671
9.82e-06,-14.71
9.84e-06,-18.71
9.86e-06,-21.032
9.88e-06,-18.671
9.9e-06,-14.71
9.92e-06,-9.0322
9.94e-06,2.8897
9.96e-06,13.29
9.98e-06,26.89
1e-05,38.89
1.002e-05,45.329
1.004e-05,47.69
1.006e-05,47.69
1.008e-05,45.29
1.01e-05,30.89
1.012e-05,16.49
1.014e-05,-0.31034
1.016e-05,-21.11
1.018e-05,-32.31
1.02e-05,-34.71
1.022e-05,-34.71
1.024e-05,-35.51
1.026e-05,-35.51
1.028e-05,-35.51
1.03e-05,-35.51
1.032e-05,-35.51
1.034e-05,-20.271
1.036e-05,22.929
1.038e-05,45.29
1.04e-05,48.529
1.042e-05,50.09
1.044e-05,50.09
1.046e-05,50.89
1.048e-05,50.89
1.05e-05,46.929
1.052e-05,36.529
1.054e-05,1.2897
1.056e-05,-22.71
1.058e-05,-33.071
1.06e-05,-34.71
1.062e-05,-35.51
1.064e-05,-36.271
1.066e-05,-35.51
1.068e-05,-35.51
1.07e-05,-35.51
1.072e-05,-30.71
1.074e-05,-12.31
1.076e-05,18.09
1.078e-05,34.09
1.08e-05,46.09
1.082e-05,47.69
1.084e-05,49.29
1.086e-05,49.329
1.088e-05,44.529
1.09e-05,30.89
1.092e-05,16.49
1.094e-05,2.8897
1.096e-05,-10.71
1.098e-05,-22.71
1.1e-05,-30.71
1.102e-05,-33.071
1.104e-05,-33.11
1.106e-05,-33.91
1.108e-05,-33.11
1.11e-05,-29.11
1.112e-05,-16.31
1.114e-05,-6.7103
1.116e-05,2.8897
1.118e-05,10.89
1.12e-05,18.09
1.122e-05,22.09
1.124e-05,24.49
1.126e-05,22.89
1.128e-05,21.29
1.13e-05,18.09
1.132e-05,14.09
1.134e-05,10.09
1.136e-05,5.3287
1.138e-05,1.2897
1.14e-05,-1.9103
1.142e-05,-4.3103
1.144e-05,-7.4713
1.146e-05,-6.7103
1.148e-05,-7.5103
1.15e-05,-8.3103
1.152e-05,-7.5103
1.154e-05,-5.9103
1.156e-05,-4.3103
1.158e-05,-3.5103
1.16e-05,-1.9103
1.162e-05,-2.6713
1.164e-05,-1.9103
1.166e-05,-1.9103
1.168e-05,-2.7103
1.17e-05,-5.1103
1.172e-05,-8.3103
1.174e-05,-11.51
1.176e-05,-14.71
1.178e-05,-15.51
1.18e-05,-14.71
1.182e-05,-11.471
1.184e-05,-6.7103
1.186e-05,-0.31034
1.188e-05,7.7287
1.19e-05,17.329
1.192e-05,27.69
1.194e-05,37.29
1.196e-05,42.09
1.198e-05,42.09
1.2e-05,37.329
1.202e-05,30.129
1.204e-05,19.69
1.206e-05,6.0897
1.208e-05,-9.1103
1.21e-05,-25.91
1.212e-05,-33.11
1.214e-05,-34.671
1.216e-05,-34.71
1.218e-05,-35.51
1.22e-05,-35.51
1.222e-05,-35.51
1.224e-05,-33.91
1.226e-05,-25.11
1.228e-05,8.4897
1.23e-05,27.69
1.232e-05,44.529
1.234e-05,49.29
1.236e-05,49.329
1.238e-05,50.129
1.24e-05,49.329
1.242e-05,46.929
1.244e-05,38.129
1.246e-05,12.529
1.248e-05,-6.7103
1.25e-05,-25.871
1.252e-05,-33.071
1.254e-05,-34.671
1.256e-05,-36.271
1.258e-05,-35.51
1.26e-05,-36.271
1.262e-05,-35.51
1.264e-05,-33.071
1.266e-05,-22.632
1.268e-05,7.7287
1.27e-05,23.69
1.272e-05,34.929
1.274e-05,43.729
1.276e-05,46.89
1.278e-05,46.129
1.28e-05,42.129
1.282e-05,30.929
1.284e-05,18.929
1.286e-05,6.1287
1.288e-05,-7.4713
1.29e-05,-18.671
1.292e-05,-27.471
1.294e-05,-31.471
1.296e-05,-33.071
1.298e-05,-33.071
1.3e-05,-32.271
1.302e-05,-22.71
1.304e-05,-13.871
1.306e-05,-4.2713
1.308e-05,3.7678
1.31e-05,11.69
1.312e-05,18.09
1.314e-05,21.29
1.316e-05,22.09
1.318e-05,18.929
1.32e-05,15.729
1.322e-05,11.729
1.324e-05,8.4897
1.326e-05,3.7287
1.328e-05,1.2897
1.33e-05,-3.4713
1.332e-05,-6.6322
1.334e-05,-6.6322
1.336e-05,-5.8713
1.338e-05,-5.0713
1.34e-05,-4.2713
1.342e-05,-4.2713
1.344e-05,-2.6713
1.346e-05,-1.8713
1.348e-05,-0.31034
1.35e-05,-0.31034
1.352e-05,0.48966
1.354e-05,-1.0713
1.356e-05,-1.0713
1.358e-05,-2.6713
1.36e-05,-4.2322
1.362e-05,-4.2713
1.364e-05,-5.1103
1.366e-05,-9.8322
1.368e-05,-10.671
1.37e-05,-13.071
1.372e-05,-12.271
1.374e-05,-10.671
1.376e-05,-8.2322
1.378e-05,-3.4713
1.38e-05,2.1287
1.382e-05,7.7678
1.384e-05,15.768
1.386e-05,23.768
1.388e-05,30.929
1.39e-05,33.329
1.392e-05,31.768
1.394e-05,28.529
1.396e-05,19.768
1.398e-05,10.968
1.4e-05,0.52871
1.402e-05,-12.271
1.404e-05,-25.071
1.406e-05,-33.832
1.408e-05,-34.671
1.41e-05,-36.232
1.412e-05,-35.51
1.414e-05,-34.71
1.416e-05,-35.432
1.418e-05,-28.271
1.42e-05,-5.8713
1.422e-05,10.929
1.424e-05,28.49
1.426e-05,40.568
1.428e-05,46.129
1.43e-05,47.768
1.432e-05,47.768
1.434e-05,46.168
1.436e-05,35.729
1.438e-05,19.768
1.44e-05,5.3678
1.442e-05,-11.471
1.444e-05,-25.91
1.446e-05,-33.832
1.448e-05,-35.432
1.45e-05,-34.671
1.452e-05,-36.232
1.454e-05,-35.471
1.456e-05,-34.671
1.458e-05,-25.871
1.46e-05,-1.0713
1.462e-05,12.529
1.464e-05,25.329
1.466e-05,33.329
1.468e-05,39.729
1.47e-05,42.09
1.472e-05,38.89
1.474e-05,30.129
1.476e-05,20.529
1.478e-05,8.5287
1.48e-05,-3.4322
1.482e-05,-13.871
1.484e-05,-21.871
1.486e-05,-27.471
1.488e-05,-29.871
1.49e-05,-31.432
1.492e-05,-28.232
1.494e-05,-21.032
1.496e-05,-11.471
1.498e-05,-3.4322
1.5e-05,5.3287
1.502e-05,10.929
1.504e-05,14.968
1.506e-05,18.929
1.508e-05,18.168
1.51e-05,16.568
1.512e-05,13.368
1.514e-05,8.5678
1.516e-05,4.5287
1.518e-05,-0.23223
1.52e-05,-1.8322
1.522e-05,-5.0322
1.524e-05,-5.8713
1.526e-05,-6.6322
1.528e-05,-5.8322
1.53e-05,-5.0322
1.532e-05,-2.6322
1.534e-05,-1.0713
1.536e-05,-0.27129
1.538e-05,-0.23223
1.54e-05,0.52871
1.542e-05,-0.27129
1.544e-05,-0.23223
1.546e-05,-1.0322
1.548e-05,-1.0713
1.55e-05,-2.6322
1.552e-05,-2.6322
1.554e-05,-2.6713
1.556e-05,-3.4322
1.558e-05,-5.0322
1.56e-05,-5.8713
1.562e-05,-7.4713
1.564e-05,-9.8322
1.566e-05,-9.0713
1.568e-05,-8.2322
1.57e-05,-5.0322
1.572e-05,-1.8322
1.574e-05,0.56777
1.576e-05,6.1287
1.578e-05,11.768
1.58e-05,18.168
1.582e-05,23.768
1.584e-05,26.929
1.586e-05,25.329
1.588e-05,20.568
1.59e-05,15.768
1.592e-05,8.5678
1.594e-05,-0.23223
1.596e-05,-10.671
1.598e-05,-21.071
1.6e-05,-30.671
1.602e-05,-33.832
1.604e-05,-34.632
1.606e-05,-34.671
1.608e-05,-34.632
1.61e-05,-30.671
1.612e-05,-16.232
1.614e-05,-1.0713
1.616e-05,12.568
1.618e-05,26.168
1.62e-05,37.368
1.622e-05,42.968
1.624e-05,44.568
1.626e-05,43.729
1.628e-05,35.768
1.63e-05,25.368
1.632e-05,12.568
1.634e-05,-0.27129
1.636e-05,-16.232
1.638e-05,-27.432
1.64e-05,-33.832
1.642e-05,-34.632
1.644e-05,-34.671
1.646e-05,-35.432
1.648e-05,-34.632
1.65e-05,-28.232
1.652e-05,-8.2322
1.654e-05,6.9287
1.656e-05,18.168
1.658e-05,27.768
1.66e-05,34.168
1.662e-05,37.368
1.664e-05,35.768
1.666e-05,30.968
1.668e-05,22.929
1.67e-05,10.168
1.672e-05,-1.0322
1.674e-05,-11.432
1.676e-05,-18.671
1.678e-05,-25.071
1.68e-05,-29.832
1.682e-05,-30.632
1.684e-05,-28.232
1.686e-05,-22.632
1.688e-05,-13.032
1.69e-05,-4.2322
1.692e-05,4.5678
1.694e-05,10.168
1.696e-05,15.729
1.698e-05,18.929
1.7e-05,18.968
1.702e-05,18.168
1.704e-05,14.168
1.706e-05,8.5678
1.708e-05,4.5678
1.71e-05,0.52871
1.712e-05,-2.6322
1.714e-05,-5.0713
1.716e-05,-7.4322
1.718e-05,-7.4322
1.72e-05,-6.6322
1.722e-05,-5.0322
1.724e-05,-2.6322
1.726e-05,-0.23223
1.728e-05,1.3287
1.73e-05,1.3287
1.732e-05,-0.23223
1.734e-05,-0.23223
1.736e-05,-0.23223
1.738e-05,-1.8322
1.74e-05,-1.0713
1.742e-05,-1.8713
1.744e-05,-2.6713
1.746e-05,-1.8322
1.748e-05,-1.8322
1.75e-05,-1.0322
1.752e-05,-1.8322
1.754e-05,-2.6713
1.756e-05,-5.0322
1.758e-05,-5.7932
1.76e-05,-5.0322
1.762e-05,-4.2322
1.764e-05,-2.6322
1.766e-05,-1.8322
1.768e-05,0.56777
1.77e-05,4.5678
1.772e-05,9.3287
1.774e-05,14.168
1.776e-05,17.368
1.778e-05,18.207
1.78e-05,16.568
1.782e-05,14.168
1.784e-05,10.168
1.786e-05,6.1678
1.788e-05,-1.8322
1.79e-05,-10.632
1.792e-05,-19.432
1.794e-05,-27.432
1.796e-05,-31.432
1.798e-05,-32.232
1.8e-05,-31.471
1.802e-05,-27.432
1.804e-05,-19.432
1.806e-05,-9.8322
1.808e-05,1.3678
1.81e-05,14.168
1.812e-05,25.368
1.814e-05,34.929
1.816e-05,37.368
1.818e-05,37.368
1.82e-05,34.207
1.822e-05,27.768
1.824e-05,18.168
1.826e-05,7.7678
1.828e-05,-6.6322
1.83e-05,-18.632
1.832e-05,-28.232
1.834e-05,-33.032
1.836e-05,-33.832
1.838e-05,-34.632
1.84e-05,-33.071
1.842e-05,-29.832
1.844e-05,-13.832
1.846e-05,-1.0322
1.848e-05,10.968
1.85e-05,21.368
1.852e-05,28.568
1.854e-05,32.568
1.856e-05,33.368
1.858e-05,30.929
1.86e-05,24.568
1.862e-05,14.168
1.864e-05,4.5678
1.866e-05,-6.6322
1.868e-05,-15.432
1.87e-05,-21.032
1.872e-05,-25.832
1.874e-05,-27.432
1.876e-05,-26.632
1.878e-05,-22.632
1.88e-05,-15.432
1.882e-05,-6.6322
1.884e-05,1.3678
1.886e-05,7.7678
1.888e-05,12.568
1.89e-05,14.968
1.892e-05,16.568
1.894e-05,17.329
1.896e-05,14.168
1.898e-05,10.168
1.9e-05,6.1678
1.902e-05,0.60683
1.904e-05,-1.8322
1.906e-05,-3.4713
1.908e-05,-5.0322
1.91e-05,-5.8322
1.912e-05,-5.0322
1.914e-05,-3.4322
1.916e-05,-2.5932
1.918e-05,-1.0322
1.92e-05,-0.23223
1.922e-05,-0.23223
1.924e-05,-1.0322
1.926e-05,-2.6322
1.928e-05,-2.6322
1.93e-05,-3.4322
1.932e-05,-3.4322
1.934e-05,-4.2322
1.936e-05,-4.2322
1.938e-05,-2.6322
1.94e-05,-0.23223
1.942e-05,1.3678
1.944e-05,2.1678
1.946e-05,1.3678
1.948e-05,0.56777
1.95e-05,-1.0322
1.952e-05,-1.8322
1.954e-05,-1.8322
1.956e-05,-1.8322
1.958e-05,-1.8322
1.96e-05,-1.8322
1.962e-05,-1.0322
1.964e-05,2.1678
1.966e-05,6.9678
1.968e-05,10.968
1.97e-05,14.168
1.972e-05,14.968
1.974e-05,13.368
1.976e-05,11.768
1.978e-05,8.5678
1.98e-05,4.5678
1.982e-05,-1.8322
1.984e-05,-9.8322
1.986e-05,-19.432
1.988e-05,-25.032
1.99e-05,-28.232
1.992e-05,-28.232
1.994e-05,-26.632
1.996e-05,-23.393
1.998e-05,-14.632
2e-05,-5.0322
2.002e-05,5.4068
2.004e-05,15.807
2.006e-05,26.968
2.008e-05,32.568
2.01e-05,34.968
2.012e-05,34.168
2.014e-05,30.168
2.016e-05,22.968
2.018e-05,13.368
2.02e-05,2.1678
2.022e-05,-10.632
2.024e-05,-21.032
2.026e-05,-30.632
2.028e-05,-33.032
2.03e-05,-33.832
2.032e-05,-33.832
2.034e-05,-31.432
2.036e-05,-21.032
2.038e-05,-9.0322
2.04e-05,4.5678
2.042e-05,14.168
2.044e-05,22.207
2.046e-05,28.568
2.048e-05,30.968
2.05e-05,30.207
2.052e-05,26.968
2.054e-05,19.768
2.056e-05,10.168
2.058e-05,0.56777
2.06e-05,-9.0322
2.062e-05,-14.632
2.064e-05,-20.232
2.066e-05,-24.193
2.068e-05,-24.993
2.07e-05,-21.032
2.072e-05,-16.232
2.074e-05,-9.8322
2.076e-05,-1.8322
2.078e-05,4.5678
2.08e-05,8.5678
2.082e-05,11.768
2.084e-05,12.607
2.086e-05,14.168
2.088e-05,12.568
2.09e-05,10.168
2.092e-05,6.1678
2.094e-05,1.3678
2.096e-05,-1.0322
2.098e-05,-2.6322
2.1e-05,-3.4322
2.102e-05,-2.6322
2.104e-05,-4.1932
2.106e-05,-1.8322
2.108e-05,-0.23223
2.11e-05,1.3678
2.112e-05,2.1678
2.114e-05,1.4068
2.116e-05,0.56777
2.118e-05,-1.0322
2.12e-05,-2.6322
2.122e-05,-4.2322
2.124e-05,-5.7932
2.126e-05,-5.0322
2.128e-05,-5.8322
2.13e-05,-6.5932
2.132e-05,-3.4322
2.134e-05,-0.99317
2.136e-05,0.60683
2.138e-05,2.9678
2.14e-05,2.2068
2.142e-05,0.60683
2.144e-05,1.3678
2.146e-05,-0.19317
2.148e-05,-0.19317
2.15e-05,0.56777
2.152e-05,-1.0322
2.154e-05,-1.8322
2.156e-05,-0.23223
2.158e-05,2.9678
2.16e-05,6.9678
2.162e-05,10.168
2.164e-05,11.768
2.166e-05,11.007
2.168e-05,9.4068
2.17e-05,8.6068
2.172e-05,7.7678
2.174e-05,2.2068
2.176e-05,-4.2322
2.178e-05,-11.393
2.18e-05,-17.832
2.182e-05,-23.432
2.184e-05,-25.032
2.186e-05,-24.993
2.188e-05,-22.632
2.19e-05,-17.832
2.192e-05,-12.193
2.194e-05,-1.8322
2.196e-05,7.8068
2.198e-05,18.168
2.2e-05,26.168
2.202e-05,30.207
2.204e-05,32.568
2.206e-05,30.968
2.208e-05,25.407
2.21e-05,19.007
2.212e-05,8.6068
2.214e-05,-1.7932
2.216e-05,-12.993
2.218e-05,-19.432
2.22e-05,-27.432
2.222e-05,-31.432
2.224e-05,-32.993
2.226e-05,-31.393
2.228e-05,-26.554
2.23e-05,-16.193
2.232e-05,-5.7932
2.234e-05,5.4068
2.236e-05,14.207
2.238e-05,21.368
2.24e-05,25.407
2.242e-05,26.207
2.244e-05,26.207
2.246e-05,21.407
2.248e-05,13.407
2.25e-05,6.2068
2.252e-05,-2.5932
2.254e-05,-9.0322
2.256e-05,-15.393
2.258e-05,-17.832
2.26e-05,-19.432
2.262e-05,-19.393
2.264e-05,-16.993
2.266e-05,-12.193
2.268e-05,-5.0322
2.27e-05,1.3678
2.272e-05,6.1678
2.274e-05,7.7678
2.276e-05,10.168
2.278e-05,10.207
2.28e-05,9.4068
2.282e-05,7.0068
2.284e-05,4.6068
2.286e-05,0.60683
2.288e-05,-0.23223
2.29e-05,-2.5932
2.292e-05,-2.6322
2.294e-05,-1.8322
2.296e-05,-2.5932
2.298e-05,-0.23223
2.3e-05,-0.19317
2.302e-05,2.9678
2.304e-05,3.8068
2.306e-05,3.8068
2.308e-05,2.2068
2.31e-05,1.3678
2.312e-05,-1.7932
2.314e-05,-3.3932
2.316e-05,-4.9932
2.318e-05,-5.7932
2.32e-05,-5.8322
2.322e-05,-6.5932
2.324e-05,-5.7932
2.326e-05,-2.6322
2.328e-05,-0.99317
2.33e-05,1.3678
2.332e-05,2.2068
2.334e-05,0.60683
2.336e-05,0.60683
2.338e-05,-0.19317
2.34e-05,-0.19317
2.342e-05,0.56777
2.344e-05,-0.99317
2.346e-05,-2.5932
2.348e-05,-1.8322
2.35e-05,-0.19317
2.352e-05,3.8068
2.354e-05,7.0068
2.356e-05,10.207
2.358e-05,11.807
2.36e-05,11.807
2.362e-05,10.207
2.364e-05,9.4068
2.366e-05,7.0068
2.368e-05,2.2068
2.37e-05,-4.2322
2.372e-05,-11.393
2.374e-05,-18.593
2.376e-05,-23.393
2.378e-05,-24.993
2.38e-05,-24.193
2.382e-05,-21.793
2.384e-05,-16.993
2.386e-05,-10.593
2.388e-05,-0.99317
2.39e-05,8.6068
2.392e-05,17.407
2.394e-05,24.607
2.396e-05,28.607
2.398e-05,30.168
2.4e-05,27.807
2.402e-05,23.807
2.404e-05,16.607
2.406e-05,7.0068
2.408e-05,-2.5932
2.41e-05,-12.232
2.412e-05,-20.193
2.414e-05,-25.032
2.416e-05,-28.193
2.418e-05,-28.993
2.42e-05,-26.593
2.422e-05,-19.393
2.424e-05,-12.193
2.426e-05,-1.7932
2.428e-05,7.0068
2.43e-05,14.207
2.432e-05,19.007
2.434e-05,21.407
2.436e-05,22.207
2.438e-05,20.607
2.44e-05,15.807
2.442e-05,8.6068
2.444e-05,2.2068
2.446e-05,-4.9932
2.448e-05,-8.9932
2.45e-05,-12.993
2.452e-05,-15.393
2.454e-05,-15.393
2.456e-05,-13.832
2.458e-05,-11.393
2.46e-05,-5.7932
2.462e-05,-0.19317
2.464e-05,4.6068
2.466e-05,7.0068
2.468e-05,8.5678
2.47e-05,7.8068
2.472e-05,7.0068
2.474e-05,6.2068
2.476e-05,3.0068
2.478e-05,0.60683
2.48e-05,-2.5932
2.482e-05,-4.9932
2.484e-05,-5.7932
2.486e-05,-4.9932
2.488e-05,-3.3932
2.49e-05,-1.7932
2.492e-05,0.60683
2.494e-05,3.7678
2.496e-05,4.6068
2.498e-05,6.2068
2.5e-05,6.2068
2.502e-05,4.6068
2.504e-05,1.4068
2.506e-05,-0.19317
2.508e-05,-2.5932
2.51e-05,-3.3932
2.512e-05,-5.7932
2.514e-05,-5.7932
2.516e-05,-6.5932
2.518e-05,-5.7932
2.52e-05,-2.5932
2.522e-05,-0.99317
2.524e-05,0.60683
2.526e-05,0.60683
2.528e-05,0.60683
2.53e-05,-0.19317
2.532e-05,-1.7541
2.534e-05,-0.99317
2.536e-05,-0.99317
2.538e-05,-2.5932
2.54e-05,-2.5932
2.542e-05,-2.5932
2.544e-05,-0.95412
2.546e-05,3.0459
2.548e-05,7.0068
2.55e-05,9.4459
2.552e-05,11.007
2.554e-05,10.246
2.556e-05,11.007
2.558e-05,8.6459
2.56e-05,7.0068
2.562e-05,2.2068
2.564e-05,-4.1932
2.566e-05,-12.154
2.568e-05,-16.993
2.57e-05,-20.193
2.572e-05,-21.793
2.574e-05,-20.993
2.576e-05,-20.154
2.578e-05,-15.393
2.58e-05,-8.9932
2.582e-05,-0.19317
2.584e-05,7.8068
2.586e-05,16.607
2.588e-05,21.446
2.59e-05,25.407
2.592e-05,25.407
2.594e-05,23.807
2.596e-05,19.046
2.598e-05,12.646
2.6e-05,5.4459
2.602e-05,-4.1541
2.604e-05,-12.193
2.606e-05,-18.593
2.608e-05,-21.793
2.61e-05,-24.954
2.612e-05,-23.393
2.614e-05,-20.193
2.616e-05,-15.393
2.618e-05,-8.1932
2.62e-05,0.60683
2.622e-05,6.2459
2.624e-05,11.846
2.626e-05,16.607
2.628e-05,18.207
2.63e-05,18.207
2.632e-05,15.007
2.634e-05,11.007
2.636e-05,4.6459
2.638e-05,-1.7541
2.64e-05,-6.5932
2.642e-05,-9.7932
2.644e-05,-12.954
2.646e-05,-12.954
2.648e-05,-12.954
2.65e-05,-9.7541
2.652e-05,-5.7932
2.654e-05,-1.7541
2.656e-05,3.0459
2.658e-05,7.0068
2.66e-05,7.0459
2.662e-05,8.6068
2.664e-05,6.2459
2.666e-05,6.2068
2.668e-05,3.8068
2.67e-05,1.4068
2.672e-05,-2.5932
2.674e-05,-4.9932
2.676e-05,-6.5541
2.678e-05,-5.7932
2.68e-05,-5.7932
2.682e-05,-2.5932
2.684e-05,-0.99317
2.686e-05,-0.15412
2.688e-05,2.2068
2.69e-05,5.4068
2.692e-05,6.2068
2.694e-05,5.4068
2.696e-05,3.0459
2.698e-05,0.64588
2.7e-05,-0.95412
2.702e-05,-2.5541
2.704e-05,-3.3541
2.706e-05,-4.1541
2.708e-05,-4.9541
2.71e-05,-4.1541
2.712e-05,-2.5932
2.714e-05,-0.95412
2.716e-05,2.2068
2.718e-05,2.2068
2.72e-05,1.4068
2.722e-05,-0.15412
2.724e-05,-1.7541
2.726e-05,-1.7932
2.728e-05,-2.5932
2.73e-05,-3.3932
2.732e-05,-6.5541
2.734e-05,-5.7932
2.736e-05,-4.9541
2.738e-05,-1.7932
2.74e-05,2.2068
2.742e-05,7.0068
2.744e-05,8.6459
2.746e-05,10.207
2.748e-05,11.007
2.75e-05,10.246
2.752e-05,10.207
2.754e-05,6.2459
2.756e-05,2.2459
2.758e-05,-3.3541
2.76e-05,-9.7541
2.762e-05,-16.154
2.764e-05,-17.754
2.766e-05,-19.354
2.768e-05,-19.354
2.77e-05,-16.993
2.772e-05,-13.754
2.774e-05,-7.3541
2.776e-05,0.60683
2.778e-05,7.8459
2.78e-05,14.246
2.782e-05,19.046
2.784e-05,21.407
2.786e-05,21.446
2.788e-05,19.046
2.79e-05,15.807
2.792e-05,9.4068
2.794e-05,2.2459
2.796e-05,-6.5541
2.798e-05,-12.954
2.8e-05,-16.993
2.802e-05,-20.154
2.804e-05,-20.193
2.806e-05,-19.354
2.808e-05,-16.154
2.81e-05,-10.554
2.812e-05,-3.3541
2.814e-05,3.8068
2.816e-05,9.4068
2.818e-05,11.846
2.82e-05,14.246
2.822e-05,14.246
2.824e-05,14.207
2.826e-05,11.007
2.828e-05,6.2459
2.83e-05,-0.15412
2.832e-05,-4.1932
2.834e-05,-8.1932
2.836e-05,-10.593
2.838e-05,-11.354
2.84e-05,-11.354
2.842e-05,-9.7541
2.844e-05,-6.5541
2.846e-05,-2.5541
2.848e-05,1.4459
2.85e-05,6.2068
2.852e-05,7.0459
2.854e-05,8.6459
2.856e-05,7.0459
2.858e-05,6.2459
2.86e-05,4.6459
2.862e-05,1.4459
2.864e-05,-0.95412
2.866e-05,-4.1541
2.868e-05,-5.7932
2.87e-05,-6.5541
2.872e-05,-6.5541
2.874e-05,-5.7541
2.876e-05,-2.5932
2.878e-05,-0.95412
2.88e-05,0.64588
2.882e-05,3.0459
2.884e-05,5.4068
2.886e-05,5.4459
2.888e-05,3.0459
2.89e-05,1.4459
2.892e-05,-0.15412
2.894e-05,-0.99317
2.896e-05,-2.5541
2.898e-05,-3.3541
2.9e-05,-4.1541
2.902e-05,-4.1541
2.904e-05,-3.3541
2.906e-05,-0.95412
2.908e-05,1.4068
2.91e-05,3.0459
2.912e-05,3.8068
2.914e-05,2.2459
2.916e-05,-0.15412
2.918e-05,-0.95412
2.92e-05,-1.7541
2.922e-05,-3.3541
2.924e-05,-4.9541
2.926e-05,-6.5541
2.928e-05,-6.5541
2.93e-05,-4.9541
2.932e-05,-2.5541
2.934e-05,1.4459
2.936e-05,4.6459
2.938e-05,7.0459
2.94e-05,8.6459
2.942e-05,9.4068
2.944e-05,8.6459
2.946e-05,8.6459
2.948e-05,6.2459
2.95e-05,2.2459
2.952e-05,-3.3541
2.954e-05,-8.1932
2.956e-05,-12.954
2.958e-05,-15.354
2.96e-05,-16.154
2.962e-05,-16.154
2.964e-05,-14.554
2.966e-05,-10.554
2.968e-05,-4.1932
2.97e-05,2.2459
2.972e-05,7.8459
2.974e-05,13.446
2.976e-05,17.407
2.978e-05,19.007
2.98e-05,17.446
2.982e-05,15.807
2.984e-05,11.846
2.986e-05,6.2459
2.988e-05,-0.15412
2.99e-05,-8.1541
2.992e-05,-12.154
2.994e-05,-16.154
2.996e-05,-16.993
2.998e-05,-17.754
3e-05,-16.154
3.002e-05,-12.154
3.004e-05,-6.5541
3.006e-05,-0.15412
3.008e-05,6.2459
3.01e-05,9.4459
3.012e-05,12.646
3.014e-05,13.446
3.016e-05,13.446
3.018e-05,11.846
3.02e-05,7.8459
3.022e-05,4.6459
3.024e-05,-0.95412
3.026e-05,-5.7541
3.028e-05,-8.9541
3.03e-05,-9.7932
3.032e-05,-10.554
3.034e-05,-9.7541
3.036e-05,-8.1541
3.038e-05,-5.7541
3.04e-05,-1.7541
3.042e-05,2.2459
3.044e-05,6.2068
3.046e-05,6.2459
3.048e-05,6.2459
3.05e-05,6.2459
3.052e-05,5.4459
3.054e-05,3.0459
3.056e-05,1.4459
3.058e-05,-0.95412
3.06e-05,-3.3541
3.062e-05,-4.1541
3.064e-05,-4.9541
3.066e-05,-3.3541
3.068e-05,-2.5541
3.07e-05,-0.95412
3.072e-05,1.4068
3.074e-05,1.4459
3.076e-05,3.0459
3.078e-05,3.8459
3.08e-05,3.0459
3.082e-05,0.64588
3.084e-05,-0.19317
3.086e-05,-2.5541
3.088e-05,-2.5932
3.09e-05,-4.1541
3.092e-05,-4.9541
3.094e-05,-4.1541
3.096e-05,-3.3541
3.098e-05,-1.7541
3.1e-05,-0.15412
3.102e-05,3.0459
3.104e-05,4.6459
3.106e-05,4.6459
3.108e-05,3.0459
3.11e-05,1.4459
3.112e-05,0.64588
3.114e-05,-0.15412
3.116e-05,-1.7541
3.118e-05,-3.3541
3.12e-05,-4.9541
3.122e-05,-6.5541
3.124e-05,-4.1541
3.126e-05,-1.7541
3.128e-05,1.4459
3.13e-05,4.6459
3.132e-05,6.2459
3.134e-05,6.2459
3.136e-05,7.0459
3.138e-05,7.8068
3.14e-05,7.0459
3.142e-05,4.6459
3.144e-05,-0.15412
3.146e-05,-4.1541
3.148e-05,-9.7541
3.15e-05,-11.354
3.152e-05,-12.954
3.154e-05,-12.954
3.156e-05,-12.954
3.158e-05,-10.554
3.16e-05,-6.5541
3.162e-05,-1.7541
3.164e-05,4.6459
3.166e-05,9.4459
3.168e-05,13.446
3.17e-05,15.846
3.172e-05,15.046
3.174e-05,14.246
3.176e-05,11.846
3.178e-05,7.8459
3.18e-05,3.0459
3.182e-05,-3.3541
3.184e-05,-9.7541
3.186e-05,-13.754
3.188e-05,-16.154
3.19e-05,-16.954
3.192e-05,-16.154
3.194e-05,-13.754
3.196e-05,-9.7541
3.198e-05,-3.3541
3.2e-05,2.2459
3.202e-05,7.0459
3.204e-05,11.046
3.206e-05,11.846
3.208e-05,12.646
3.21e-05,12.646
3.212e-05,10.246
3.214e-05,6.2459
3.216e-05,3.0459
3.218e-05,-1.7541
3.22e-05,-4.9541
3.222e-05,-8.1541
3.224e-05,-9.7541
3.226e-05,-8.9541
3.228e-05,-8.1541
3.23e-05,-6.5541
3.232e-05,-4.1541
3.234e-05,-0.95412
3.236e-05,3.0459
3.238e-05,5.4459
3.24e-05,6.2459
3.242e-05,5.4459
3.244e-05,4.6459
3.246e-05,3.0459
3.248e-05,1.4459
3.25e-05,-0.15412
3.252e-05,-1.7541
3.254e-05,-3.3541
3.256e-05,-3.3541
3.258e-05,-2.5541
3.26e-05,-0.95412
3.262e-05,-0.15412
3.264e-05,1.4459
3.266e-05,3.0459
3.268e-05,3.8459
3.27e-05,4.6459
3.272e-05,4.6459
3.274e-05,3.0459
3.276e-05,-0.15412
3.278e-05,-0.95412
3.28e-05,-4.1151
3.282e-05,-4.9541
3.284e-05,-5.7541
3.286e-05,-5.7541
3.288e-05,-5.7541
3.29e-05,-4.1541
3.292e-05,-2.5541
3.294e-05,-0.15412
3.296e-05,3.0459
3.298e-05,4.6459
3.3e-05,4.6459
3.302e-05,3.0459
3.304e-05,3.0459
3.306e-05,1.4459
3.308e-05,0.64588
3.31e-05,-0.95412
3.312e-05,-2.5541
3.314e-05,-4.1541
3.316e-05,-4.9541
3.318e-05,-3.3541
3.32e-05,-0.95412
3.322e-05,1.4459
3.324e-05,4.6459
3.326e-05,5.4459
3.328e-05,6.2459
3.33e-05,6.2459
3.332e-05,6.2459
3.334e-05,5.4459
3.336e-05,3.0459
3.338e-05,-0.95412
3.34e-05,-6.5541
3.342e-05,-9.7541
3.344e-05,-11.354
3.346e-05,-12.154
3.348e-05,-11.354
3.35e-05,-10.554
3.352e-05,-8.9541
3.354e-05,-4.9541
3.356e-05,0.64588
3.358e-05,6.2459
3.36e-05,10.246
3.362e-05,13.446
3.364e-05,15.046
3.366e-05,15.046
3.368e-05,14.246
3.37e-05,11.046
3.372e-05,6.2459
3.374e-05,1.4459
3.376e-05,-4.1541
3.378e-05,-8.1541
3.38e-05,-12.954
3.382e-05,-15.354
3.384e-05,-15.354
3.386e-05,-13.754
3.388e-05,-12.954
3.39e-05,-8.1541
3.392e-05,-3.3541
3.394e-05,1.4459
3.396e-05,6.2459
3.398e-05,8.6459
3.4e-05,11.046
3.402e-05,11.846
3.404e-05,11.046
3.406e-05,9.4459
3.408e-05,6.2459
3.41e-05,3.0459
3.412e-05,-0.15412
3.414e-05,-2.5541
3.416e-05,-4.9541
3.418e-05,-6.5541
3.42e-05,-6.5541
3.422e-05,-6.5541
3.424e-05,-4.9541
3.426e-05,-2.5541
3.428e-05,-0.15412
3.43e-05,1.4459
3.432e-05,3.0459
3.434e-05,3.0459
3.436e-05,3.0459
3.438e-05,1.4459
3.44e-05,-0.15412
3.442e-05,-0.95412
3.444e-05,-1.7541
3.446e-05,-3.3541
3.448e-05,-3.3541
3.45e-05,-1.7541
3.452e-05,-0.95412
3.454e-05,0.64588
3.456e-05,2.2459
3.458e-05,4.6459
3.46e-05,6.2459
3.462e-05,6.2459
3.464e-05,6.2459
3.466e-05,5.4459
3.468e-05,3.0459
3.47e-05,0.64588
3.472e-05,-0.95412
3.474e-05,-3.3541
3.476e-05,-5.7541
3.478e-05,-6.5541
3.48e-05,-6.5541
3.482e-05,-6.5541
3.484e-05,-4.9541
3.486e-05,-3.3541
3.488e-05,-0.15412
3.49e-05,1.4459
3.492e-05,3.0459
3.494e-05,3.0459
3.496e-05,3.0459
3.498e-05,2.2459
3.5e-05,1.4459
3.502e-05,1.4459
3.504e-05,-0.15412
3.506e-05,-1.7541
3.508e-05,-2.5541
3.51e-05,-1.7541
3.512e-05,-0.95412
3.514e-05,1.4459
3.516e-05,3.8459
3.518e-05,5.4459
3.52e-05,6.2459
3.522e-05,6.2459
3.524e-05,6.2459
3.526e-05,6.2459
3.528e-05,3.8459
3.53e-05,0.64588
3.532e-05,-2.5541
3.534e-05,-8.1151
3.536e-05,-9.7541
3.538e-05,-12.154
3.54e-05,-12.154
3.542e-05,-11.354
3.544e-05,-10.554
3.546e-05,-7.3541
3.548e-05,-3.3541
3.55e-05,1.4459
3.552e-05,6.2459
3.554e-05,11.046
3.556e-05,12.685
3.558e-05,15.046
3.56e-05,15.046
3.562e-05,13.446
3.564e-05,10.246
3.566e-05,6.2459
3.568e-05,1.4459
3.57e-05,-4.1151
3.572e-05,-7.3541
3.574e-05,-11.354
3.576e-05,-12.954
3.578e-05,-13.754
3.58e-05,-12.954
3.582e-05,-11.354
3.584e-05,-8.1541
3.586e-05,-3.3541
3.588e-05,2.2459
3.59e-05,6.2459
3.592e-05,7.0459
3.594e-05,9.4459
3.596e-05,8.6459
3.598e-05,8.6459
3.6e-05,7.0459
3.602e-05,6.2459
3.604e-05,3.0459
3.606e-05,-0.15412
3.608e-05,-1.7541
3.61e-05,-3.3541
3.612e-05,-3.3541
3.614e-05,-3.3541
3.616e-05,-3.3541
3.618e-05,-1.7541
3.62e-05,-0.15412
3.622e-05,1.4459
3.624e-05,2.2459
3.626e-05,3.0459
3.628e-05,1.4459
3.63e-05,0.64588
3.632e-05,-0.95412
3.634e-05,-1.7541
3.636e-05,-2.5541
3.638e-05,-4.1541
3.64e-05,-4.9541
3.642e-05,-4.1541
3.644e-05,-3.3541
3.646e-05,-0.95412
3.648e-05,1.4459
3.65e-05,3.0459
3.652e-05,5.4459
3.654e-05,6.2459
3.656e-05,6.2459
3.658e-05,7.0459
3.66e-05,6.2459
3.662e-05,4.6459
3.664e-05,1.4459
3.666e-05,-0.15412
3.668e-05,-2.5541
3.67e-05,-4.9541
3.672e-05,-5.7541
3.674e-05,-6.5541
3.676e-05,-6.5541
3.678e-05,-4.9541
3.68e-05,-3.3541
3.682e-05,-0.95412
3.684e-05,0.64588
3.686e-05,1.4459
3.688e-05,2.2459
3.69e-05,1.4459
3.692e-05,0.64588
3.694e-05,0.64588
3.696e-05,-0.15412
3.698e-05,-0.95412
3.7e-05,-1.7541
3.702e-05,-3.3151
3.704e-05,-1.7541
3.706e-05,0.64588
3.708e-05,3.0459
3.71e-05,5.4459
3.712e-05,6.2459
3.714e-05,6.2459
3.716e-05,7.0459
3.718e-05,6.2459
3.72e-05,6.2459
3.722e-05,4.6459
3.724e-05,1.4459
3.726e-05,-3.3541
3.728e-05,-7.3541
3.73e-05,-9.7541
3.732e-05,-10.554
3.734e-05,-12.154
3.736e-05,-12.154
3.738e-05,-10.554
3.74e-05,-8.1541
3.742e-05,-4.1541
3.744e-05,1.4459
3.746e-05,6.2459
3.748e-05,9.4459
3.75e-05,11.846
3.752e-05,13.446
3.754e-05,13.446
3.756e-05,12.646
3.758e-05,9.4849
3.76e-05,5.4849
3.762e-05,3.0459
3.764e-05,-1.7541
3.766e-05,-6.5151
3.768e-05,-8.9541
3.77e-05,-11.354
3.772e-05,-11.354
3.774e-05,-11.354
3.776e-05,-9.7541
3.778e-05,-6.5541
3.78e-05,-3.3541
3.782e-05,0.64588
3.784e-05,3.8459
3.786e-05,6.2459
3.788e-05,6.2459
3.79e-05,7.0459
3.792e-05,6.2459
3.794e-05,6.2459
3.796e-05,3.8459
3.798e-05,1.4459
3.8e-05,-0.15412
3.802e-05,-1.7151
3.804e-05,-1.7541
3.806e-05,-0.95412
3.808e-05,-0.95412
3.81e-05,-0.15412
3.812e-05,0.64588
3.814e-05,1.4459
3.816e-05,3.0459
3.818e-05,3.0459
3.82e-05,2.2849
3.822e-05,2.2459
3.824e-05,-0.15412
3.826e-05,-0.95412
3.828e-05,-2.5541
3.83e-05,-3.3541
3.832e-05,-4.9541
3.834e-05,-5.7541
3.836e-05,-4.9541
3.838e-05,-3.3541
3.84e-05,-1.7151
3.842e-05,0.68494
3.844e-05,2.2849
3.846e-05,4.6849
3.848e-05,5.4849
3.85e-05,6.2849
3.852e-05,6.2849
3.854e-05,6.2459
3.856e-05,3.8459
3.858e-05,2.2459
3.86e-05,0.64588
3.862e-05,-1.7541
3.864e-05,-4.1151
3.866e-05,-3.3541
3.868e-05,-4.9541
3.87e-05,-4.9541
3.872e-05,-3.3541
3.874e-05,-1.7541
3.876e-05,-0.15412
3.878e-05,-0.11506
3.88e-05,1.4459
3.882e-05,1.4459
3.884e-05,0.64588
3.886e-05,-0.15412
3.888e-05,-0.15412
3.89e-05,-0.95412
3.892e-05,-1.7541
3.894e-05,-1.7541
3.896e-05,-3.3541
3.898e-05,-1.7541
3.9e-05,-0.15412
3.902e-05,3.0459
3.904e-05,5.4459
3.906e-05,6.2459
3.908e-05,7.0459
3.91e-05,7.8459
3.912e-05,7.0459
3.914e-05,6.2459
3.916e-05,5.4459
3.918e-05,1.4459
3.92e-05,-1.7541
3.922e-05,-5.7541
3.924e-05,-8.1541
3.926e-05,-11.315
3.928e-05,-10.554
3.93e-05,-10.554
3.932e-05,-9.7541
3.934e-05,-7.3541
3.936e-05,-3.3541
3.938e-05,-0.11506
3.94e-05,5.4459
3.942e-05,8.6459
3.944e-05,11.046
3.946e-05,11.846
3.948e-05,11.885
3.95e-05,11.085
3.952e-05,8.6459
3.954e-05,6.2459
3.956e-05,3.0459
3.958e-05,-1.7541
3.96e-05,-3.3541
3.962e-05,-8.1151
3.964e-05,-8.9151
3.966e-05,-10.515
3.968e-05,-8.9541
3.97e-05,-7.3151
3.972e-05,-4.9541
3.974e-05,-1.7151
3.976e-05,0.68494
3.978e-05,3.8459
3.98e-05,4.6459
3.982e-05,5.4849
3.984e-05,5.4849
3.986e-05,5.4459
3.988e-05,3.8459
3.99e-05,3.0459
3.992e-05,-0.91506
3.994e-05,-1.7151
3.996e-05,-1.7541
3.998e-05,-0.95412
4e-05,-0.95412
4.002e-05,-0.91506
4.004e-05,-0.11506
4.006e-05,1.4849
4.008e-05,3.0459
4.01e-05,3.0849
4.012e-05,3.8849
4.014e-05,3.0459
4.016e-05,1.4849
4.018e-05,-0.91506
4.02e-05,-2.5151
4.022e-05,-2.5541
4.024e-05,-4.9151
4.026e-05,-4.9541
4.028e-05,-4.9541
4.03e-05,-4.1541
4.032e-05,-4.1151
4.034e-05,-1.7151
4.036e-05,1.4459
4.038e-05,3.0849
4.04e-05,5.4459
4.042e-05,6.2459
4.044e-05,6.2459
4.046e-05,6.2459
4.048e-05,4.6849
4.05e-05,2.2849
4.052e-05,0.68494
4.054e-05,-0.15412
4.056e-05,-1.7541
4.058e-05,-3.3541
4.06e-05,-4.1151
4.062e-05,-4.1151
4.064e-05,-4.1151
4.066e-05,-1.7541
4.068e-05,-0.15412
4.07e-05,0.68494
4.072e-05,3.0459
4.074e-05,2.2849
4.076e-05,1.4849
4.078e-05,0.68494
4.08e-05,-0.11506
4.082e-05,-1.7151
4.084e-05,-1.7541
4.086e-05,-3.3151
4.088e-05,-5.7151
4.09e-05,-4.1151
4.092e-05,-2.5541
4.094e-05,-0.15412
4.096e-05,1.4849
4.098e-05,3.8849
4.1e-05,5.4459
4.102e-05,5.4849
4.104e-05,6.2849
4.106e-05,7.8459
4.108e-05,5.4849
4.11e-05,5.4849
4.112e-05,1.4849
4.114e-05,-1.7151
4.116e-05,-4.1151
4.118e-05,-7.3151
4.12e-05,-8.9151
4.122e-05,-8.9541
4.124e-05,-9.7151
4.126e-05,-8.9541
4.128e-05,-6.5541
4.13e-05,-3.3541
4.132e-05,0.68494
4.134e-05,3.8849
4.136e-05,5.4849
4.138e-05,7.8849
4.14e-05,9.4459
4.142e-05,8.6849
4.144e-05,8.6459
4.146e-05,7.0459
4.148e-05,4.6459
4.15e-05,0.68494
4.152e-05,-2.5151
4.154e-05,-4.9151
4.156e-05,-6.5151
4.158e-05,-7.3151
4.16e-05,-8.1151
4.162e-05,-6.5541
4.164e-05,-4.1151
4.166e-05,-1.7541
4.168e-05,-0.11506
4.17e-05,2.2849
4.172e-05,3.8849
4.174e-05,5.4849
4.176e-05,5.4849
4.178e-05,4.6849
4.18e-05,3.8849
4.182e-05,3.0459
4.184e-05,-0.11506
4.186e-05,-0.95412
4.188e-05,-2.5541
4.19e-05,-2.5541
4.192e-05,-3.3151
4.194e-05,-0.95412
4.196e-05,-0.91506
4.198e-05,-0.11506
4.2e-05,0.68494
4.202e-05,2.2849
4.204e-05,4.6459
4.206e-05,3.8849
4.208e-05,3.0849
4.21e-05,1.4849
4.212e-05,0.68494
4.214e-05,-0.15412
4.216e-05,-2.5151
4.218e-05,-3.3151
4.22e-05,-4.1151
4.222e-05,-4.1151
4.224e-05,-3.3151
4.226e-05,-0.95412
4.228e-05,-0.11506
4.23e-05,2.2849
4.232e-05,3.8459
4.234e-05,4.6459
4.236e-05,4.6849
4.238e-05,4.6849
4.24e-05,3.8849
4.242e-05,2.2849
4.244e-05,0.68494
4.246e-05,-0.15412
4.248e-05,-2.5151
4.25e-05,-3.3541
4.252e-05,-4.1151
4.254e-05,-4.1151
4.256e-05,-3.3541
4.258e-05,-1.7541
4.26e-05,-0.15412
4.262e-05,1.4849
4.264e-05,3.0849
4.266e-05,3.8849
4.268e-05,3.8849
4.27e-05,3.0849
4.272e-05,2.2849
4.274e-05,-0.11506
4.276e-05,-0.91506
4.278e-05,-2.5151
4.28e-05,-4.1151
4.282e-05,-4.1151
4.284e-05,-5.7151
4.286e-05,-3.3541
4.288e-05,-1.7151
4.29e-05,-0.876
4.292e-05,2.2849
4.294e-05,4.6849
4.296e-05,5.4849
4.298e-05,6.2849
4.3e-05,7.0849
4.302e-05,5.4849
4.304e-05,4.6849
4.306e-05,2.2849
4.308e-05,-0.91506
4.31e-05,-2.5541
4.312e-05,-5.7151
4.314e-05,-7.3151
4.316e-05,-8.1151
4.318e-05,-8.1151
4.32e-05,-6.5541
4.322e-05,-5.7151
4.324e-05,-2.5151
4.326e-05,0.68494
4.328e-05,3.8849
4.33e-05,5.4849
4.332e-05,7.0849
4.334e-05,8.6459
4.336e-05,7.8849
4.338e-05,6.2849
4.34e-05,5.4849
4.342e-05,2.2849
4.344e-05,-0.91506
4.346e-05,-3.3151
4.348e-05,-5.7151
4.35e-05,-7.3151
4.352e-05,-7.3151
4.354e-05,-7.3151
4.356e-05,-5.7151
4.358e-05,-4.1151
4.36e-05,-1.676
4.362e-05,1.4849
4.364e-05,3.8849
4.366e-05,4.6849
4.368e-05,6.2459
4.37e-05,4.6849
4.372e-05,6.2459
4.374e-05,4.6459
4.376e-05,2.2849
4.378e-05,-0.11506
4.38e-05,-1.7151
4.382e-05,-2.5151
4.384e-05,-4.076
4.386e-05,-2.5151
4.388e-05,-2.5151
4.39e-05,-0.91506
4.392e-05,-1.676
4.394e-05,0.68494
4.396e-05,2.2849
4.398e-05,2.2849
4.4e-05,2.2849
4.402e-05,1.4849
4.404e-05,1.4459
4.406e-05,-0.91506
4.408e-05,-0.91506
4.41e-05,-2.5151
4.412e-05,-2.5151
4.414e-05,-1.7541
4.416e-05,-2.5151
4.418e-05,-0.91506
4.42e-05,0.68494
4.422e-05,2.2849
4.424e-05,3.8849
4.426e-05,4.6849
4.428e-05,5.4849
4.43e-05,5.4849
4.432e-05,5.4849
4.434e-05,3.8849
4.436e-05,2.2459
4.438e-05,-0.11506
4.44e-05,-2.5151
4.442e-05,-4.1151
4.444e-05,-4.9151
4.446e-05,-5.7151
4.448e-05,-5.7151
4.45e-05,-4.1151
4.452e-05,-2.5151
4.454e-05,-0.15412
4.456e-05,2.2849
4.458e-05,3.8849
4.46e-05,4.6849
4.462e-05,3.924
4.464e-05,3.8849
4.466e-05,2.2849
4.468e-05,2.2849
4.47e-05,-0.11506
4.472e-05,-1.7151
4.474e-05,-2.5151
4.476e-05,-4.1151
4.478e-05,-4.1151
4.48e-05,-3.3151
4.482e-05,-1.7151
4.484e-05,0.68494
4.486e-05,0.724
4.488e-05,3.0849
4.49e-05,4.6849
4.492e-05,5.4849
4.494e-05,6.2459
4.496e-05,4.6849
4.498e-05,2.2849
4.5e-05,-0.11506
4.502e-05,-2.5151
4.504e-05,-4.1151
4.506e-05,-4.9151
4.508e-05,-6.5151
4.51e-05,-7.3151
4.512e-05,-7.3151
4.514e-05,-5.7151
4.516e-05,-4.1151
4.518e-05,-0.11506
4.52e-05,1.524
4.522e-05,5.4849
4.524e-05,6.2849
4.526e-05,7.124
4.528e-05,7.8849
4.53e-05,7.8849
4.532e-05,6.2849
4.534e-05,4.6459
4.536e-05,1.4849
4.538e-05,-1.7151
4.54e-05,-4.1151
4.542e-05,-6.5151
4.544e-05,-8.1151
4.546e-05,-8.1151
4.548e-05,-7.3151
4.55e-05,-5.7151
4.552e-05,-3.3151
4.554e-05,-0.91506
4.556e-05,1.4849
4.558e-05,3.8849
4.56e-05,5.4849
4.562e-05,5.4849
4.564e-05,5.4849
4.566e-05,5.4849
4.568e-05,4.6849
4.57e-05,3.0849
4.572e-05,0.724
4.574e-05,-0.91506
4.576e-05,-1.676
4.578e-05,-1.7151
4.58e-05,-0.91506
4.582e-05,-0.91506
4.584e-05,-0.91506
4.586e-05,-0.11506
4.588e-05,-0.11506
4.59e-05,0.68494
4.592e-05,-0.11506
4.594e-05,-0.876
4.596e-05,-0.91506
4.598e-05,-0.91506
4.6e-05,-1.7151
4.602e-05,-3.276
4.604e-05,-2.5151
4.606e-05,-3.3151
4.608e-05,-3.276
4.61e-05,-0.91506
4.612e-05,0.68494
4.614e-05,1.524
4.616e-05,3.924
4.618e-05,5.4849
4.62e-05,6.2849
4.622e-05,5.524
4.624e-05,5.4849
4.626e-05,5.4849
4.628e-05,2.2849
4.63e-05,0.68494
4.632e-05,-0.91506
4.634e-05,-4.1151
4.636e-05,-5.7151
4.638e-05,-6.5151
4.64e-05,-6.5151
4.642e-05,-6.5151
4.644e-05,-5.676
4.646e-05,-2.5151
4.648e-05,-0.91506
4.65e-05,2.2849
4.652e-05,3.0849
4.654e-05,4.6849
4.656e-05,3.8849
4.658e-05,3.8849
4.66e-05,2.2849
4.662e-05,2.2849
4.664e-05,0.68494
4.666e-05,-0.91506
4.668e-05,-1.7151
4.67e-05,-2.5151
4.672e-05,-2.5151
4.674e-05,-1.7151
4.676e-05,-0.11506
4.678e-05,1.4459
4.68e-05,2.2849
4.682e-05,3.0849
4.684e-05,3.124
4.686e-05,4.6849
4.688e-05,4.6849
4.69e-05,3.8849
4.692e-05,1.4849
4.694e-05,-1.676
4.696e-05,-4.076
4.698e-05,-4.9151
4.7e-05,-5.7151
4.702e-05,-7.3151
4.704e-05,-7.3151
4.706e-05,-5.7541
4.708e-05,-5.676
4.71e-05,-2.5151
4.712e-05,-0.076003
4.714e-05,3.924
4.716e-05,5.4849
4.718e-05,7.124
4.72e-05,8.6849
4.722e-05,8.6849
4.724e-05,7.8849
4.726e-05,6.2849
4.728e-05,3.8849
4.73e-05,0.68494
4.732e-05,-2.5151
4.734e-05,-4.9151
4.736e-05,-6.5151
4.738e-05,-8.1151
4.74e-05,-8.1151
4.742e-05,-7.3151
4.744e-05,-6.5151
4.746e-05,-4.1151
4.748e-05,-1.7151
4.75e-05,0.68494
4.752e-05,2.2849
4.754e-05,3.8849
4.756e-05,5.4849
4.758e-05,5.4849
4.76e-05,4.724
4.762e-05,4.6849
4.764e-05,3.8849
4.766e-05,1.524
4.768e-05,0.68494
4.77e-05,-0.076003
4.772e-05,-0.11506
4.774e-05,-0.876
4.776e-05,-0.11506
4.778e-05,-0.11506
4.78e-05,0.68494
4.782e-05,-0.076003
4.784e-05,-0.876
4.786e-05,-0.876
4.788e-05,-1.676
4.79e-05,-2.476
4.792e-05,-4.076
4.794e-05,-4.1151
4.796e-05,-4.876
4.798e-05,-4.876
4.8e-05,-4.1151
4.802e-05,-2.5151
4.804e-05,-0.91506
4.806e-05,0.724
4.808e-05,3.0849
4.81e-05,5.4849
4.812e-05,5.524
4.814e-05,7.0849
4.816e-05,6.324
4.818e-05,6.2849
4.82e-05,5.4849
4.822e-05,3.124
4.824e-05,0.724
4.826e-05,-0.91506
4.828e-05,-4.076
4.83e-05,-4.9151
4.832e-05,-6.5151
4.834e-05,-7.3151
4.836e-05,-6.5151
4.838e-05,-5.676
4.84e-05,-2.5151
4.842e-05,-0.91506
4.844e-05,-0.076003
4.846e-05,2.2849
4.848e-05,3.8849
4.85e-05,3.124
4.852e-05,2.324
4.854e-05,1.524
4.856e-05,1.524
4.858e-05,-0.076003
4.86e-05,-1.676
4.862e-05,-1.676
4.864e-05,-1.7151
4.866e-05,-0.91506
4.868e-05,-0.11506
4.87e-05,1.4849
4.872e-05,1.524
4.874e-05,3.8849
4.876e-05,4.724
4.878e-05,4.724
4.88e-05,4.724
4.882e-05,5.4849
4.884e-05,3.124
4.886e-05,0.68494
4.888e-05,-1.676
4.89e-05,-4.876
4.892e-05,-6.5151
4.894e-05,-7.3151
4.896e-05,-8.1151
4.898e-05,-8.076
4.9e-05,-8.076
4.902e-05,-4.1151
4.904e-05,-3.276
4.906e-05,1.4849
4.908e-05,4.6849
4.91e-05,6.2849
4.912e-05,7.8849
4.914e-05,8.6849
4.916e-05,7.924
4.918e-05,7.8849
4.92e-05,5.524
4.922e-05,3.924
4.924e-05,-0.076003
4.926e-05,-2.476
4.928e-05,-4.876
4.93e-05,-4.9151
4.932e-05,-8.076
4.934e-05,-7.3151
4.936e-05,-7.3151
4.938e-05,-6.476
4.94e-05,-4.876
4.942e-05,-2.476
4.944e-05,-0.11506
4.946e-05,0.724
4.948e-05,2.324
4.95e-05,3.8849
4.952e-05,3.924
4.954e-05,3.124
4.956e-05,3.8849
4.958e-05,3.0849
4.96e-05,1.524
4.962e-05,1.524
4.964e-05,0.724
4.966e-05,2.2849
4.968e-05,1.524
4.97e-05,2.2849
4.972e-05,2.2849
4.974e-05,1.4849
4.976e-05,1.524
4.978e-05,-0.076003
4.98e-05,-0.076003
4.982e-05,-0.91506
4.984e-05,-3.276
4.986e-05,-4.876
4.988e-05,-4.876
4.99e-05,-4.1151
4.992e-05,-4.9151
4.994e-05,-4.876
4.996e-05,-3.3151
4.998e-05,-0.91506
5e-05,-0.076003
5.002e-05,2.324
5.004e-05,4.724
5.006e-05,4.724
5.008e-05,7.0849
5.01e-05,6.324
5.012e-05,6.2849
5.014e-05,5.4849
5.016e-05,3.124
5.018e-05,1.524
5.02e-05,-1.676
5.022e-05,-3.276
5.024e-05,-4.1151
5.026e-05,-5.676
5.028e-05,-5.676
5.03e-05,-5.676
5.032e-05,-4.876
5.034e-05,-3.276
5.036e-05,-1.676
5.038e-05,-0.076003
5.04e-05,1.524
5.042e-05,1.524
5.044e-05,1.524
5.046e-05,0.724
5.048e-05,0.724
5.05e-05,0.68494
5.052e-05,-0.91506
5.054e-05,-1.676
5.056e-05,-1.7151
5.058e-05,-2.476
5.06e-05,-0.91506
5.062e-05,0.68494
5.064e-05,1.524
5.066e-05,3.124
5.068e-05,4.6849
5.07e-05,5.4849
5.072e-05,4.724
5.074e-05,5.524
5.076e-05,4.724
5.078e-05,3.8849
5.08e-05,-0.076003
5.082e-05,-1.676
5.084e-05,-4.876
5.086e-05,-6.5151
5.088e-05,-8.076
5.09e-05,-8.1151
5.092e-05,-8.876
5.094e-05,-8.076
5.096e-05,-5.7151
5.098e-05,-3.276
5.1e-05,0.68494
5.102e-05,3.124
5.104e-05,5.4849
5.106e-05,6.324
5.108e-05,7.124
5.11e-05,7.924
5.112e-05,7.124
5.114e-05,6.2849
5.116e-05,3.924
5.118e-05,1.524
5.12e-05,-0.876
5.122e-05,-2.5151
5.124e-05,-4.876
5.126e-05,-5.676
5.128e-05,-6.476
5.13e-05,-5.7151
5.132e-05,-4.1151
5.134e-05,-4.076
5.136e-05,-1.676
5.138e-05,-0.91506
5.14e-05,-0.076003
5.142e-05,0.724
5.144e-05,1.524
5.146e-05,1.524
5.148e-05,1.524
5.15e-05,1.524
5.152e-05,1.4849
5.154e-05,1.4849
5.156e-05,1.4849
5.158e-05,2.2849
5.16e-05,1.524
5.162e-05,2.324
5.164e-05,3.8849
5.166e-05,3.8849
5.168e-05,3.124
5.17e-05,2.324
5.172e-05,1.524
5.174e-05,-0.076003
5.176e-05,-1.676
5.178e-05,-1.7151
5.18e-05,-4.076
5.182e-05,-4.1151
5.184e-05,-5.7151
5.186e-05,-5.7151
5.188e-05,-4.876
5.19e-05,-4.076
5.192e-05,-2.476
5.194e-05,0.68494
5.196e-05,2.324
5.198e-05,4.6849
5.2e-05,4.724
5.202e-05,6.2849
5.204e-05,6.2849
5.206e-05,5.4849
5.208e-05,4.724
5.21e-05,2.324
5.212e-05,0.724
5.214e-05,-0.876
5.216e-05,-1.7151
5.218e-05,-4.076
5.22e-05,-4.876
5.222e-05,-4.876
5.224e-05,-4.076
5.226e-05,-3.276
5.228e-05,-1.676
5.23e-05,0.68494
5.232e-05,2.2849
5.234e-05,1.524
5.236e-05,1.524
5.238e-05,0.724
5.24e-05,0.68494
5.242e-05,-0.076003
5.244e-05,-0.91506
5.246e-05,-2.476
5.248e-05,-3.276
5.25e-05,-3.276
5.252e-05,-2.5151
5.254e-05,-0.91506
5.256e-05,-0.076003
5.258e-05,2.2849
5.26e-05,3.124
5.262e-05,4.724
5.264e-05,4.724
5.266e-05,5.524
5.268e-05,5.524
5.27e-05,4.724
5.272e-05,3.924
5.274e-05,1.4849
5.276e-05,-1.676
5.278e-05,-3.3151
5.28e-05,-6.476
5.282e-05,-6.5151
5.284e-05,-8.876
5.286e-05,-8.076
5.288e-05,-8.076
5.29e-05,-5.676
5.292e-05,-2.5151
5.294e-05,-0.076003
5.296e-05,2.324
5.298e-05,4.724
5.3e-05,6.2849
5.302e-05,6.324
5.304e-05,6.324
5.306e-05,6.2849
5.308e-05,4.724
5.31e-05,3.124
5.312e-05,1.524
5.314e-05,-0.11506
5.316e-05,-1.7151
5.318e-05,-3.276
5.32e-05,-4.876
5.322e-05,-4.876
5.324e-05,-4.076
5.326e-05,-3.276
5.328e-05,-2.476
5.33e-05,-1.676
5.332e-05,-0.876
5.334e-05,0.724
5.336e-05,0.724
5.338e-05,0.724
5.34e-05,0.724
5.342e-05,0.724
5.344e-05,-0.076003
5.346e-05,-0.076003
5.348e-05,0.68494
5.35e-05,-0.076003
5.352e-05,0.724
5.354e-05,1.524
5.356e-05,1.524
5.358e-05,3.0849
5.36e-05,3.0849
5.362e-05,2.324
5.364e-05,1.524
5.366e-05,1.524
5.368e-05,1.4849
5.37e-05,-0.11506
5.372e-05,-2.476
5.374e-05,-2.5151
5.376e-05,-4.876
5.378e-05,-4.1151
5.38e-05,-4.876
5.382e-05,-4.076
5.384e-05,-2.476
5.386e-05,-1.676
5.388e-05,0.724
5.39e-05,1.524
5.392e-05,3.924
5.394e-05,4.724
5.396e-05,5.4849
5.398e-05,5.4849
5.4e-05,3.924
5.402e-05,2.324
5.404e-05,0.724
5.406e-05,-0.876
5.408e-05,-2.476
5.41e-05,-3.276
5.412e-05,-4.076
5.414e-05,-4.876
5.416e-05,-4.076
5.418e-05,-1.7151
5.42e-05,-0.91506
5.422e-05,0.724
5.424e-05,1.524
5.426e-05,3.124
5.428e-05,3.124
5.43e-05,2.324
5.432e-05,1.524
5.434e-05,0.724
5.436e-05,-0.876
5.438e-05,-1.676
5.44e-05,-2.5151
5.442e-05,-4.076
5.444e-05,-4.076
5.446e-05,-4.076
5.448e-05,-2.476
5.45e-05,-0.876
5.452e-05,1.524
5.454e-05,3.124
5.456e-05,3.924
5.458e-05,4.724
5.46e-05,4.724
5.462e-05,5.524
5.464e-05,4.724
5.466e-05,3.924
5.468e-05,2.2849
5.47e-05,-0.076003
5.472e-05,-2.476
5.474e-05,-4.876
5.476e-05,-5.676
5.478e-05,-7.276
5.48e-05,-7.276
5.482e-05,-6.476
5.484e-05,-4.076
5.486e-05,-0.91506
5.488e-05,-0.076003
5.49e-05,2.324
5.492e-05,3.924
5.494e-05,4.724
5.496e-05,5.524
5.498e-05,5.524
5.5e-05,4.724
5.502e-05,3.924
5.504e-05,1.524
5.506e-05,0.724
5.508e-05,-1.676
5.51e-05,-2.476
5.512e-05,-3.276
5.514e-05,-3.3151
5.516e-05,-3.3151
5.518e-05,-3.276
5.52e-05,-1.676
5.522e-05,-0.076003
5.524e-05,0.724
5.526e-05,-0.076003
5.528e-05,1.524
5.53e-05,1.524
5.532e-05,0.724
5.534e-05,0.724
5.536e-05,0.724
5.538e-05,-0.076003
5.54e-05,-0.876
5.542e-05,-0.11506
5.544e-05,-0.876
5.546e-05,-0.076003
5.548e-05,-0.076003
5.55e-05,1.4849
5.552e-05,1.524
5.554e-05,1.524
5.556e-05,1.524
5.558e-05,1.524
5.56e-05,0.724
5.562e-05,-0.076003
5.564e-05,-1.676
5.566e-05,-1.7151
5.568e-05,-3.276
5.57e-05,-3.276
5.572e-05,-4.076
5.574e-05,-3.276
5.576e-05,-1.7151
5.578e-05,-0.876
5.58e-05,0.724
5.582e-05,2.324
5.584e-05,3.124
5.586e-05,4.724
5.588e-05,4.724
5.59e-05,4.724
5.592e-05,3.924
5.594e-05,2.324
5.596e-05,0.724
5.598e-05,-0.876
5.6e-05,-2.476
5.602e-05,-3.276
5.604e-05,-4.876
5.606e-05,-4.1151
5.608e-05,-4.076
5.61e-05,-3.276
5.612e-05,-2.476
5.614e-05,-0.876
5.616e-05,1.524
5.618e-05,3.124
5.62e-05,3.924
5.622e-05,4.724
5.624e-05,3.924
5.626e-05,2.324
5.628e-05,2.324
5.63e-05,0.724
5.632e-05,-1.676
5.634e-05,-3.276
5.636e-05,-3.276
5.638e-05,-4.076
5.64e-05,-4.076
5.642e-05,-3.276
5.644e-05,-1.676
5.646e-05,-0.076003
5.648e-05,1.524
5.65e-05,3.124
5.652e-05,3.924
5.654e-05,4.724
5.656e-05,4.724
5.658e-05,4.724
5.66e-05,2.324
5.662e-05,0.724
5.664e-05,-0.11506
5.666e-05,-2.476
5.668e-05,-4.876
5.67e-05,-4.876
5.672e-05,-5.676
5.674e-05,-5.676
5.676e-05,-4.876
5.678e-05,-2.476
5.68e-05,-0.876
5.682e-05,1.524
5.684e-05,3.124
5.686e-05,5.4849
5.688e-05,4.724
5.69e-05,4.724
5.692e-05,3.9631
5.694e-05,3.924
5.696e-05,2.2849
5.698e-05,1.524
5.7e-05,-0.876
5.702e-05,-1.7151
5.704e-05,-3.276
5.706e-05,-4.076
5.708e-05,-4.076
5.71e-05,-3.276
5.712e-05,-2.476
5.714e-05,-1.676
5.716e-05,-0.076003
5.718e-05,2.2849
5.72e-05,1.524
5.722e-05,1.524
5.724e-05,2.324
5.726e-05,2.324
5.728e-05,1.524
5.73e-05,2.2849
5.732e-05,0.724
5.734e-05,-0.076003
5.736e-05,-0.076003
5.738e-05,0.724
5.74e-05,-0.076003
5.742e-05,-0.076003
5.744e-05,0.724
5.746e-05,0.724
5.748e-05,0.724
5.75e-05,-0.076003
5.752e-05,-0.076003
5.754e-05,-0.876
5.756e-05,-1.676
5.758e-05,-0.91506
5.76e-05,-3.276
5.762e-05,-2.476
5.764e-05,-3.276
5.766e-05,-3.276
5.768e-05,-1.676
5.77e-05,-0.876
5.772e-05,0.724
5.774e-05,2.324
5.776e-05,3.924
5.778e-05,4.724
5.78e-05,4.724
5.782e-05,6.2849
5.784e-05,4.724
5.786e-05,3.924
5.788e-05,2.324
5.79e-05,-0.076003
5.792e-05,-1.676
5.794e-05,-4.076
5.796e-05,-4.876
5.798e-05,-5.6369
5.8e-05,-5.676
5.802e-05,-4.876
5.804e-05,-4.076
5.806e-05,-2.476
5.808e-05,-0.876
5.81e-05,1.524
5.812e-05,3.124
5.814e-05,3.924
5.816e-05,3.924
5.818e-05,3.924
5.82e-05,3.924
5.822e-05,3.124
5.824e-05,0.724
5.826e-05,-0.076003
5.828e-05,-2.4369
5.83e-05,-2.476
5.832e-05,-3.2369
5.834e-05,-2.476
5.836e-05,-1.676
5.838e-05,-0.876
5.84e-05,0.724
5.842e-05,2.2849
5.844e-05,2.324
5.846e-05,3.124
5.848e-05,3.924
5.85e-05,3.124
5.852e-05,2.324
5.854e-05,0.724
5.856e-05,-0.876
5.858e-05,-2.476
5.86e-05,-3.276
5.862e-05,-4.076
5.864e-05,-4.876
5.866e-05,-4.876
5.868e-05,-3.3151
5.87e-05,-2.476
5.872e-05,-0.876
5.874e-05,1.524
5.876e-05,3.124
5.878e-05,4.724
5.88e-05,4.724
5.882e-05,5.524
5.884e-05,4.724
5.886e-05,4.724
5.888e-05,3.124
5.89e-05,2.2849
5.892e-05,-0.076003
5.894e-05,-1.7151
5.896e-05,-3.276
5.898e-05,-4.076
5.9e-05,-4.876
5.902e-05,-4.076
5.904e-05,-4.0369
5.906e-05,-2.476
5.908e-05,-1.676
5.91e-05,-0.076003
5.912e-05,-0.076003
5.914e-05,2.2849
5.916e-05,2.324
5.918e-05,2.324
5.92e-05,2.324
5.922e-05,1.524
5.924e-05,2.2849
5.926e-05,1.524
5.928e-05,1.524
5.93e-05,1.524
5.932e-05,1.524
5.934e-05,1.524
5.936e-05,0.724
5.938e-05,1.524
5.94e-05,0.724
5.942e-05,0.724
5.944e-05,-0.876
5.946e-05,-1.676
5.948e-05,-1.676
5.95e-05,-2.476
5.952e-05,-3.276
5.954e-05,-3.276
5.956e-05,-4.876
5.958e-05,-4.076
5.96e-05,-3.276
5.962e-05,-1.676
5.964e-05,-0.076003
5.966e-05,1.524
5.968e-05,3.924
5.97e-05,4.724
5.972e-05,5.524
5.974e-05,6.324
5.976e-05,5.524
5.978e-05,4.724
5.98e-05,4.724
5.982e-05,1.524
5.984e-05,0.724
5.986e-05,-1.676
5.988e-05,-4.076
5.99e-05,-4.876
5.992e-05,-5.676
5.994e-05,-6.476
5.996e-05,-5.676
5.998e-05,-4.876
6e-05,-4.0369
6.002e-05,-1.676
6.004e-05,0.724
6.006e-05,1.524
6.008e-05,3.124
6.01e-05,3.1631
6.012e-05,3.924
6.014e-05,3.124
6.016e-05,2.324
6.018e-05,0.724
6.02e-05,-0.076003
6.022e-05,-0.11506
6.024e-05,-1.676
6.026e-05,-1.676
6.028e-05,-1.676
6.03e-05,0.68494
6.032e-05,0.724
6.034e-05,1.524
6.036e-05,1.524
6.038e-05,2.324
6.04e-05,3.124
6.042e-05,3.124
6.044e-05,3.124
6.046e-05,0.724
6.048e-05,-0.876
6.05e-05,-1.676
6.052e-05,-3.276
6.054e-05,-4.076
6.056e-05,-4.876
6.058e-05,-4.876
6.06e-05,-4.876
6.062e-05,-3.276
6.064e-05,-1.676
6.066e-05,-0.076003
6.068e-05,2.324
6.07e-05,4.724
6.072e-05,4.724
6.074e-05,6.2849
6.076e-05,5.524
6.078e-05,5.524
6.08e-05,4.724
6.082e-05,3.924
6.084e-05,1.524
6.086e-05,0.68494
6.088e-05,-1.676
6.09e-05,-3.276
6.092e-05,-4.076
6.094e-05,-4.876
6.096e-05,-4.876
6.098e-05,-4.076
6.1e-05,-2.5151
6.102e-05,-2.476
6.104e-05,-1.676
6.106e-05,-0.83695
6.108e-05,0.724
6.11e-05,0.724
6.112e-05,1.524
6.114e-05,1.524
6.116e-05,2.324
6.118e-05,1.524
6.12e-05,2.324
6.122e-05,1.524
6.124e-05,3.124
6.126e-05,3.124
6.128e-05,3.124
6.13e-05,3.124
6.132e-05,1.524
6.134e-05,2.324
6.136e-05,1.524
6.138e-05,-0.876
6.14e-05,-1.676
6.142e-05,-2.476
6.144e-05,-4.076
6.146e-05,-4.876
6.148e-05,-4.876
6.15e-05,-4.876
6.152e-05,-4.876
6.154e-05,-4.076
6.156e-05,-2.476
6.158e-05,-0.876
6.16e-05,1.524
6.162e-05,3.924
6.164e-05,4.724
6.166e-05,4.7631
6.168e-05,7.124
6.17e-05,6.324
6.172e-05,5.524
6.174e-05,3.9631
6.176e-05,3.124
6.178e-05,0.724
6.18e-05,-0.076003
6.182e-05,-3.276
6.184e-05,-4.076
6.186e-05,-4.1151
6.188e-05,-4.876
6.19e-05,-4.876
6.192e-05,-4.076
6.194e-05,-2.476
6.196e-05,-1.676
6.198e-05,0.724
6.2e-05,1.524
6.202e-05,1.524
6.204e-05,1.524
6.206e-05,0.76305
6.208e-05,1.524
6.21e-05,1.524
6.212e-05,-0.076003
6.214e-05,-0.876
6.216e-05,-0.876
6.218e-05,-1.676
6.22e-05,-1.676
6.222e-05,-0.076003
6.224e-05,0.724
6.226e-05,1.524
6.228e-05,3.124
6.23e-05,3.924
6.232e-05,3.924
6.234e-05,3.924
6.236e-05,3.1631
6.238e-05,2.324
6.24e-05,0.724
6.242e-05,-1.676
6.244e-05,-2.476
6.246e-05,-4.076
6.248e-05,-5.6369
6.25e-05,-6.476
6.252e-05,-5.676
6.254e-05,-7.1979
6.256e-05,-4.076
6.258e-05,-1.7151
6.26e-05,-0.076003
6.262e-05,1.524
6.264e-05,3.924
6.266e-05,4.724
6.268e-05,5.524
6.27e-05,6.324
6.272e-05,5.524
6.274e-05,4.724
6.276e-05,3.924
6.278e-05,2.324
6.28e-05,-0.036946
6.282e-05,-0.876
6.284e-05,-1.676
6.286e-05,-4.0369
6.288e-05,-4.076
6.29e-05,-3.276
6.292e-05,-4.0369
6.294e-05,-4.0369
6.296e-05,-2.476
6.298e-05,-1.676
6.3e-05,-1.676
6.302e-05,-0.876
6.304e-05,-0.076003
6.306e-05,0.724
6.308e-05,1.524
6.31e-05,1.524
6.312e-05,1.524
6.314e-05,1.524
6.316e-05,1.524
6.318e-05,3.124
6.32e-05,3.124
6.322e-05,3.924
6.324e-05,3.124
6.326e-05,3.124
6.328e-05,2.324
6.33e-05,1.524
6.332e-05,0.724
6.334e-05,-0.83695
6.336e-05,-1.676
6.338e-05,-3.276
6.34e-05,-4.8369
6.342e-05,-4.876
6.344e-05,-4.876
6.346e-05,-4.876
6.348e-05,-4.8369
6.35e-05,-3.2369
6.352e-05,-0.876
6.354e-05,1.524
6.356e-05,3.124
6.358e-05,4.724
6.36e-05,4.724
6.362e-05,5.524
6.364e-05,5.524
6.366e-05,4.724
6.368e-05,3.924
6.37e-05,2.324
6.372e-05,0.724
6.374e-05,-0.876
6.376e-05,-2.476
6.378e-05,-3.276
6.38e-05,-4.076
6.382e-05,-4.076
6.384e-05,-4.076
6.386e-05,-2.476
6.388e-05,-1.676
6.39e-05,-0.076003
6.392e-05,0.724
6.394e-05,0.76305
6.396e-05,1.524
6.398e-05,1.524
6.4e-05,1.524
6.402e-05,0.724
6.404e-05,-0.076003
6.406e-05,-1.676
6.408e-05,-1.676
6.41e-05,-1.676
6.412e-05,-1.676
6.414e-05,-1.676
6.416e-05,-0.076003
6.418e-05,0.76305
6.42e-05,1.5631
6.422e-05,3.924
6.424e-05,3.924
6.426e-05,4.724
6.428e-05,4.724
6.43e-05,4.724
6.432e-05,3.924
6.434e-05,1.524
6.436e-05,0.724
6.438e-05,-1.676
6.44e-05,-3.276
6.442e-05,-4.876
6.444e-05,-4.876
6.446e-05,-5.676
6.448e-05,-4.876
6.45e-05,-4.076
6.452e-05,-3.2369
6.454e-05,-1.6369
6.456e-05,1.524
6.458e-05,3.124
6.46e-05,4.724
6.462e-05,4.724
6.464e-05,3.9631
6.466e-05,4.724
6.468e-05,4.724
6.47e-05,3.924
6.472e-05,2.324
6.474e-05,1.524
6.476e-05,-0.076003
6.478e-05,-0.876
6.48e-05,-1.676
6.482e-05,-1.676
6.484e-05,-2.476
6.486e-05,-2.476
6.488e-05,-2.476
6.49e-05,-1.676
6.492e-05,-1.676
6.494e-05,-2.4369
6.496e-05,-1.676
6.498e-05,-2.4369
6.5e-05,-0.876
6.502e-05,-0.876
6.504e-05,-0.076003
6.506e-05,-0.076003
6.508e-05,0.724
6.51e-05,1.524
6.512e-05,2.324
6.514e-05,3.124
6.516e-05,2.3631
6.518e-05,3.924
6.52e-05,3.924
6.522e-05,3.924
6.524e-05,3.124
6.526e-05,1.524
6.528e-05,-0.076003
6.53e-05,-1.676
6.532e-05,-2.476
6.534e-05,-3.276
6.536e-05,-4.076
6.538e-05,-4.076
6.54e-05,-4.076
6.542e-05,-3.276
6.544e-05,-2.4369
6.546e-05,-0.076003
6.548e-05,1.524
6.55e-05,2.324
6.552e-05,3.124
6.554e-05,4.724
6.556e-05,3.9631
6.558e-05,4.724
6.56e-05,3.924
6.562e-05,1.5631
6.564e-05,0.76305
6.566e-05,-0.076003
6.568e-05,-1.676
6.57e-05,-2.4369
6.572e-05,-2.476
6.574e-05,-2.476
6.576e-05,-1.676
6.578e-05,-1.676
6.58e-05,-0.876
6.582e-05,-0.076003
6.584e-05,1.524
6.586e-05,1.524
6.588e-05,1.524
6.59e-05,1.524
6.592e-05,1.524
6.594e-05,0.724
6.596e-05,-0.876
6.598e-05,-1.676
6.6e-05,-2.476
6.602e-05,-3.276
6.604e-05,-4.0369
6.606e-05,-3.276
6.608e-05,-1.676
6.61e-05,-0.876
6.612e-05,0.724
6.614e-05,1.524
6.616e-05,3.124
6.618e-05,4.724
6.62e-05,4.724
6.622e-05,3.9631
6.624e-05,4.724
6.626e-05,3.924
6.628e-05,1.524
6.63e-05,0.724
6.632e-05,-1.676
6.634e-05,-3.276
6.636e-05,-4.076
6.638e-05,-4.876
6.64e-05,-4.876
6.642e-05,-4.876
6.644e-05,-4.076
6.646e-05,-2.476
6.648e-05,-1.676
6.65e-05,0.724
6.652e-05,2.324
6.654e-05,3.124
6.656e-05,4.724
6.658e-05,4.724
6.66e-05,4.724
6.662e-05,4.724
6.664e-05,3.124
6.666e-05,2.324
6.668e-05,2.324
6.67e-05,0.724
6.672e-05,-0.076003
6.674e-05,-0.876
6.676e-05,-0.876
6.678e-05,-1.676
6.68e-05,-1.6369
6.682e-05,-0.876
6.684e-05,-0.876
6.686e-05,-1.6369
6.688e-05,-0.876
6.69e-05,-1.676
6.692e-05,-2.4369
6.694e-05,-0.876
6.696e-05,-1.6369
6.698e-05,-0.876
6.7e-05,-0.076003
6.702e-05,-0.076003
6.704e-05,1.524
6.706e-05,1.524
6.708e-05,3.124
6.71e-05,2.3631
6.712e-05,2.3631
6.714e-05,3.124
6.716e-05,3.124
6.718e-05,0.80211
6.72e-05,1.524
6.722e-05,-0.076003
6.724e-05,-1.6369
6.726e-05,-1.676
6.728e-05,-2.476
6.73e-05,-3.276
6.732e-05,-2.476
6.734e-05,-3.276
6.736e-05,-1.676
6.738e-05,-1.676
6.74e-05,-0.076003
6.742e-05,1.524
6.744e-05,3.124
6.746e-05,3.924
6.748e-05,3.1631
6.75e-05,3.124
6.752e-05,3.924
6.754e-05,2.324
6.756e-05,1.524
6.758e-05,-0.076003
6.76e-05,-1.6369
6.762e-05,-1.676
6.764e-05,-2.476
6.766e-05,-2.476
6.768e-05,-2.476
6.77e-05,-1.676
6.772e-05,-1.676
6.774e-05,-0.83695
6.776e-05,1.524
6.778e-05,1.524
6.78e-05,2.324
6.782e-05,3.124
6.784e-05,3.124
6.786e-05,1.524
6.788e-05,1.524
6.79e-05,0.724
6.792e-05,-0.876
6.794e-05,-1.676
6.796e-05,-2.476
6.798e-05,-2.476
6.8e-05,-3.2369
6.802e-05,-1.676
6.804e-05,-0.876
6.806e-05,-0.076003
6.808e-05,1.524
6.81e-05,2.3631
6.812e-05,3.124
6.814e-05,3.1631
6.816e-05,3.924
6.818e-05,3.924
6.82e-05,2.3631
6.822e-05,1.524
6.824e-05,1.524
6.826e-05,-0.076003
6.828e-05,-1.676
6.83e-05,-2.476
6.832e-05,-3.276
6.834e-05,-3.276
6.836e-05,-3.276
6.838e-05,-2.476
6.84e-05,-1.676
6.842e-05,-0.076003
6.844e-05,0.724
6.846e-05,1.524
6.848e-05,2.324
6.85e-05,3.124
6.852e-05,3.124
6.854e-05,3.924
6.856e-05,2.324
6.858e-05,1.524
6.86e-05,1.524
6.862e-05,0.724
6.864e-05,-0.076003
6.866e-05,-0.076003
6.868e-05,-0.076003
6.87e-05,-0.076003
6.872e-05,-0.83695
6.874e-05,-0.076003
6.876e-05,-0.076003
6.878e-05,-0.076003
6.88e-05,-0.83695
6.882e-05,-0.076003
6.884e-05,-0.076003
6.886e-05,-0.076003
6.888e-05,-0.076003
6.89e-05,-0.076003
6.892e-05,-0.076003
6.894e-05,-0.076003
6.896e-05,-0.79789
6.898e-05,1.524
6.9e-05,0.76305
6.902e-05,1.5631
6.904e-05,1.524
6.906e-05,2.324
6.908e-05,1.524
6.91e-05,1.524
6.912e-05,1.524
6.914e-05,-0.076003
6.916e-05,-0.876
6.918e-05,-1.676
6.92e-05,-3.2369
6.922e-05,-2.476
6.924e-05,-2.476
6.926e-05,-2.4369
6.928e-05,-1.676
6.93e-05,-0.876
6.932e-05,0.724
6.934e-05,1.524
6.936e-05,3.124
6.938e-05,3.924
6.94e-05,3.1631
6.942e-05,3.924
6.944e-05,3.924
6.946e-05,3.1631
6.948e-05,0.76305
6.95e-05,0.724
6.952e-05,-0.876
6.954e-05,-1.676
6.956e-05,-4.0369
6.958e-05,-2.476
6.96e-05,-3.276
6.962e-05,-3.276
6.964e-05,-2.476
6.966e-05,-1.676
6.968e-05,-0.076003
6.97e-05,1.524
6.972e-05,2.324
6.974e-05,3.124
6.976e-05,3.124
6.978e-05,3.124
6.98e-05,2.324
6.982e-05,1.524
6.984e-05,0.724
6.986e-05,-0.076003
6.988e-05,-1.6369
6.99e-05,-1.676
6.992e-05,-1.676
6.994e-05,-2.476
6.996e-05,-2.4369
6.998e-05,-0.83695
7e-05,0.724
7.002e-05,1.524
7.004e-05,2.324
7.006e-05,2.324
7.008e-05,2.3631
7.01e-05,3.124
7.012e-05,3.124
7.014e-05,1.524
7.016e-05,0.724
7.018e-05,-0.076003
7.02e-05,-1.676
7.022e-05,-1.676
7.024e-05,-2.476
7.026e-05,-2.476
7.028e-05,-2.4369
7.03e-05,-1.676
7.032e-05,-1.676
7.034e-05,-0.076003
7.036e-05,1.524
7.038e-05,1.524
7.04e-05,2.324
7.042e-05,2.3631
7.044e-05,2.3631
7.046e-05,3.124
7.048e-05,3.124
7.05e-05,1.524
7.052e-05,1.524
7.054e-05,0.724
7.056e-05,-1.5979
7.058e-05,-0.876
7.06e-05,-0.876
7.062e-05,-0.876
7.064e-05,-1.676
7.066e-05,-2.4369
7.068e-05,-0.876
7.07e-05,-0.876
7.072e-05,-0.83695
7.074e-05,-0.076003
7.076e-05,-0.076003
7.078e-05,-0.83695
7.08e-05,0.724
7.082e-05,0.724
7.084e-05,0.724
7.086e-05,1.524
7.088e-05,1.524
7.09e-05,1.524
7.092e-05,2.324
7.094e-05,1.5631
7.096e-05,3.124
7.098e-05,2.324
7.1e-05,2.324
7.102e-05,1.524
7.104e-05,-0.036946
7.106e-05,-0.83695
7.108e-05,-2.4369
7.11e-05,-2.4369
7.112e-05,-2.476
7.114e-05,-4.0369
7.116e-05,-3.2369
7.118e-05,-3.276
7.12e-05,-3.2369
7.122e-05,-1.676
7.124e-05,-0.076003
7.126e-05,0.76305
7.128e-05,0.80211
7.13e-05,3.924
7.132e-05,3.9631
7.134e-05,3.9631
7.136e-05,4.724
7.138e-05,3.9631
7.14e-05,3.1631
7.142e-05,2.324
7.144e-05,-0.036946
7.146e-05,-1.6369
7.148e-05,-1.676
7.15e-05,-3.2369
7.152e-05,-4.0369
7.154e-05,-3.276
7.156e-05,-4.076
7.158e-05,-3.276
7.16e-05,-2.4369
7.162e-05,-1.6369
7.164e-05,-0.036946
7.166e-05,1.524
7.168e-05,1.5631
7.17e-05,3.124
7.172e-05,1.524
7.174e-05,2.324
7.176e-05,1.524
7.178e-05,1.524
7.18e-05,-0.076003
7.182e-05,-0.076003
7.184e-05,-2.4369
7.186e-05,-0.876
7.188e-05,-1.6369
7.19e-05,-0.83695
7.192e-05,-0.83695
7.194e-05,-0.036946
7.196e-05,1.524
7.198e-05,1.5631
7.2e-05,2.3631
7.202e-05,1.5631
7.204e-05,1.524
7.206e-05,1.524
7.208e-05,-0.076003
7.21e-05,-0.876
7.212e-05,-2.4369
7.214e-05,-2.476
7.216e-05,-2.476
7.218e-05,-3.276
7.22e-05,-3.276
7.222e-05,-2.476
7.224e-05,-1.676
7.226e-05,-0.076003
7.228e-05,0.76305
7.23e-05,1.524
7.232e-05,3.124
7.234e-05,3.1631
7.236e-05,3.924
7.238e-05,4.724
7.24e-05,3.924
7.242e-05,3.924
7.244e-05,3.124
7.246e-05,1.524
7.248e-05,0.724
7.25e-05,-0.83695
7.252e-05,-0.876
7.254e-05,-1.676
7.256e-05,-2.4369
7.258e-05,-1.676
7.26e-05,-2.4369
7.262e-05,-2.4369
7.264e-05,-1.676
7.266e-05,-1.6369
7.268e-05,-0.076003
7.27e-05,-0.076003
7.272e-05,-0.83695
7.274e-05,-0.036946
7.276e-05,0.76305
7.278e-05,0.76305
7.28e-05,0.76305
7.282e-05,2.3631
7.284e-05,2.3631
7.286e-05,3.1631
7.288e-05,2.3631
7.29e-05,3.924
7.292e-05,3.124
7.294e-05,2.3631
7.296e-05,1.524
7.298e-05,0.724
7.3e-05,-1.6369
7.302e-05,-2.4369
7.304e-05,-4.0369
7.306e-05,-4.0369
7.308e-05,-4.076
7.31e-05,-5.6369
7.312e-05,-4.8369
7.314e-05,-3.276
7.316e-05,-3.2369
7.318e-05,-1.6369
7.32e-05,0.76305
7.322e-05,3.124
7.324e-05,4.724
7.326e-05,4.724
7.328e-05,4.724
7.33e-05,5.524
7.332e-05,4.724
7.334e-05,3.9631
7.336e-05,2.3631
7.338e-05,1.524
7.34e-05,-0.076003
7.342e-05,-1.676
7.344e-05,-2.476
7.346e-05,-2.476
7.348e-05,-4.076
7.35e-05,-4.8369
7.352e-05,-4.0369
7.354e-05,-2.476
7.356e-05,-1.676
7.358e-05,-0.076003
7.36e-05,-0.036946
7.362e-05,0.76305
7.364e-05,1.524
7.366e-05,1.5631
7.368e-05,0.76305
7.37e-05,1.524
7.372e-05,1.524
7.374e-05,1.524
7.376e-05,-0.83695
7.378e-05,-0.076003
7.38e-05,0.76305
7.382e-05,1.524
7.384e-05,0.724
7.386e-05,0.76305
7.388e-05,1.524
7.39e-05,2.324
7.392e-05,2.324
7.394e-05,2.324
7.396e-05,2.324
7.398e-05,0.76305
7.4e-05,-0.076003
7.402e-05,-0.876
7.404e-05,-1.676
7.406e-05,-2.476
7.408e-05,-4.0369
7.41e-05,-3.276
7.412e-05,-4.8369
7.414e-05,-3.276
7.416e-05,-2.476
7.418e-05,-2.4369
7.42e-05,-0.83695
7.422e-05,1.524
7.424e-05,1.5631
7.426e-05,2.3631
7.428e-05,3.924
7.43e-05,3.9631
7.432e-05,4.724
7.434e-05,4.724
7.436e-05,3.924
7.438e-05,3.124
7.44e-05,2.324
7.442e-05,0.724
7.444e-05,-0.076003
7.446e-05,-0.876
7.448e-05,-1.676
7.45e-05,-2.476
7.452e-05,-2.476
7.454e-05,-2.476
7.456e-05,-2.476
7.458e-05,-3.2369
7.46e-05,-1.676
7.462e-05,-2.4369
7.464e-05,-1.6369
7.466e-05,-0.876
7.468e-05,-0.076003
7.47e-05,1.524
7.472e-05,0.76305
7.474e-05,3.124
7.476e-05,2.3631
7.478e-05,3.924
7.48e-05,4.724
7.482e-05,3.9631
7.484e-05,3.9631
7.486e-05,4.724
7.488e-05,3.924
7.49e-05,3.124
7.492e-05,0.76305
7.494e-05,-0.83695
7.496e-05,-1.676
7.498e-05,-3.276
7.5e-05,-4.076
7.502e-05,-5.6369
7.504e-05,-4.876
7.506e-05,-5.6369
7.508e-05,-4.076
7.51e-05,-2.476
7.512e-05,-2.4369
7.514e-05,0.76305
7.516e-05,2.3631
7.518e-05,3.1631
7.52e-05,3.9631
7.522e-05,3.9631
7.524e-05,4.7631
7.526e-05,4.7631
7.528e-05,4.724
7.53e-05,3.924
7.532e-05,2.324
7.534e-05,-0.83695
7.536e-05,-0.876
7.538e-05,-2.4369
7.54e-05,-3.2369
7.542e-05,-3.276
7.544e-05,-3.276
7.546e-05,-3.276
7.548e-05,-2.476
7.55e-05,-2.4369
7.552e-05,-1.676
7.554e-05,-0.83695
7.556e-05,-0.076003
7.558e-05,-0.83695
7.56e-05,-0.036946
7.562e-05,1.524
7.564e-05,-0.036946
7.566e-05,0.724
7.568e-05,-0.076003
7.57e-05,-0.83695
7.572e-05,-0.83695
7.574e-05,1.524
7.576e-05,0.76305
7.578e-05,1.524
7.58e-05,2.324
7.582e-05,3.124
7.584e-05,3.124
7.586e-05,3.924
7.588e-05,3.124
7.59e-05,3.124
7.592e-05,1.524
7.594e-05,-0.076003
7.596e-05,-0.876
7.598e-05,-1.676
7.6e-05,-3.276
7.602e-05,-3.276
7.604e-05,-4.076
7.606e-05,-4.8369
7.608e-05,-4.076
7.61e-05,-3.276
7.612e-05,-1.676
7.614e-05,-0.076003
7.616e-05,0.724
7.618e-05,1.524
7.62e-05,3.924
7.622e-05,4.724
7.624e-05,4.724
7.626e-05,4.724
7.628e-05,3.9631
7.63e-05,4.724
7.632e-05,3.124
7.634e-05,2.3631
7.636e-05,1.5631
7.638e-05,0.724
7.64e-05,-0.83695
7.642e-05,-0.876
7.644e-05,-1.676
7.646e-05,-1.676
7.648e-05,-3.2369
7.65e-05,-3.2369
7.652e-05,-3.2369
7.654e-05,-3.2369
7.656e-05,-1.676
7.658e-05,-2.4369
7.66e-05,-1.676
7.662e-05,-0.876
7.664e-05,-0.83695
7.666e-05,1.524
7.668e-05,2.324
7.67e-05,2.3631
7.672e-05,3.924
7.674e-05,4.724
7.676e-05,3.9631
7.678e-05,3.9631
7.68e-05,3.9631
7.682e-05,3.9631
7.684e-05,2.3631
7.686e-05,2.324
7.688e-05,1.524
7.69e-05,-1.676
7.692e-05,-3.276
7.694e-05,-3.276
7.696e-05,-4.8369
7.698e-05,-5.6369
7.7e-05,-4.8369
7.702e-05,-4.0369
7.704e-05,-3.2369
7.706e-05,-1.6369
7.708e-05,-0.036946
7.71e-05,1.5631
7.712e-05,3.1631
7.714e-05,3.9631
7.716e-05,4.724
7.718e-05,3.9631
7.72e-05,4.724
7.722e-05,3.924
7.724e-05,2.3631
7.726e-05,1.524
7.728e-05,-0.036946
7.73e-05,-0.076003
7.732e-05,-2.4369
7.734e-05,-2.4369
7.736e-05,-1.676
7.738e-05,-3.2369
7.74e-05,-2.4369
7.742e-05,-1.676
7.744e-05,-0.076003
7.746e-05,-1.6369
7.748e-05,-0.83695
7.75e-05,-0.076003
7.752e-05,-0.036946
7.754e-05,-0.036946
7.756e-05,-0.036946
7.758e-05,0.724
7.76e-05,-0.83695
7.762e-05,-0.83695
7.764e-05,-0.83695
7.766e-05,-0.83695
7.768e-05,-0.83695
7.77e-05,-0.036946
7.772e-05,0.76305
7.774e-05,1.5631
7.776e-05,2.3631
7.778e-05,2.3631
7.78e-05,3.1631
7.782e-05,3.124
7.784e-05,3.124
7.786e-05,2.324
7.788e-05,-0.79789
7.79e-05,-0.076003
7.792e-05,-1.6369
7.794e-05,-2.4369
7.796e-05,-2.476
7.798e-05,-4.0369
7.8e-05,-3.276
7.802e-05,-3.276
7.804e-05,-2.476
7.806e-05,-1.676
7.808e-05,-1.6369
7.81e-05,1.524
7.812e-05,0.76305
7.814e-05,1.5631
7.816e-05,2.3631
7.818e-05,3.1631
7.82e-05,4.724
7.822e-05,3.9631
7.824e-05,2.3631
7.826e-05,3.1631
7.828e-05,2.3631
7.83e-05,1.524
7.832e-05,0.76305
7.834e-05,-0.036946
7.836e-05,-0.83695
7.838e-05,-0.83695
7.84e-05,-2.4369
7.842e-05,-2.4369
7.844e-05,-2.4369
7.846e-05,-2.4369
7.848e-05,-2.4369
7.85e-05,-3.2369
7.852e-05,-2.4369
7.854e-05,-1.6369
7.856e-05,-0.83695
7.858e-05,-0.83695
7.86e-05,-0.036946
7.862e-05,0.76305
7.864e-05,1.5631
7.866e-05,3.1631
7.868e-05,3.924
7.87e-05,4.724
7.872e-05,3.1631
7.874e-05,3.1631
7.876e-05,2.3631
7.878e-05,0.76305
7.88e-05,0.76305
7.882e-05,-0.076003
7.884e-05,-1.676
7.886e-05,-3.2369
7.888e-05,-4.0369
7.89e-05,-4.0369
7.892e-05,-3.276
7.894e-05,-3.276
7.896e-05,-4.0369
7.898e-05,-2.4369
7.9e-05,-0.076003
7.902e-05,0.76305
7.904e-05,2.3631
7.906e-05,3.924
7.908e-05,3.1631
7.91e-05,3.9631
7.912e-05,4.724
7.914e-05,3.9631
7.916e-05,3.124
7.918e-05,0.76305
7.92e-05,1.524
7.922e-05,-1.6369
7.924e-05,-2.4369
7.926e-05,-2.4369
7.928e-05,-3.2369
7.93e-05,-2.4369
7.932e-05,-1.676
7.934e-05,-1.6369
7.936e-05,-0.076003
7.938e-05,-0.036946
7.94e-05,0.76305
7.942e-05,0.76305
7.944e-05,0.76305
7.946e-05,0.76305
7.948e-05,1.524
7.95e-05,0.76305
7.952e-05,-1.5979
7.954e-05,-0.83695
7.956e-05,-0.83695
7.958e-05,-2.3979
7.96e-05,-1.6369
7.962e-05,-0.83695
7.964e-05,-0.83695
7.966e-05,0.76305
7.968e-05,1.524
7.97e-05,0.76305
7.972e-05,1.5631
7.974e-05,3.124
7.976e-05,2.3631
7.978e-05,2.3631
7.98e-05,1.5631
7.982e-05,0.76305
7.984e-05,-0.036946
7.986e-05,-0.83695
7.988e-05,-2.3979
7.99e-05,-2.4369
7.992e-05,-2.4369
7.994e-05,-2.4369
7.996e-05,-3.2369
7.998e-05,-2.4369
8e-05,-1.676
8.002e-05,-0.83695
8.004e-05,-0.83695
8.006e-05,-0.036946
8.008e-05,0.0021111
8.01e-05,0.76305
8.012e-05,1.5631
8.014e-05,1.5631
8.016e-05,1.5631
8.018e-05,1.5631
8.02e-05,1.524
8.022e-05,0.76305
8.024e-05,0.0021111
8.026e-05,0.76305
8.028e-05,-0.036946
8.03e-05,-0.83695
8.032e-05,-0.83695
8.034e-05,-0.076003
8.036e-05,-0.076003
8.038e-05,-0.076003
8.04e-05,-0.876
8.042e-05,-1.676
8.044e-05,-1.6369
8.046e-05,-3.1979
8.048e-05,-1.6369
8.05e-05,-0.876
8.052e-05,-0.83695
8.054e-05,-0.83695
8.056e-05,0.76305
8.058e-05,0.76305
8.06e-05,2.324
8.062e-05,2.3631
8.064e-05,1.6021
8.066e-05,3.924
8.068e-05,3.124
8.07e-05,2.324
8.072e-05,0.76305
8.074e-05,-0.79789
8.076e-05,-0.83695
8.078e-05,-2.4369
8.08e-05,-1.676
8.082e-05,-3.1979
8.084e-05,-3.9979
8.086e-05,-3.2369
8.088e-05,-2.4369
8.09e-05,-1.6369
8.092e-05,-0.036946
8.094e-05,1.524
8.096e-05,1.5631
8.098e-05,3.124
8.1e-05,3.1631
8.102e-05,3.924
8.104e-05,3.1631
8.106e-05,3.924
8.108e-05,0.80211
8.11e-05,1.524
8.112e-05,-0.83695
8.114e-05,-0.876
8.116e-05,-1.676
8.118e-05,-2.476
8.12e-05,-3.9979
8.122e-05,-2.476
8.124e-05,-2.4369
8.126e-05,-2.4369
8.128e-05,-0.83695
8.13e-05,-0.83695
8.132e-05,0.76305
8.134e-05,0.76305
8.136e-05,2.324
8.138e-05,1.5631
8.14e-05,0.80211
8.142e-05,0.76305
8.144e-05,0.76305
8.146e-05,-0.036946
8.148e-05,-0.83695
8.15e-05,-0.876
8.152e-05,-1.6369
8.154e-05,-2.3979
8.156e-05,-1.6369
8.158e-05,-1.6369
8.16e-05,-0.83695
8.162e-05,-0.79789
8.164e-05,0.0021111
8.166e-05,1.524
8.168e-05,0.76305
8.17e-05,1.5631
8.172e-05,0.80211
8.174e-05,0.76305
8.176e-05,0.76305
8.178e-05,-0.79789
8.18e-05,-0.076003
8.182e-05,-0.83695
8.184e-05,-1.6369
8.186e-05,-1.6369
8.188e-05,-3.1979
8.19e-05,-1.6369
8.192e-05,-1.6369
8.194e-05,-1.5979
8.196e-05,-0.83695
8.198e-05,0.76305
8.2e-05,0.76305
8.202e-05,0.0021111
8.204e-05,0.0021111
8.206e-05,0.80211
8.208e-05,0.0021111
8.21e-05,0.0021111
8.212e-05,0.76305
8.214e-05,0.0021111
8.216e-05,-0.036946
8.218e-05,0.724
8.22e-05,-0.036946
8.222e-05,-0.036946
8.224e-05,-0.83695
8.226e-05,-0.83695
8.228e-05,-1.5979
8.23e-05,-0.83695
8.232e-05,-1.5979
8.234e-05,-1.5979
8.236e-05,-0.83695
8.238e-05,-0.83695
8.24e-05,-1.5979
8.242e-05,0.724
8.244e-05,-0.83695
8.246e-05,-0.79789
8.248e-05,0.76305
8.25e-05,0.76305
8.252e-05,0.76305
8.254e-05,2.3631
8.256e-05,2.3631
8.258e-05,2.3631
8.26e-05,2.3631
8.262e-05,0.76305
8.264e-05,0.76305
8.266e-05,-0.79789
8.268e-05,-2.3979
8.27e-05,-2.3979
8.272e-05,-3.1979
8.274e-05,-3.2369
8.276e-05,-2.476
8.278e-05,-2.4369
8.28e-05,-2.4369
8.282e-05,-1.6369
8.284e-05,-0.83695
8.286e-05,0.0021111
8.288e-05,1.5631
8.29e-05,3.1631
8.292e-05,3.9631
8.294e-05,3.9631
8.296e-05,3.9631
8.298e-05,3.9631
8.3e-05,3.1631
8.302e-05,1.6021
8.304e-05,1.5631
8.306e-05,-1.5979
8.308e-05,-3.1979
8.31e-05,-2.4369
8.312e-05,-3.276
8.314e-05,-4.0369
8.316e-05,-4.0369
8.318e-05,-4.0369
8.32e-05,-2.4369
8.322e-05,-1.6369
8.324e-05,-0.83695
8.326e-05,0.0021111
8.328e-05,1.5631
8.33e-05,2.3631
8.332e-05,1.6021
8.334e-05,2.3631
8.336e-05,2.3631
8.338e-05,0.80211
8.34e-05,0.76305
8.342e-05,-0.79789
8.344e-05,-0.83695
8.346e-05,-0.076003
8.348e-05,-0.83695
8.35e-05,-1.5979
8.352e-05,-0.83695
8.354e-05,-0.076003
8.356e-05,-1.5979
8.358e-05,-1.5979
8.36e-05,-0.036946
8.362e-05,0.76305
8.364e-05,0.76305
8.366e-05,-0.036946
8.368e-05,0.724
8.37e-05,-0.036946
8.372e-05,-0.79789
8.374e-05,-0.83695
8.376e-05,-0.83695
8.378e-05,-1.5979
8.38e-05,-1.6369
8.382e-05,-2.3979
8.384e-05,-1.5979
8.386e-05,-0.036946
8.388e-05,0.76305
8.39e-05,0.0021111
8.392e-05,0.76305
8.394e-05,0.0021111
8.396e-05,0.76305
8.398e-05,1.5631
8.4e-05,0.0021111
8.402e-05,0.76305
8.404e-05,0.76305
8.406e-05,-0.79789
8.408e-05,-0.076003
8.41e-05,-0.83695
8.412e-05,-0.83695
8.414e-05,-0.876
8.416e-05,-1.6369
8.418e-05,-2.3979
8.42e-05,-0.83695
8.422e-05,-2.3979
8.424e-05,-1.6369
8.426e-05,-0.83695
8.428e-05,-1.5979
8.43e-05,-0.83695
8.432e-05,-0.036946
8.434e-05,0.0021111
8.436e-05,0.724
8.438e-05,0.76305
8.44e-05,0.80211
8.442e-05,1.5631
8.444e-05,2.3631
8.446e-05,1.6021
8.448e-05,2.3631
8.45e-05,1.6021
8.452e-05,2.3631
8.454e-05,0.76305
8.456e-05,0.76305
8.458e-05,0.724
8.46e-05,-2.3979
8.462e-05,-3.1979
8.464e-05,-3.2369
8.466e-05,-4.7979
8.468e-05,-4.7979
8.47e-05,-2.476
8.472e-05,-3.2369
8.474e-05,-3.1979
8.476e-05,-1.6369
8.478e-05,-0.036946
8.48e-05,0.76305
8.482e-05,3.1631
8.484e-05,3.9631
8.486e-05,3.9631
8.488e-05,3.9631
8.49e-05,4.724
8.492e-05,3.2021
8.494e-05,3.1631
8.496e-05,1.5631
8.498e-05,0.76305
8.5e-05,-1.6369
8.502e-05,-2.4369
8.504e-05,-3.2369
8.506e-05,-4.7979
8.508e-05,-4.0369
8.51e-05,-4.7979
8.512e-05,-4.7979
8.514e-05,-1.676
8.516e-05,-1.676
8.518e-05,-0.83695
8.52e-05,0.0021111
8.522e-05,1.524
8.524e-05,2.3631
8.526e-05,3.124
8.528e-05,1.6021
8.53e-05,3.124
8.532e-05,1.5631
8.534e-05,1.5631
8.536e-05,0.0021111
8.538e-05,0.76305
8.54e-05,-0.036946
8.542e-05,-0.79789
8.544e-05,0.724
8.546e-05,-0.83695
8.548e-05,-0.83695
8.55e-05,-0.036946
8.552e-05,-0.036946
8.554e-05,-0.79789
8.556e-05,-0.036946
8.558e-05,0.724
8.56e-05,-0.036946
8.562e-05,-1.5979
8.564e-05,-1.5979
8.566e-05,-1.6369
8.568e-05,-0.876
8.57e-05,-1.6369
8.572e-05,-1.6369
8.574e-05,-1.6369
8.576e-05,-2.3979
8.578e-05,-0.83695
8.58e-05,-0.79789
8.582e-05,0.0021111
8.584e-05,1.524
8.586e-05,1.5631
8.588e-05,0.80211
8.59e-05,1.5631
8.592e-05,1.5631
8.594e-05,0.80211
8.596e-05,0.76305
8.598e-05,0.76305
8.6e-05,-0.79789
8.602e-05,-0.83695
8.604e-05,-0.83695
8.606e-05,-1.6369
8.608e-05,-1.6369
8.61e-05,-0.876
8.612e-05,-2.4369
8.614e-05,-2.4369
8.616e-05,-3.1979
8.618e-05,-0.876
8.62e-05,-0.076003
8.622e-05,-1.6369
8.624e-05,-0.076003
8.626e-05,-1.5979
8.628e-05,-0.036946
8.63e-05,0.76305
8.632e-05,0.0021111
8.634e-05,2.3631
8.636e-05,3.1631
8.638e-05,3.1631
8.64e-05,3.1631
8.642e-05,2.4021
8.644e-05,2.4021
8.646e-05,2.3631
8.648e-05,0.0021111
8.65e-05,0.76305
8.652e-05,-0.83695
8.654e-05,-1.6369
8.656e-05,-3.1979
8.658e-05,-4.7979
8.66e-05,-4.7979
8.662e-05,-3.2369
8.664e-05,-4.7979
8.666e-05,-3.2369
8.668e-05,-1.676
8.67e-05,-2.3979
8.672e-05,-0.036946
8.674e-05,0.0021111
8.676e-05,2.3631
8.678e-05,3.2021
8.68e-05,3.2021
8.682e-05,3.9631
8.684e-05,3.2021
8.686e-05,3.9631
8.688e-05,3.1631
8.69e-05,2.3631
8.692e-05,0.76305
8.694e-05,-1.5979
8.696e-05,-2.4369
8.698e-05,-1.676
8.7e-05,-1.676
8.702e-05,-3.2369
8.704e-05,-2.476
8.706e-05,-1.676
8.708e-05,-2.4369
8.71e-05,-1.6369
8.712e-05,-0.036946
8.714e-05,-0.79789
8.716e-05,0.0021111
8.718e-05,0.76305
8.72e-05,0.0021111
8.722e-05,0.0021111
8.724e-05,0.76305
8.726e-05,0.0021111
8.728e-05,0.76305
8.73e-05,0.76305
8.732e-05,-0.79789
8.734e-05,-0.79789
8.736e-05,0.0021111
8.738e-05,-0.036946
8.74e-05,1.524
8.742e-05,0.76305
8.744e-05,0.0021111
8.746e-05,0.76305
8.748e-05,0.76305
8.75e-05,0.76305
8.752e-05,0.0021111
8.754e-05,0.76305
8.756e-05,-1.5979
8.758e-05,-0.83695
8.76e-05,-1.5979
8.762e-05,-2.4369
8.764e-05,-3.1979
8.766e-05,-2.4369
8.768e-05,-2.4369
8.77e-05,-2.4369
8.772e-05,-2.4369
8.774e-05,-0.83695
8.776e-05,-0.036946
8.778e-05,1.524
8.78e-05,0.76305
8.782e-05,0.0021111
8.784e-05,1.5631
8.786e-05,1.5631
8.788e-05,2.3631
8.79e-05,1.6021
8.792e-05,2.3631
8.794e-05,0.80211
8.796e-05,1.524
8.798e-05,0.76305
8.8e-05,0.0021111
8.802e-05,-0.036946
8.804e-05,-0.036946
8.806e-05,-0.83695
8.808e-05,-2.3979
8.81e-05,-1.6369
8.812e-05,-2.4369
8.814e-05,-1.676
8.816e-05,-2.4369
8.818e-05,-3.1979
8.82e-05,-1.6369
8.822e-05,-1.5979
8.824e-05,-1.5979
8.826e-05,-0.79789
8.828e-05,1.5631
8.83e-05,2.3631
8.832e-05,3.924
8.834e-05,3.1631
8.836e-05,4.724
8.838e-05,3.9631
8.84e-05,3.1631
8.842e-05,2.3631
8.844e-05,1.6021
8.846e-05,0.76305
8.848e-05,-0.83695
8.85e-05,-2.3979
8.852e-05,-2.4369
8.854e-05,-3.2369
8.856e-05,-4.0369
8.858e-05,-3.2369
8.86e-05,-3.2369
8.862e-05,-3.2369
8.864e-05,-2.4369
8.866e-05,-1.6369
8.868e-05,-0.036946
8.87e-05,0.76305
8.872e-05,1.6021
8.874e-05,3.1631
8.876e-05,3.9631
8.878e-05,3.9631
8.88e-05,3.1631
8.882e-05,1.6021
8.884e-05,2.3631
8.886e-05,0.0021111
8.888e-05,-0.036946
8.89e-05,-0.076003
8.892e-05,-2.3979
8.894e-05,-1.6369
8.896e-05,-2.4369
8.898e-05,-3.1979
8.9e-05,-3.1979
8.902e-05,-1.6369
8.904e-05,-0.83695
8.906e-05,-0.79789
8.908e-05,0.76305
8.91e-05,0.0021111
8.912e-05,-0.036946
8.914e-05,0.76305
8.916e-05,0.0021111
8.918e-05,-0.79789
8.92e-05,-0.83695
8.922e-05,-0.076003
8.924e-05,-0.83695
8.926e-05,-1.6369
8.928e-05,-0.83695
8.93e-05,-0.036946
8.932e-05,0.76305
8.934e-05,0.76305
8.936e-05,0.0021111
8.938e-05,1.5631
8.94e-05,1.5631
8.942e-05,2.3631
8.944e-05,2.3631
8.946e-05,1.5631
8.948e-05,0.0021111
8.95e-05,0.76305
8.952e-05,-1.5979
8.954e-05,-0.83695
8.956e-05,-2.3979
8.958e-05,-3.1979
8.96e-05,-1.676
8.962e-05,-3.1979
8.964e-05,-3.1979
8.966e-05,-1.676
8.968e-05,-1.6369
8.97e-05,-2.3979
8.972e-05,-0.83695
8.974e-05,0.76305
8.976e-05,0.0021111
8.978e-05,0.80211
8.98e-05,0.80211
8.982e-05,1.6021
8.984e-05,2.4021
8.986e-05,2.4021
8.988e-05,2.3631
8.99e-05,1.6021
8.992e-05,1.6021
8.994e-05,0.76305
8.996e-05,0.76305
8.998e-05,0.0021111
9e-05,-1.5979
9.002e-05,-0.83695
9.004e-05,-0.83695
9.006e-05,-3.1979
9.008e-05,-1.676
9.01e-05,-3.1979
9.012e-05,-3.1979
9.014e-05,-2.4369
9.016e-05,-3.1979
9.018e-05,-0.076003
9.02e-05,-0.076003
9.022e-05,0.76305
9.024e-05,0.0021111
9.026e-05,2.3631
9.028e-05,3.924
9.03e-05,3.9631
9.032e-05,3.1631
9.034e-05,3.1631
9.036e-05,2.3631
9.038e-05,2.4021
9.04e-05,0.80211
9.042e-05,-0.036946
9.044e-05,-0.076003
9.046e-05,-3.1979
9.048e-05,-3.1979
9.05e-05,-3.9979
9.052e-05,-3.9979
9.054e-05,-2.4369
9.056e-05,-3.2369
9.058e-05,-3.1979
9.06e-05,-0.83695
9.062e-05,-0.79789
9.064e-05,0.0021111
9.066e-05,1.5631
9.068e-05,2.3631
9.07e-05,1.6021
9.072e-05,1.6021
9.074e-05,1.6021
9.076e-05,0.80211
9.078e-05,1.5631
9.08e-05,0.0021111
9.082e-05,-0.79789
9.084e-05,-0.036946
9.086e-05,-1.5979
9.088e-05,-1.5979
9.09e-05,-1.5979
9.092e-05,-1.5979
9.094e-05,-0.83695
9.096e-05,-1.5979
9.098e-05,-0.036946
9.1e-05,0.76305
9.102e-05,1.524
9.104e-05,0.76305
9.106e-05,-0.036946
9.108e-05,-0.83695
9.11e-05,-1.5979
9.112e-05,-0.83695
9.114e-05,-2.3979
9.116e-05,-1.6369
9.118e-05,-1.6369
9.12e-05,-2.3979
9.122e-05,-1.6369
9.124e-05,-0.83695
9.126e-05,-0.79789
9.128e-05,0.0021111
9.13e-05,0.80211
9.132e-05,2.3631
9.134e-05,0.80211
9.136e-05,1.6021
9.138e-05,1.6021
9.14e-05,1.6021
9.142e-05,1.5631
9.144e-05,0.76305
9.146e-05,0.724
9.148e-05,-1.5979
9.15e-05,-2.3979
9.152e-05,-1.6369
9.154e-05,-2.4369
9.156e-05,-3.1979
9.158e-05,-2.4369
9.16e-05,-2.4369
9.162e-05,-2.3979
9.164e-05,-1.6369
9.166e-05,-0.83695
9.168e-05,-1.5979
9.17e-05,0.76305
9.172e-05,0.76305
9.174e-05,0.76305
9.176e-05,0.76305
9.178e-05,0.80211
9.18e-05,2.3631
9.182e-05,1.6021
9.184e-05,1.6021
9.186e-05,1.5631
9.188e-05,0.80211
9.19e-05,0.0021111
9.192e-05,0.0021111
9.194e-05,0.76305
9.196e-05,-0.79789
9.198e-05,-0.83695
9.2e-05,-0.876
9.202e-05,-3.1979
9.204e-05,-3.1979
9.206e-05,-3.1979
9.208e-05,-3.1979
9.21e-05,-2.4369
9.212e-05,-2.3979
9.214e-05,-0.83695
9.216e-05,-1.5979
9.218e-05,1.524
9.22e-05,0.0021111
9.222e-05,2.3631
9.224e-05,1.6021
9.226e-05,2.4021
9.228e-05,1.6021
9.23e-05,1.6021
9.232e-05,1.6021
9.234e-05,0.76305
9.236e-05,0.76305
9.238e-05,-0.83695
9.24e-05,-2.3979
9.242e-05,-2.3979
9.244e-05,-3.1979
9.246e-05,-2.4369
9.248e-05,-3.1979
9.25e-05,-2.4369
9.252e-05,-1.6369
9.254e-05,-0.036946
9.256e-05,-0.036946
9.258e-05,0.76305
9.26e-05,0.0021111
9.262e-05,2.3631
9.264e-05,0.80211
9.266e-05,1.5631
9.268e-05,0.76305
9.27e-05,0.0021111
9.272e-05,0.76305
9.274e-05,-0.79789
9.276e-05,-1.5979
9.278e-05,-0.79789
9.28e-05,-0.83695
9.282e-05,-0.83695
9.284e-05,-1.5979
9.286e-05,-1.5979
9.288e-05,-0.79789
9.29e-05,-0.036946
9.292e-05,0.0021111
9.294e-05,0.0021111
9.296e-05,0.0021111
9.298e-05,0.76305
9.3e-05,0.0021111
9.302e-05,0.0021111
9.304e-05,-1.5979
9.306e-05,-0.036946
9.308e-05,-0.83695
9.31e-05,-1.6369
9.312e-05,-2.3979
9.314e-05,-1.5979
9.316e-05,-2.3979
9.318e-05,-0.83695
9.32e-05,-0.83695
9.322e-05,-0.79789
9.324e-05,0.0021111
9.326e-05,0.76305
9.328e-05,2.3631
9.33e-05,0.80211
9.332e-05,1.6021
9.334e-05,1.6021
9.336e-05,1.6021
9.338e-05,0.76305
9.34e-05,0.0021111
9.342e-05,-0.036946
9.344e-05,-0.036946
9.346e-05,-1.5979
9.348e-05,-1.5979
9.35e-05,-0.876
9.352e-05,-2.3979
9.354e-05,-2.3979
9.356e-05,-2.3979
9.358e-05,-1.5979
9.36e-05,-0.83695
9.362e-05,-1.5979
9.364e-05,-1.5979
9.366e-05,0.0021111
9.368e-05,0.0021111
9.37e-05,0.0021111
9.372e-05,0.80211
9.374e-05,0.80211
9.376e-05,0.80211
9.378e-05,0.80211
9.38e-05,1.6021
9.382e-05,0.80211
9.384e-05,0.0021111
9.386e-05,1.524
9.388e-05,0.76305
9.39e-05,-0.036946
9.392e-05,-0.83695
9.394e-05,-1.5979
9.396e-05,-1.6369
9.398e-05,-3.1979
9.4e-05,-3.1979
9.402e-05,-2.4369
9.404e-05,-3.1979
9.406e-05,-2.3979
9.408e-05,-1.6369
9.41e-05,-1.5979
9.412e-05,0.0021111
9.414e-05,0.80211
9.416e-05,0.80211
9.418e-05,1.6021
9.42e-05,2.324
9.422e-05,0.80211
9.424e-05,0.76305
9.426e-05,0.76305
9.428e-05,0.0021111
9.43e-05,-0.79789
9.432e-05,-0.83695
9.434e-05,-0.076003
9.436e-05,-0.876
9.438e-05,-2.4369
9.44e-05,-3.1979
9.442e-05,-2.3979
9.444e-05,-2.3979
9.446e-05,-1.5979
9.448e-05,-0.79789
9.45e-05,0.76305
9.452e-05,1.5631
9.454e-05,1.6021
9.456e-05,1.6021
9.458e-05,1.6021
9.46e-05,1.6021
9.462e-05,0.0021111
9.464e-05,0.0021111
9.466e-05,0.0021111
9.468e-05,-0.076003
9.47e-05,-0.83695
9.472e-05,-1.5979
9.474e-05,-1.6369
9.476e-05,-2.3979
9.478e-05,-1.6369
9.48e-05,-0.83695
9.482e-05,-1.5979
9.484e-05,-0.79789
9.486e-05,0.76305
9.488e-05,0.0021111
9.49e-05,0.76305
9.492e-05,0.76305
9.494e-05,0.76305
9.496e-05,0.76305
9.498e-05,-0.79789
9.5e-05,-1.5979
9.502e-05,-1.5979
9.504e-05,-1.6369
9.506e-05,-1.6369
9.508e-05,-1.6369
9.51e-05,-0.076003
9.512e-05,-1.5979
9.514e-05,-0.83695
9.516e-05,-0.83695
9.518e-05,0.0021111
9.52e-05,0.0021111
9.522e-05,0.0021111
9.524e-05,0.80211
9.526e-05,0.76305
9.528e-05,0.76305
9.53e-05,0.0021111
9.532e-05,0.0021111
9.534e-05,-0.036946
9.536e-05,0.724
9.538e-05,-0.83695
9.54e-05,-1.5979
9.542e-05,-0.076003
9.544e-05,-0.876
9.546e-05,-2.3979
9.548e-05,-0.83695
9.55e-05,-0.83695
9.552e-05,-0.79789
9.554e-05,-0.036946
9.556e-05,-0.79789
9.558e-05,0.76305
9.56e-05,0.76305
9.562e-05,0.0021111
9.564e-05,0.76305
9.566e-05,0.76305
9.568e-05,0.76305
9.57e-05,0.0021111
9.572e-05,0.76305
9.574e-05,1.524
9.576e-05,0.76305
9.578e-05,-0.036946
9.58e-05,-0.83695
9.582e-05,-0.83695
9.584e-05,-0.83695
9.586e-05,-1.5979
9.588e-05,-2.3979
9.59e-05,-1.6369
9.592e-05,-1.6369
9.594e-05,-1.6369
9.596e-05,-2.3979
9.598e-05,-0.83695
9.6e-05,-0.79789
9.602e-05,0.76305
9.604e-05,0.76305
9.606e-05,0.80211
9.608e-05,2.3631
9.61e-05,2.3631
9.612e-05,2.3631
9.614e-05,1.6021
9.616e-05,1.5631
9.618e-05,0.0021111
9.62e-05,0.0021111
9.622e-05,-1.5979
9.624e-05,-0.876
9.626e-05,-3.1979
9.628e-05,-2.4369
9.63e-05,-1.676
9.632e-05,-3.1979
9.634e-05,-2.4369
9.636e-05,-1.6369
9.638e-05,-0.83695
9.64e-05,0.76305
9.642e-05,0.76305
9.644e-05,0.80211
9.646e-05,1.6021
9.648e-05,3.1631
9.65e-05,2.4021
9.652e-05,2.4021
9.654e-05,1.6021
9.656e-05,2.324
9.658e-05,0.0021111
9.66e-05,0.0021111
9.662e-05,-0.83695
9.664e-05,-0.876
9.666e-05,-2.3979
9.668e-05,-2.4369
9.67e-05,-3.1979
9.672e-05,-3.1979
9.674e-05,-3.1979
9.676e-05,-1.6369
9.678e-05,-2.3979
9.68e-05,-0.83695
9.682e-05,-0.036946
9.684e-05,0.76305
9.686e-05,0.0021111
9.688e-05,0.0021111
9.69e-05,0.76305
9.692e-05,0.76305
9.694e-05,0.0021111
9.696e-05,1.524
9.698e-05,1.524
9.7e-05,-0.79789
9.702e-05,0.76305
9.704e-05,0.76305
9.706e-05,0.0021111
9.708e-05,0.0021111
9.71e-05,0.0021111
9.712e-05,0.0021111
9.714e-05,0.76305
9.716e-05,0.76305
9.718e-05,0.0021111
9.72e-05,1.524
9.722e-05,-0.036946
9.724e-05,-0.83695
9.726e-05,-0.036946
9.728e-05,-0.83695
9.73e-05,-0.83695
9.732e-05,-0.83695
9.734e-05,-2.3979
9.736e-05,-1.5979
9.738e-05,-0.83695
9.74e-05,-1.5979
9.742e-05,0.724
9.744e-05,-0.79789
9.746e-05,0.0021111
9.748e-05,0.0021111
9.75e-05,0.0021111
9.752e-05,0.0021111
9.754e-05,0.0021111
9.756e-05,0.80211
9.758e-05,0.80211
9.76e-05,0.80211
9.762e-05,0.76305
9.764e-05,0.76305
9.766e-05,0.0021111
9.768e-05,0.0021111
9.77e-05,-0.79789
9.772e-05,-1.5979
9.774e-05,-1.5979
9.776e-05,-2.3979
9.778e-05,-2.4369
9.78e-05,-2.4369
9.782e-05,-2.4369
9.784e-05,-2.4369
9.786e-05,-0.83695
9.788e-05,-1.5979
9.79e-05,-0.83695
9.792e-05,0.0021111
9.794e-05,0.76305
9.796e-05,0.80211
9.798e-05,1.6021
9.8e-05,1.6021
9.802e-05,2.4021
9.804e-05,3.1631
9.806e-05,3.124
9.808e-05,2.3631
9.81e-05,0.0021111
9.812e-05,-0.79789
9.814e-05,0.0021111
9.816e-05,-1.6369
9.818e-05,-3.1979
9.82e-05,-3.1979
9.822e-05,-3.2369
9.824e-05,-3.2369
9.826e-05,-3.1979
9.828e-05,-3.1979
9.83e-05,-2.4369
9.832e-05,-1.5979
9.834e-05,-0.036946
9.836e-05,0.0021111
9.838e-05,1.5631
9.84e-05,2.4021
9.842e-05,2.4021
9.844e-05,3.9631
9.846e-05,2.4021
9.848e-05,3.924
9.85e-05,2.3631
9.852e-05,1.6021
9.854e-05,0.76305
9.856e-05,-0.79789
9.858e-05,-0.83695
9.86e-05,-1.6369
9.862e-05,-3.1979
9.864e-05,-2.4369
9.866e-05,-2.4369
9.868e-05,-3.1979
9.87e-05,-3.1979
9.872e-05,-2.4369
9.874e-05,-2.3979
9.876e-05,-1.5979
9.878e-05,-0.83695
9.88e-05,-1.5979
9.882e-05,-0.79789
9.884e-05,-0.036946
9.886e-05,0.0021111
9.888e-05,0.76305
9.89e-05,0.0021111
9.892e-05,0.76305
9.894e-05,0.0021111
9.896e-05,0.0021111
9.898e-05,0.80211
9.9e-05,0.0021111
9.902e-05,0.0021111
9.904e-05,0.0021111
9.906e-05,0.0021111
9.908e-05,0.76305
9.91e-05,0.76305
9.912e-05,0.76305
9.914e-05,-0.036946
9.916e-05,-0.83695
9.918e-05,-1.5979
9.92e-05,-1.6369
9.922e-05,-1.6369
9.924e-05,-2.3979
9.926e-05,-2.4369
9.928e-05,-3.1979
9.93e-05,-2.3979
9.932e-05,-1.6369
9.934e-05,-1.5979
9.936e-05,0.724
9.938e-05,0.76305
9.94e-05,1.524
9.942e-05,0.76305
9.944e-05,0.80211
9.946e-05,2.3631
9.948e-05,1.6021
9.95e-05,1.6021
9.952e-05,1.6021
9.954e-05,2.3631
9.956e-05,0.76305
9.958e-05,0.76305
9.96e-05,0.0021111
9.962e-05,0.724
9.964e-05,-0.83695
9.966e-05,-1.5979
9.968e-05,-1.6369
9.97e-05,-3.1979
9.972e-05,-3.1979
9.974e-05,-3.1979
9.976e-05,-2.4369
9.978e-05,-3.1979
9.98e-05,-2.3979
9.982e-05,-1.6369
9.984e-05,-0.83695
9.986e-05,-0.036946
9.988e-05,0.76305
9.99e-05,0.0021111
9.992e-05,0.80211
9.994e-05,2.3631
9.996e-05,2.4021
9.998e-05,2.3631
0.0001,2.4021
0.00010002,3.124
0.00010004,1.6021
0.00010006,0.0021111
0.00010008,0.76305
0.0001001,-0.83695
0.00010012,-2.3979
0.00010014,-2.4369
0.00010016,-2.4369
0.00010018,-3.2369
0.0001002,-3.2369
0.00010022,-2.4369
0.00010024,-2.4369
0.00010026,-2.3979
0.00010028,-0.83695
0.0001003,-0.79789
0.00010032,0.76305
0.00010034,1.5631
0.00010036,2.4021
0.00010038,3.1631
0.0001004,4.724
0.00010042,2.4021
0.00010044,3.9631
0.00010046,2.4021
0.00010048,1.6021
0.0001005,2.3631
0.00010052,0.0021111
0.00010054,-0.79789
0.00010056,-0.83695
0.00010058,-1.6369
0.0001006,-2.3979
0.00010062,-3.1979
0.00010064,-3.1979
0.00010066,-2.4369
0.00010068,-1.6369
0.0001007,-3.1979
0.00010072,-0.83695
0.00010074,-1.5979
0.00010076,-0.83695
0.00010078,-0.79789
0.0001008,-0.79789
0.00010082,0.0021111
0.00010084,0.76305
0.00010086,1.5631
0.00010088,0.0021111
0.0001009,1.5631
0.00010092,1.6021
0.00010094,1.6021
0.00010096,2.3631
0.00010098,1.6021
0.000101,0.80211
0.00010102,0.0021111
0.00010104,0.76305
0.00010106,0.76305
0.00010108,0.0021111
0.0001011,-0.076003
0.00010112,-0.83695
0.00010114,-1.5979
0.00010116,-2.4369
0.00010118,-0.876
0.0001012,-3.1979
0.00010122,-2.4369
0.00010124,-1.676
0.00010126,-3.1979
0.00010128,-1.5979
0.0001013,-1.5979
0.00010132,-0.79789
0.00010134,0.76305
0.00010136,0.0021111
0.00010138,0.80211
0.0001014,0.80211
0.00010142,2.3631
0.00010144,1.6021
0.00010146,1.6021
0.00010148,2.3631
0.0001015,1.6021
0.00010152,0.80211
0.00010154,1.5631
0.00010156,0.0021111
0.00010158,-0.79789
0.0001016,-0.83695
0.00010162,-1.5979
0.00010164,-1.6369
0.00010166,-3.1979
0.00010168,-2.4369
0.0001017,-3.1979
0.00010172,-3.1979
0.00010174,-3.1979
0.00010176,-3.1979
0.00010178,-2.3979
0.0001018,-0.83695
0.00010182,-0.036946
0.00010184,0.0021111
0.00010186,0.80211
0.00010188,2.4021
0.0001019,3.9631
0.00010192,3.2021
0.00010194,3.9631
0.00010196,3.2021
0.00010198,3.1631
0.000102,2.3631
0.00010202,1.5631
0.00010204,0.0021111
0.00010206,-1.5979
0.00010208,-3.1979
0.0001021,-2.4369
0.00010212,-3.1979
0.00010214,-3.2369
0.00010216,-3.2369
0.00010218,-3.1979
0.0001022,-2.4369
0.00010222,-3.1979
0.00010224,-1.5979
0.00010226,-0.036946
0.00010228,0.76305
0.0001023,1.5631
0.00010232,2.4021
0.00010234,3.1631
0.00010236,3.924
0.00010238,3.924
0.0001024,3.1631
0.00010242,2.3631
0.00010244,0.80211
0.00010246,0.0021111
0.00010248,-0.79789
0.0001025,-1.5979
0.00010252,-1.6369
0.00010254,-2.3979
0.00010256,-2.4369
0.00010258,-2.4369
0.0001026,-3.1979
0.00010262,-2.3979
0.00010264,-2.4369
0.00010266,-1.6369
0.00010268,-1.6369
0.0001027,-2.3979
0.00010272,-0.83695
0.00010274,-0.79789
0.00010276,1.524
0.00010278,0.76305
0.0001028,0.76305
0.00010282,0.80211
0.00010284,0.80211
0.00010286,0.80211
0.00010288,1.6021
0.0001029,2.3631
0.00010292,2.3631
0.00010294,0.80211
0.00010296,2.3631
0.00010298,0.76305
0.000103,0.0021111
0.00010302,0.76305
0.00010304,0.76305
0.00010306,-0.79789
0.00010308,-0.076003
0.0001031,-0.83695
0.00010312,-2.4369
0.00010314,-2.4369
0.00010316,-2.4369
0.00010318,-3.1979
0.0001032,-2.4369
0.00010322,-1.6369
0.00010324,-1.6369
0.00010326,-0.83695
0.00010328,-1.5979
0.0001033,0.76305
0.00010332,0.76305
0.00010334,1.5631
0.00010336,0.80211
0.00010338,1.6021
0.0001034,2.3631
0.00010342,2.3631
0.00010344,2.3631
0.00010346,1.6021
0.00010348,0.80211
0.0001035,0.80211
0.00010352,0.0021111
0.00010354,0.0021111
0.00010356,-0.83695
0.00010358,-1.6369
0.0001036,-2.3979
0.00010362,-2.4369
0.00010364,-2.4369
0.00010366,-3.2369
0.00010368,-3.1979
0.0001037,-2.4369
0.00010372,-2.3979
0.00010374,-2.3979
0.00010376,-0.83695
0.00010378,0.0021111
0.0001038,0.0021111
0.00010382,2.3631
0.00010384,2.3631
0.00010386,3.2021
0.00010388,3.1631
0.0001039,2.4021
0.00010392,3.1631
0.00010394,2.3631
0.00010396,2.3631
0.00010398,0.76305
0.000104,-1.5979
0.00010402,-2.3979
0.00010404,-2.4369
0.00010406,-2.4369
0.00010408,-3.1979
0.0001041,-3.1979
0.00010412,-2.4369
0.00010414,-3.1979
0.00010416,-1.6369
0.00010418,-0.83695
0.0001042,0.76305
0.00010422,0.76305
0.00010424,0.80211
0.00010426,2.3631
0.00010428,2.4021
0.0001043,1.6021
0.00010432,1.6021
0.00010434,1.6021
0.00010436,1.6021
0.00010438,1.524
0.0001044,0.76305
0.00010442,0.76305
0.00010444,-1.5979
0.00010446,-0.79789
0.00010448,-1.5979
0.0001045,-0.83695
0.00010452,-0.83695
0.00010454,-2.3979
0.00010456,-1.6369
0.00010458,-0.83695
0.0001046,-1.5979
0.00010462,-0.83695
0.00010464,-0.83695
0.00010466,-1.5979
0.00010468,-0.83695
0.0001047,-0.036946
0.00010472,-0.79789
0.00010474,0.76305
0.00010476,0.0021111
0.00010478,-0.79789
0.0001048,0.76305
0.00010482,0.0021111
0.00010484,1.5631
0.00010486,0.80211
0.00010488,1.6021
0.0001049,0.80211
0.00010492,0.80211
0.00010494,0.80211
0.00010496,0.0021111
0.00010498,0.76305
0.000105,-0.036946
0.00010502,-0.83695
0.00010504,-0.83695
0.00010506,-0.83695
0.00010508,-2.3979
0.0001051,-2.4369
0.00010512,-1.6369
0.00010514,-3.1979
0.00010516,-1.6369
0.00010518,-1.6369
0.0001052,-1.5979
0.00010522,-0.79789
0.00010524,-0.79789
0.00010526,0.0021111
0.00010528,0.76305
0.0001053,1.5631
0.00010532,1.5631
0.00010534,2.3631
0.00010536,1.6021
0.00010538,1.6021
0.0001054,2.3631
0.00010542,2.3631
0.00010544,0.80211
0.00010546,0.80211
0.00010548,0.0021111
0.0001055,-0.036946
0.00010552,-1.5979
0.00010554,-1.5979
0.00010556,-2.3979
0.00010558,-1.676
0.0001056,-3.1979
0.00010562,-3.1979
0.00010564,-2.4369
0.00010566,-1.6369
0.00010568,-0.83695
0.0001057,-0.83695
0.00010572,0.0021111
0.00010574,0.76305
0.00010576,1.6021
0.00010578,2.4021
0.0001058,2.4021
0.00010582,2.4021
0.00010584,3.1631
0.00010586,2.4021
0.00010588,2.3631
0.0001059,0.0021111
0.00010592,-0.79789
0.00010594,-1.5979
0.00010596,-3.1979
0.00010598,-3.1979
0.000106,-2.4369
0.00010602,-2.4369
0.00010604,-3.1979
0.00010606,-1.6369
0.00010608,-2.3979
0.0001061,-1.5979
0.00010612,-0.036946
0.00010614,0.76305
0.00010616,0.80211
0.00010618,2.4021
0.0001062,2.3631
0.00010622,2.4021
0.00010624,2.3631
0.00010626,2.4021
0.00010628,0.80211
0.0001063,0.0021111
0.00010632,0.0021111
0.00010634,0.0021111
0.00010636,-1.5979
0.00010638,-1.6369
0.0001064,-1.6369
0.00010642,-1.6369
0.00010644,-1.6369
0.00010646,-2.3979
0.00010648,-2.3979
0.0001065,-0.83695
0.00010652,-1.5979
0.00010654,0.724
0.00010656,0.76305
0.00010658,0.76305
0.0001066,0.0021111
0.00010662,0.0021111
0.00010664,0.76305
0.00010666,0.76305
0.00010668,0.76305
0.0001067,0.76305
0.00010672,0.0021111
0.00010674,0.76305
0.00010676,0.0021111
0.00010678,0.0021111
0.0001068,0.0021111
0.00010682,0.0021111
0.00010684,0.0021111
0.00010686,0.0021111
0.00010688,0.0021111
0.0001069,1.524
0.00010692,0.76305
0.00010694,-0.83695
0.00010696,-1.5979
0.00010698,-0.83695
0.000107,-1.5979
0.00010702,-2.3979
0.00010704,-1.6369
0.00010706,-2.3979
0.00010708,-1.5979
0.0001071,-1.5979
0.00010712,-0.83695
0.00010714,-0.036946
0.00010716,0.76305
0.00010718,0.76305
0.0001072,0.76305
0.00010722,0.76305
0.00010724,0.76305
0.00010726,1.524
0.00010728,1.5631
0.0001073,0.76305
0.00010732,1.5631
0.00010734,0.76305
0.00010736,0.0021111
0.00010738,0.76305
0.0001074,0.76305
0.00010742,-0.036946
0.00010744,0.724
0.00010746,-0.83695
0.00010748,-0.83695
0.0001075,-2.3979
0.00010752,-2.3979
0.00010754,-3.1979
0.00010756,-2.3979
0.00010758,-2.3979
0.0001076,-0.83695
0.00010762,-0.79789
0.00010764,0.76305
0.00010766,0.0021111
0.00010768,1.6021
0.0001077,1.6021
0.00010772,2.3631
0.00010774,2.4021
0.00010776,2.3631
0.00010778,3.124
0.0001078,1.5631
0.00010782,0.0021111
0.00010784,-0.79789
0.00010786,-1.5979
0.00010788,-1.6369
0.0001079,-3.1979
0.00010792,-3.9979
0.00010794,-3.2369
0.00010796,-2.4369
0.00010798,-3.1979
0.000108,-1.6369
0.00010802,-0.876
0.00010804,-0.036946
0.00010806,1.5631
0.00010808,1.6021
0.0001081,3.1631
0.00010812,3.2021
0.00010814,3.2021
0.00010816,3.1631
0.00010818,2.4021
0.0001082,2.4021
0.00010822,1.6021
0.00010824,0.0021111
0.00010826,-0.79789
0.00010828,-2.3979
0.0001083,-2.3979
0.00010832,-2.4369
0.00010834,-2.4369
0.00010836,-3.1979
0.00010838,-2.4369
0.0001084,-2.4369
0.00010842,-1.6369
0.00010844,-2.3979
0.00010846,-0.83695
0.00010848,-0.036946
0.0001085,0.0021111
0.00010852,0.0021111
0.00010854,0.0021111
0.00010856,0.0021111
0.00010858,0.80211
0.0001086,1.6021
0.00010862,2.3631
0.00010864,0.80211
0.00010866,2.3631
0.00010868,1.6021
0.0001087,0.76305
0.00010872,0.0021111
0.00010874,0.76305
0.00010876,0.0021111
0.00010878,-0.79789
0.0001088,-1.5979
0.00010882,-1.5979
0.00010884,-1.5979
0.00010886,-2.3979
0.00010888,-2.3979
0.0001089,-2.3979
0.00010892,-1.6369
0.00010894,-2.3979
0.00010896,-0.83695
0.00010898,-1.5979
0.000109,-0.79789
0.00010902,-0.036946
0.00010904,0.0021111
0.00010906,0.76305
0.00010908,0.80211
0.0001091,0.76305
0.00010912,0.0021111
0.00010914,1.5631
0.00010916,0.80211
0.00010918,0.80211
0.0001092,0.0021111
0.00010922,0.0021111
0.00010924,0.0021111
0.00010926,0.0021111
0.00010928,-0.036946
0.0001093,-0.036946
0.00010932,-0.83695
0.00010934,-0.036946
0.00010936,-2.3979
0.00010938,-2.3979
0.0001094,-1.6369
0.00010942,-1.6369
0.00010944,-1.6369
0.00010946,-2.3979
0.00010948,-2.3979
0.0001095,-1.5979
0.00010952,-0.83695
0.00010954,0.0021111
0.00010956,0.0021111
0.00010958,1.5631
0.0001096,1.6021
0.00010962,3.1631
0.00010964,2.4021
0.00010966,2.4021
0.00010968,2.3631
0.0001097,1.6021
0.00010972,0.0021111
0.00010974,0.0021111
0.00010976,-0.036946
0.00010978,-2.3979
0.0001098,-3.1979
0.00010982,-3.2369
0.00010984,-3.2369
0.00010986,-4.7979
0.00010988,-3.2369
0.0001099,-3.1979
0.00010992,-3.1979
0.00010994,-2.3979
0.00010996,-1.5979
0.00010998,0.76305
0.00011,1.6021
0.00011002,3.1631
0.00011004,3.9631
0.00011006,3.9631
0.00011008,3.2021
0.0001101,3.2021
0.00011012,3.1631
0.00011014,1.6021
0.00011016,2.3631
0.00011018,0.0021111
0.0001102,-0.83695
0.00011022,-2.3979
0.00011024,-2.4369
0.00011026,-3.9979
0.00011028,-3.9979
0.0001103,-3.1979
0.00011032,-3.9979
0.00011034,-2.4369
0.00011036,-3.1979
0.00011038,-1.6369
0.0001104,-1.5979
0.00011042,0.0021111
0.00011044,0.0021111
0.00011046,0.80211
0.00011048,1.6021
0.0001105,3.1631
0.00011052,3.9631
0.00011054,2.3631
0.00011056,2.3631
0.00011058,2.4021
0.0001106,1.6021
0.00011062,2.3631
0.00011064,0.80211
0.00011066,0.0021111
0.00011068,0.76305
0.0001107,-0.83695
0.00011072,-1.5979
0.00011074,-0.83695
0.00011076,-1.6369
0.00011078,-2.3979
0.0001108,-2.4369
0.00011082,-2.4369
0.00011084,-2.4369
0.00011086,-2.3979
0.00011088,-2.3979
0.0001109,-1.5979
0.00011092,-1.5979
0.00011094,-0.036946
0.00011096,0.0021111
0.00011098,0.76305
0.000111,2.3631
0.00011102,3.124
0.00011104,1.6021
0.00011106,1.6021
0.00011108,1.6021
0.0001111,2.3631
0.00011112,2.3631
0.00011114,0.80211
0.00011116,0.76305
0.00011118,0.76305
0.0001112,0.0021111
0.00011122,-0.036946
0.00011124,-0.83695
0.00011126,-1.5979
0.00011128,-2.3979
0.0001113,-1.6369
0.00011132,-1.6369
0.00011134,-2.4369
0.00011136,-3.1979
0.00011138,-1.6369
0.0001114,-1.5979
0.00011142,-0.83695
0.00011144,-0.83695
0.00011146,0.0021111
0.00011148,0.0021111
0.0001115,1.6021
0.00011152,2.4021
0.00011154,3.1631
0.00011156,3.1631
0.00011158,3.9631
0.0001116,3.9631
0.00011162,3.9631
0.00011164,1.6021
0.00011166,0.76305
0.00011168,0.0021111
0.0001117,-0.83695
0.00011172,-2.4369
0.00011174,-3.9979
0.00011176,-3.9979
0.00011178,-4.7979
0.0001118,-4.0369
0.00011182,-4.7979
0.00011184,-3.9979
0.00011186,-2.4369
0.00011188,-2.3979
0.0001119,-0.79789
0.00011192,0.0021111
0.00011194,1.6021
0.00011196,3.9631
0.00011198,3.2021
0.000112,3.2021
0.00011202,3.2021
0.00011204,3.9631
0.00011206,3.2021
0.00011208,3.1631
0.0001121,2.3631
0.00011212,0.0021111
0.00011214,-1.5979
0.00011216,-3.1979
0.00011218,-3.1979
0.0001122,-3.2369
0.00011222,-4.7979
0.00011224,-3.2369
0.00011226,-3.9979
0.00011228,-3.2369
0.0001123,-3.1979
0.00011232,-2.3979
0.00011234,-0.036946
0.00011236,0.76305
0.00011238,0.0021111
0.0001124,1.6021
0.00011242,1.6021
0.00011244,2.4021
0.00011246,3.1631
0.00011248,3.1631
0.0001125,3.9631
0.00011252,3.1631
0.00011254,1.6021
0.00011256,0.80211
0.00011258,0.76305
0.0001126,0.0021111
0.00011262,-0.036946
0.00011264,-1.5979
0.00011266,-0.83695
0.00011268,-2.3979
0.0001127,-2.4369
0.00011272,-2.4369
0.00011274,-3.1979
0.00011276,-2.4369
0.00011278,-3.1979
0.0001128,-3.1979
0.00011282,-1.6369
0.00011284,-1.5979
0.00011286,-0.79789
0.00011288,-0.79789
0.0001129,0.0021111
0.00011292,0.80211
0.00011294,2.3631
0.00011296,2.3631
0.00011298,2.3631
0.000113,1.6021
0.00011302,1.6021
0.00011304,1.6021
0.00011306,2.3631
0.00011308,0.80211
0.0001131,0.76305
0.00011312,0.76305
0.00011314,1.524
0.00011316,-0.79789
0.00011318,-1.5979
0.0001132,-1.5979
0.00011322,-1.6369
0.00011324,-2.4369
0.00011326,-3.1979
0.00011328,-3.1979
0.0001133,-2.4369
0.00011332,-3.1979
0.00011334,-2.4369
0.00011336,-2.3979
0.00011338,-0.83695
0.0001134,-0.79789
0.00011342,0.0021111
0.00011344,1.6021
0.00011346,2.4021
0.00011348,3.2021
0.0001135,3.2021
0.00011352,4.724
0.00011354,3.9631
0.00011356,3.9631
0.00011358,3.1631
0.0001136,1.5631
0.00011362,0.0021111
0.00011364,-1.5979
0.00011366,-2.4369
0.00011368,-2.4369
0.0001137,-4.0369
0.00011372,-4.7979
0.00011374,-4.7979
0.00011376,-4.7979
0.00011378,-4.0369
0.0001138,-2.4369
0.00011382,-1.5979
0.00011384,-0.036946
0.00011386,1.5631
0.00011388,1.6021
0.0001139,3.9631
0.00011392,3.2021
0.00011394,3.2021
0.00011396,3.2021
0.00011398,3.2021
0.000114,3.1631
0.00011402,1.6021
0.00011404,1.5631
0.00011406,0.0021111
0.00011408,-0.83695
0.0001141,-2.3979
0.00011412,-3.1979
0.00011414,-3.9979
0.00011416,-3.9979
0.00011418,-3.1979
0.0001142,-3.9979
0.00011422,-3.1979
0.00011424,-1.6369
0.00011426,-1.5979
0.00011428,-1.5979
0.0001143,1.524
0.00011432,0.76305
0.00011434,1.5631
0.00011436,1.6021
0.00011438,2.3631
0.0001144,2.4021
0.00011442,3.924
0.00011444,2.3631
0.00011446,2.3631
0.00011448,1.6021
0.0001145,0.0021111
0.00011452,0.76305
0.00011454,0.76305
0.00011456,-0.79789
0.00011458,-1.5979
0.0001146,-1.5979
0.00011462,-2.3979
0.00011464,-1.6369
0.00011466,-2.4369
0.00011468,-1.676
0.0001147,-2.4369
0.00011472,-2.3979
0.00011474,-2.3979
0.00011476,-0.83695
0.00011478,-1.5979
0.0001148,-0.79789
0.00011482,0.0021111
0.00011484,0.0021111
0.00011486,0.0021111
0.00011488,0.0021111
0.0001149,2.3631
0.00011492,1.6021
0.00011494,1.5631
0.00011496,2.3631
0.00011498,1.5631
0.000115,3.124
0.00011502,1.5631
0.00011504,1.5631
0.00011506,0.76305
0.00011508,0.0021111
0.0001151,0.76305
0.00011512,-0.79789
0.00011514,-0.036946
0.00011516,-0.83695
0.00011518,-2.3979
0.0001152,-3.1979
0.00011522,-3.1979
0.00011524,-3.1979
0.00011526,-3.1979
0.00011528,-2.3979
0.0001153,-0.83695
0.00011532,-0.83695
0.00011534,-0.83695
0.00011536,0.80211
0.00011538,1.6021
0.0001154,2.4021
0.00011542,3.1631
0.00011544,3.1631
0.00011546,3.2021
0.00011548,3.1631
0.0001155,2.4021
0.00011552,3.1631
0.00011554,0.76305
0.00011556,-0.79789
0.00011558,-1.5979
0.0001156,-2.4369
0.00011562,-2.4369
0.00011564,-3.2369
0.00011566,-3.9979
0.00011568,-3.9979
0.0001157,-3.9979
0.00011572,-2.4369
0.00011574,-2.3979
0.00011576,0.76305
0.00011578,0.0021111
0.0001158,1.6021
0.00011582,3.1631
0.00011584,3.924
0.00011586,3.9631
0.00011588,3.2021
0.0001159,3.9631
0.00011592,2.4021
0.00011594,1.6021
0.00011596,2.3631
0.00011598,0.0021111
0.000116,-0.79789
0.00011602,-1.5979
0.00011604,-2.4369
0.00011606,-2.4369
0.00011608,-3.1979
0.0001161,-3.1979
0.00011612,-2.4369
0.00011614,-3.1979
0.00011616,-2.3979
0.00011618,-2.3979
0.0001162,-0.036946
0.00011622,0.76305
0.00011624,0.0021111
0.00011626,1.6021
0.00011628,1.6021
0.0001163,1.6021
0.00011632,2.3631
0.00011634,1.6021
0.00011636,1.6021
0.00011638,1.5631
0.0001164,0.0021111
0.00011642,0.0021111
0.00011644,-0.79789
0.00011646,-0.79789
0.00011648,-0.79789
0.0001165,-0.83695
0.00011652,-0.83695
0.00011654,-1.6369
0.00011656,-2.3979
0.00011658,-1.5979
0.0001166,-1.5979
0.00011662,-0.83695
0.00011664,-0.83695
0.00011666,-0.79789
0.00011668,-0.036946
0.0001167,0.76305
0.00011672,0.0021111
0.00011674,0.76305
0.00011676,0.0021111
0.00011678,0.0021111
0.0001168,1.524
0.00011682,0.0021111
0.00011684,0.0021111
0.00011686,0.0021111
0.00011688,0.0021111
0.0001169,0.0021111
0.00011692,0.76305
0.00011694,0.0021111
0.00011696,0.76305
0.00011698,0.0021111
0.000117,0.0021111
0.00011702,0.0021111
0.00011704,-0.79789
0.00011706,-0.79789
0.00011708,-0.79789
0.0001171,-0.79789
0.00011712,-0.83695
0.00011714,-1.5979
0.00011716,-1.5979
0.00011718,-0.83695
0.0001172,-0.83695
0.00011722,-1.5979
0.00011724,-1.5979
0.00011726,-0.036946
0.00011728,0.76305
0.0001173,0.76305
0.00011732,1.6021
0.00011734,1.6021
0.00011736,1.6021
0.00011738,2.3631
0.0001174,2.3631
0.00011742,2.3631
0.00011744,0.76305
0.00011746,1.524
0.00011748,0.0021111
0.0001175,-1.5979
0.00011752,-0.83695
0.00011754,-1.6369
0.00011756,-2.4369
0.00011758,-3.1979
0.0001176,-3.1979
0.00011762,-3.1979
0.00011764,-2.3979
0.00011766,-1.5979
0.00011768,-1.5979
0.0001177,1.524
0.00011772,0.80211
0.00011774,2.3631
0.00011776,2.3631
0.00011778,3.1631
0.0001178,1.6021
0.00011782,1.6021
0.00011784,2.3631
0.00011786,0.80211
0.00011788,0.76305
0.0001179,-0.036946
0.00011792,-0.83695
0.00011794,-2.3979
0.00011796,-3.1979
0.00011798,-2.4369
0.000118,-2.4369
0.00011802,-2.4369
0.00011804,-3.1979
0.00011806,-1.6369
0.00011808,-2.3979
0.0001181,0.724
0.00011812,0.0021111
0.00011814,0.80211
0.00011816,2.3631
0.00011818,1.6021
0.0001182,2.3631
0.00011822,2.3631
0.00011824,2.3631
0.00011826,0.80211
0.00011828,0.0021111
0.0001183,0.0021111
0.00011832,0.76305
0.00011834,-0.83695
0.00011836,-1.5979
0.00011838,-1.5979
0.0001184,-0.83695
0.00011842,-2.3979
0.00011844,-1.6369
0.00011846,-1.5979
0.00011848,-0.83695
0.0001185,-0.83695
0.00011852,-0.79789
0.00011854,-0.79789
0.00011856,0.0021111
0.00011858,0.76305
0.0001186,0.0021111
0.00011862,0.0021111
0.00011864,0.0021111
0.00011866,0.0021111
0.00011868,0.0021111
0.0001187,0.76305
0.00011872,0.76305
0.00011874,-0.79789
0.00011876,0.0021111
0.00011878,0.724
0.0001188,-0.036946
0.00011882,0.0021111
0.00011884,-0.036946
0.00011886,-0.036946
0.00011888,0.76305
0.0001189,0.76305
0.00011892,0.76305
0.00011894,0.0021111
0.00011896,0.76305
0.00011898,0.0021111
0.000119,0.0021111
0.00011902,0.76305
0.00011904,-0.79789
0.00011906,-0.79789
0.00011908,-0.036946
0.0001191,-0.79789
0.00011912,-0.79789
0.00011914,0.76305
0.00011916,0.76305
0.00011918,-0.83695
0.0001192,0.0021111
0.00011922,0.76305
0.00011924,0.0021111
0.00011926,0.76305
0.00011928,1.5631
0.0001193,0.80211
0.00011932,0.0021111
0.00011934,0.76305
0.00011936,1.524
0.00011938,0.76305
0.0001194,-0.79789
0.00011942,-0.036946
0.00011944,-1.5979
0.00011946,-1.5979
0.00011948,-1.6369
0.0001195,-3.1979
0.00011952,-2.3979
0.00011954,-3.1979
0.00011956,-2.3979
0.00011958,-0.83695
0.0001196,-0.79789
0.00011962,0.0021111
0.00011964,0.0021111
0.00011966,1.6021
0.00011968,2.3631
0.0001197,2.4021
0.00011972,2.4021
0.00011974,1.6021
0.00011976,1.6021
0.00011978,0.80211
0.0001198,0.0021111
0.00011982,-0.79789
0.00011984,-1.5979
0.00011986,-2.3979
0.00011988,-3.1979
0.0001199,-2.4369
0.00011992,-2.4369
0.00011994,-3.1979
0.00011996,-3.1979
0.00011998,-2.3979
0.00012,-2.3979
0.00012002,-0.83695
0.00012004,0.0021111
0.00012006,1.5631
0.00012008,1.6021
0.0001201,2.3631
0.00012012,2.3631
0.00012014,2.4021
0.00012016,1.6021
0.00012018,2.3631
0.0001202,1.6021
0.00012022,0.80211
0.00012024,0.0021111
0.00012026,0.0021111
0.00012028,-0.83695
0.0001203,-2.3979
0.00012032,-1.6369
0.00012034,-3.1979
0.00012036,-1.676
0.00012038,-3.1979
0.0001204,-1.6369
0.00012042,-2.3979
0.00012044,-0.83695
0.00012046,-0.79789
0.00012048,0.0021111
0.0001205,0.0021111
0.00012052,0.0021111
0.00012054,0.80211
0.00012056,0.76305
0.00012058,1.5631
0.0001206,0.80211
0.00012062,0.80211
0.00012064,0.80211
0.00012066,0.80211
0.00012068,0.76305
0.0001207,0.76305
0.00012072,0.0021111
0.00012074,-0.79789
0.00012076,-1.5979
0.00012078,-1.5979
0.0001208,-0.79789
0.00012082,-0.83695
0.00012084,-0.83695
0.00012086,-1.5979
0.00012088,-1.5979
0.0001209,-0.79789
0.00012092,-0.79789
0.00012094,-0.79789
0.00012096,0.0021111
0.00012098,-0.79789
0.000121,0.0021111
0.00012102,0.76305
0.00012104,0.76305
0.00012106,0.0021111
0.00012108,0.0021111
0.0001211,0.0021111
0.00012112,0.76305
0.00012114,1.524
0.00012116,0.0021111
0.00012118,0.80211
0.0001212,1.5631
0.00012122,0.0021111
0.00012124,0.76305
0.00012126,0.0021111
0.00012128,0.0021111
0.0001213,0.0021111
0.00012132,-0.79789
0.00012134,-1.5979
0.00012136,-0.83695
0.00012138,-2.3979
0.0001214,-1.6369
0.00012142,-3.1979
0.00012144,-3.1979
0.00012146,-3.1979
0.00012148,-2.3979
0.0001215,-1.5979
0.00012152,-1.5979
0.00012154,0.76305
0.00012156,0.76305
0.00012158,0.80211
0.0001216,3.924
0.00012162,3.1631
0.00012164,3.2021
0.00012166,3.1631
0.00012168,2.4021
0.0001217,2.4021
0.00012172,1.5631
0.00012174,0.76305
0.00012176,0.724
0.00012178,-0.83695
0.0001218,-3.1979
0.00012182,-3.1979
0.00012184,-3.1979
0.00012186,-3.2369
0.00012188,-2.4369
0.0001219,-1.676
0.00012192,-1.6369
0.00012194,-0.83695
0.00012196,-0.79789
0.00012198,0.76305
0.000122,0.0021111
0.00012202,2.3631
0.00012204,2.3631
0.00012206,2.4021
0.00012208,2.4021
0.0001221,1.6021
0.00012212,1.6021
0.00012214,3.124
0.00012216,0.80211
0.00012218,0.76305
0.0001222,0.0021111
0.00012222,-0.83695
0.00012224,-2.3979
0.00012226,-2.3979
0.00012228,-3.1979
0.0001223,-3.1979
0.00012232,-2.4369
0.00012234,-1.6369
0.00012236,-1.6369
0.00012238,-1.5979
0.0001224,-1.5979
0.00012242,-0.036946
0.00012244,-0.79789
0.00012246,0.76305
0.00012248,0.76305
0.0001225,1.5631
0.00012252,1.5631
0.00012254,1.5631
0.00012256,1.6021
0.00012258,0.80211
0.0001226,1.6021
0.00012262,0.76305
0.00012264,0.0021111
0.00012266,0.76305
0.00012268,0.76305
0.0001227,-0.036946
0.00012272,-1.5979
0.00012274,-0.79789
0.00012276,-1.5979
0.00012278,-0.83695
0.0001228,-1.5979
0.00012282,-1.5979
0.00012284,-1.5979
0.00012286,-0.83695
0.00012288,-0.79789
0.0001229,-0.036946
0.00012292,0.0021111
0.00012294,-0.79789
0.00012296,-0.036946
0.00012298,0.0021111
0.000123,0.76305
0.00012302,0.0021111
0.00012304,0.76305
0.00012306,0.0021111
0.00012308,0.0021111
0.0001231,0.0021111
0.00012312,0.0021111
0.00012314,0.80211
0.00012316,0.80211
0.00012318,0.0021111
0.0001232,1.5631
0.00012322,0.0021111
0.00012324,0.76305
0.00012326,0.76305
0.00012328,-1.5979
0.0001233,-0.83695
0.00012332,-1.5979
0.00012334,-2.4369
0.00012336,-3.1979
0.00012338,-2.4369
0.0001234,-2.4369
0.00012342,-2.3979
0.00012344,-2.3979
0.00012346,-1.5979
0.00012348,-0.79789
0.0001235,1.5631
0.00012352,1.5631
0.00012354,3.1631
0.00012356,3.1631
0.00012358,2.4021
0.0001236,2.4021
0.00012362,3.1631
0.00012364,2.4021
0.00012366,0.80211
0.00012368,0.0021111
0.0001237,-0.79789
0.00012372,-0.83695
0.00012374,-2.3979
0.00012376,-3.1979
0.00012378,-2.4369
0.0001238,-3.1979
0.00012382,-3.1979
0.00012384,-3.1979
0.00012386,-0.876
0.00012388,-0.83695
0.0001239,-0.79789
0.00012392,0.0021111
0.00012394,0.0021111
0.00012396,1.6021
0.00012398,1.6021
0.000124,1.6021
0.00012402,2.3631
0.00012404,1.5631
0.00012406,1.5631
0.00012408,0.0021111
0.0001241,0.0021111
0.00012412,-0.79789
0.00012414,-1.5979
0.00012416,-1.5979
0.00012418,-1.5979
0.0001242,-1.5979
0.00012422,-2.3979
0.00012424,-1.5979
0.00012426,-2.3979
0.00012428,-1.5979
0.0001243,-1.5979
0.00012432,-1.5979
0.00012434,-0.83695
0.00012436,0.0021111
0.00012438,-0.79789
0.0001244,0.0021111
0.00012442,0.0021111
0.00012444,0.76305
0.00012446,0.0021111
0.00012448,0.76305
0.0001245,0.0021111
0.00012452,0.76305
0.00012454,0.0021111
0.00012456,0.0021111
0.00012458,0.0021111
0.0001246,0.0021111
0.00012462,0.0021111
0.00012464,0.0021111
0.00012466,-0.79789
0.00012468,-0.79789
0.0001247,-0.79789
0.00012472,-0.036946
0.00012474,-1.5979
0.00012476,-0.79789
0.00012478,-0.036946
0.0001248,-0.79789
0.00012482,-0.79789
0.00012484,0.0021111
0.00012486,-0.036946
0.00012488,-0.036946
0.0001249,-0.036946
0.00012492,-1.5979
0.00012494,-0.036946
0.00012496,-0.79789
0.00012498,-0.036946
0.000125,0.0021111
0.00012502,0.0021111
0.00012504,0.0021111
0.00012506,0.76305
0.00012508,1.5631
0.0001251,0.0021111
0.00012512,1.5631
0.00012514,1.5631
0.00012516,0.0021111
0.00012518,1.5631
0.0001252,0.0021111
0.00012522,0.0021111
0.00012524,-0.036946
0.00012526,-1.5979
0.00012528,-1.5979
0.0001253,-2.3979
0.00012532,-3.1979
0.00012534,-3.1979
0.00012536,-2.4369
0.00012538,-1.5979
0.0001254,-0.83695
0.00012542,-0.79789
0.00012544,0.76305
0.00012546,0.80211
0.00012548,1.6021
0.0001255,1.6021
0.00012552,2.4021
0.00012554,2.3631
0.00012556,2.3631
0.00012558,2.3631
0.0001256,1.5631
0.00012562,0.0021111
0.00012564,0.0021111
0.00012566,-1.5979
0.00012568,-1.5979
0.0001257,-2.3979
0.00012572,-3.1979
0.00012574,-3.1979
0.00012576,-1.6369
0.00012578,-2.3979
0.0001258,-2.3979
0.00012582,-1.5979
0.00012584,-0.83695
0.00012586,0.0021111
0.00012588,0.0021111
0.0001259,0.76305
0.00012592,0.0021111
0.00012594,0.76305
0.00012596,0.0021111
0.00012598,0.0021111
0.000126,0.0021111
0.00012602,0.0021111
0.00012604,0.0021111
0.00012606,0.76305
0.00012608,-0.036946
0.0001261,0.76305
0.00012612,-0.036946
0.00012614,-0.79789
0.00012616,-0.83695
0.00012618,0.0021111
0.0001262,-0.79789
0.00012622,0.724
0.00012624,-0.79789
0.00012626,-0.036946
0.00012628,-0.79789
0.0001263,-0.036946
0.00012632,-0.79789
0.00012634,-0.79789
0.00012636,-0.79789
0.00012638,0.0021111
0.0001264,0.0021111
0.00012642,0.0021111
0.00012644,0.0021111
0.00012646,0.0021111
0.00012648,0.76305
0.0001265,0.76305
0.00012652,0.0021111
0.00012654,0.0021111
0.00012656,0.0021111
0.00012658,0.0021111
0.0001266,0.76305
0.00012662,0.0021111
0.00012664,0.76305
0.00012666,0.0021111
0.00012668,0.76305
0.0001267,0.0021111
0.00012672,0.0021111
0.00012674,0.0021111
0.00012676,0.0021111
0.00012678,0.0021111
0.0001268,-0.79789
0.00012682,-1.5979
0.00012684,-0.83695
0.00012686,-1.5979
0.00012688,-0.83695
0.0001269,-0.83695
0.00012692,-1.5979
0.00012694,-1.5979
0.00012696,-1.5979
0.00012698,-0.79789
0.000127,0.76305
0.00012702,0.80211
0.00012704,1.6021
0.00012706,1.6021
0.00012708,1.6021
0.0001271,2.3631
0.00012712,1.6021
0.00012714,0.80211
0.00012716,0.0021111
0.00012718,0.0021111
0.0001272,-1.5979
0.00012722,-1.6369
0.00012724,-1.6369
0.00012726,-3.1979
0.00012728,-2.4369
0.0001273,-3.1979
0.00012732,-2.3979
0.00012734,-1.5979
0.00012736,-0.83695
0.00012738,0.76305
0.0001274,0.0021111
0.00012742,0.80211
0.00012744,0.80211
0.00012746,1.6021
0.00012748,1.6021
0.0001275,1.6021
0.00012752,1.5631
0.00012754,0.80211
0.00012756,0.76305
0.00012758,0.0021111
0.0001276,-0.036946
0.00012762,-1.5979
0.00012764,-1.5979
0.00012766,-1.5979
0.00012768,-1.5979
0.0001277,-1.6369
0.00012772,-1.5979
0.00012774,-1.5979
0.00012776,-0.79789
0.00012778,-1.5979
0.0001278,-0.79789
0.00012782,0.0021111
0.00012784,0.0021111
0.00012786,0.0021111
0.00012788,0.0021111
0.0001279,0.0021111
0.00012792,0.0021111
0.00012794,0.76305
0.00012796,-0.79789
0.00012798,0.76305
0.000128,0.0021111
0.00012802,-0.036946
0.00012804,0.0021111
0.00012806,0.0021111
0.00012808,0.0021111
0.0001281,0.0021111
0.00012812,-0.79789
0.00012814,0.0021111
0.00012816,-0.79789
0.00012818,0.76305
0.0001282,-0.79789
0.00012822,0.0021111
0.00012824,0.0021111
0.00012826,0.0021111
0.00012828,0.0021111
0.0001283,-0.79789
0.00012832,0.76305
0.00012834,-0.79789
0.00012836,-0.79789
0.00012838,-0.79789
0.0001284,0.76305
0.00012842,0.0021111
0.00012844,0.76305
0.00012846,0.0021111
0.00012848,-1.5979
0.0001285,0.0021111
0.00012852,0.0021111
0.00012854,-0.036946
0.00012856,0.0021111
0.00012858,0.0021111
0.0001286,0.76305
0.00012862,0.0021111
0.00012864,0.76305
0.00012866,0.0021111
0.00012868,0.76305
0.0001287,0.0021111
0.00012872,0.0021111
0.00012874,0.76305
0.00012876,0.76305
0.00012878,-0.83695
0.0001288,-0.036946
0.00012882,-0.79789
0.00012884,-1.5979
0.00012886,-1.5979
0.00012888,-0.79789
0.0001289,-0.036946
0.00012892,-0.79789
0.00012894,0.0021111
0.00012896,0.0021111
0.00012898,0.80211
0.000129,0.0021111
0.00012902,1.5631
0.00012904,0.80211
0.00012906,1.5631
0.00012908,0.0021111
0.0001291,0.0021111
0.00012912,-0.79789
0.00012914,-0.036946
0.00012916,-0.076003
0.00012918,-1.5979
0.0001292,-0.83695
0.00012922,-0.83695
0.00012924,-1.5979
0.00012926,-1.5979
0.00012928,-0.83695
0.0001293,-0.79789
0.00012932,0.0021111
0.00012934,0.0021111
0.00012936,0.0021111
0.00012938,0.80211
0.0001294,1.5631
0.00012942,0.80211
0.00012944,0.0021111
0.00012946,0.0021111
0.00012948,-0.79789
0.0001295,-0.79789
0.00012952,-0.79789
0.00012954,-1.5979
0.00012956,-1.5979
0.00012958,-0.83695
0.0001296,-1.5979
0.00012962,-1.5979
0.00012964,-0.83695
0.00012966,-0.79789
0.00012968,0.0021111
0.0001297,0.0021111
0.00012972,0.0021111
0.00012974,0.0021111
0.00012976,0.0021111
0.00012978,0.0021111
0.0001298,0.0021111
0.00012982,0.76305
0.00012984,-0.79789
0.00012986,0.76305
0.00012988,-0.79789
0.0001299,0.724
0.00012992,-1.5979
0.00012994,-1.5979
0.00012996,-1.5979
0.00012998,-1.5979
0.00013,-0.83695
0.00013002,-1.5979
0.00013004,-0.79789
0.00013006,0.0021111
0.00013008,0.0021111
0.0001301,0.0021111
0.00013012,0.0021111
0.00013014,0.76305
0.00013016,0.0021111
0.00013018,0.0021111
0.0001302,0.0021111
0.00013022,0.0021111
0.00013024,0.76305
0.00013026,0.0021111
0.00013028,0.76305
0.0001303,0.0021111
0.00013032,0.0021111
0.00013034,0.0021111
0.00013036,-0.79789
0.00013038,-0.036946
0.0001304,-0.83695
0.00013042,-0.79789
0.00013044,-0.83695
0.00013046,-0.83695
0.00013048,-0.83695
0.0001305,-1.5979
0.00013052,-0.036946
0.00013054,0.0021111
0.00013056,0.76305
0.00013058,0.80211
0.0001306,0.80211
0.00013062,0.80211
0.00013064,1.6021
0.00013066,1.6021
0.00013068,1.6021
0.0001307,0.76305
0.00013072,0.80211
0.00013074,0.0021111
0.00013076,-0.036946
0.00013078,-0.83695
0.0001308,-0.83695
0.00013082,-1.5979
0.00013084,-0.83695
0.00013086,-0.79789
0.00013088,-0.83695
0.0001309,-0.79789
0.00013092,0.76305
0.00013094,0.0021111
0.00013096,0.0021111
0.00013098,1.524
0.000131,0.76305
0.00013102,0.76305
0.00013104,0.76305
0.00013106,-0.79789
0.00013108,-0.036946
0.0001311,0.0021111
0.00013112,-0.036946
0.00013114,-0.79789
0.00013116,-0.79789
0.00013118,-0.79789
0.0001312,0.76305
0.00013122,0.0021111
0.00013124,0.0021111
0.00013126,0.80211
0.00013128,1.5631
0.0001313,2.3631
0.00013132,1.6021
0.00013134,0.0021111
0.00013136,0.76305
0.00013138,-0.79789
0.0001314,-0.79789
0.00013142,-1.5979
0.00013144,-0.83695
0.00013146,-1.5979
0.00013148,-0.83695
0.0001315,-1.5979
0.00013152,-0.79789
0.00013154,-0.79789
0.00013156,0.0021111
0.00013158,0.76305
0.0001316,0.0021111
0.00013162,1.5631
0.00013164,0.80211
0.00013166,0.76305
0.00013168,0.0021111
0.0001317,0.0021111
0.00013172,0.0021111
0.00013174,0.0021111
0.00013176,0.0021111
0.00013178,0.0021111
0.0001318,-0.79789
0.00013182,-1.5979
0.00013184,-0.83695
0.00013186,-1.5979
0.00013188,-1.5979
0.0001319,-1.5979
0.00013192,-1.5979
0.00013194,-1.5979
0.00013196,-1.5979
0.00013198,-0.036946
0.000132,-0.83695
0.00013202,-0.036946
0.00013204,-0.79789
0.00013206,0.0021111
0.00013208,0.0021111
0.0001321,1.5631
0.00013212,0.76305
0.00013214,0.80211
0.00013216,0.80211
0.00013218,0.76305
0.0001322,0.80211
0.00013222,0.0021111
0.00013224,0.80211
0.00013226,0.76305
0.00013228,-0.79789
0.0001323,-0.79789
0.00013232,-0.83695
0.00013234,-1.5979
0.00013236,-2.3979
0.00013238,-2.3979
0.0001324,-2.3979
0.00013242,-0.876
0.00013244,-1.5979
0.00013246,-0.79789
0.00013248,0.76305
0.0001325,0.0021111
0.00013252,0.80211
0.00013254,1.6021
0.00013256,2.3631
0.00013258,2.3631
0.0001326,1.6021
0.00013262,1.6021
0.00013264,0.0021111
0.00013266,0.76305
0.00013268,0.0021111
0.0001327,-0.83695
0.00013272,-0.83695
0.00013274,-1.5979
0.00013276,-2.3979
0.00013278,-1.5979
0.0001328,-0.79789
0.00013282,-0.79789
0.00013284,-0.036946
0.00013286,-0.79789
0.00013288,0.76305
0.0001329,0.0021111
0.00013292,-0.79789
0.00013294,0.76305
0.00013296,-0.036946
0.00013298,0.0021111
0.000133,-1.5979
0.00013302,-0.79789
0.00013304,-0.036946
0.00013306,-0.83695
0.00013308,-0.036946
0.0001331,-0.79789
0.00013312,0.0021111
0.00013314,0.0021111
0.00013316,0.0021111
0.00013318,0.76305
0.0001332,0.76305
0.00013322,1.5631
0.00013324,0.80211
0.00013326,0.0021111
0.00013328,0.0021111
0.0001333,0.0021111
0.00013332,-0.036946
0.00013334,-0.79789
0.00013336,-0.79789
0.00013338,-0.79789
0.0001334,-1.5979
0.00013342,-0.83695
0.00013344,-0.83695
0.00013346,-0.79789
0.00013348,-0.79789
0.0001335,0.0021111
0.00013352,0.76305
0.00013354,0.76305
0.00013356,0.0021111
0.00013358,0.76305
0.0001336,0.0021111
0.00013362,0.0021111
0.00013364,0.0021111
0.00013366,0.0021111
0.00013368,-0.79789
0.0001337,0.0021111
0.00013372,0.0021111
0.00013374,0.0021111
0.00013376,-0.036946
0.00013378,1.524
0.0001338,-0.036946
0.00013382,-0.79789
0.00013384,0.0021111
0.00013386,-0.036946
0.00013388,-0.83695
0.0001339,-1.5979
0.00013392,-1.5979
0.00013394,-2.3979
0.00013396,-1.5979
0.00013398,-1.5979
0.000134,-0.79789
0.00013402,-0.79789
0.00013404,0.0021111
0.00013406,0.0021111
0.00013408,0.80211
0.0001341,1.5631
0.00013412,0.76305
0.00013414,1.5631
0.00013416,0.0021111
0.00013418,0.0021111
0.0001342,0.0021111
0.00013422,-0.036946
0.00013424,-0.79789
0.00013426,-1.5979
0.00013428,-1.5979
0.0001343,-1.6369
0.00013432,-2.3979
0.00013434,-2.3979
0.00013436,-0.83695
0.00013438,-0.036946
0.0001344,0.76305
0.00013442,0.0021111
0.00013444,0.0021111
0.00013446,0.80211
0.00013448,0.80211
0.0001345,1.5631
0.00013452,0.76305
0.00013454,0.76305
0.00013456,0.76305
0.00013458,0.0021111
0.0001346,-0.79789
0.00013462,-1.5979
0.00013464,-1.5979
0.00013466,-0.79789
0.00013468,-0.79789
0.0001347,-0.79789
0.00013472,0.76305
0.00013474,0.0021111
0.00013476,0.0021111
0.00013478,0.76305
0.0001348,0.76305
0.00013482,0.0021111
0.00013484,0.0021111
0.00013486,-0.79789
0.00013488,-0.79789
0.0001349,-0.036946
0.00013492,-1.5979
0.00013494,-1.5979
0.00013496,-1.5979
0.00013498,-1.5979
0.000135,-1.5979
0.00013502,-0.036946
0.00013504,-0.79789
0.00013506,0.0021111
0.00013508,0.76305
0.0001351,0.76305
0.00013512,0.0021111
0.00013514,0.0021111
0.00013516,0.76305
0.00013518,0.0021111
0.0001352,0.0021111
0.00013522,0.0021111
0.00013524,1.524
0.00013526,0.0021111
0.00013528,0.76305
0.0001353,0.76305
0.00013532,0.0021111
0.00013534,-0.79789
0.00013536,-1.5979
0.00013538,-0.076003
0.0001354,-1.5979
0.00013542,-0.83695
0.00013544,-0.83695
0.00013546,-1.5979
0.00013548,-1.5979
0.0001355,-0.83695
0.00013552,-1.5979
0.00013554,-1.5979
0.00013556,-1.5979
0.00013558,-0.036946
0.0001356,-0.036946
0.00013562,0.0021111
0.00013564,0.0021111
0.00013566,0.0021111
0.00013568,0.76305
0.0001357,0.76305
0.00013572,0.76305
0.00013574,0.76305
0.00013576,0.0021111
0.00013578,0.0021111
0.0001358,-0.83695
0.00013582,-1.5979
0.00013584,-1.5979
0.00013586,-1.5979
0.00013588,-0.83695
0.0001359,-1.5979
0.00013592,-0.79789
0.00013594,-0.036946
0.00013596,0.0021111
0.00013598,0.0021111
0.000136,0.0021111
0.00013602,0.0021111
0.00013604,0.0021111
0.00013606,0.0021111
0.00013608,0.0021111
0.0001361,0.0021111
0.00013612,0.76305
0.00013614,-0.036946
0.00013616,-0.79789
0.00013618,-0.83695
0.0001362,-0.83695
0.00013622,-0.036946
0.00013624,-1.5979
0.00013626,-1.5979
0.00013628,-0.83695
0.0001363,0.0021111
0.00013632,0.0021111
0.00013634,0.0021111
0.00013636,0.80211
0.00013638,0.0021111
0.0001364,0.0021111
0.00013642,0.0021111
0.00013644,0.0021111
0.00013646,0.76305
0.00013648,0.0021111
0.0001365,-0.036946
0.00013652,0.724
0.00013654,-0.036946
0.00013656,-1.5979
0.00013658,-0.79789
0.0001366,0.0021111
0.00013662,0.76305
0.00013664,0.0021111
0.00013666,0.76305
0.00013668,0.0021111
0.0001367,0.76305
0.00013672,0.0021111
0.00013674,0.0021111
0.00013676,0.76305
0.00013678,0.0021111
0.0001368,0.76305
0.00013682,0.76305
0.00013684,-0.79789
0.00013686,-0.79789
0.00013688,-0.79789
0.0001369,-0.036946
0.00013692,-0.79789
0.00013694,0.76305
0.00013696,0.76305
0.00013698,-0.79789
0.000137,0.0021111
0.00013702,0.76305
0.00013704,-0.79789
0.00013706,0.0021111
0.00013708,0.0021111
0.0001371,0.76305
0.00013712,0.0021111
0.00013714,0.0021111
0.00013716,0.80211
0.00013718,0.80211
0.0001372,0.0021111
0.00013722,0.0021111
0.00013724,0.0021111
0.00013726,0.0021111
0.00013728,0.0021111
0.0001373,0.76305
0.00013732,0.0021111
0.00013734,-0.036946
0.00013736,-1.5979
0.00013738,-0.79789
0.0001374,-1.5979
0.00013742,-1.5979
0.00013744,-1.5979
0.00013746,-2.3979
0.00013748,-1.5979
0.0001375,0.724
0.00013752,-0.79789
0.00013754,-0.79789
0.00013756,0.0021111
0.00013758,-0.75883
0.0001376,-0.79789
0.00013762,0.76305
0.00013764,0.76305
0.00013766,0.76305
0.00013768,0.76305
0.0001377,0.76305
0.00013772,-0.79789
0.00013774,0.76305
0.00013776,-0.036946
0.00013778,-0.036946
0.0001378,0.0021111
0.00013782,0.0021111
0.00013784,0.0021111
0.00013786,0.0021111
0.00013788,0.0021111
0.0001379,0.76305
0.00013792,0.0021111
0.00013794,0.0021111
0.00013796,0.0021111
0.00013798,-0.79789
0.000138,-0.79789
0.00013802,0.0021111
0.00013804,0.0021111
0.00013806,-1.5979
0.00013808,-1.5979
0.0001381,-1.5979
0.00013812,-0.79789
0.00013814,-0.83695
0.00013816,-0.036946
0.00013818,-0.79789
0.0001382,0.0021111
0.00013822,0.76305
0.00013824,0.76305
0.00013826,0.0021111
0.00013828,0.80211
0.0001383,1.5631
0.00013832,1.6021
0.00013834,0.0021111
0.00013836,0.0021111
0.00013838,0.0021111
0.0001384,0.0021111
0.00013842,0.0021111
0.00013844,0.724
0.00013846,-1.5979
0.00013848,-0.79789
0.0001385,-0.83695
0.00013852,-0.83695
0.00013854,-0.83695
0.00013856,-1.5979
0.00013858,-1.5979
0.0001386,-1.5979
0.00013862,-0.83695
0.00013864,-0.036946
0.00013866,0.76305
0.00013868,0.76305
0.0001387,1.5631
0.00013872,0.0021111
0.00013874,0.76305
0.00013876,1.5631
0.00013878,0.80211
0.0001388,0.0021111
0.00013882,0.0021111
0.00013884,0.0021111
0.00013886,-0.79789
0.00013888,-0.79789
0.0001389,-0.79789
0.00013892,-0.83695
0.00013894,-1.5979
0.00013896,-1.6369
0.00013898,-0.83695
0.000139,-0.83695
0.00013902,-1.5979
0.00013904,-0.036946
0.00013906,-0.79789
0.00013908,0.0021111
0.0001391,0.0021111
0.00013912,0.76305
0.00013914,0.80211
0.00013916,1.5631
0.00013918,1.6021
0.0001392,1.5631
0.00013922,0.80211
0.00013924,0.0021111
0.00013926,0.0021111
0.00013928,0.0021111
0.0001393,-0.79789
0.00013932,-1.5979
0.00013934,-1.5979
0.00013936,-1.5979
0.00013938,-0.83695
0.0001394,-2.3979
0.00013942,-2.3979
0.00013944,-0.83695
0.00013946,-0.79789
0.00013948,-1.5979
0.0001395,-0.79789
0.00013952,-0.036946
0.00013954,-0.79789
0.00013956,0.0021111
0.00013958,0.76305
0.0001396,0.76305
0.00013962,0.76305
0.00013964,0.0021111
0.00013966,0.0021111
0.00013968,0.0021111
0.0001397,0.76305
0.00013972,0.0021111
0.00013974,0.0021111
0.00013976,0.0021111
0.00013978,0.76305
0.0001398,0.0021111
0.00013982,0.0021111
0.00013984,0.76305
0.00013986,0.0021111
0.00013988,-0.79789
0.0001399,-1.5979
0.00013992,-0.79789
0.00013994,-0.036946
0.00013996,-0.83695
0.00013998,-1.5979
0.00014,-0.83695
0.00014002,-0.83695
0.00014004,-1.5979
0.00014006,-1.5979
0.00014008,-1.5979
0.0001401,-0.79789
0.00014012,-0.79789
0.00014014,0.0021111
0.00014016,0.76305
0.00014018,1.5631
0.0001402,1.5631
0.00014022,1.6021
0.00014024,0.80211
0.00014026,1.6021
0.00014028,1.5631
0.0001403,1.6021
0.00014032,0.0021111
0.00014034,0.0021111
0.00014036,0.76305
0.00014038,-0.79789
0.0001404,-0.076003
0.00014042,-0.83695
0.00014044,-1.6369
0.00014046,-1.6369
0.00014048,-2.3979
0.0001405,-3.1979
0.00014052,-2.3979
0.00014054,-0.83695
0.00014056,-1.5979
0.00014058,-0.79789
0.0001406,0.76305
0.00014062,0.76305
0.00014064,0.0021111
0.00014066,1.6021
0.00014068,1.6021
0.0001407,1.6021
0.00014072,1.6021
0.00014074,1.6021
0.00014076,1.5631
0.00014078,0.0021111
0.0001408,0.76305
0.00014082,0.0021111
0.00014084,-1.5979
0.00014086,-1.5979
0.00014088,-1.5979
0.0001409,-2.3979
0.00014092,-2.3979
0.00014094,-2.3979
0.00014096,-0.83695
0.00014098,-0.83695
0.000141,-1.5979
0.00014102,0.0021111
0.00014104,0.0021111
0.00014106,0.0021111
0.00014108,0.76305
0.0001411,1.5631
0.00014112,0.80211
0.00014114,1.5631
0.00014116,1.5631
0.00014118,1.524
0.0001412,0.76305
0.00014122,0.0021111
0.00014124,-0.79789
0.00014126,-0.036946
0.00014128,-1.5979
0.0001413,-0.83695
0.00014132,-1.5979
0.00014134,-1.5979
0.00014136,-1.5979
0.00014138,-1.5979
0.0001414,-1.5979
0.00014142,-0.83695
0.00014144,-0.83695
0.00014146,-1.5979
0.00014148,-1.5979
0.0001415,-0.036946
0.00014152,0.0021111
0.00014154,-0.79789
0.00014156,0.0021111
0.00014158,0.0021111
0.0001416,0.76305
0.00014162,0.0021111
0.00014164,0.76305
0.00014166,0.0021111
0.00014168,0.0021111
0.0001417,0.80211
0.00014172,0.0021111
0.00014174,0.0021111
0.00014176,0.0021111
0.00014178,0.0021111
0.0001418,0.0021111
0.00014182,0.76305
0.00014184,-1.5979
0.00014186,-0.79789
0.00014188,-1.5979
0.0001419,-1.5979
0.00014192,-1.5979
0.00014194,-0.83695
0.00014196,-2.3979
0.00014198,-0.83695
0.000142,-1.5979
0.00014202,-0.83695
0.00014204,-1.5979
0.00014206,-0.036946
0.00014208,-0.79789
0.0001421,0.0021111
0.00014212,1.6021
0.00014214,1.6021
0.00014216,2.3631
0.00014218,1.6021
0.0001422,2.3631
0.00014222,1.6021
0.00014224,2.3631
0.00014226,0.80211
0.00014228,0.76305
0.0001423,0.0021111
0.00014232,-0.79789
0.00014234,-1.5979
0.00014236,-2.3979
0.00014238,-2.3979
0.0001424,-2.4369
0.00014242,-3.1979
0.00014244,-2.4369
0.00014246,-3.1979
0.00014248,-2.3979
0.0001425,-1.5979
0.00014252,-0.83695
0.00014254,0.0021111
0.00014256,0.0021111
0.00014258,0.80211
0.0001426,2.3631
0.00014262,1.6021
0.00014264,1.6021
0.00014266,1.6021
0.00014268,1.6021
0.0001427,0.80211
0.00014272,0.76305
0.00014274,0.0021111
0.00014276,0.76305
0.00014278,-1.5979
0.0001428,-0.83695
0.00014282,-1.5979
0.00014284,-1.6369
0.00014286,-2.3979
0.00014288,-2.3979
0.0001429,-1.5979
0.00014292,-1.5979
0.00014294,-0.79789
0.00014296,0.0021111
0.00014298,0.76305
0.000143,0.76305
0.00014302,0.76305
0.00014304,1.5631
0.00014306,0.80211
0.00014308,1.6021
0.0001431,1.5631
0.00014312,1.5631
0.00014314,0.80211
0.00014316,0.0021111
0.00014318,0.76305
0.0001432,0.0021111
0.00014322,-0.79789
0.00014324,-1.5979
0.00014326,-0.79789
0.00014328,-1.5979
0.0001433,-1.5979
0.00014332,-1.5979
0.00014334,-1.5979
0.00014336,-0.83695
0.00014338,-1.5979
0.0001434,-0.83695
0.00014342,-0.83695
0.00014344,0.0021111
0.00014346,0.0021111
0.00014348,0.0021111
0.0001435,0.76305
0.00014352,0.80211
0.00014354,0.76305
0.00014356,0.0021111
0.00014358,0.0021111
0.0001436,0.0021111
0.00014362,0.0021111
0.00014364,0.0021111
0.00014366,0.76305
0.00014368,0.0021111
0.0001437,0.76305
0.00014372,0.0021111
0.00014374,0.0021111
0.00014376,-0.79789
0.00014378,0.76305
0.0001438,-0.83695
0.00014382,-0.83695
0.00014384,-1.5979
0.00014386,-0.83695
0.00014388,-2.3979
0.0001439,-1.6369
0.00014392,-1.5979
0.00014394,-1.5979
0.00014396,-1.5979
0.00014398,-1.5979
0.000144,-0.79789
0.00014402,0.0021111
0.00014404,0.76305
0.00014406,0.80211
0.00014408,1.5631
0.0001441,2.3631
0.00014412,2.3631
0.00014414,1.6021
0.00014416,0.80211
0.00014418,1.6021
0.0001442,1.5631
0.00014422,1.5631
0.00014424,0.76305
0.00014426,-0.79789
0.00014428,-1.5979
0.0001443,-1.5979
0.00014432,-1.6369
0.00014434,-2.4369
0.00014436,-3.1979
0.00014438,-3.1979
0.0001444,-3.1979
0.00014442,-1.5979
0.00014444,-0.79789
0.00014446,0.76305
0.00014448,0.76305
0.0001445,0.80211
0.00014452,1.6021
0.00014454,2.3631
0.00014456,1.6021
0.00014458,2.4021
0.0001446,0.80211
0.00014462,2.3631
0.00014464,0.80211
0.00014466,0.76305
0.00014468,0.76305
0.0001447,-0.79789
0.00014472,-0.83695
0.00014474,-1.5979
0.00014476,-2.3979
0.00014478,-1.6369
0.0001448,-2.3979
0.00014482,-1.6369
0.00014484,-1.5979
0.00014486,-1.5979
0.00014488,0.0021111
0.0001449,0.0021111
0.00014492,1.5631
0.00014494,1.6021
0.00014496,1.6021
0.00014498,2.3631
0.000145,2.3631
0.00014502,1.5631
0.00014504,0.0021111
0.00014506,0.0021111
0.00014508,0.0021111
0.0001451,-0.036946
0.00014512,-1.5979
0.00014514,-0.83695
0.00014516,-2.3979
0.00014518,-1.6369
0.0001452,-2.3979
0.00014522,-2.3979
0.00014524,-0.83695
0.00014526,-0.83695
0.00014528,-1.5979
0.0001453,-1.5979
0.00014532,0.76305
0.00014534,0.0021111
0.00014536,0.76305
0.00014538,0.76305
0.0001454,0.0021111
0.00014542,0.0021111
0.00014544,0.80211
0.00014546,0.0021111
0.00014548,0.76305
0.0001455,0.0021111
0.00014552,-0.79789
0.00014554,0.0021111
0.00014556,-0.036946
0.00014558,-0.036946
0.0001456,-0.79789
0.00014562,0.0021111
0.00014564,0.0021111
0.00014566,-0.036946
0.00014568,-0.036946
0.0001457,-0.79789
0.00014572,-0.83695
0.00014574,-0.79789
0.00014576,-0.036946
0.00014578,-1.5979
0.0001458,-1.5979
0.00014582,-1.5979
0.00014584,-1.5979
0.00014586,-0.83695
0.00014588,-0.036946
0.0001459,-0.79789
0.00014592,0.76305
0.00014594,0.0021111
0.00014596,0.76305
0.00014598,0.80211
0.000146,0.0021111
0.00014602,0.80211
0.00014604,1.5631
0.00014606,0.80211
0.00014608,0.0021111
0.0001461,0.0021111
0.00014612,0.76305
0.00014614,0.0021111
0.00014616,-0.79789
0.00014618,-0.83695
0.0001462,-1.5979
0.00014622,-0.83695
0.00014624,-2.3979
0.00014626,-1.6369
0.00014628,-1.5979
0.0001463,-1.5979
0.00014632,-1.5979
0.00014634,-0.79789
0.00014636,-0.036946
0.00014638,0.0021111
0.0001464,0.80211
0.00014642,1.6021
0.00014644,1.6021
0.00014646,2.3631
0.00014648,2.3631
0.0001465,1.6021
0.00014652,1.5631
0.00014654,0.80211
0.00014656,0.0021111
0.00014658,0.0021111
0.0001466,-0.79789
0.00014662,-1.5979
0.00014664,-1.5979
0.00014666,-1.6369
0.00014668,-1.6369
0.0001467,-2.3979
0.00014672,-2.3979
0.00014674,-2.3979
0.00014676,-1.5979
0.00014678,0.76305
0.0001468,0.0021111
0.00014682,1.5631
0.00014684,0.80211
0.00014686,2.3631
0.00014688,3.1631
0.0001469,2.4021
0.00014692,1.6021
0.00014694,1.6021
0.00014696,1.5631
0.00014698,0.76305
0.000147,0.0021111
0.00014702,-0.83695
0.00014704,-1.6369
0.00014706,-2.3979
0.00014708,-2.4369
0.0001471,-2.4369
0.00014712,-3.1979
0.00014714,-2.4369
0.00014716,-2.3979
0.00014718,-2.3979
0.0001472,-0.83695
0.00014722,-0.79789
0.00014724,0.0021111
0.00014726,0.0021111
0.00014728,0.80211
0.0001473,0.80211
0.00014732,1.6021
0.00014734,1.6021
0.00014736,2.3631
0.00014738,0.80211
0.0001474,1.5631
0.00014742,0.76305
0.00014744,0.0021111
0.00014746,0.0021111
0.00014748,-0.79789
0.0001475,-0.036946
0.00014752,-0.036946
0.00014754,-1.5979
0.00014756,-1.5979
0.00014758,-1.5979
0.0001476,-1.5979
0.00014762,-1.6369
0.00014764,-1.5979
0.00014766,-1.5979
0.00014768,-1.5979
0.0001477,-1.5979
0.00014772,-0.036946
0.00014774,0.0021111
0.00014776,0.0021111
0.00014778,0.0021111
0.0001478,0.76305
0.00014782,0.0021111
0.00014784,0.76305
0.00014786,0.76305
0.00014788,0.76305
0.0001479,0.0021111
0.00014792,0.0021111
0.00014794,0.0021111
0.00014796,0.0021111
0.00014798,0.0021111
0.000148,0.0021111
0.00014802,-0.79789
0.00014804,-0.036946
0.00014806,-0.83695
0.00014808,-0.79789
0.0001481,-1.5979
0.00014812,-1.5979
0.00014814,-2.3979
0.00014816,-1.6369
0.00014818,-0.83695
0.0001482,-1.5979
0.00014822,-0.83695
0.00014824,-0.83695
0.00014826,-1.5979
0.00014828,0.0021111
0.0001483,0.0021111
0.00014832,0.0021111
0.00014834,0.0021111
0.00014836,1.6021
0.00014838,1.6021
0.0001484,2.3631
0.00014842,1.6021
0.00014844,1.6021
0.00014846,0.80211
0.00014848,0.76305
0.0001485,0.76305
0.00014852,-0.036946
0.00014854,-1.5979
0.00014856,-1.6369
0.00014858,-3.1979
0.0001486,-2.4369
0.00014862,-2.4369
0.00014864,-3.1979
0.00014866,-2.3979
0.00014868,-1.5979
0.0001487,-1.5979
0.00014872,0.0021111
0.00014874,0.80211
0.00014876,2.3631
0.00014878,3.1631
0.0001488,3.1631
0.00014882,3.1631
0.00014884,2.4021
0.00014886,2.4021
0.00014888,0.80211
0.0001489,0.76305
0.00014892,0.0021111
0.00014894,-1.5979
0.00014896,-1.6369
0.00014898,-1.6369
0.000149,-3.1979
0.00014902,-3.1979
0.00014904,-2.4369
0.00014906,-3.1979
0.00014908,-1.6369
0.0001491,-1.6369
0.00014912,-1.5979
0.00014914,-1.5979
0.00014916,0.76305
0.00014918,0.76305
0.0001492,1.5631
0.00014922,1.6021
0.00014924,2.3631
0.00014926,1.6021
0.00014928,2.3631
0.0001493,1.6021
0.00014932,1.6021
0.00014934,0.80211
0.00014936,0.0021111
0.00014938,0.0021111
0.0001494,-0.79789
0.00014942,-0.79789
0.00014944,-0.83695
0.00014946,-0.83695
0.00014948,-1.6369
0.0001495,-2.4369
0.00014952,-3.1979
0.00014954,-2.3979
0.00014956,-0.83695
0.00014958,-2.3979
0.0001496,-1.5979
0.00014962,-0.79789
0.00014964,0.76305
0.00014966,0.0021111
0.00014968,0.76305
0.0001497,0.0021111
0.00014972,0.0021111
0.00014974,0.0021111
0.00014976,0.80211
0.00014978,1.5631
0.0001498,0.80211
0.00014982,1.5631
0.00014984,0.0021111
0.00014986,0.0021111
0.00014988,0.0021111
0.0001499,0.0021111
0.00014992,0.76305
0.00014994,-0.79789
0.00014996,-0.79789
0.00014998,-0.036946
0.00015,-0.83695
0.00015002,-0.83695
0.00015004,-1.5979
0.00015006,-0.83695
0.00015008,-2.3979
0.0001501,-0.83695
0.00015012,-1.6369
0.00015014,-1.6369
0.00015016,-1.5979
0.00015018,-1.5979
0.0001502,-0.79789
0.00015022,0.76305
0.00015024,0.76305
0.00015026,1.6021
0.00015028,1.6021
0.0001503,2.4021
0.00015032,3.1631
0.00015034,1.6021
0.00015036,1.6021
0.00015038,1.6021
0.0001504,0.80211
0.00015042,0.0021111
0.00015044,-0.79789
0.00015046,-0.83695
0.00015048,-1.6369
0.0001505,-3.1979
0.00015052,-3.1979
0.00015054,-2.4369
0.00015056,-3.1979
0.00015058,-2.3979
0.0001506,-2.3979
0.00015062,-0.83695
0.00015064,0.0021111
0.00015066,0.80211
0.00015068,2.3631
0.0001507,2.4021
0.00015072,2.4021
0.00015074,3.2021
0.00015076,3.2021
0.00015078,3.9631
0.0001508,1.6021
0.00015082,1.6021
0.00015084,1.5631
0.00015086,-0.036946
0.00015088,-0.83695
0.0001509,-1.6369
0.00015092,-3.1979
0.00015094,-3.1979
0.00015096,-2.4369
0.00015098,-2.4369
0.000151,-2.4369
0.00015102,-3.1979
0.00015104,-2.3979
0.00015106,-1.5979
0.00015108,-0.83695
0.0001511,0.0021111
0.00015112,0.76305
0.00015114,1.5631
0.00015116,2.3631
0.00015118,1.6021
0.0001512,1.6021
0.00015122,2.4021
0.00015124,1.6021
0.00015126,2.3631
0.00015128,1.6021
0.0001513,0.80211
0.00015132,0.76305
0.00015134,0.76305
0.00015136,-1.5979
0.00015138,-1.5979
0.0001514,-2.3979
0.00015142,-3.1979
0.00015144,-2.4369
0.00015146,-2.3979
0.00015148,-1.6369
0.0001515,-1.6369
0.00015152,-0.83695
0.00015154,-1.5979
0.00015156,-1.5979
0.00015158,0.0021111
0.0001516,0.76305
0.00015162,0.80211
0.00015164,0.80211
0.00015166,1.5631
0.00015168,1.5631
0.0001517,0.80211
0.00015172,0.80211
0.00015174,0.76305
0.00015176,0.0021111
0.00015178,0.76305
0.0001518,0.0021111
0.00015182,0.76305
0.00015184,0.0021111
0.00015186,-0.79789
0.00015188,-0.79789
0.0001519,-0.79789
0.00015192,0.0021111
0.00015194,-1.5979
0.00015196,-0.036946
0.00015198,-0.83695
0.000152,-0.83695
0.00015202,-0.83695
0.00015204,-2.3979
0.00015206,-2.3979
0.00015208,-1.5979
0.0001521,-1.5979
0.00015212,-0.036946
0.00015214,-0.79789
0.00015216,0.0021111
0.00015218,0.0021111
0.0001522,1.5631
0.00015222,2.3631
0.00015224,2.3631
0.00015226,3.1631
0.00015228,2.4021
0.0001523,2.4021
0.00015232,2.3631
0.00015234,1.5631
0.00015236,0.0021111
0.00015238,-0.036946
0.0001524,-0.83695
0.00015242,-2.3979
0.00015244,-2.4369
0.00015246,-3.1979
0.00015248,-3.1979
0.0001525,-2.4369
0.00015252,-1.6369
0.00015254,-1.5979
0.00015256,-1.5979
0.00015258,0.76305
0.0001526,0.80211
0.00015262,3.124
0.00015264,1.6021
0.00015266,1.6021
0.00015268,2.4021
0.0001527,2.4021
0.00015272,2.3631
0.00015274,1.6021
0.00015276,1.5631
0.00015278,0.0021111
0.0001528,0.76305
0.00015282,-1.5979
0.00015284,-1.5979
0.00015286,-2.3979
0.00015288,-3.1979
0.0001529,-3.1979
0.00015292,-3.1979
0.00015294,-0.876
0.00015296,-3.1979
0.00015298,-1.6369
0.000153,-0.83695
0.00015302,-1.5979
0.00015304,0.76305
0.00015306,0.0021111
0.00015308,1.5631
0.0001531,2.3631
0.00015312,1.6021
0.00015314,1.6021
0.00015316,3.1631
0.00015318,1.6021
0.0001532,2.3631
0.00015322,0.0021111
0.00015324,0.0021111
0.00015326,0.0021111
0.00015328,-0.83695
0.0001533,-1.5979
0.00015332,-2.3979
0.00015334,-2.4369
0.00015336,-3.1979
0.00015338,-3.1979
0.0001534,-2.3979
0.00015342,-1.5979
0.00015344,-0.83695
0.00015346,-0.79789
0.00015348,0.76305
0.0001535,0.76305
0.00015352,0.76305
0.00015354,0.80211
0.00015356,0.80211
0.00015358,0.80211
0.0001536,0.76305
0.00015362,0.76305
0.00015364,0.0021111
0.00015366,-0.036946
0.00015368,0.76305
0.0001537,-0.79789
0.00015372,-0.79789
0.00015374,0.0021111
0.00015376,0.0021111
0.00015378,0.0021111
0.0001538,0.0021111
0.00015382,0.0021111
0.00015384,0.76305
0.00015386,0.76305
0.00015388,0.76305
0.0001539,-0.036946
0.00015392,-0.036946
0.00015394,-1.5979
0.00015396,-1.5979
0.00015398,-1.5979
0.000154,-2.3979
0.00015402,-2.3979
0.00015404,-0.83695
0.00015406,-1.5979
0.00015408,-0.83695
0.0001541,0.76305
0.00015412,0.0021111
0.00015414,1.6021
0.00015416,1.6021
0.00015418,2.3631
0.0001542,2.3631
0.00015422,1.6021
0.00015424,1.6021
0.00015426,0.80211
0.00015428,0.0021111
0.0001543,0.76305
0.00015432,-0.83695
0.00015434,-0.83695
0.00015436,-2.3979
0.00015438,-3.1979
0.0001544,-2.3979
0.00015442,-1.6369
0.00015444,-2.3979
0.00015446,-1.5979
0.00015448,-1.5979
0.0001545,0.76305
0.00015452,0.0021111
0.00015454,0.0021111
0.00015456,1.6021
0.00015458,2.3631
0.0001546,2.3631
0.00015462,1.6021
0.00015464,0.80211
0.00015466,1.5631
0.00015468,0.0021111
0.0001547,0.0021111
0.00015472,0.0021111
0.00015474,-0.79789
0.00015476,-0.83695
0.00015478,-1.6369
0.0001548,-2.3979
0.00015482,-2.4369
0.00015484,-1.6369
0.00015486,-2.3979
0.00015488,-1.5979
0.0001549,-1.5979
0.00015492,-0.036946
0.00015494,-0.79789
0.00015496,0.76305
0.00015498,0.0021111
0.000155,0.76305
0.00015502,0.80211
0.00015504,0.80211
0.00015506,1.6021
0.00015508,1.6021
0.0001551,1.5631
0.00015512,0.0021111
0.00015514,0.76305
0.00015516,-0.79789
0.00015518,-0.83695
0.0001552,-1.5979
0.00015522,-0.83695
0.00015524,-2.3979
0.00015526,-3.1979
0.00015528,-2.3979
0.0001553,-2.3979
0.00015532,-1.5979
0.00015534,-0.79789
0.00015536,-0.036946
0.00015538,0.0021111
0.0001554,0.76305
0.00015542,1.5631
0.00015544,0.80211
0.00015546,0.0021111
0.00015548,0.0021111
0.0001555,0.0021111
0.00015552,0.76305
0.00015554,-0.79789
0.00015556,-0.036946
0.00015558,-0.83695
0.0001556,-0.83695
0.00015562,-1.5979
0.00015564,-1.5979
0.00015566,-1.5979
0.00015568,-0.79789
0.0001557,0.76305
0.00015572,0.0021111
0.00015574,1.5631
0.00015576,1.5631
0.00015578,1.5631
0.0001558,0.0021111
0.00015582,0.76305
0.00015584,0.0021111
0.00015586,-0.79789
0.00015588,-0.83695
0.0001559,-1.5979
0.00015592,-0.83695
0.00015594,-2.3979
0.00015596,-1.6369
0.00015598,-1.5979
0.000156,-1.5979
0.00015602,0.0021111
0.00015604,0.0021111
0.00015606,1.524
0.00015608,0.80211
0.0001561,0.80211
0.00015612,1.6021
0.00015614,0.80211
0.00015616,1.6021
0.00015618,0.0021111
0.0001562,0.0021111
0.00015622,0.0021111
0.00015624,-0.79789
0.00015626,-1.5979
0.00015628,-1.5979
0.0001563,-1.6369
0.00015632,-1.6369
0.00015634,-2.3979
0.00015636,-1.6369
0.00015638,-0.83695
0.0001564,-0.79789
0.00015642,-0.79789
0.00015644,0.0021111
0.00015646,2.324
0.00015648,2.3631
0.0001565,0.80211
0.00015652,0.80211
0.00015654,2.3631
0.00015656,2.3631
0.00015658,0.80211
0.0001566,0.0021111
0.00015662,0.0021111
0.00015664,-0.83695
0.00015666,-1.5979
0.00015668,-1.5979
0.0001567,-2.3979
0.00015672,-2.3979
0.00015674,-1.6369
0.00015676,-2.3979
0.00015678,-1.5979
0.0001568,-0.83695
0.00015682,-0.83695
0.00015684,-0.036946
0.00015686,0.0021111
0.00015688,0.76305
0.0001569,0.0021111
0.00015692,1.6021
0.00015694,1.6021
0.00015696,2.3631
0.00015698,1.6021
0.000157,1.6021
0.00015702,1.5631
0.00015704,0.76305
0.00015706,0.76305
0.00015708,-1.5979
0.0001571,-2.3979
0.00015712,-3.1979
0.00015714,-2.4369
0.00015716,-3.1979
0.00015718,-3.1979
0.0001572,-1.6369
0.00015722,-2.3979
0.00015724,-0.83695
0.00015726,-0.79789
0.00015728,0.0021111
0.0001573,0.0021111
0.00015732,1.6021
0.00015734,1.6021
0.00015736,1.6021
0.00015738,2.3631
0.0001574,0.80211
0.00015742,0.0021111
0.00015744,0.0021111
0.00015746,-0.79789
0.00015748,-1.5979
0.0001575,-0.83695
0.00015752,-0.83695
0.00015754,-1.6369
0.00015756,-0.83695
0.00015758,-0.076003
0.0001576,-0.036946
0.00015762,-0.036946
0.00015764,-0.79789
0.00015766,0.76305
0.00015768,0.0021111
0.0001577,0.80211
0.00015772,0.0021111
0.00015774,1.5631
0.00015776,0.80211
0.00015778,0.0021111
0.0001578,0.0021111
0.00015782,-0.79789
0.00015784,-1.5979
0.00015786,-0.83695
0.00015788,-0.83695
0.0001579,-1.5979
0.00015792,-0.79789
0.00015794,0.76305
0.00015796,-0.79789
0.00015798,0.0021111
0.000158,0.0021111
0.00015802,0.0021111
0.00015804,0.0021111
0.00015806,0.80211
0.00015808,0.76305
0.0001581,0.76305
0.00015812,0.76305
0.00015814,0.0021111
0.00015816,-0.83695
0.00015818,-1.5979
0.0001582,-0.036946
0.00015822,-0.83695
0.00015824,-1.5979
0.00015826,-1.5979
0.00015828,-0.83695
0.0001583,-1.5979
0.00015832,-0.79789
0.00015834,0.76305
0.00015836,0.0021111
0.00015838,0.0021111
0.0001584,0.80211
0.00015842,0.80211
0.00015844,0.80211
0.00015846,0.80211
0.00015848,0.80211
0.0001585,3.124
0.00015852,0.76305
0.00015854,0.76305
0.00015856,0.0021111
0.00015858,-0.036946
0.0001586,-1.5979
0.00015862,-0.83695
0.00015864,-1.6369
0.00015866,-2.3979
0.00015868,-2.3979
0.0001587,-1.6369
0.00015872,-2.3979
0.00015874,-1.5979
0.00015876,-0.83695
0.00015878,0.76305
0.0001588,0.0021111
0.00015882,0.80211
0.00015884,2.3631
0.00015886,1.6021
0.00015888,1.6021
0.0001589,1.6021
0.00015892,2.3631
0.00015894,1.6021
0.00015896,0.0021111
0.00015898,0.76305
0.000159,-0.83695
0.00015902,-1.5979
0.00015904,-2.3979
0.00015906,-3.1979
0.00015908,-3.1979
0.0001591,-2.4369
0.00015912,-3.1979
0.00015914,-1.6369
0.00015916,-1.5979
0.00015918,-0.83695
0.0001592,0.0021111
0.00015922,0.76305
0.00015924,1.5631
0.00015926,0.80211
0.00015928,2.3631
0.0001593,1.6021
0.00015932,1.6021
0.00015934,0.0021111
0.00015936,0.76305
0.00015938,0.76305
0.0001594,-0.79789
0.00015942,-1.5979
0.00015944,-1.5979
0.00015946,-1.5979
0.00015948,-0.83695
0.0001595,-1.5979
0.00015952,-0.83695
0.00015954,-1.5979
0.00015956,-0.036946
0.00015958,0.0021111
0.0001596,0.76305
0.00015962,0.0021111
0.00015964,0.0021111
0.00015966,0.76305
0.00015968,0.0021111
0.0001597,0.76305
0.00015972,-0.79789
0.00015974,-0.79789
0.00015976,-0.83695
0.00015978,-1.5979
0.0001598,-0.036946
0.00015982,-0.036946
0.00015984,-1.5979
0.00015986,-0.79789
0.00015988,-0.036946
0.0001599,0.76305
0.00015992,0.76305
0.00015994,0.0021111
0.00015996,0.76305
0.00015998,0.0021111
0.00016,0.76305
0.00016002,0.76305
0.00016004,0.0021111
0.00016006,0.76305
0.00016008,0.0021111
0.0001601,-0.79789
0.00016012,-0.83695
0.00016014,-0.83695
0.00016016,-1.5979
0.00016018,-2.3979
0.0001602,-1.5979
0.00016022,-0.83695
0.00016024,-0.036946
0.00016026,-1.5979
0.00016028,0.0021111
0.0001603,0.0021111
0.00016032,0.76305
0.00016034,0.80211
0.00016036,1.6021
0.00016038,2.3631
0.0001604,1.6021
0.00016042,2.3631
0.00016044,2.3631
0.00016046,1.5631
0.00016048,0.80211
0.0001605,0.76305
0.00016052,-0.79789
0.00016054,-0.83695
0.00016056,-0.83695
0.00016058,-2.3979
0.0001606,-1.6369
0.00016062,-2.3979
0.00016064,-3.1979
0.00016066,-0.83695
0.00016068,-1.5979
0.0001607,0.76305
0.00016072,0.0021111
0.00016074,0.76305
0.00016076,0.80211
0.00016078,1.6021
0.0001608,1.6021
0.00016082,3.1631
0.00016084,1.6021
0.00016086,1.6021
0.00016088,0.80211
0.0001609,0.76305
0.00016092,-0.79789
0.00016094,-0.83695
0.00016096,-1.6369
0.00016098,-2.4369
0.000161,-2.4369
0.00016102,-3.1979
0.00016104,-3.1979
0.00016106,-1.6369
0.00016108,-2.3979
0.0001611,-1.5979
0.00016112,-0.79789
0.00016114,0.0021111
0.00016116,0.76305
0.00016118,0.0021111
0.0001612,0.80211
0.00016122,0.0021111
0.00016124,1.5631
0.00016126,0.0021111
0.00016128,0.76305
0.0001613,0.0021111
0.00016132,0.76305
0.00016134,-0.036946
0.00016136,-1.5979
0.00016138,-0.036946
0.0001614,-1.5979
0.00016142,-0.83695
0.00016144,-1.5979
0.00016146,-0.79789
0.00016148,-0.79789
0.0001615,-0.79789
0.00016152,-0.036946
0.00016154,0.76305
0.00016156,0.0021111
0.00016158,0.76305
0.0001616,0.0021111
0.00016162,0.0021111
0.00016164,0.0021111
0.00016166,-0.79789
0.00016168,-0.036946
0.0001617,-1.5979
0.00016172,-0.83695
0.00016174,-0.83695
0.00016176,-1.5979
0.00016178,-0.79789
0.0001618,-0.79789
0.00016182,0.76305
0.00016184,0.76305
0.00016186,0.0021111
0.00016188,0.80211
0.0001619,0.80211
0.00016192,1.5631
0.00016194,1.5631
0.00016196,0.76305
0.00016198,0.76305
0.000162,0.0021111
0.00016202,0.0021111
0.00016204,-0.036946
0.00016206,-1.5979
0.00016208,-1.6369
0.0001621,-2.3979
0.00016212,-1.6369
0.00016214,-1.6369
0.00016216,-1.6369
0.00016218,-0.83695
0.0001622,-1.5979
0.00016222,0.0021111
0.00016224,0.0021111
0.00016226,0.0021111
0.00016228,2.3631
0.0001623,1.6021
0.00016232,1.6021
0.00016234,2.4021
0.00016236,1.6021
0.00016238,1.6021
0.0001624,0.80211
0.00016242,0.0021111
0.00016244,0.76305
0.00016246,-0.036946
0.00016248,-0.83695
0.0001625,-1.5979
0.00016252,-1.6369
0.00016254,-2.3979
0.00016256,-3.1979
0.00016258,-1.6369
0.0001626,-1.5979
0.00016262,-0.83695
0.00016264,-0.79789
0.00016266,0.76305
0.00016268,0.0021111
0.0001627,2.3631
0.00016272,1.5631
0.00016274,2.3631
0.00016276,1.6021
0.00016278,2.3631
0.0001628,0.0021111
0.00016282,1.524
0.00016284,0.76305
0.00016286,-0.036946
0.00016288,-1.5979
0.0001629,-2.3979
0.00016292,-2.3979
0.00016294,-1.6369
0.00016296,-1.6369
0.00016298,-1.5979
0.000163,-0.83695
0.00016302,-1.5979
0.00016304,-0.036946
0.00016306,0.76305
0.00016308,0.76305
0.0001631,1.5631
0.00016312,0.0021111
0.00016314,0.80211
0.00016316,2.324
0.00016318,0.76305
0.0001632,0.0021111
0.00016322,0.76305
0.00016324,-0.036946
0.00016326,-0.79789
0.00016328,-1.5979
0.0001633,-1.5979
0.00016332,-0.83695
0.00016334,-0.83695
0.00016336,-1.5979
0.00016338,-1.5979
0.0001634,-0.036946
0.00016342,0.76305
0.00016344,0.76305
0.00016346,1.5631
0.00016348,0.76305
0.0001635,0.80211
0.00016352,0.0021111
0.00016354,0.76305
0.00016356,0.0021111
0.00016358,0.0021111
0.0001636,-0.79789
0.00016362,-1.5979
0.00016364,-0.83695
0.00016366,-1.6369
0.00016368,-2.3979
0.0001637,-1.6369
0.00016372,-2.3979
0.00016374,-1.6369
0.00016376,-1.5979
0.00016378,1.524
0.0001638,0.0021111
0.00016382,1.5631
0.00016384,2.3631
0.00016386,1.6021
0.00016388,1.6021
0.0001639,2.3631
0.00016392,0.80211
0.00016394,1.5631
0.00016396,0.76305
0.00016398,0.0021111
0.000164,-1.5979
0.00016402,-0.83695
0.00016404,-1.5979
0.00016406,-1.6369
0.00016408,-1.6369
0.0001641,-0.83695
0.00016412,-2.3979
0.00016414,-0.83695
0.00016416,-0.79789
0.00016418,0.0021111
0.0001642,0.0021111
0.00016422,0.80211
0.00016424,2.3631
0.00016426,1.6021
0.00016428,3.1631
0.0001643,2.3631
0.00016432,1.5631
0.00016434,1.6021
0.00016436,0.0021111
0.00016438,0.0021111
0.0001644,-0.79789
0.00016442,-1.5979
0.00016444,-1.5979
0.00016446,-1.5979
0.00016448,-2.3979
0.0001645,-1.6369
0.00016452,-0.83695
0.00016454,-1.5979
0.00016456,0.0021111
0.00016458,-0.036946
0.0001646,0.0021111
0.00016462,0.0021111
0.00016464,0.0021111
0.00016466,0.0021111
0.00016468,0.0021111
0.0001647,0.0021111
0.00016472,0.0021111
0.00016474,0.76305
0.00016476,-0.79789
0.00016478,-0.036946
0.0001648,-0.79789
0.00016482,-1.5979
0.00016484,-1.5979
0.00016486,-1.5979
0.00016488,-1.5979
0.0001649,-0.79789
0.00016492,-0.036946
0.00016494,0.76305
0.00016496,0.76305
0.00016498,0.76305
0.000165,0.76305
0.00016502,1.5631
0.00016504,0.0021111
0.00016506,0.80211
0.00016508,0.76305
0.0001651,0.0021111
0.00016512,0.0021111
0.00016514,-0.79789
0.00016516,-0.83695
0.00016518,-1.5979
0.0001652,-2.3979
0.00016522,-2.3979
0.00016524,-1.6369
0.00016526,-1.5979
0.00016528,-0.83695
0.0001653,-0.79789
0.00016532,0.76305
0.00016534,0.0021111
0.00016536,0.80211
0.00016538,0.80211
0.0001654,1.6021
0.00016542,2.3631
0.00016544,1.6021
0.00016546,1.6021
0.00016548,0.0021111
0.0001655,0.0021111
0.00016552,-0.79789
0.00016554,-0.83695
0.00016556,-1.6369
0.00016558,-1.6369
0.0001656,-3.1979
0.00016562,-2.4369
0.00016564,-3.1979
0.00016566,-2.3979
0.00016568,-0.83695
0.0001657,-0.036946
0.00016572,-0.79789
0.00016574,0.0021111
0.00016576,1.5631
0.00016578,1.6021
0.0001658,1.6021
0.00016582,1.6021
0.00016584,2.3631
0.00016586,1.6021
0.00016588,0.0021111
0.0001659,0.0021111
0.00016592,0.76305
0.00016594,-1.5979
0.00016596,-2.3979
0.00016598,-0.83695
0.000166,-2.3979
0.00016602,-2.3979
0.00016604,-1.5979
0.00016606,-0.83695
0.00016608,-0.79789
0.0001661,0.0021111
0.00016612,0.76305
0.00016614,0.76305
0.00016616,0.0021111
0.00016618,0.0021111
0.0001662,1.5631
0.00016622,0.80211
0.00016624,0.80211
0.00016626,0.0021111
0.00016628,0.76305
0.0001663,0.0021111
0.00016632,-0.79789
0.00016634,-0.79789
0.00016636,-0.036946
0.00016638,-0.036946
0.0001664,-0.83695
0.00016642,-1.5979
0.00016644,-1.5979
0.00016646,-0.79789
0.00016648,-0.83695
0.0001665,-0.036946
0.00016652,0.0021111
0.00016654,0.76305
0.00016656,0.76305
0.00016658,0.76305
0.0001666,0.0021111
0.00016662,0.76305
0.00016664,0.0021111
0.00016666,-0.79789
0.00016668,-0.036946
0.0001667,-0.79789
0.00016672,0.0021111
0.00016674,-0.83695
0.00016676,-0.83695
0.00016678,-0.036946
0.0001668,-0.83695
0.00016682,-0.036946
0.00016684,-0.79789
0.00016686,0.76305
0.00016688,0.0021111
0.0001669,0.76305
0.00016692,0.0021111
0.00016694,0.80211
0.00016696,0.80211
0.00016698,1.5631
0.000167,0.80211
0.00016702,0.0021111
0.00016704,-0.036946
0.00016706,-0.79789
0.00016708,-0.83695
0.0001671,-0.83695
0.00016712,-0.83695
0.00016714,-3.1979
0.00016716,-2.3979
0.00016718,-2.3979
0.0001672,-0.83695
0.00016722,-0.83695
0.00016724,-0.79789
0.00016726,0.76305
0.00016728,0.0021111
0.0001673,2.3631
0.00016732,1.6021
0.00016734,2.3631
0.00016736,1.6021
0.00016738,2.3631
0.0001674,0.0021111
0.00016742,0.0021111
0.00016744,0.0021111
0.00016746,-1.5979
0.00016748,-1.5979
0.0001675,-2.3979
0.00016752,-2.3979
0.00016754,-2.3979
0.00016756,-3.1979
0.00016758,-1.6369
0.0001676,-0.83695
0.00016762,-0.83695
0.00016764,-0.79789
0.00016766,0.76305
0.00016768,0.0021111
0.0001677,1.6021
0.00016772,2.3631
0.00016774,2.3631
0.00016776,0.80211
0.00016778,0.80211
0.0001678,0.80211
0.00016782,0.76305
0.00016784,0.76305
0.00016786,0.0021111
0.00016788,-0.83695
0.0001679,-1.5979
0.00016792,-1.5979
0.00016794,-1.5979
0.00016796,-0.83695
0.00016798,-1.5979
0.000168,-1.5979
0.00016802,-0.79789
0.00016804,-0.79789
0.00016806,0.0021111
0.00016808,0.0021111
0.0001681,0.0021111
0.00016812,0.76305
0.00016814,0.0021111
0.00016816,0.76305
0.00016818,0.76305
0.0001682,0.0021111
0.00016822,0.0021111
0.00016824,-0.79789
0.00016826,-0.79789
0.00016828,-0.79789
0.0001683,-0.79789
0.00016832,-1.5979
0.00016834,-0.83695
0.00016836,-0.79789
0.00016838,-0.83695
0.0001684,-1.5979
0.00016842,0.0021111
0.00016844,0.0021111
0.00016846,0.76305
0.00016848,0.0021111
0.0001685,0.0021111
0.00016852,0.0021111
0.00016854,0.0021111
0.00016856,0.0021111
0.00016858,0.76305
0.0001686,0.76305
0.00016862,-0.036946
0.00016864,-0.79789
0.00016866,-0.83695
0.00016868,-0.79789
0.0001687,-0.83695
0.00016872,-0.83695
0.00016874,-1.5979
0.00016876,-0.79789
0.00016878,-0.79789
0.0001688,0.76305
0.00016882,0.76305
0.00016884,2.3631
0.00016886,0.80211
0.00016888,2.3631
0.0001689,2.3631
0.00016892,2.3631
0.00016894,0.80211
0.00016896,0.80211
0.00016898,0.0021111
0.000169,-0.036946
0.00016902,-1.5979
0.00016904,-1.5979
0.00016906,-2.3979
0.00016908,-2.4369
0.0001691,-2.3979
0.00016912,-2.3979
0.00016914,-0.83695
0.00016916,-0.83695
0.00016918,0.76305
0.0001692,0.0021111
0.00016922,0.76305
0.00016924,0.80211
0.00016926,1.6021
0.00016928,2.3631
0.0001693,1.6021
0.00016932,1.5631
0.00016934,0.0021111
0.00016936,-0.79789
0.00016938,-0.79789
0.0001694,-1.5979
0.00016942,-0.83695
0.00016944,-1.6369
0.00016946,-2.4369
0.00016948,-2.3979
0.0001695,-1.6369
0.00016952,-1.5979
0.00016954,-0.83695
0.00016956,0.0021111
0.00016958,-0.79789
0.0001696,0.0021111
0.00016962,0.0021111
0.00016964,2.3631
0.00016966,0.80211
0.00016968,0.80211
0.0001697,2.3631
0.00016972,0.0021111
0.00016974,0.76305
0.00016976,0.0021111
0.00016978,0.0021111
0.0001698,0.0021111
0.00016982,-1.5979
0.00016984,-0.036946
0.00016986,-0.79789
0.00016988,-1.5979
0.0001699,-0.83695
0.00016992,-0.83695
0.00016994,-1.5979
0.00016996,-0.79789
0.00016998,0.0021111
0.00017,0.76305
0.00017002,0.76305
0.00017004,0.0021111
0.00017006,0.0021111
0.00017008,0.0021111
0.0001701,0.0021111
0.00017012,0.0021111
0.00017014,0.76305
0.00017016,0.0021111
0.00017018,-0.036946
0.0001702,-0.83695
0.00017022,-1.5979
0.00017024,-1.5979
0.00017026,-1.5979
0.00017028,-1.5979
0.0001703,-1.5979
0.00017032,-0.036946
0.00017034,-0.79789
0.00017036,-0.79789
0.00017038,0.76305
0.0001704,0.76305
0.00017042,0.0021111
0.00017044,0.0021111
0.00017046,0.76305
0.00017048,0.76305
0.0001705,0.76305
0.00017052,0.0021111
0.00017054,-0.036946
0.00017056,-0.79789
0.00017058,-0.83695
0.0001706,-0.036946
0.00017062,-0.83695
0.00017064,-1.6369
0.00017066,-1.5979
0.00017068,-1.5979
0.0001707,-0.79789
0.00017072,0.76305
0.00017074,0.76305
0.00017076,0.0021111
0.00017078,1.5631
0.0001708,1.6021
0.00017082,0.80211
0.00017084,1.6021
0.00017086,0.80211
0.00017088,0.76305
0.0001709,0.0021111
0.00017092,-0.79789
0.00017094,-0.83695
0.00017096,-1.5979
0.00017098,-2.3979
0.000171,-2.3979
0.00017102,-1.5979
0.00017104,-2.3979
0.00017106,-1.5979
0.00017108,-0.83695
0.0001711,0.0021111
0.00017112,0.0021111
0.00017114,0.0021111
0.00017116,1.5631
0.00017118,0.76305
0.0001712,0.80211
0.00017122,0.76305
0.00017124,0.76305
0.00017126,0.76305
0.00017128,0.0021111
0.0001713,-0.79789
0.00017132,-1.5979
0.00017134,-1.5979
0.00017136,-1.5979
0.00017138,-1.5979
0.0001714,-1.5979
0.00017142,-1.5979
0.00017144,-1.5979
0.00017146,0.76305
0.00017148,-0.79789
0.0001715,0.76305
0.00017152,0.0021111
0.00017154,0.76305
0.00017156,0.0021111
0.00017158,0.80211
0.0001716,0.80211
0.00017162,0.80211
0.00017164,0.0021111
0.00017166,0.0021111
0.00017168,0.76305
0.0001717,-0.79789
0.00017172,-0.036946
0.00017174,-1.5979
0.00017176,-1.5979
0.00017178,-1.5979
0.0001718,-0.83695
0.00017182,-0.83695
0.00017184,-1.5979
0.00017186,-1.5979
0.00017188,-1.5979
0.0001719,-0.79789
0.00017192,0.0021111
0.00017194,0.0021111
0.00017196,1.5631
0.00017198,0.76305
0.000172,0.76305
0.00017202,0.0021111
0.00017204,0.76305
0.00017206,0.0021111
0.00017208,0.0021111
0.0001721,0.76305
0.00017212,-1.5979
0.00017214,-0.83695
0.00017216,-1.5979
0.00017218,-1.5979
0.0001722,-1.5979
0.00017222,-1.5979
0.00017224,-1.5979
0.00017226,-0.83695
0.00017228,-0.83695
0.0001723,-0.79789
0.00017232,0.76305
0.00017234,0.76305
0.00017236,0.0021111
0.00017238,0.0021111
0.0001724,0.0021111
0.00017242,0.0021111
0.00017244,0.76305
0.00017246,0.0021111
0.00017248,0.0021111
0.0001725,-0.79789
0.00017252,0.76305
0.00017254,-0.79789
0.00017256,-1.5979
0.00017258,0.76305
0.0001726,-0.79789
0.00017262,0.0021111
0.00017264,0.0021111
0.00017266,1.5631
0.00017268,0.76305
0.0001727,0.80211
0.00017272,0.76305
0.00017274,0.0021111
0.00017276,0.0021111
0.00017278,0.0021111
0.0001728,0.0021111
0.00017282,-1.5979
0.00017284,-0.83695
0.00017286,-1.5979
0.00017288,-2.3979
0.0001729,-1.5979
0.00017292,-0.83695
0.00017294,-1.5979
0.00017296,-0.83695
0.00017298,0.724
0.000173,0.76305
0.00017302,0.0021111
0.00017304,0.76305
0.00017306,0.0021111
0.00017308,0.76305
0.0001731,0.76305
0.00017312,0.0021111
0.00017314,0.0021111
0.00017316,0.0021111
0.00017318,0.76305
0.0001732,-0.83695
0.00017322,-1.5979
0.00017324,-0.83695
0.00017326,-0.83695
0.00017328,-1.5979
0.0001733,-2.3979
0.00017332,-1.5979
0.00017334,-1.5979
0.00017336,-0.83695
0.00017338,-1.5979
0.0001734,-0.036946
0.00017342,0.76305
0.00017344,0.0021111
0.00017346,0.0021111
0.00017348,0.0021111
0.0001735,0.80211
0.00017352,0.0021111
0.00017354,1.6021
0.00017356,1.5631
0.00017358,1.5631
0.0001736,0.76305
0.00017362,0.76305
0.00017364,-0.036946
0.00017366,-0.79789
0.00017368,-1.5979
0.0001737,-1.5979
0.00017372,-1.6369
0.00017374,-1.6369
0.00017376,-1.6369
0.00017378,-0.83695
0.0001738,-0.83695
0.00017382,-0.79789
0.00017384,-0.79789
0.00017386,0.0021111
0.00017388,0.76305
0.0001739,1.6021
0.00017392,0.80211
0.00017394,2.3631
0.00017396,2.3631
0.00017398,0.76305
0.000174,0.0021111
0.00017402,0.0021111
0.00017404,0.0021111
0.00017406,-0.036946
0.00017408,-1.5979
0.0001741,-0.83695
0.00017412,-0.83695
0.00017414,-0.83695
0.00017416,-1.5979
0.00017418,-1.5979
0.0001742,-0.79789
0.00017422,0.0021111
0.00017424,0.76305
0.00017426,0.76305
0.00017428,0.76305
0.0001743,0.0021111
0.00017432,0.0021111
0.00017434,0.0021111
0.00017436,0.76305
0.00017438,-0.79789
0.0001744,0.76305
0.00017442,0.76305
0.00017444,0.0021111
0.00017446,-1.5979
0.00017448,0.0021111
0.0001745,0.0021111
0.00017452,0.0021111
0.00017454,0.76305
0.00017456,0.0021111
0.00017458,0.0021111
0.0001746,0.76305
0.00017462,0.0021111
0.00017464,0.0021111
0.00017466,0.0021111
0.00017468,0.0021111
0.0001747,-0.036946
0.00017472,-0.83695
0.00017474,-1.5979
0.00017476,-0.83695
0.00017478,-0.83695
0.0001748,-0.83695
0.00017482,-0.83695
0.00017484,-1.5979
0.00017486,-1.5979
0.00017488,-1.5979
0.0001749,-0.036946
0.00017492,0.0021111
0.00017494,0.0021111
0.00017496,0.76305
0.00017498,0.76305
0.000175,0.0021111
0.00017502,0.0021111
0.00017504,1.524
0.00017506,0.0021111
0.00017508,0.76305
0.0001751,0.76305
0.00017512,0.0021111
0.00017514,-0.79789
0.00017516,-0.83695
0.00017518,-0.036946
0.0001752,-0.83695
0.00017522,-1.5979
0.00017524,-0.83695
0.00017526,-1.5979
0.00017528,-2.3979
0.0001753,-1.5979
0.00017532,-1.5979
0.00017534,-0.036946
0.00017536,-0.036946
0.00017538,0.76305
0.0001754,0.0021111
0.00017542,1.5631
0.00017544,1.6021
0.00017546,1.6021
0.00017548,3.124
0.0001755,2.3631
0.00017552,1.6021
0.00017554,0.76305
0.00017556,0.76305
0.00017558,-0.036946
0.0001756,-1.5979
0.00017562,-2.3979
0.00017564,-2.3979
0.00017566,-2.3979
0.00017568,-1.6369
0.0001757,-2.3979
0.00017572,-1.5979
0.00017574,-0.83695
0.00017576,0.76305
0.00017578,0.0021111
0.0001758,0.0021111
0.00017582,0.80211
0.00017584,0.0021111
0.00017586,1.5631
0.00017588,1.5631
0.0001759,0.76305
0.00017592,0.76305
0.00017594,0.0021111
0.00017596,0.0021111
0.00017598,0.0021111
0.000176,-0.79789
0.00017602,-0.036946
0.00017604,0.76305
0.00017606,0.0021111
0.00017608,-0.79789
0.0001761,0.0021111
0.00017612,-0.79789
0.00017614,-0.036946
0.00017616,-1.5979
0.00017618,-1.5979
0.0001762,-0.79789
0.00017622,0.76305
0.00017624,-1.5979
0.00017626,-1.5979
0.00017628,-0.036946
0.0001763,-1.5979
0.00017632,-1.5979
0.00017634,-0.79789
0.00017636,-1.5979
0.00017638,0.0021111
0.0001764,0.0021111
0.00017642,0.76305
0.00017644,0.0021111
0.00017646,0.76305
0.00017648,0.0021111
0.0001765,0.80211
0.00017652,0.76305
0.00017654,0.76305
0.00017656,0.76305
0.00017658,0.0021111
0.0001766,0.76305
0.00017662,-0.79789
0.00017664,-0.83695
0.00017666,-0.83695
0.00017668,-1.5979
0.0001767,-1.5979
0.00017672,-1.5979
0.00017674,-0.83695
0.00017676,-1.5979
0.00017678,-0.076003
0.0001768,-0.83695
0.00017682,-1.5979
0.00017684,-0.036946
0.00017686,-0.79789
0.00017688,0.0021111
0.0001769,0.0021111
0.00017692,0.0021111
0.00017694,0.0021111
0.00017696,1.5631
0.00017698,2.3631
0.000177,1.5631
0.00017702,0.80211
0.00017704,1.5631
0.00017706,0.76305
0.00017708,0.0021111
0.0001771,0.76305
0.00017712,-0.79789
0.00017714,-1.5979
0.00017716,-0.83695
0.00017718,-2.3979
0.0001772,-2.4369
0.00017722,-2.3979
0.00017724,-2.3979
0.00017726,-0.83695
0.00017728,-0.83695
0.0001773,0.76305
0.00017732,0.76305
0.00017734,0.76305
0.00017736,0.76305
0.00017738,0.76305
0.0001774,0.76305
0.00017742,0.76305
0.00017744,0.76305
0.00017746,0.76305
0.00017748,0.76305
0.0001775,0.76305
0.00017752,0.76305
0.00017754,0.76305
0.00017756,0.76305
0.00017758,0.76305
0.0001776,0.76305
0.00017762,0.76305
