4.2138e-13,2.5184
2e-08,3.2235
4e-08,1.6868
6e-08,1.6552
8.0001e-08,2.4868
1e-07,2.4235
1.2e-07,1.5919
1.4e-07,2.297
1.6e-07,2.2021
1.8e-07,1.3072
2e-07,2.0123
2.2e-07,1.9807
2.4e-07,0.34904
2.6e-07,2.6541
2.8e-07,1.0541
3e-07,1.8225
3.2e-07,0.22251
3.4e-07,1.8541
3.6e-07,1.1807
3.8e-07,2.0756
4e-07,2.2337
4.2e-07,1.5603
4.4e-07,2.4552
4.6e-07,2.3919
4.8e-07,1.6868
5e-07,1.6868
5.2e-07,1.6868
5.4e-07,1.6868
5.6e-07,0.8868
5.8e-07,2.4235
6e-07,1.6235
6.2e-07,1.6235
6.4e-07,1.6235
6.6e-07,1.6235
6.8e-07,0.85517
7e-07,1.6235
7.2e-07,2.3919
7.4e-07,1.6235
7.6e-07,2.3919
7.8e-07,1.6235
8e-07,2.3919
8.2e-07,1.6235
8.4e-07,1.5919
8.6e-07,1.6235
8.8e-07,0.82354
9e-07,2.3919
9.2e-07,1.5919
9.4e-07,1.5919
9.6e-07,2.3919
9.8e-07,1.5919
1e-06,1.5919
1.02e-06,1.5919
1.04e-06,2.3603
1.06e-06,1.5919
1.08e-06,2.3603
1.1e-06,1.5919
1.12e-06,2.3603
1.14e-06,1.5919
1.16e-06,1.5919
1.18e-06,1.5603
1.2e-06,1.5603
1.22e-06,2.3603
1.24e-06,1.5603
1.26e-06,1.5603
1.28e-06,0.79191
1.3e-06,1.5603
1.32e-06,1.5603
1.34e-06,1.5603
1.36e-06,1.5603
1.38e-06,1.5603
1.4e-06,1.5603
1.42e-06,1.5603
1.44e-06,1.5603
1.46e-06,1.5603
1.48e-06,1.5603
1.5e-06,1.5603
1.52e-06,1.5603
1.54e-06,1.5603
1.56e-06,1.5603
1.58e-06,1.5603
1.6e-06,1.5603
1.62e-06,1.5603
1.64e-06,1.5603
1.66e-06,1.5603
1.68e-06,1.5603
1.7e-06,1.5286
1.72e-06,1.5603
1.74e-06,1.5286
1.76e-06,2.3286
1.78e-06,2.3286
1.8e-06,1.5603
1.82e-06,2.3286
1.84e-06,1.5603
1.86e-06,1.5603
1.88e-06,1.5286
1.9e-06,1.5603
1.92e-06,0.76027
1.94e-06,1.5286
1.96e-06,0.76027
1.98e-06,0.76027
2e-06,1.5286
2.02e-06,1.5286
2.04e-06,0.76027
2.06e-06,1.5286
2.08e-06,1.5286
2.1e-06,1.5286
2.12e-06,1.5286
2.14e-06,1.5286
2.16e-06,2.297
2.18e-06,1.5286
2.2e-06,2.297
2.22e-06,1.497
2.24e-06,2.297
2.26e-06,2.297
2.28e-06,0.72864
2.3e-06,1.5286
2.32e-06,3.0654
2.34e-06,1.5286
2.36e-06,1.497
2.38e-06,1.497
2.4e-06,0.72864
2.42e-06,2.297
2.44e-06,1.497
2.46e-06,1.497
2.48e-06,1.497
2.5e-06,1.497
2.52e-06,2.297
2.54e-06,1.497
2.56e-06,1.497
2.58e-06,2.2654
2.6e-06,1.497
2.62e-06,2.2654
2.64e-06,0.72864
2.66e-06,2.2654
2.68e-06,1.497
2.7e-06,1.497
2.72e-06,1.497
2.74e-06,1.497
2.76e-06,1.497
2.78e-06,1.497
2.8e-06,1.497
2.82e-06,2.2654
2.84e-06,1.497
2.86e-06,1.497
2.88e-06,1.497
2.9e-06,1.497
2.92e-06,1.497
2.94e-06,2.2654
2.96e-06,1.4654
2.98e-06,1.4654
3e-06,1.497
3.02e-06,1.497
3.04e-06,0.69701
3.06e-06,2.2337
3.08e-06,0.69701
3.1e-06,0.72864
3.12e-06,-0.80809
3.14e-06,-2.3765
3.16e-06,-1.5765
3.18e-06,-3.1448
3.2e-06,-3.1448
3.22e-06,-3.1765
3.24e-06,-0.039728
3.26e-06,4.6337
3.28e-06,6.1705
3.3e-06,-2.7244
3.32e-06,-1.2193
3.34e-06,5.9174
3.36e-06,7.4858
3.38e-06,6.6541
3.4e-06,-4.9663
3.42e-06,1.2439
3.44e-06,31.947
3.46e-06,45.009
3.48e-06,46.451
3.5e-06,39.188
3.52e-06,30.388
3.54e-06,22.546
3.56e-06,15.631
3.58e-06,5.6735
3.6e-06,-3.5469
3.62e-06,-9.5989
3.64e-06,-12.577
3.66e-06,-10.883
3.68e-06,-5.9561
3.7e-06,-0.29279
3.72e-06,1.3072
3.74e-06,3.5807
3.76e-06,6.5592
3.78e-06,9.5694
3.8e-06,12.548
3.82e-06,13.221
3.84e-06,10.758
3.86e-06,5.8633
3.88e-06,2.4735
3.9e-06,-0.75812
3.92e-06,-2.3898
3.94e-06,-7.1898
3.96e-06,-15.19
3.98e-06,-24.053
4e-06,-35.285
4.02e-06,-36.211
4.04e-06,-36.243
4.06e-06,-37.043
4.08e-06,-36.274
4.1e-06,-36.306
4.12e-06,-34.001
4.14e-06,-30.001
4.16e-06,1.2939
4.18e-06,29.357
4.2e-06,43.052
4.22e-06,43.115
4.24e-06,41.579
4.26e-06,39.274
4.28e-06,39.305
4.3e-06,36.968
4.32e-06,34.6
4.34e-06,33.768
4.36e-06,39.305
4.38e-06,-7.1265
4.4e-06,-41.59
4.42e-06,-40.085
4.44e-06,-39.348
4.46e-06,-36.274
4.48e-06,-33.201
4.5e-06,-32.433
4.52e-06,-30.896
4.54e-06,-30.896
4.56e-06,-32.433
4.58e-06,-7.6326
4.6e-06,48.431
4.62e-06,47.694
4.64e-06,47.789
4.66e-06,46.22
4.68e-06,43.147
4.7e-06,41.61
4.72e-06,42.41
4.74e-06,40.81
4.76e-06,29.61
4.78e-06,-16.021
4.8e-06,-40.053
4.82e-06,-40.085
4.84e-06,-38.58
4.86e-06,-36.274
4.88e-06,-35.506
4.9e-06,-35.506
4.92e-06,-33.969
4.94e-06,-32.433
4.96e-06,-32.433
4.98e-06,-8.4326
5e-06,43.567
5.02e-06,49.231
5.04e-06,50.831
5.06e-06,50.094
5.08e-06,50.094
5.1e-06,50.094
5.12e-06,46.957
5.14e-06,47.02
5.16e-06,32.652
5.18e-06,-4.9163
5.2e-06,-25.748
5.22e-06,-36.948
5.24e-06,-38.548
5.26e-06,-40.116
5.28e-06,-41.653
5.3e-06,-40.116
5.32e-06,-39.348
5.34e-06,-35.38
5.36e-06,-23.411
5.38e-06,-5.0428
5.4e-06,6.1572
5.42e-06,14.862
5.44e-06,20.367
5.46e-06,24.304
5.48e-06,27.441
5.5e-06,29.041
5.52e-06,26.704
5.54e-06,25.904
5.56e-06,22.704
5.58e-06,19.536
5.6e-06,16.399
5.62e-06,12.494
5.64e-06,6.9888
5.66e-06,3.0204
5.68e-06,-1.7479
5.7e-06,-7.3479
5.72e-06,-10.548
5.74e-06,-12.116
5.76e-06,-12.916
5.78e-06,-11.38
5.8e-06,-12.98
5.82e-06,-11.443
5.84e-06,-7.4745
5.86e-06,-4.2745
5.88e-06,-1.1061
5.9e-06,-2.7377
5.92e-06,-7.5694
5.94e-06,-14.833
5.96e-06,-22.033
5.98e-06,-26.864
6e-06,-29.233
6.02e-06,-29.264
6.04e-06,-30.064
6.06e-06,-29.296
6.08e-06,-26.833
6.1e-06,-3.6326
6.12e-06,17.231
6.14e-06,41.262
6.16e-06,48.494
6.18e-06,49.326
6.2e-06,47.789
6.22e-06,47.02
6.24e-06,46.252
6.26e-06,45.452
6.28e-06,45.484
6.3e-06,32.652
6.32e-06,-18.548
6.34e-06,-36.18
6.36e-06,-37.78
6.38e-06,-37.811
6.4e-06,-37.043
6.42e-06,-35.506
6.44e-06,-33.969
6.46e-06,-33.969
6.48e-06,-33.201
6.5e-06,-32.433
6.52e-06,-9.2326
6.54e-06,49.967
6.56e-06,50.767
6.58e-06,52.399
6.6e-06,51.631
6.62e-06,50.862
6.64e-06,50.094
6.66e-06,48.494
6.68e-06,50.894
6.7e-06,32.557
6.72e-06,-21.811
6.74e-06,-35.411
6.76e-06,-37.011
6.78e-06,-37.811
6.8e-06,-37.811
6.82e-06,-37.043
6.84e-06,-37.043
6.86e-06,-37.043
6.88e-06,-36.274
6.9e-06,-33.106
6.92e-06,11.694
6.94e-06,43.694
6.96e-06,49.262
6.98e-06,51.631
7e-06,50.862
7.02e-06,52.431
7.04e-06,52.399
7.06e-06,52.399
7.08e-06,45.231
7.1e-06,27.631
7.12e-06,-3.5694
7.14e-06,-25.138
7.16e-06,-33.106
7.18e-06,-34.706
7.2e-06,-35.506
7.22e-06,-36.274
7.24e-06,-37.043
7.26e-06,-37.043
7.28e-06,-34.643
7.3e-06,-31.443
7.32e-06,-12.274
7.34e-06,2.1255
7.36e-06,11.694
7.38e-06,19.694
7.4e-06,25.294
7.42e-06,30.894
7.44e-06,35.631
7.46e-06,37.231
7.48e-06,37.167
7.5e-06,32.399
7.52e-06,27.599
7.54e-06,21.999
7.56e-06,16.431
7.58e-06,9.2306
7.6e-06,0.46228
7.62e-06,-8.3377
7.64e-06,-17.874
7.66e-06,-23.474
7.68e-06,-25.843
7.7e-06,-25.843
7.72e-06,-25.011
7.74e-06,-22.643
7.76e-06,-18.611
7.78e-06,-13.011
7.8e-06,-5.8112
7.82e-06,1.3572
7.84e-06,4.5572
7.86e-06,2.9255
7.88e-06,-1.9061
7.9e-06,-8.3061
7.92e-06,-13.106
7.94e-06,-15.569
7.96e-06,-19.601
7.98e-06,-22.001
8e-06,-21.233
8.02e-06,-15.601
8.04e-06,-3.601
8.06e-06,15.567
8.08e-06,34.031
8.1e-06,48.431
8.12e-06,51.631
8.14e-06,50.862
8.16e-06,50.094
8.18e-06,50.094
8.2e-06,50.126
8.22e-06,39.726
8.24e-06,8.5255
8.26e-06,-23.474
8.28e-06,-34.674
8.3e-06,-35.474
8.32e-06,-35.474
8.34e-06,-35.506
8.36e-06,-35.506
8.38e-06,-36.274
8.4e-06,-35.506
8.42e-06,-33.969
8.44e-06,-30.769
8.46e-06,24.431
8.48e-06,49.231
8.5e-06,50.831
8.52e-06,51.631
8.54e-06,51.631
8.56e-06,53.199
8.58e-06,52.399
8.6e-06,50.831
8.62e-06,48.494
8.64e-06,9.2939
8.66e-06,-25.906
8.68e-06,-34.674
8.7e-06,-35.474
8.72e-06,-36.274
8.74e-06,-37.043
8.76e-06,-36.274
8.78e-06,-37.043
8.8e-06,-36.274
8.82e-06,-36.274
8.84e-06,-27.474
8.86e-06,22.894
8.88e-06,45.326
8.9e-06,48.526
8.92e-06,50.094
8.94e-06,50.894
8.96e-06,51.662
8.98e-06,51.631
9e-06,51.662
9.02e-06,42.062
9.04e-06,14.894
9.06e-06,-8.3377
9.08e-06,-27.569
9.1e-06,-32.338
9.12e-06,-33.938
9.14e-06,-35.506
9.16e-06,-35.506
9.18e-06,-36.274
9.2e-06,-35.506
9.22e-06,-33.074
9.24e-06,-27.474
9.26e-06,-5.0428
9.28e-06,8.5572
9.3e-06,22.926
9.32e-06,30.126
9.34e-06,34.926
9.36e-06,37.326
9.38e-06,37.357
9.4e-06,34.957
9.42e-06,30.894
9.44e-06,22.926
9.46e-06,14.894
9.48e-06,7.6939
9.5e-06,1.2939
9.52e-06,-6.7061
9.54e-06,-11.538
9.56e-06,-17.906
9.58e-06,-21.906
9.6e-06,-21.938
9.62e-06,-21.106
9.64e-06,-17.906
9.66e-06,-13.106
9.68e-06,-9.9061
9.7e-06,-5.1061
9.72e-06,-0.30609
9.74e-06,3.6939
9.76e-06,7.6939
9.78e-06,6.9255
9.8e-06,2.9255
9.82e-06,-3.5061
9.84e-06,-10.706
9.86e-06,-17.843
9.88e-06,-21.074
9.9e-06,-22.706
9.92e-06,-24.243
9.94e-06,-22.706
9.96e-06,-16.306
9.98e-06,-3.5061
1e-05,13.294
1.002e-05,30.126
1.004e-05,45.294
1.006e-05,48.494
1.008e-05,50.094
1.01e-05,50.094
1.012e-05,49.294
1.014e-05,46.894
1.016e-05,24.494
1.018e-05,3.6939
1.02e-05,-24.306
1.022e-05,-33.906
1.024e-05,-33.906
1.026e-05,-34.706
1.028e-05,-35.506
1.03e-05,-35.506
1.032e-05,-35.506
1.034e-05,-36.274
1.036e-05,-36.274
1.038e-05,-27.506
1.04e-05,25.326
1.042e-05,46.894
1.044e-05,50.094
1.046e-05,50.894
1.048e-05,50.894
1.05e-05,50.126
1.052e-05,50.126
1.054e-05,50.094
1.056e-05,42.094
1.058e-05,4.5255
1.06e-05,-25.106
1.062e-05,-33.106
1.064e-05,-35.474
1.066e-05,-34.706
1.068e-05,-35.506
1.07e-05,-35.506
1.072e-05,-35.506
1.074e-05,-35.506
1.076e-05,-35.506
1.078e-05,-21.906
1.08e-05,22.094
1.082e-05,42.894
1.084e-05,49.294
1.086e-05,49.326
1.088e-05,49.326
1.09e-05,50.894
1.092e-05,50.894
1.094e-05,46.094
1.096e-05,38.094
1.098e-05,8.4939
1.1e-05,-12.306
1.102e-05,-30.674
1.104e-05,-33.106
1.106e-05,-34.706
1.108e-05,-35.506
1.11e-05,-35.506
1.112e-05,-35.506
1.114e-05,-33.906
1.116e-05,-32.306
1.118e-05,-19.506
1.12e-05,4.4939
1.122e-05,18.094
1.124e-05,28.494
1.126e-05,34.094
1.128e-05,35.694
1.13e-05,36.494
1.132e-05,33.294
1.134e-05,28.494
1.136e-05,20.526
1.138e-05,13.294
1.14e-05,5.2939
1.142e-05,-1.9061
1.144e-05,-7.4745
1.146e-05,-9.9061
1.148e-05,-13.106
1.15e-05,-15.506
1.152e-05,-16.306
1.154e-05,-14.706
1.156e-05,-11.506
1.158e-05,-7.5061
1.16e-05,-3.5061
1.162e-05,-1.8745
1.164e-05,-0.30609
1.166e-05,0.49391
1.168e-05,2.8939
1.17e-05,3.6939
1.172e-05,2.8939
1.174e-05,-1.9061
1.176e-05,-7.5061
1.178e-05,-13.106
1.18e-05,-17.106
1.182e-05,-18.674
1.184e-05,-17.906
1.186e-05,-17.106
1.188e-05,-15.474
1.19e-05,-9.0745
1.192e-05,2.8939
1.194e-05,14.894
1.196e-05,29.294
1.198e-05,41.294
1.2e-05,45.326
1.202e-05,46.126
1.204e-05,46.894
1.206e-05,45.294
1.208e-05,34.094
1.21e-05,18.094
1.212e-05,0.49391
1.214e-05,-23.474
1.216e-05,-33.106
1.218e-05,-34.706
1.22e-05,-34.706
1.222e-05,-35.506
1.224e-05,-35.506
1.226e-05,-35.506
1.228e-05,-35.506
1.23e-05,-35.506
1.232e-05,-22.674
1.234e-05,22.894
1.236e-05,42.926
1.238e-05,48.526
1.24e-05,49.326
1.242e-05,50.126
1.244e-05,50.126
1.246e-05,50.126
1.248e-05,50.894
1.25e-05,38.926
1.252e-05,5.3255
1.254e-05,-18.674
1.256e-05,-33.074
1.258e-05,-33.906
1.26e-05,-35.474
1.262e-05,-35.506
1.264e-05,-36.274
1.266e-05,-37.043
1.268e-05,-36.274
1.27e-05,-33.906
1.272e-05,-20.274
1.274e-05,16.526
1.276e-05,35.694
1.278e-05,46.926
1.28e-05,49.326
1.282e-05,49.326
1.284e-05,50.126
1.286e-05,45.326
1.288e-05,42.126
1.29e-05,18.926
1.292e-05,3.7255
1.294e-05,-14.674
1.296e-05,-30.674
1.298e-05,-33.874
1.3e-05,-34.674
1.302e-05,-35.506
1.304e-05,-35.474
1.306e-05,-34.674
1.308e-05,-33.843
1.31e-05,-24.306
1.312e-05,-1.1061
1.314e-05,10.894
1.316e-05,23.694
1.318e-05,31.726
1.32e-05,34.926
1.322e-05,33.326
1.324e-05,31.694
1.326e-05,26.126
1.328e-05,19.694
1.33e-05,10.926
1.332e-05,2.1572
1.334e-05,-5.8428
1.336e-05,-10.674
1.338e-05,-13.874
1.34e-05,-14.674
1.342e-05,-14.674
1.344e-05,-13.874
1.346e-05,-11.474
1.348e-05,-7.5061
1.35e-05,-4.3061
1.352e-05,0.49391
1.354e-05,2.1255
1.356e-05,3.7255
1.358e-05,2.9255
1.36e-05,1.3572
1.362e-05,2.1255
1.364e-05,2.0939
1.366e-05,-1.8428
1.368e-05,-4.2745
1.37e-05,-9.0745
1.372e-05,-13.074
1.374e-05,-15.474
1.376e-05,-16.243
1.378e-05,-14.674
1.38e-05,-12.274
1.382e-05,-10.643
1.384e-05,-5.8428
1.386e-05,2.1572
1.388e-05,11.726
1.39e-05,23.726
1.392e-05,30.957
1.394e-05,36.526
1.396e-05,37.357
1.398e-05,35.757
1.4e-05,32.526
1.402e-05,25.326
1.404e-05,14.126
1.406e-05,-1.0428
1.408e-05,-17.074
1.41e-05,-32.243
1.412e-05,-33.106
1.414e-05,-33.906
1.416e-05,-36.243
1.418e-05,-35.474
1.42e-05,-36.274
1.422e-05,-36.274
1.424e-05,-32.306
1.426e-05,-14.643
1.428e-05,15.726
1.43e-05,32.557
1.432e-05,45.357
1.434e-05,47.757
1.436e-05,49.326
1.438e-05,49.357
1.44e-05,48.557
1.442e-05,46.126
1.444e-05,25.294
1.446e-05,4.5572
1.448e-05,-14.643
1.45e-05,-29.874
1.452e-05,-34.643
1.454e-05,-35.474
1.456e-05,-35.474
1.458e-05,-36.274
1.46e-05,-36.274
1.462e-05,-36.274
1.464e-05,-31.474
1.466e-05,-13.874
1.468e-05,12.526
1.47e-05,30.094
1.472e-05,43.694
1.474e-05,46.926
1.476e-05,49.326
1.478e-05,49.326
1.48e-05,44.557
1.482e-05,30.126
1.484e-05,14.926
1.486e-05,1.3255
1.488e-05,-14.674
1.49e-05,-29.043
1.492e-05,-33.843
1.494e-05,-35.443
1.496e-05,-35.474
1.498e-05,-35.443
1.5e-05,-34.674
1.502e-05,-28.274
1.504e-05,-9.8428
1.506e-05,2.9255
1.508e-05,13.357
1.51e-05,23.757
1.512e-05,30.157
1.514e-05,31.757
1.516e-05,30.126
1.518e-05,24.557
1.52e-05,18.157
1.522e-05,10.957
1.524e-05,5.3255
1.526e-05,-3.4428
1.528e-05,-9.8428
1.53e-05,-13.843
1.532e-05,-15.443
1.534e-05,-13.874
1.536e-05,-11.474
1.538e-05,-10.643
1.54e-05,-6.6745
1.542e-05,-3.4745
1.544e-05,-1.8428
1.546e-05,1.3572
1.548e-05,3.7255
1.55e-05,2.9572
1.552e-05,1.3572
1.554e-05,0.52554
1.556e-05,-1.0428
1.558e-05,-1.8428
1.56e-05,-1.8745
1.562e-05,-4.2745
1.564e-05,-6.6428
1.566e-05,-9.0745
1.568e-05,-11.443
1.57e-05,-11.443
1.572e-05,-9.8428
1.574e-05,-8.2428
1.576e-05,-5.0745
1.578e-05,-3.4428
1.58e-05,0.55718
1.582e-05,6.1572
1.584e-05,14.926
1.586e-05,22.126
1.588e-05,25.357
1.59e-05,26.157
1.592e-05,25.357
1.594e-05,22.957
1.596e-05,18.926
1.598e-05,11.726
1.6e-05,3.7255
1.602e-05,-10.643
1.604e-05,-22.643
1.606e-05,-31.474
1.608e-05,-34.643
1.61e-05,-34.674
1.612e-05,-35.443
1.614e-05,-35.474
1.616e-05,-36.243
1.618e-05,-29.843
1.62e-05,-9.0428
1.622e-05,7.7572
1.624e-05,22.957
1.626e-05,36.526
1.628e-05,44.557
1.63e-05,46.157
1.632e-05,47.757
1.634e-05,48.526
1.636e-05,42.157
1.638e-05,22.957
1.64e-05,7.7572
1.642e-05,-9.0428
1.644e-05,-23.474
1.646e-05,-33.043
1.648e-05,-35.443
1.65e-05,-36.243
1.652e-05,-37.043
1.654e-05,-36.274
1.656e-05,-35.443
1.658e-05,-30.643
1.66e-05,-5.8428
1.662e-05,10.157
1.664e-05,25.357
1.666e-05,38.957
1.668e-05,46.126
1.67e-05,46.957
1.672e-05,46.957
1.674e-05,42.957
1.676e-05,26.926
1.678e-05,13.326
1.68e-05,-0.24282
1.682e-05,-16.243
1.684e-05,-28.243
1.686e-05,-33.843
1.688e-05,-35.443
1.69e-05,-35.443
1.692e-05,-36.243
1.694e-05,-33.843
1.696e-05,-24.274
1.698e-05,-5.8745
1.7e-05,4.5572
1.702e-05,15.757
1.704e-05,24.557
1.706e-05,30.957
1.708e-05,30.957
1.71e-05,29.326
1.712e-05,22.957
1.714e-05,16.526
1.716e-05,8.5572
1.718e-05,1.3572
1.72e-05,-5.0428
1.722e-05,-9.8428
1.724e-05,-14.643
1.726e-05,-14.643
1.728e-05,-12.274
1.73e-05,-9.0745
1.732e-05,-8.2428
1.734e-05,-4.2428
1.736e-05,-1.8428
1.738e-05,0.55718
1.74e-05,2.1255
1.742e-05,3.7255
1.744e-05,3.7255
1.746e-05,-0.24282
1.748e-05,-1.8428
1.75e-05,-3.4428
1.752e-05,-4.2428
1.754e-05,-2.6745
1.756e-05,-4.2428
1.758e-05,-5.0112
1.76e-05,-5.8428
1.762e-05,-6.6428
1.764e-05,-5.8428
1.766e-05,-3.4428
1.768e-05,-1.0428
1.77e-05,-0.24282
1.772e-05,0.52554
1.774e-05,1.3572
1.776e-05,3.7572
1.778e-05,7.7888
1.78e-05,13.357
1.782e-05,16.557
1.784e-05,17.357
1.786e-05,16.557
1.788e-05,14.157
1.79e-05,12.557
1.792e-05,8.5572
1.794e-05,3.7572
1.796e-05,-6.6428
1.798e-05,-15.443
1.8e-05,-24.274
1.802e-05,-30.643
1.804e-05,-32.243
1.806e-05,-33.843
1.808e-05,-33.843
1.81e-05,-31.443
1.812e-05,-21.843
1.814e-05,-9.0745
1.816e-05,4.5572
1.818e-05,16.557
1.82e-05,26.989
1.822e-05,36.557
1.824e-05,42.157
1.826e-05,43.757
1.828e-05,42.157
1.83e-05,35.757
1.832e-05,22.957
1.834e-05,8.5572
1.836e-05,-5.0428
1.838e-05,-19.443
1.84e-05,-29.874
1.842e-05,-33.843
1.844e-05,-36.243
1.846e-05,-36.243
1.848e-05,-36.243
1.85e-05,-36.243
1.852e-05,-29.043
1.854e-05,-5.8428
1.856e-05,7.7572
1.858e-05,22.926
1.86e-05,34.157
1.862e-05,42.157
1.864e-05,45.357
1.866e-05,45.357
1.868e-05,37.357
1.87e-05,25.357
1.872e-05,12.557
1.874e-05,-0.24282
1.876e-05,-13.843
1.878e-05,-25.043
1.88e-05,-32.243
1.882e-05,-33.843
1.884e-05,-35.443
1.886e-05,-35.443
1.888e-05,-30.643
1.89e-05,-17.843
1.892e-05,-5.8428
1.894e-05,5.3255
1.896e-05,14.157
1.898e-05,22.157
1.9e-05,27.757
1.902e-05,26.989
1.904e-05,25.357
1.906e-05,20.526
1.908e-05,13.357
1.91e-05,7.7572
1.912e-05,1.3572
1.914e-05,-4.2428
1.916e-05,-9.0112
1.918e-05,-11.443
1.92e-05,-11.443
1.922e-05,-9.8428
1.924e-05,-6.6428
1.926e-05,-4.2428
1.928e-05,-1.8428
1.93e-05,-0.24282
1.932e-05,-0.24282
1.934e-05,-0.24282
1.936e-05,0.55718
1.938e-05,-0.24282
1.94e-05,-2.6428
1.942e-05,-5.0428
1.944e-05,-6.6428
1.946e-05,-5.8428
1.948e-05,-5.0428
1.95e-05,-2.6428
1.952e-05,-1.8428
1.954e-05,-1.8428
1.956e-05,-1.8428
1.958e-05,-0.24282
1.96e-05,1.3572
1.962e-05,2.9572
1.964e-05,3.7572
1.966e-05,2.9572
1.968e-05,2.1572
1.97e-05,2.1572
1.972e-05,5.3572
1.974e-05,8.5572
1.976e-05,11.757
1.978e-05,12.557
1.98e-05,10.957
1.982e-05,10.157
1.984e-05,9.3572
1.986e-05,7.7572
1.988e-05,4.5572
1.99e-05,-1.8428
1.992e-05,-9.8428
1.994e-05,-18.643
1.996e-05,-25.011
1.998e-05,-27.443
2e-05,-29.043
2.002e-05,-29.811
2.004e-05,-28.211
2.006e-05,-22.643
2.008e-05,-12.243
2.01e-05,-0.24282
2.012e-05,11.757
2.014e-05,22.957
2.016e-05,30.957
2.018e-05,37.357
2.02e-05,41.357
2.022e-05,41.357
2.024e-05,35.757
2.026e-05,26.157
2.028e-05,12.557
2.03e-05,-0.24282
2.032e-05,-14.643
2.034e-05,-25.843
2.036e-05,-33.843
2.038e-05,-34.643
2.04e-05,-35.443
2.042e-05,-36.243
2.044e-05,-37.011
2.046e-05,-30.643
2.048e-05,-9.8428
2.05e-05,3.7888
2.052e-05,18.157
2.054e-05,29.357
2.056e-05,38.157
2.058e-05,42.957
2.06e-05,43.757
2.062e-05,36.557
2.064e-05,26.157
2.066e-05,12.589
2.068e-05,1.3888
2.07e-05,-10.643
2.072e-05,-21.043
2.074e-05,-29.843
2.076e-05,-33.043
2.078e-05,-33.843
2.08e-05,-33.043
2.082e-05,-27.443
2.084e-05,-15.411
2.086e-05,-5.0428
2.088e-05,4.5572
2.09e-05,12.557
2.092e-05,18.957
2.094e-05,23.757
2.096e-05,24.557
2.098e-05,21.357
2.1e-05,15.757
2.102e-05,9.3572
2.104e-05,3.7888
2.106e-05,-1.0428
2.108e-05,-5.0428
2.11e-05,-8.2428
2.112e-05,-9.8428
2.114e-05,-9.8112
2.116e-05,-6.6428
2.118e-05,-2.6428
2.12e-05,0.55718
2.122e-05,2.1572
2.124e-05,2.1888
2.126e-05,2.9572
2.128e-05,1.3572
2.13e-05,0.58881
2.132e-05,-1.0428
2.134e-05,-5.8112
2.136e-05,-8.2112
2.138e-05,-9.0428
2.14e-05,-9.8112
2.142e-05,-8.2112
2.144e-05,-5.0428
2.146e-05,-2.6112
2.148e-05,-2.6112
2.15e-05,-1.0428
2.152e-05,0.55718
2.154e-05,3.7572
2.156e-05,6.1572
2.158e-05,6.1572
2.16e-05,5.3572
2.162e-05,2.9572
2.164e-05,2.1572
2.166e-05,2.9888
2.168e-05,6.1888
2.17e-05,7.7888
2.172e-05,9.3572
2.174e-05,7.7888
2.176e-05,7.7572
2.178e-05,6.9888
2.18e-05,7.7572
2.182e-05,5.3572
2.184e-05,1.3572
2.186e-05,-6.6112
2.188e-05,-13.843
2.19e-05,-18.643
2.192e-05,-23.411
2.194e-05,-24.243
2.196e-05,-26.611
2.198e-05,-25.043
2.2e-05,-21.843
2.202e-05,-15.411
2.204e-05,-3.4428
2.206e-05,7.7572
2.208e-05,17.389
2.21e-05,25.389
2.212e-05,31.789
2.214e-05,35.789
2.216e-05,37.389
2.218e-05,35.757
2.22e-05,27.757
2.222e-05,15.757
2.224e-05,2.9888
2.226e-05,-9.8112
2.228e-05,-21.78
2.23e-05,-30.611
2.232e-05,-34.611
2.234e-05,-35.411
2.236e-05,-36.211
2.238e-05,-34.643
2.24e-05,-30.611
2.242e-05,-12.211
2.244e-05,0.58881
2.246e-05,11.789
2.248e-05,22.989
2.25e-05,31.789
2.252e-05,36.589
2.254e-05,38.957
2.256e-05,33.389
2.258e-05,25.357
2.26e-05,14.157
2.262e-05,3.7888
2.264e-05,-7.4112
2.266e-05,-17.011
2.268e-05,-24.243
2.27e-05,-28.243
2.272e-05,-29.843
2.274e-05,-27.443
2.276e-05,-21.043
2.278e-05,-12.211
2.28e-05,-5.0112
2.282e-05,3.7888
2.284e-05,9.3888
2.286e-05,14.189
2.288e-05,18.957
2.29e-05,18.989
2.292e-05,16.557
2.294e-05,11.757
2.296e-05,6.1888
2.298e-05,2.1572
2.3e-05,-3.4112
2.302e-05,-5.0428
2.304e-05,-7.4112
2.306e-05,-8.2112
2.308e-05,-6.6112
2.31e-05,-3.4428
2.312e-05,0.58881
2.314e-05,3.7888
2.316e-05,4.5888
2.318e-05,5.3888
2.32e-05,4.5572
2.322e-05,2.1888
2.324e-05,0.58881
2.326e-05,-0.24282
2.328e-05,-4.2112
2.33e-05,-6.6428
2.332e-05,-9.8112
2.334e-05,-9.8112
2.336e-05,-8.2112
2.338e-05,-5.8112
2.34e-05,-2.6112
2.342e-05,-0.24282
2.344e-05,-0.21119
2.346e-05,0.58881
2.348e-05,2.9572
2.35e-05,5.3888
2.352e-05,4.5888
2.354e-05,3.7888
2.356e-05,0.58881
2.358e-05,-0.21119
2.36e-05,0.58881
2.362e-05,3.7888
2.364e-05,6.1888
2.366e-05,6.9888
2.368e-05,6.9888
2.37e-05,8.5572
2.372e-05,7.7888
2.374e-05,8.5888
2.376e-05,7.7888
2.378e-05,5.3888
2.38e-05,-1.8112
2.382e-05,-9.0112
2.384e-05,-15.411
2.386e-05,-19.411
2.388e-05,-22.611
2.39e-05,-25.011
2.392e-05,-25.811
2.394e-05,-24.211
2.396e-05,-18.611
2.398e-05,-9.0428
2.4e-05,1.3888
2.402e-05,10.989
2.404e-05,19.789
2.406e-05,26.189
2.408e-05,31.789
2.41e-05,35.757
2.412e-05,34.189
2.414e-05,29.357
2.416e-05,18.189
2.418e-05,6.9888
2.42e-05,-4.2112
2.422e-05,-14.611
2.424e-05,-23.411
2.426e-05,-32.211
2.428e-05,-34.611
2.43e-05,-34.611
2.432e-05,-34.611
2.434e-05,-29.811
2.436e-05,-13.811
2.438e-05,-1.8112
2.44e-05,7.7888
2.442e-05,18.189
2.444e-05,25.389
2.446e-05,30.989
2.448e-05,32.589
2.45e-05,30.189
2.452e-05,22.189
2.454e-05,11.789
2.456e-05,3.7572
2.458e-05,-5.8112
2.46e-05,-13.811
2.462e-05,-20.211
2.464e-05,-25.011
2.466e-05,-25.811
2.468e-05,-23.443
2.47e-05,-17.011
2.472e-05,-9.0112
2.474e-05,-1.8112
2.476e-05,5.3888
2.478e-05,10.189
2.48e-05,14.189
2.482e-05,15.789
2.484e-05,15.789
2.486e-05,13.389
2.488e-05,7.7888
2.49e-05,3.7888
2.492e-05,-1.8112
2.494e-05,-4.2428
2.496e-05,-8.2112
2.498e-05,-9.0112
2.5e-05,-9.0112
2.502e-05,-7.4112
2.504e-05,-5.0112
2.506e-05,0.58881
2.508e-05,3.7888
2.51e-05,6.1888
2.512e-05,6.1888
2.514e-05,6.1888
2.516e-05,4.5888
2.518e-05,2.9888
2.52e-05,0.58881
2.522e-05,-2.6112
2.524e-05,-6.6112
2.526e-05,-9.0112
2.528e-05,-9.0112
2.53e-05,-7.4112
2.532e-05,-5.7796
2.534e-05,-2.6112
2.536e-05,-0.21119
2.538e-05,-0.21119
2.54e-05,0.58881
2.542e-05,2.1888
2.544e-05,3.0204
2.546e-05,3.0204
2.548e-05,2.1888
2.55e-05,-0.97956
2.552e-05,-2.6112
2.554e-05,-2.5796
2.556e-05,0.58881
2.558e-05,3.0204
2.56e-05,6.1888
2.562e-05,6.1888
2.564e-05,6.9888
2.566e-05,7.0204
2.568e-05,9.3888
2.57e-05,10.189
2.572e-05,7.7888
2.574e-05,2.9888
2.576e-05,-4.9796
2.578e-05,-9.0112
2.58e-05,-14.611
2.582e-05,-18.611
2.584e-05,-21.811
2.586e-05,-23.411
2.588e-05,-24.18
2.59e-05,-19.411
2.592e-05,-12.211
2.594e-05,-2.6112
2.596e-05,6.2204
2.598e-05,13.42
2.6e-05,20.62
2.602e-05,25.42
2.604e-05,30.189
2.606e-05,30.989
2.608e-05,27.789
2.61e-05,19.02
2.612e-05,9.3888
2.614e-05,-0.21119
2.616e-05,-10.611
2.618e-05,-18.611
2.62e-05,-25.011
2.622e-05,-32.18
2.624e-05,-32.98
2.626e-05,-31.411
2.628e-05,-23.411
2.63e-05,-13.811
2.632e-05,-3.4112
2.634e-05,6.1888
2.636e-05,13.42
2.638e-05,20.62
2.64e-05,25.389
2.642e-05,28.589
2.644e-05,24.62
2.646e-05,19.02
2.648e-05,9.4204
2.65e-05,2.2204
2.652e-05,-5.8112
2.654e-05,-12.98
2.656e-05,-17.78
2.658e-05,-20.211
2.66e-05,-22.58
2.662e-05,-19.411
2.664e-05,-15.38
2.666e-05,-7.4112
2.668e-05,0.58881
2.67e-05,6.1888
2.672e-05,9.3888
2.674e-05,13.389
2.676e-05,14.22
2.678e-05,14.189
2.68e-05,12.589
2.682e-05,7.7888
2.684e-05,2.9888
2.686e-05,-2.5796
2.688e-05,-5.0112
2.69e-05,-6.6112
2.692e-05,-8.2112
2.694e-05,-8.2112
2.696e-05,-7.3796
2.698e-05,-4.9796
2.7e-05,-0.97956
2.702e-05,3.0204
2.704e-05,4.6204
2.706e-05,5.4204
2.708e-05,3.0204
2.71e-05,1.4204
2.712e-05,0.58881
2.714e-05,-0.97956
2.716e-05,-2.6112
2.718e-05,-5.0112
2.72e-05,-7.4112
2.722e-05,-7.3796
2.724e-05,-5.7796
2.726e-05,-2.6112
2.728e-05,0.58881
2.73e-05,2.1888
2.732e-05,2.2204
2.734e-05,2.1888
2.736e-05,3.0204
2.738e-05,3.7888
2.74e-05,3.7888
2.742e-05,0.58881
2.744e-05,-2.5796
2.746e-05,-5.0112
2.748e-05,-5.8112
2.75e-05,-4.1796
2.752e-05,-0.21119
2.754e-05,1.4204
2.756e-05,3.0204
2.758e-05,4.6204
2.76e-05,6.2204
2.762e-05,7.8204
2.764e-05,9.4204
2.766e-05,9.4204
2.768e-05,6.2204
2.77e-05,0.58881
2.772e-05,-6.5796
2.774e-05,-9.7796
2.776e-05,-13.011
2.778e-05,-17.78
2.78e-05,-20.18
2.782e-05,-20.98
2.784e-05,-18.611
2.786e-05,-13.78
2.788e-05,-5.7796
2.79e-05,3.7888
2.792e-05,10.989
2.794e-05,16.62
2.796e-05,21.42
2.798e-05,25.42
2.8e-05,27.789
2.802e-05,24.62
2.804e-05,18.989
2.806e-05,8.6204
2.808e-05,-0.17956
2.81e-05,-9.7796
2.812e-05,-16.18
2.814e-05,-21.811
2.816e-05,-26.611
2.818e-05,-29.78
2.82e-05,-28.98
2.822e-05,-22.58
2.824e-05,-12.211
2.826e-05,-2.6112
2.828e-05,6.2204
2.83e-05,12.62
2.832e-05,19.789
2.834e-05,23.789
2.836e-05,25.389
2.838e-05,23.82
2.84e-05,17.42
2.842e-05,9.4204
2.844e-05,1.4204
2.846e-05,-5.7796
2.848e-05,-12.18
2.85e-05,-16.211
2.852e-05,-20.18
2.854e-05,-20.98
2.856e-05,-20.18
2.858e-05,-15.38
2.86e-05,-8.1796
2.862e-05,-0.97956
2.864e-05,4.6204
2.866e-05,8.6204
2.868e-05,12.589
2.87e-05,13.42
2.872e-05,13.42
2.874e-05,11.82
2.876e-05,7.7888
2.878e-05,3.0204
2.88e-05,-1.7796
2.882e-05,-3.3796
2.884e-05,-5.8112
2.886e-05,-7.3796
2.888e-05,-8.1796
2.89e-05,-6.5796
2.892e-05,-4.9796
2.894e-05,-0.21119
2.896e-05,1.4204
2.898e-05,3.8204
2.9e-05,4.6204
2.902e-05,3.0204
2.904e-05,1.4204
2.906e-05,-0.17956
2.908e-05,-1.0112
2.91e-05,-3.3796
2.912e-05,-5.0112
2.914e-05,-7.3796
2.916e-05,-7.3796
2.918e-05,-4.9796
2.92e-05,-2.5796
2.922e-05,0.62044
2.924e-05,3.0204
2.926e-05,3.8204
2.928e-05,3.8204
2.93e-05,4.6204
2.932e-05,4.6204
2.934e-05,4.6204
2.936e-05,1.4204
2.938e-05,-0.97956
2.94e-05,-4.9796
2.942e-05,-5.8112
2.944e-05,-5.7796
2.946e-05,-3.3796
2.948e-05,-0.97956
2.95e-05,-0.17956
2.952e-05,1.4204
2.954e-05,4.5888
2.956e-05,6.2204
2.958e-05,8.6204
2.96e-05,8.6204
2.962e-05,6.2204
2.964e-05,1.4204
2.966e-05,-3.3796
2.968e-05,-5.8112
2.97e-05,-10.58
2.972e-05,-13.78
2.974e-05,-16.18
2.976e-05,-17.811
2.978e-05,-16.211
2.98e-05,-12.98
2.982e-05,-5.0112
2.984e-05,1.4204
2.986e-05,7.0204
2.988e-05,13.42
2.99e-05,18.22
2.992e-05,21.42
2.994e-05,23.02
2.996e-05,22.189
2.998e-05,16.62
3e-05,8.6204
3.002e-05,0.62044
3.004e-05,-7.3796
3.006e-05,-13.78
3.008e-05,-20.18
3.01e-05,-24.98
3.012e-05,-26.58
3.014e-05,-25.78
3.016e-05,-20.98
3.018e-05,-12.98
3.02e-05,-4.1796
3.022e-05,4.6204
3.024e-05,11.02
3.026e-05,17.42
3.028e-05,21.42
3.03e-05,24.589
3.032e-05,23.02
3.034e-05,18.22
3.036e-05,11.02
3.038e-05,3.8204
3.04e-05,-3.3796
3.042e-05,-9.7796
3.044e-05,-13.011
3.046e-05,-17.78
3.048e-05,-19.38
3.05e-05,-18.58
3.052e-05,-15.38
3.054e-05,-8.9796
3.056e-05,-2.5796
3.058e-05,2.2204
3.06e-05,6.2204
3.062e-05,8.6204
3.064e-05,10.22
3.066e-05,11.02
3.068e-05,10.22
3.07e-05,6.2204
3.072e-05,4.5888
3.074e-05,-0.17956
3.076e-05,-1.7796
3.078e-05,-3.3796
3.08e-05,-4.1796
3.082e-05,-4.1796
3.084e-05,-2.6112
3.086e-05,-1.7796
3.088e-05,0.58881
3.09e-05,3.0204
3.092e-05,3.8204
3.094e-05,4.6204
3.096e-05,1.4204
3.098e-05,-0.17956
3.1e-05,-1.7796
3.102e-05,-4.1796
3.104e-05,-4.9796
3.106e-05,-7.3796
3.108e-05,-8.9796
3.11e-05,-8.1796
3.112e-05,-6.5796
3.114e-05,-3.3796
3.116e-05,0.62044
3.118e-05,3.0204
3.12e-05,4.6204
3.122e-05,5.4204
3.124e-05,6.2204
3.126e-05,6.2204
3.128e-05,5.4204
3.13e-05,3.8204
3.132e-05,-0.17956
3.134e-05,-3.3796
3.136e-05,-4.9796
3.138e-05,-5.0112
3.14e-05,-3.3796
3.142e-05,-1.7796
3.144e-05,-0.17956
3.146e-05,0.62044
3.148e-05,2.2204
3.15e-05,4.6204
3.152e-05,6.2204
3.154e-05,7.8204
3.156e-05,6.2204
3.158e-05,3.0204
3.16e-05,-2.5796
3.162e-05,-5.7796
3.164e-05,-9.7796
3.166e-05,-12.18
3.168e-05,-14.58
3.17e-05,-16.18
3.172e-05,-16.18
3.174e-05,-12.98
3.176e-05,-6.5796
3.178e-05,1.4204
3.18e-05,7.0204
3.182e-05,12.62
3.184e-05,17.42
3.186e-05,20.62
3.188e-05,22.22
3.19e-05,22.22
3.192e-05,17.42
3.194e-05,10.22
3.196e-05,3.0204
3.198e-05,-6.5796
3.2e-05,-12.98
3.202e-05,-18.58
3.204e-05,-23.38
3.206e-05,-25.78
3.208e-05,-25.78
3.21e-05,-22.58
3.212e-05,-14.58
3.214e-05,-6.5796
3.216e-05,2.2204
3.218e-05,8.6204
3.22e-05,15.02
3.222e-05,19.82
3.224e-05,22.22
3.226e-05,22.22
3.228e-05,19.02
3.23e-05,12.62
3.232e-05,6.2204
3.234e-05,-0.17956
3.236e-05,-6.5796
3.238e-05,-10.58
3.24e-05,-13.78
3.242e-05,-16.18
3.244e-05,-16.18
3.246e-05,-13.78
3.248e-05,-9.7796
3.25e-05,-3.3796
3.252e-05,0.62044
3.254e-05,3.8204
3.256e-05,6.2204
3.258e-05,7.8204
3.26e-05,8.6204
3.262e-05,7.8204
3.264e-05,6.2204
3.266e-05,3.0204
3.268e-05,-0.17956
3.27e-05,-1.7796
3.272e-05,-3.3796
3.274e-05,-3.3796
3.276e-05,-2.5796
3.278e-05,-1.7796
3.28e-05,-0.94792
3.282e-05,3.0204
3.284e-05,4.6204
3.286e-05,5.4204
3.288e-05,5.4204
3.29e-05,3.8204
3.292e-05,1.4204
3.294e-05,-0.97956
3.296e-05,-3.3796
3.298e-05,-4.9796
3.3e-05,-7.3796
3.302e-05,-9.7796
3.304e-05,-9.7796
3.306e-05,-8.1796
3.308e-05,-4.9796
3.31e-05,-1.7796
3.312e-05,1.4204
3.314e-05,3.8204
3.316e-05,4.6204
3.318e-05,6.2204
3.32e-05,6.2204
3.322e-05,6.2204
3.324e-05,6.2204
3.326e-05,2.2204
3.328e-05,-0.97956
3.33e-05,-2.5796
3.332e-05,-4.1796
3.334e-05,-2.5796
3.336e-05,-0.97956
3.338e-05,0.62044
3.34e-05,0.62044
3.342e-05,2.2204
3.344e-05,3.8204
3.346e-05,6.2204
3.348e-05,7.0204
3.35e-05,6.2204
3.352e-05,3.0204
3.354e-05,-1.7796
3.356e-05,-5.7796
3.358e-05,-8.9796
3.36e-05,-11.38
3.362e-05,-12.98
3.364e-05,-15.38
3.366e-05,-16.18
3.368e-05,-12.98
3.37e-05,-7.3796
3.372e-05,-0.17956
3.374e-05,6.2204
3.376e-05,11.82
3.378e-05,15.02
3.38e-05,19.02
3.382e-05,21.42
3.384e-05,22.22
3.386e-05,19.02
3.388e-05,11.82
3.39e-05,5.4204
3.392e-05,-1.7796
3.394e-05,-9.7796
3.396e-05,-15.38
3.398e-05,-20.18
3.4e-05,-22.58
3.402e-05,-24.18
3.404e-05,-22.58
3.406e-05,-16.18
3.408e-05,-8.1796
3.41e-05,-0.97956
3.412e-05,5.4204
3.414e-05,11.02
3.416e-05,15.02
3.418e-05,19.02
3.42e-05,20.62
3.422e-05,18.22
3.424e-05,13.42
3.426e-05,7.0204
3.428e-05,2.2204
3.43e-05,-2.5796
3.432e-05,-5.7796
3.434e-05,-9.7796
3.436e-05,-12.18
3.438e-05,-12.18
3.44e-05,-10.58
3.442e-05,-8.1796
3.444e-05,-3.3796
3.446e-05,0.62044
3.448e-05,3.0204
3.45e-05,4.6204
3.452e-05,5.4204
3.454e-05,6.2204
3.456e-05,5.4204
3.458e-05,3.8204
3.46e-05,1.4204
3.462e-05,-1.7796
3.464e-05,-3.3796
3.466e-05,-3.3796
3.468e-05,-3.3796
3.47e-05,-1.7796
3.472e-05,-0.97956
3.474e-05,0.62044
3.476e-05,3.0204
3.478e-05,6.2204
3.48e-05,7.0204
3.482e-05,6.2204
3.484e-05,5.4204
3.486e-05,3.0204
3.488e-05,0.62044
3.49e-05,-1.7796
3.492e-05,-3.3796
3.494e-05,-6.5796
3.496e-05,-8.1796
3.498e-05,-8.9796
3.5e-05,-8.1796
3.502e-05,-5.7796
3.504e-05,-2.5796
3.506e-05,-0.17956
3.508e-05,2.2204
3.51e-05,3.0204
3.512e-05,3.0204
3.514e-05,4.6204
3.516e-05,4.6204
3.518e-05,3.8204
3.52e-05,1.4204
3.522e-05,-0.97956
3.524e-05,-3.3796
3.526e-05,-3.3796
3.528e-05,-2.5796
3.53e-05,-0.17956
3.532e-05,1.4204
3.534e-05,1.4521
3.536e-05,3.8204
3.538e-05,5.4204
3.54e-05,7.0204
3.542e-05,8.6204
3.544e-05,7.8204
3.546e-05,4.6204
3.548e-05,-0.17956
3.55e-05,-4.1796
3.552e-05,-8.1796
3.554e-05,-10.58
3.556e-05,-14.548
3.558e-05,-16.18
3.56e-05,-16.18
3.562e-05,-14.58
3.564e-05,-9.7796
3.566e-05,-3.3796
3.568e-05,3.0204
3.57e-05,7.8521
3.572e-05,13.42
3.574e-05,18.22
3.576e-05,20.62
3.578e-05,21.42
3.58e-05,19.82
3.582e-05,15.02
3.584e-05,7.0204
3.586e-05,0.62044
3.588e-05,-5.7796
3.59e-05,-11.38
3.592e-05,-16.18
3.594e-05,-20.18
3.596e-05,-21.78
3.598e-05,-20.98
3.6e-05,-16.18
3.602e-05,-9.7796
3.604e-05,-3.3796
3.606e-05,3.0204
3.608e-05,7.0204
3.61e-05,11.82
3.612e-05,15.02
3.614e-05,17.42
3.616e-05,15.82
3.618e-05,12.62
3.62e-05,7.0204
3.622e-05,3.0204
3.624e-05,-0.97956
3.626e-05,-3.3796
3.628e-05,-7.3796
3.63e-05,-8.9796
3.632e-05,-9.7796
3.634e-05,-8.9796
3.636e-05,-5.7796
3.638e-05,-1.7796
3.64e-05,1.4204
3.642e-05,3.8204
3.644e-05,5.4204
3.646e-05,5.4204
3.648e-05,6.2204
3.65e-05,4.6204
3.652e-05,3.0204
3.654e-05,0.62044
3.656e-05,-2.5796
3.658e-05,-4.1796
3.66e-05,-4.9796
3.662e-05,-4.9796
3.664e-05,-3.3796
3.666e-05,-1.7796
3.668e-05,-0.17956
3.67e-05,3.0204
3.672e-05,5.4204
3.674e-05,6.2204
3.676e-05,7.0204
3.678e-05,6.2204
3.68e-05,4.6204
3.682e-05,2.2204
3.684e-05,0.62044
3.686e-05,-1.7796
3.688e-05,-3.3796
3.69e-05,-6.5796
3.692e-05,-7.3796
3.694e-05,-6.5796
3.696e-05,-5.7796
3.698e-05,-2.5796
3.7e-05,-0.17956
3.702e-05,0.65208
3.704e-05,3.0204
3.706e-05,3.0204
3.708e-05,3.0204
3.71e-05,3.0204
3.712e-05,3.0204
3.714e-05,1.4204
3.716e-05,-1.7796
3.718e-05,-3.3796
3.72e-05,-4.1796
3.722e-05,-3.3796
3.724e-05,-0.97956
3.726e-05,-0.17956
3.728e-05,2.2204
3.73e-05,4.6204
3.732e-05,6.2204
3.734e-05,7.8204
3.736e-05,8.6204
3.738e-05,8.6204
3.74e-05,6.2204
3.742e-05,3.0204
3.744e-05,-0.97956
3.746e-05,-3.3796
3.748e-05,-8.1796
3.75e-05,-11.38
3.752e-05,-12.98
3.754e-05,-16.18
3.756e-05,-14.58
3.758e-05,-12.148
3.76e-05,-6.5479
3.762e-05,-0.17956
3.764e-05,5.4204
3.766e-05,7.8521
3.768e-05,13.42
3.77e-05,16.62
3.772e-05,19.02
3.774e-05,18.22
3.776e-05,14.22
3.778e-05,7.8204
3.78e-05,3.0204
3.782e-05,-2.5796
3.784e-05,-7.3796
3.786e-05,-12.18
3.788e-05,-15.38
3.79e-05,-17.78
3.792e-05,-17.78
3.794e-05,-13.78
3.796e-05,-8.9796
3.798e-05,-3.3796
3.8e-05,2.2204
3.802e-05,5.4521
3.804e-05,8.6204
3.806e-05,11.82
3.808e-05,13.42
3.81e-05,12.62
3.812e-05,9.4204
3.814e-05,6.2204
3.816e-05,1.4204
3.818e-05,-1.7796
3.82e-05,-4.9479
3.822e-05,-6.5796
3.824e-05,-8.1796
3.826e-05,-8.1796
3.828e-05,-6.5796
3.83e-05,-4.1796
3.832e-05,-0.97956
3.834e-05,3.0204
3.836e-05,4.6204
3.838e-05,6.2204
3.84e-05,5.4521
3.842e-05,5.4521
3.844e-05,3.8521
3.846e-05,2.2521
3.848e-05,-0.94792
3.85e-05,-3.3479
3.852e-05,-4.9479
3.854e-05,-4.9796
3.856e-05,-4.1796
3.858e-05,-3.3796
3.86e-05,-2.5796
3.862e-05,-0.97956
3.864e-05,0.65208
3.866e-05,3.8204
3.868e-05,6.2204
3.87e-05,6.2204
3.872e-05,6.2204
3.874e-05,4.6204
3.876e-05,2.2204
3.878e-05,-0.14792
3.88e-05,-0.97956
3.882e-05,-2.5796
3.884e-05,-4.1796
3.886e-05,-5.7796
3.888e-05,-4.9796
3.89e-05,-3.3796
3.892e-05,-0.97956
3.894e-05,1.4204
3.896e-05,3.0204
3.898e-05,3.0204
3.9e-05,3.0204
3.902e-05,3.0204
3.904e-05,3.0204
3.906e-05,2.2204
3.908e-05,-0.17956
3.91e-05,-1.7796
3.912e-05,-4.9796
3.914e-05,-6.5796
3.916e-05,-5.7796
3.918e-05,-3.3796
3.92e-05,-0.97956
3.922e-05,0.62044
3.924e-05,3.0204
3.926e-05,4.6521
3.928e-05,7.0204
3.93e-05,8.6204
3.932e-05,11.02
3.934e-05,8.6204
3.936e-05,5.4204
3.938e-05,0.65208
3.94e-05,-2.5796
3.942e-05,-4.9796
3.944e-05,-8.1796
3.946e-05,-11.38
3.948e-05,-13.748
3.95e-05,-14.548
3.952e-05,-11.38
3.954e-05,-7.3796
3.956e-05,-1.7796
3.958e-05,3.0204
3.96e-05,6.2204
3.962e-05,10.252
3.964e-05,12.652
3.966e-05,15.852
3.968e-05,16.62
3.97e-05,13.452
3.972e-05,8.6204
3.974e-05,3.8521
3.976e-05,-1.7479
3.978e-05,-5.7796
3.98e-05,-9.7796
3.982e-05,-13.748
3.984e-05,-15.348
3.986e-05,-15.38
3.988e-05,-12.98
3.99e-05,-8.1796
3.992e-05,-2.5479
3.994e-05,1.4521
3.996e-05,6.2204
3.998e-05,8.6204
4e-05,11.02
4.002e-05,11.852
4.004e-05,11.052
4.006e-05,9.4521
4.008e-05,6.2204
4.01e-05,0.65208
4.012e-05,-2.5479
4.014e-05,-3.3796
4.016e-05,-7.3479
4.018e-05,-8.9479
4.02e-05,-8.9479
4.022e-05,-7.3796
4.024e-05,-5.7479
4.026e-05,-0.97956
4.028e-05,2.2204
4.03e-05,4.6204
4.032e-05,5.4521
4.034e-05,5.4521
4.036e-05,6.2204
4.038e-05,4.6521
4.04e-05,3.8204
4.042e-05,1.4204
4.044e-05,-0.97956
4.046e-05,-3.3796
4.048e-05,-4.1479
4.05e-05,-4.1479
4.052e-05,-4.1479
4.054e-05,-1.7796
4.056e-05,-0.97956
4.058e-05,1.4204
4.06e-05,2.2521
4.062e-05,4.6521
4.064e-05,4.6521
4.066e-05,4.6204
4.068e-05,3.0204
4.07e-05,0.65208
4.072e-05,-0.17956
4.074e-05,-1.7479
4.076e-05,-4.1479
4.078e-05,-4.1479
4.08e-05,-6.5479
4.082e-05,-4.9479
4.084e-05,-3.3796
4.086e-05,-0.94792
4.088e-05,1.4521
4.09e-05,3.0521
4.092e-05,5.4204
4.094e-05,5.4204
4.096e-05,4.6521
4.098e-05,4.6521
4.1e-05,3.8204
4.102e-05,1.4521
4.104e-05,-1.7479
4.106e-05,-3.3796
4.108e-05,-5.7479
4.11e-05,-6.5479
4.112e-05,-5.7479
4.114e-05,-3.3479
4.116e-05,-1.7479
4.118e-05,-0.14792
4.12e-05,2.2521
4.122e-05,5.4204
4.124e-05,6.2521
4.126e-05,8.6204
4.128e-05,7.8204
4.13e-05,6.2204
4.132e-05,2.2521
4.134e-05,-0.94792
4.136e-05,-3.3479
4.138e-05,-6.5479
4.14e-05,-7.3796
4.142e-05,-11.348
4.144e-05,-10.58
4.146e-05,-9.7796
4.148e-05,-6.5796
4.15e-05,-2.5479
4.152e-05,2.2521
4.154e-05,5.4521
4.156e-05,7.8521
4.158e-05,11.052
4.16e-05,11.852
4.162e-05,14.22
4.164e-05,11.052
4.166e-05,7.8204
4.168e-05,2.2521
4.17e-05,-2.5479
4.172e-05,-6.5479
4.174e-05,-9.7479
4.176e-05,-12.148
4.178e-05,-13.748
4.18e-05,-14.548
4.182e-05,-11.38
4.184e-05,-8.1479
4.186e-05,-2.5796
4.188e-05,3.0204
4.19e-05,6.2204
4.192e-05,7.8521
4.194e-05,11.02
4.196e-05,11.052
4.198e-05,11.852
4.2e-05,10.252
4.202e-05,6.2521
4.204e-05,3.0204
4.206e-05,-0.94792
4.208e-05,-4.1479
4.21e-05,-6.5479
4.212e-05,-7.3479
4.214e-05,-8.1796
4.216e-05,-8.9479
4.218e-05,-6.5479
4.22e-05,-4.1479
4.222e-05,-0.94792
4.224e-05,1.4521
4.226e-05,4.6204
4.228e-05,4.6521
4.23e-05,4.6521
4.232e-05,4.6204
4.234e-05,3.8204
4.236e-05,2.2521
4.238e-05,-0.14792
4.24e-05,-1.7479
4.242e-05,-1.7479
4.244e-05,-2.5479
4.246e-05,-0.97956
4.248e-05,-0.94792
4.25e-05,1.4204
4.252e-05,2.2521
4.254e-05,3.8521
4.256e-05,5.4204
4.258e-05,5.4204
4.26e-05,4.6204
4.262e-05,1.4521
4.264e-05,-0.14792
4.266e-05,-2.5479
4.268e-05,-4.1479
4.27e-05,-5.7479
4.272e-05,-6.5479
4.274e-05,-7.3479
4.276e-05,-7.3479
4.278e-05,-4.9479
4.28e-05,-2.5479
4.282e-05,0.65208
4.284e-05,3.8521
4.286e-05,5.4204
4.288e-05,5.4521
4.29e-05,4.6837
4.292e-05,5.4521
4.294e-05,4.6521
4.296e-05,3.0521
4.298e-05,-0.14792
4.3e-05,-2.5479
4.302e-05,-4.9479
4.304e-05,-6.5479
4.306e-05,-4.9479
4.308e-05,-4.1479
4.31e-05,-1.7796
4.312e-05,-0.94792
4.314e-05,0.65208
4.316e-05,2.2521
4.318e-05,5.4521
4.32e-05,7.0204
4.322e-05,6.2521
4.324e-05,5.4521
4.326e-05,2.2521
4.328e-05,-0.94792
4.33e-05,-2.5479
4.332e-05,-4.9479
4.334e-05,-6.5796
4.336e-05,-9.7479
4.338e-05,-10.548
4.34e-05,-8.9479
4.342e-05,-6.5479
4.344e-05,-1.7479
4.346e-05,2.2521
4.348e-05,5.4521
4.35e-05,7.8521
4.352e-05,10.252
4.354e-05,12.652
4.356e-05,12.652
4.358e-05,11.852
4.36e-05,7.0837
4.362e-05,3.0521
4.364e-05,-0.94792
4.366e-05,-5.7479
4.368e-05,-8.1796
4.37e-05,-12.148
4.372e-05,-12.98
4.374e-05,-13.78
4.376e-05,-13.748
4.378e-05,-8.9479
4.38e-05,-4.1479
4.382e-05,0.65208
4.384e-05,3.8837
4.386e-05,6.2521
4.388e-05,9.4521
4.39e-05,11.052
4.392e-05,11.084
4.394e-05,10.252
4.396e-05,7.0521
4.398e-05,4.6521
4.4e-05,0.65208
4.402e-05,-2.5479
4.404e-05,-4.1796
4.406e-05,-6.5479
4.408e-05,-7.3479
4.41e-05,-7.3479
4.412e-05,-6.5479
4.414e-05,-3.3796
4.416e-05,-1.7479
4.418e-05,0.65208
4.42e-05,2.2521
4.422e-05,2.2521
4.424e-05,2.2521
4.426e-05,2.2521
4.428e-05,1.4521
4.43e-05,0.65208
4.432e-05,-0.94792
4.434e-05,-2.5479
4.436e-05,-1.7796
4.438e-05,-1.7479
4.44e-05,-0.94792
4.442e-05,0.65208
4.444e-05,2.2521
4.446e-05,3.8521
4.448e-05,5.4521
4.45e-05,5.4521
4.452e-05,6.2521
4.454e-05,6.2204
4.456e-05,3.8521
4.458e-05,1.4521
4.46e-05,-0.94792
4.462e-05,-4.1163
4.464e-05,-4.9479
4.466e-05,-6.5479
4.468e-05,-8.1479
4.47e-05,-7.3479
4.472e-05,-6.5479
4.474e-05,-4.1479
4.476e-05,-1.7479
4.478e-05,1.4521
4.48e-05,3.8521
4.482e-05,4.6521
4.484e-05,5.4521
4.486e-05,4.6837
4.488e-05,5.4521
4.49e-05,3.8521
4.492e-05,2.2521
4.494e-05,-0.17956
4.496e-05,-2.5479
4.498e-05,-3.3479
4.5e-05,-3.3479
4.502e-05,-1.7479
4.504e-05,-0.94792
4.506e-05,-0.94792
4.508e-05,0.65208
4.51e-05,2.2521
4.512e-05,3.8521
4.514e-05,5.4521
4.516e-05,5.4521
4.518e-05,4.6521
4.52e-05,0.68371
4.522e-05,-0.94792
4.524e-05,-4.1479
4.526e-05,-7.3163
4.528e-05,-7.3479
4.53e-05,-9.7479
4.532e-05,-10.548
4.534e-05,-8.1796
4.536e-05,-7.3479
4.538e-05,-2.5479
4.54e-05,1.4521
4.542e-05,5.4521
4.544e-05,7.8521
4.546e-05,11.052
4.548e-05,12.652
4.55e-05,13.452
4.552e-05,12.652
4.554e-05,9.4521
4.556e-05,5.4521
4.558e-05,0.65208
4.56e-05,-4.1479
4.562e-05,-7.3479
4.564e-05,-10.548
4.566e-05,-12.948
4.568e-05,-13.748
4.57e-05,-13.748
4.572e-05,-12.116
4.574e-05,-6.5479
4.576e-05,-3.3163
4.578e-05,1.4521
4.58e-05,5.4521
4.582e-05,7.8521
4.584e-05,9.4521
4.586e-05,10.252
4.588e-05,10.252
4.59e-05,7.8521
4.592e-05,5.4521
4.594e-05,2.2837
4.596e-05,0.65208
4.598e-05,-0.94792
4.6e-05,-2.5479
4.602e-05,-4.9163
4.604e-05,-4.1479
4.606e-05,-4.1479
4.608e-05,-4.1163
4.61e-05,-1.7479
4.612e-05,-0.14792
4.614e-05,-0.11629
4.616e-05,-0.11629
4.618e-05,0.65208
4.62e-05,-0.14792
4.622e-05,-1.7163
4.624e-05,-0.94792
4.626e-05,-2.5479
4.628e-05,-3.3479
4.63e-05,-2.5479
4.632e-05,-2.5479
4.634e-05,-0.94792
4.636e-05,0.65208
4.638e-05,2.2521
4.64e-05,4.6521
4.642e-05,5.4521
4.644e-05,5.4837
4.646e-05,7.0521
4.648e-05,6.2521
4.65e-05,5.4521
4.652e-05,3.0521
4.654e-05,-0.14792
4.656e-05,-1.7479
4.658e-05,-4.1479
4.66e-05,-6.5479
4.662e-05,-8.1479
4.664e-05,-8.1479
4.666e-05,-7.3479
4.668e-05,-5.7479
4.67e-05,-2.5479
4.672e-05,-0.14792
4.674e-05,2.2521
4.676e-05,3.8521
4.678e-05,4.6204
4.68e-05,4.6521
4.682e-05,4.6521
4.684e-05,3.0837
4.686e-05,2.2521
4.688e-05,0.65208
4.69e-05,-1.7479
4.692e-05,-2.5479
4.694e-05,-3.3163
4.696e-05,-1.7163
4.698e-05,-0.94792
4.7e-05,0.65208
4.702e-05,1.4521
4.704e-05,3.0521
4.706e-05,6.2204
4.708e-05,4.6837
4.71e-05,6.2521
4.712e-05,3.8837
4.714e-05,1.4837
4.716e-05,-0.94792
4.718e-05,-4.1163
4.72e-05,-5.7479
4.722e-05,-8.1479
4.724e-05,-8.9479
4.726e-05,-11.348
4.728e-05,-10.548
4.73e-05,-8.1479
4.732e-05,-4.1479
4.734e-05,-0.14792
4.736e-05,3.8521
4.738e-05,6.2521
4.74e-05,9.4521
4.742e-05,11.852
4.744e-05,13.452
4.746e-05,13.452
4.748e-05,11.052
4.75e-05,6.2521
4.752e-05,2.2521
4.754e-05,-1.7479
4.756e-05,-4.1479
4.758e-05,-8.1479
4.76e-05,-12.116
4.762e-05,-12.148
4.764e-05,-12.948
4.766e-05,-11.316
4.768e-05,-7.3479
4.77e-05,-4.1163
4.772e-05,-0.14792
4.774e-05,1.4837
4.776e-05,5.4521
4.778e-05,7.0521
4.78e-05,7.8521
4.782e-05,7.0837
4.784e-05,6.2837
4.786e-05,4.6837
4.788e-05,2.2837
4.79e-05,-0.11629
4.792e-05,-1.7163
4.794e-05,-1.7479
4.796e-05,-3.3163
4.798e-05,-3.3163
4.8e-05,-2.5479
4.802e-05,-0.94792
4.804e-05,-0.14792
4.806e-05,0.68371
4.808e-05,2.2521
4.81e-05,2.2521
4.812e-05,0.68371
4.814e-05,0.65208
4.816e-05,-1.7163
4.818e-05,-0.94792
4.82e-05,-2.5479
4.822e-05,-4.9163
4.824e-05,-4.1163
4.826e-05,-3.3479
4.828e-05,-3.3163
4.83e-05,-0.94792
4.832e-05,1.4521
4.834e-05,3.0521
4.836e-05,5.4521
4.838e-05,4.6837
4.84e-05,7.0521
4.842e-05,6.2521
4.844e-05,4.6837
4.846e-05,3.8521
4.848e-05,2.2521
4.85e-05,-0.11629
4.852e-05,-2.5163
4.854e-05,-4.1163
4.856e-05,-6.5163
4.858e-05,-7.3163
4.86e-05,-6.5163
4.862e-05,-4.9163
4.864e-05,-2.5479
4.866e-05,-0.94792
4.868e-05,1.4521
4.87e-05,2.2521
4.872e-05,1.4837
4.874e-05,3.0521
4.876e-05,1.4837
4.878e-05,1.4837
4.88e-05,-0.11629
4.882e-05,-0.94792
4.884e-05,-3.3163
4.886e-05,-3.3479
4.888e-05,-3.3163
4.89e-05,-2.5163
4.892e-05,-0.94792
4.894e-05,1.4521
4.896e-05,2.2521
4.898e-05,3.8837
4.9e-05,4.6837
4.902e-05,7.0521
4.904e-05,7.0837
4.906e-05,6.2521
4.908e-05,4.6521
4.91e-05,1.4521
4.912e-05,-0.94792
4.914e-05,-4.1479
4.916e-05,-8.1163
4.918e-05,-8.1479
4.92e-05,-11.316
4.922e-05,-11.316
4.924e-05,-10.516
4.926e-05,-7.3163
4.928e-05,-3.3163
4.93e-05,1.4521
4.932e-05,3.8837
4.934e-05,7.0521
4.936e-05,9.4521
4.938e-05,11.084
4.94e-05,11.884
4.942e-05,10.284
4.944e-05,7.8521
4.946e-05,4.6837
4.948e-05,0.68371
4.95e-05,-1.7479
4.952e-05,-4.9163
4.954e-05,-8.1163
4.956e-05,-8.9479
4.958e-05,-9.7479
4.96e-05,-9.7163
4.962e-05,-7.3163
4.964e-05,-4.1163
4.966e-05,-0.94792
4.968e-05,1.4837
4.97e-05,3.8521
4.972e-05,5.4521
4.974e-05,5.4521
4.976e-05,5.4837
4.978e-05,4.6837
4.98e-05,3.0837
4.982e-05,2.2521
4.984e-05,-0.11629
4.986e-05,-1.7163
4.988e-05,-1.7163
4.99e-05,-1.7479
4.992e-05,-1.7479
4.994e-05,-1.7163
4.996e-05,-0.94792
4.998e-05,1.4521
5e-05,1.4837
5.002e-05,2.2837
5.004e-05,3.0837
5.006e-05,1.4837
5.008e-05,0.65208
5.01e-05,-0.91629
5.012e-05,-0.94792
5.014e-05,-2.5479
5.016e-05,-4.1163
5.018e-05,-4.9163
5.02e-05,-4.9163
5.022e-05,-4.1163
5.024e-05,-1.7479
5.026e-05,-0.91629
5.028e-05,1.4837
5.03e-05,3.0837
5.032e-05,4.6837
5.034e-05,4.6837
5.036e-05,4.6837
5.038e-05,4.6837
5.04e-05,3.0837
5.042e-05,1.4837
5.044e-05,-0.11629
5.046e-05,-1.7163
5.048e-05,-3.3163
5.05e-05,-4.1479
5.052e-05,-4.1479
5.054e-05,-4.9163
5.056e-05,-2.5479
5.058e-05,-2.5163
5.06e-05,0.65208
5.062e-05,2.2521
5.064e-05,2.2837
5.066e-05,1.4837
5.068e-05,3.0521
5.07e-05,2.2521
5.072e-05,1.4837
5.074e-05,-0.91629
5.076e-05,-2.5163
5.078e-05,-2.5479
5.08e-05,-4.9163
5.082e-05,-4.9163
5.084e-05,-4.1163
5.086e-05,-1.7479
5.088e-05,-0.91629
5.09e-05,1.4521
5.092e-05,3.0837
5.094e-05,4.6837
5.096e-05,7.0521
5.098e-05,7.0837
5.1e-05,7.0521
5.102e-05,4.6837
5.104e-05,3.0521
5.106e-05,-0.11629
5.108e-05,-1.7163
5.11e-05,-4.9163
5.112e-05,-8.1163
5.114e-05,-8.9479
5.116e-05,-11.316
5.118e-05,-9.7163
5.12e-05,-8.1163
5.122e-05,-4.1479
5.124e-05,-1.7163
5.126e-05,1.4837
5.128e-05,4.6837
5.13e-05,7.0521
5.132e-05,8.6521
5.134e-05,9.4837
5.136e-05,8.6837
5.138e-05,6.2521
5.14e-05,3.8837
5.142e-05,0.68371
5.144e-05,-1.7163
5.146e-05,-4.1163
5.148e-05,-6.5163
5.15e-05,-7.3163
5.152e-05,-7.3479
5.154e-05,-7.3479
5.156e-05,-4.9479
5.158e-05,-2.5479
5.16e-05,-0.11629
5.162e-05,1.4837
5.164e-05,3.8521
5.166e-05,4.6521
5.168e-05,4.6837
5.17e-05,4.6837
5.172e-05,4.6837
5.174e-05,1.4837
5.176e-05,0.68371
5.178e-05,-0.14792
5.18e-05,-2.5163
5.182e-05,-1.7479
5.184e-05,-1.7479
5.186e-05,-2.5479
5.188e-05,-2.5163
5.19e-05,-1.7163
5.192e-05,-0.11629
5.194e-05,2.2521
5.196e-05,3.0837
5.198e-05,3.8521
5.2e-05,2.2837
5.202e-05,2.2521
5.204e-05,0.65208
5.206e-05,-0.14792
5.208e-05,-1.7163
5.21e-05,-3.3163
5.212e-05,-3.3163
5.214e-05,-3.3163
5.216e-05,-2.5479
5.218e-05,-1.7163
5.22e-05,-0.11629
5.222e-05,0.68371
5.224e-05,1.4837
5.226e-05,3.0837
5.228e-05,4.6837
5.23e-05,4.6521
5.232e-05,3.8521
5.234e-05,1.4837
5.236e-05,-0.11629
5.238e-05,-1.7163
5.24e-05,-2.5479
5.242e-05,-4.1163
5.244e-05,-4.1479
5.246e-05,-4.9163
5.248e-05,-4.9163
5.25e-05,-3.3163
5.252e-05,-0.94792
5.254e-05,2.2521
5.256e-05,3.0837
5.258e-05,4.6521
5.26e-05,3.8837
5.262e-05,3.8837
5.264e-05,3.0837
5.266e-05,2.2837
5.268e-05,0.68371
5.27e-05,-1.7163
5.272e-05,-3.3163
5.274e-05,-4.1479
5.276e-05,-4.9163
5.278e-05,-4.1479
5.28e-05,-3.3163
5.282e-05,-1.7479
5.284e-05,-0.91629
5.286e-05,1.4837
5.288e-05,3.8837
5.29e-05,4.6837
5.292e-05,6.2521
5.294e-05,7.0837
5.296e-05,5.4837
5.298e-05,3.8837
5.3e-05,2.2521
5.302e-05,-0.11629
5.304e-05,-3.3163
5.306e-05,-4.1479
5.308e-05,-7.3163
5.31e-05,-8.1163
5.312e-05,-8.1163
5.314e-05,-6.5479
5.316e-05,-2.5479
5.318e-05,-1.7163
5.32e-05,1.4837
5.322e-05,3.8837
5.324e-05,4.6837
5.326e-05,6.2837
5.328e-05,7.0837
5.33e-05,7.0837
5.332e-05,4.6837
5.334e-05,3.0837
5.336e-05,-0.11629
5.338e-05,-1.7163
5.34e-05,-4.1163
5.342e-05,-6.5163
5.344e-05,-7.3163
5.346e-05,-8.1163
5.348e-05,-6.5479
5.35e-05,-4.9163
5.352e-05,-2.5163
5.354e-05,-0.11629
5.356e-05,1.4837
5.358e-05,4.6521
5.36e-05,5.4521
5.362e-05,4.6837
5.364e-05,4.6837
5.366e-05,4.6837
5.368e-05,3.8521
5.37e-05,2.2521
5.372e-05,-0.91629
5.374e-05,-0.94792
5.376e-05,-3.3163
5.378e-05,-2.5479
5.38e-05,-3.3163
5.382e-05,-3.3163
5.384e-05,-1.7163
5.386e-05,-0.91629
5.388e-05,0.68371
5.39e-05,1.4837
5.392e-05,1.4837
5.394e-05,1.4837
5.396e-05,1.4521
5.398e-05,0.65208
5.4e-05,-0.91629
5.402e-05,-0.91629
5.404e-05,-1.7163
5.406e-05,-2.5163
5.408e-05,-2.5163
5.41e-05,-1.7163
5.412e-05,-0.91629
5.414e-05,1.4837
5.416e-05,1.4837
5.418e-05,3.8521
5.42e-05,4.6521
5.422e-05,4.6837
5.424e-05,4.6837
5.426e-05,3.8837
5.428e-05,2.2837
5.43e-05,-0.11629
5.432e-05,-2.5163
5.434e-05,-4.1163
5.436e-05,-4.9163
5.438e-05,-5.7163
5.44e-05,-5.7479
5.442e-05,-4.9163
5.444e-05,-4.1163
5.446e-05,-1.7163
5.448e-05,0.68371
5.45e-05,2.2837
5.452e-05,3.8837
5.454e-05,4.6837
5.456e-05,4.6837
5.458e-05,4.6837
5.46e-05,3.8837
5.462e-05,2.2837
5.464e-05,1.4837
5.466e-05,-1.7163
5.468e-05,-2.5479
5.47e-05,-4.9163
5.472e-05,-4.1163
5.474e-05,-3.3163
5.476e-05,-3.3163
5.478e-05,-1.7163
5.48e-05,-0.11629
5.482e-05,1.4837
5.484e-05,3.0837
5.486e-05,5.4521
5.488e-05,4.6837
5.49e-05,4.6837
5.492e-05,3.0837
5.494e-05,1.4837
5.496e-05,-0.91629
5.498e-05,-2.5163
5.5e-05,-4.1163
5.502e-05,-5.7163
5.504e-05,-6.5163
5.506e-05,-7.3163
5.508e-05,-4.9163
5.51e-05,-2.5163
5.512e-05,-0.11629
5.514e-05,3.0521
5.516e-05,5.4521
5.518e-05,5.4837
5.52e-05,7.0837
5.522e-05,7.0837
5.524e-05,7.0837
5.526e-05,5.4837
5.528e-05,3.0837
5.53e-05,-0.11629
5.532e-05,-1.7163
5.534e-05,-4.9163
5.536e-05,-6.5163
5.538e-05,-7.3163
5.54e-05,-8.1163
5.542e-05,-7.3479
5.544e-05,-6.5163
5.546e-05,-3.3163
5.548e-05,-0.91629
5.55e-05,2.2521
5.552e-05,3.8837
5.554e-05,4.6837
5.556e-05,4.6837
5.558e-05,6.2837
5.56e-05,5.4837
5.562e-05,4.6837
5.564e-05,3.0837
5.566e-05,2.2521
5.568e-05,-0.11629
5.57e-05,-1.7163
5.572e-05,-1.7163
5.574e-05,-2.5163
5.576e-05,-2.5479
5.578e-05,-2.5163
5.58e-05,-1.7163
5.582e-05,-1.7163
5.584e-05,-0.91629
5.586e-05,-0.11629
5.588e-05,-0.91629
5.59e-05,-0.91629
5.592e-05,-1.7163
5.594e-05,-1.7163
5.596e-05,-1.7163
5.598e-05,-1.7163
5.6e-05,-2.5163
5.602e-05,-1.7163
5.604e-05,-0.91629
5.606e-05,2.2521
5.608e-05,1.4837
5.61e-05,3.0837
5.612e-05,4.6837
5.614e-05,4.6837
5.616e-05,4.6837
5.618e-05,4.6837
5.62e-05,3.8837
5.622e-05,2.2837
5.624e-05,-0.11629
5.626e-05,-2.5163
5.628e-05,-4.1163
5.63e-05,-4.9163
5.632e-05,-6.5163
5.634e-05,-6.5163
5.636e-05,-7.3163
5.638e-05,-5.7163
5.64e-05,-3.3163
5.642e-05,-1.7163
5.644e-05,1.4837
5.646e-05,3.0837
5.648e-05,3.8837
5.65e-05,4.6837
5.652e-05,4.6837
5.654e-05,4.6837
5.656e-05,3.0837
5.658e-05,2.2837
5.66e-05,1.4837
5.662e-05,-1.7163
5.664e-05,-2.5479
5.666e-05,-3.3163
5.668e-05,-2.5163
5.67e-05,-1.7163
5.672e-05,-1.7163
5.674e-05,-0.11629
5.676e-05,0.68371
5.678e-05,3.0837
5.68e-05,4.6837
5.682e-05,4.6837
5.684e-05,3.8837
5.686e-05,3.8521
5.688e-05,0.68371
5.69e-05,-1.7163
5.692e-05,-4.0847
5.694e-05,-4.1163
5.696e-05,-4.9479
5.698e-05,-7.3163
5.7e-05,-8.1163
5.702e-05,-5.7479
5.704e-05,-3.3163
5.706e-05,-0.11629
5.708e-05,1.4837
5.71e-05,3.8837
5.712e-05,5.4837
5.714e-05,7.0837
5.716e-05,7.8837
5.718e-05,8.6521
5.72e-05,7.0837
5.722e-05,4.6837
5.724e-05,1.4837
5.726e-05,-1.7163
5.728e-05,-2.5163
5.73e-05,-4.1479
5.732e-05,-6.5163
5.734e-05,-8.1163
5.736e-05,-8.9163
5.738e-05,-8.1163
5.74e-05,-4.9163
5.742e-05,-2.5163
5.744e-05,-0.91629
5.746e-05,1.4837
5.748e-05,3.0837
5.75e-05,4.6837
5.752e-05,4.6837
5.754e-05,4.6837
5.756e-05,4.6837
5.758e-05,4.6521
5.76e-05,2.2837
5.762e-05,1.4837
5.764e-05,0.68371
5.766e-05,-0.11629
5.768e-05,-0.11629
5.77e-05,-0.91629
5.772e-05,-0.91629
5.774e-05,-0.91629
5.776e-05,-0.11629
5.778e-05,-0.11629
5.78e-05,-0.91629
5.782e-05,-0.14792
5.784e-05,-1.7163
5.786e-05,-1.7163
5.788e-05,-3.3163
5.79e-05,-3.3163
5.792e-05,-3.3163
5.794e-05,-3.3163
5.796e-05,-3.3163
5.798e-05,-2.4847
5.8e-05,-0.91629
5.802e-05,1.4837
5.804e-05,3.0837
5.806e-05,4.6837
5.808e-05,4.6837
5.81e-05,6.2837
5.812e-05,5.4837
5.814e-05,4.6837
5.816e-05,3.8837
5.818e-05,1.4837
5.82e-05,-0.91629
5.822e-05,-2.5163
5.824e-05,-4.1163
5.826e-05,-5.7163
5.828e-05,-7.2847
5.83e-05,-7.3163
5.832e-05,-6.4847
5.834e-05,-4.9163
5.836e-05,-2.5163
5.838e-05,-0.11629
5.84e-05,1.4837
5.842e-05,3.8521
5.844e-05,3.0837
5.846e-05,3.0837
5.848e-05,3.0837
5.85e-05,3.0837
5.852e-05,1.4837
5.854e-05,0.68371
5.856e-05,-1.7163
5.858e-05,-1.7163
5.86e-05,-2.5163
5.862e-05,-1.7163
5.864e-05,-0.11629
5.866e-05,0.68371
5.868e-05,2.2521
5.87e-05,2.2837
5.872e-05,3.8837
5.874e-05,4.6837
5.876e-05,4.6837
5.878e-05,4.6837
5.88e-05,2.2837
5.882e-05,0.68371
5.884e-05,-0.91629
5.886e-05,-3.3163
5.888e-05,-5.7163
5.89e-05,-5.7479
5.892e-05,-8.1163
5.894e-05,-7.3479
5.896e-05,-7.3163
5.898e-05,-4.9163
5.9e-05,-1.7163
5.902e-05,1.4837
5.904e-05,3.1153
5.906e-05,5.4837
5.908e-05,7.0837
5.91e-05,9.4837
5.912e-05,9.4837
5.914e-05,8.6521
5.916e-05,5.4837
5.918e-05,3.8837
5.92e-05,0.68371
5.922e-05,-1.7163
5.924e-05,-3.3479
5.926e-05,-5.7163
5.928e-05,-7.3163
5.93e-05,-8.1163
5.932e-05,-7.3163
5.934e-05,-5.7163
5.936e-05,-4.1163
5.938e-05,-1.7163
5.94e-05,-0.11629
5.942e-05,1.4837
5.944e-05,1.4837
5.946e-05,3.0837
5.948e-05,4.6837
5.95e-05,3.8837
5.952e-05,3.0837
5.954e-05,2.2837
5.956e-05,1.4837
5.958e-05,1.4837
5.96e-05,1.4837
5.962e-05,1.4837
5.964e-05,1.4837
5.966e-05,0.68371
5.968e-05,1.4837
5.97e-05,1.4837
5.972e-05,1.4837
5.974e-05,0.68371
5.976e-05,-0.11629
5.978e-05,-1.7163
5.98e-05,-3.3163
5.982e-05,-3.3163
5.984e-05,-4.1163
5.986e-05,-4.9163
5.988e-05,-4.9163
5.99e-05,-4.1163
5.992e-05,-3.3163
5.994e-05,-1.7163
5.996e-05,0.68371
5.998e-05,3.0837
6e-05,3.1153
6.002e-05,4.6837
6.004e-05,5.4837
6.006e-05,6.2837
6.008e-05,5.4837
6.01e-05,3.9153
6.012e-05,3.0837
6.014e-05,1.4837
6.016e-05,-0.91629
6.018e-05,-2.5163
6.02e-05,-4.1163
6.022e-05,-4.1479
6.024e-05,-4.9163
6.026e-05,-4.9163
6.028e-05,-4.1163
6.03e-05,-2.5479
6.032e-05,-1.7163
6.034e-05,-0.11629
6.036e-05,1.4837
6.038e-05,1.4837
6.04e-05,1.4837
6.042e-05,1.4837
6.044e-05,1.4837
6.046e-05,0.68371
6.048e-05,-0.91629
6.05e-05,-1.7163
6.052e-05,-2.5163
6.054e-05,-2.5163
6.056e-05,-1.7163
6.058e-05,-0.91629
6.06e-05,1.4837
6.062e-05,2.2837
6.064e-05,3.0837
6.066e-05,4.6837
6.068e-05,4.6837
6.07e-05,4.6837
6.072e-05,4.6837
6.074e-05,3.8521
6.076e-05,1.4837
6.078e-05,-1.7163
6.08e-05,-3.3163
6.082e-05,-4.9163
6.084e-05,-6.5163
6.086e-05,-7.3479
6.088e-05,-8.1163
6.09e-05,-8.1163
6.092e-05,-6.5163
6.094e-05,-3.3163
6.096e-05,-0.11629
6.098e-05,2.2837
6.1e-05,5.4521
6.102e-05,5.4837
6.104e-05,7.0837
6.106e-05,7.1153
6.108e-05,7.8837
6.11e-05,7.0837
6.112e-05,4.6837
6.114e-05,2.2837
6.116e-05,-0.11629
6.118e-05,-0.91629
6.12e-05,-3.3163
6.122e-05,-4.9163
6.124e-05,-6.5163
6.126e-05,-6.5163
6.128e-05,-4.9163
6.13e-05,-4.1163
6.132e-05,-2.5163
6.134e-05,-0.91629
6.136e-05,-0.11629
6.138e-05,1.4837
6.14e-05,1.4837
6.142e-05,3.0837
6.144e-05,3.0837
6.146e-05,2.2837
6.148e-05,1.4837
6.15e-05,1.4837
6.152e-05,0.68371
6.154e-05,1.4837
6.156e-05,1.4837
6.158e-05,1.4837
6.16e-05,1.4837
6.162e-05,1.4837
6.164e-05,1.4837
6.166e-05,0.71534
6.168e-05,1.4837
6.17e-05,1.4837
6.172e-05,-0.11629
6.174e-05,-2.4847
6.176e-05,-2.5163
6.178e-05,-2.5163
6.18e-05,-3.3163
6.182e-05,-4.1163
6.184e-05,-4.1163
6.186e-05,-2.5479
6.188e-05,-2.5163
6.19e-05,-0.91629
6.192e-05,1.4837
6.194e-05,3.0837
6.196e-05,3.8837
6.198e-05,4.6837
6.2e-05,4.6837
6.202e-05,4.6837
6.204e-05,4.6837
6.206e-05,2.3153
6.208e-05,1.4837
6.21e-05,0.68371
6.212e-05,-1.7163
6.214e-05,-2.5163
6.216e-05,-3.3163
6.218e-05,-4.1163
6.22e-05,-3.3163
6.222e-05,-3.3163
6.224e-05,-1.7163
6.226e-05,-0.91629
6.228e-05,1.4837
6.23e-05,1.4837
6.232e-05,2.2837
6.234e-05,1.4837
6.236e-05,0.71534
6.238e-05,1.4837
6.24e-05,-0.11629
6.242e-05,-0.91629
6.244e-05,-1.7163
6.246e-05,-3.3163
6.248e-05,-4.0847
6.25e-05,-2.5163
6.252e-05,-1.7163
6.254e-05,-1.653
6.256e-05,1.4837
6.258e-05,3.0521
6.26e-05,3.8837
6.262e-05,4.6837
6.264e-05,5.4837
6.266e-05,5.4837
6.268e-05,4.6837
6.27e-05,3.0837
6.272e-05,0.68371
6.274e-05,-0.91629
6.276e-05,-3.3163
6.278e-05,-4.9163
6.28e-05,-7.2847
6.282e-05,-8.1163
6.284e-05,-8.1163
6.286e-05,-6.4847
6.288e-05,-4.9163
6.29e-05,-1.7163
6.292e-05,-0.084656
6.294e-05,1.5153
6.296e-05,4.6837
6.298e-05,5.4837
6.3e-05,6.2837
6.302e-05,6.2837
6.304e-05,5.4837
6.306e-05,4.6837
6.308e-05,2.2837
6.31e-05,0.68371
6.312e-05,-0.11629
6.314e-05,-1.7163
6.316e-05,-3.3163
6.318e-05,-4.1163
6.32e-05,-4.9163
6.322e-05,-3.3163
6.324e-05,-2.5163
6.326e-05,-0.91629
6.328e-05,-0.11629
6.33e-05,0.68371
6.332e-05,1.4837
6.334e-05,0.71534
6.336e-05,2.2837
6.338e-05,1.4837
6.34e-05,0.71534
6.342e-05,0.68371
6.344e-05,-0.11629
6.346e-05,-0.11629
6.348e-05,-0.88466
6.35e-05,-0.88466
6.352e-05,0.68371
6.354e-05,0.68371
6.356e-05,1.4837
6.358e-05,1.4837
6.36e-05,2.2837
6.362e-05,1.4837
6.364e-05,1.4837
6.366e-05,0.68371
6.368e-05,-0.11629
6.37e-05,-1.7163
6.372e-05,-1.7163
6.374e-05,-2.5163
6.376e-05,-2.5163
6.378e-05,-3.3163
6.38e-05,-2.5163
6.382e-05,-1.7163
6.384e-05,-0.11629
6.386e-05,1.4837
6.388e-05,1.4837
6.39e-05,3.0837
6.392e-05,3.8837
6.394e-05,3.9153
6.396e-05,3.8837
6.398e-05,3.8837
6.4e-05,2.2837
6.402e-05,0.68371
6.404e-05,-1.7163
6.406e-05,-2.5163
6.408e-05,-3.3163
6.41e-05,-3.3163
6.412e-05,-4.1163
6.414e-05,-3.3163
6.416e-05,-2.5163
6.418e-05,-1.6847
6.42e-05,-0.084656
6.422e-05,2.2837
6.424e-05,3.0837
6.426e-05,3.8837
6.428e-05,3.0837
6.43e-05,3.0837
6.432e-05,2.2837
6.434e-05,1.4837
6.436e-05,-0.11629
6.438e-05,-1.7163
6.44e-05,-2.5163
6.442e-05,-3.3163
6.444e-05,-3.3163
6.446e-05,-2.5163
6.448e-05,-1.7163
6.45e-05,-0.91629
6.452e-05,0.71534
6.454e-05,1.5153
6.456e-05,3.8837
6.458e-05,4.6837
6.46e-05,5.4837
6.462e-05,5.4837
6.464e-05,3.1153
6.466e-05,1.4837
6.468e-05,-0.11629
6.47e-05,-1.7163
6.472e-05,-3.3163
6.474e-05,-4.1163
6.476e-05,-4.9163
6.478e-05,-5.7163
6.48e-05,-4.9163
6.482e-05,-3.3163
6.484e-05,-1.7163
6.486e-05,-0.11629
6.488e-05,1.4837
6.49e-05,3.0837
6.492e-05,4.6837
6.494e-05,3.9153
6.496e-05,5.4837
6.498e-05,3.9153
6.5e-05,3.0837
6.502e-05,1.4837
6.504e-05,-0.11629
6.506e-05,-1.7163
6.508e-05,-1.7163
6.51e-05,-2.5163
6.512e-05,-3.3163
6.514e-05,-3.3163
6.516e-05,-3.2847
6.518e-05,-1.7163
6.52e-05,-0.91629
6.522e-05,1.4837
6.524e-05,1.4837
6.526e-05,1.4837
6.528e-05,2.2837
6.53e-05,2.2837
6.532e-05,2.2837
6.534e-05,1.4837
6.536e-05,1.4837
6.538e-05,-0.11629
6.54e-05,-0.91629
6.542e-05,-0.11629
6.544e-05,-0.88466
6.546e-05,-0.11629
6.548e-05,-0.11629
6.55e-05,-0.11629
6.552e-05,0.68371
6.554e-05,0.68371
6.556e-05,0.71534
6.558e-05,0.68371
6.56e-05,0.68371
6.562e-05,-1.6847
6.564e-05,-2.4847
6.566e-05,-1.7163
6.568e-05,-1.7163
6.57e-05,-2.4847
6.572e-05,-1.7163
6.574e-05,-1.7163
6.576e-05,-0.11629
6.578e-05,0.68371
6.58e-05,2.2837
6.582e-05,3.0837
6.584e-05,3.8837
6.586e-05,4.6837
6.588e-05,3.8837
6.59e-05,3.8837
6.592e-05,3.8837
6.594e-05,1.4837
6.596e-05,-0.91629
6.598e-05,-1.7163
6.6e-05,-2.5163
6.602e-05,-4.1163
6.604e-05,-5.6847
6.606e-05,-4.1163
6.608e-05,-3.3163
6.61e-05,-2.5163
6.612e-05,-1.7163
6.614e-05,0.68371
6.616e-05,3.0837
6.618e-05,3.0837
6.62e-05,4.6837
6.622e-05,3.9153
6.624e-05,4.6837
6.626e-05,3.8837
6.628e-05,3.0837
6.63e-05,1.4837
6.632e-05,-0.91629
6.634e-05,-2.5163
6.636e-05,-3.3163
6.638e-05,-3.3163
6.64e-05,-3.3163
6.642e-05,-2.5163
6.644e-05,-1.7163
6.646e-05,-0.91629
6.648e-05,1.4837
6.65e-05,2.2837
6.652e-05,3.8837
6.654e-05,4.6837
6.656e-05,4.6837
6.658e-05,3.8837
6.66e-05,1.4837
6.662e-05,1.4837
6.664e-05,-0.91629
6.666e-05,-2.5163
6.668e-05,-2.5163
6.67e-05,-4.1163
6.672e-05,-4.9163
6.674e-05,-3.3163
6.676e-05,-2.5163
6.678e-05,-0.91629
6.68e-05,-0.084656
6.682e-05,3.0837
6.684e-05,3.8837
6.686e-05,3.9153
6.688e-05,4.6837
6.69e-05,4.6837
6.692e-05,3.9153
6.694e-05,3.0837
6.696e-05,0.71534
6.698e-05,-0.11629
6.7e-05,-1.7163
6.702e-05,-2.5163
6.704e-05,-3.3163
6.706e-05,-3.3163
6.708e-05,-4.1163
6.71e-05,-4.0847
6.712e-05,-2.4847
6.714e-05,-0.11629
6.716e-05,1.4837
6.718e-05,-0.053023
6.72e-05,2.2837
6.722e-05,3.0837
6.724e-05,2.3153
6.726e-05,3.8837
6.728e-05,3.0837
6.73e-05,2.2837
6.732e-05,1.4837
6.734e-05,0.68371
6.736e-05,-0.11629
6.738e-05,-0.11629
6.74e-05,-0.11629
6.742e-05,-0.11629
6.744e-05,-0.11629
6.746e-05,-0.91629
6.748e-05,-0.88466
6.75e-05,-0.11629
6.752e-05,-0.91629
6.754e-05,-0.91629
6.756e-05,-1.7163
6.758e-05,-1.7163
6.76e-05,-3.2847
6.762e-05,-1.7163
6.764e-05,-1.7163
6.766e-05,-1.7163
6.768e-05,-0.91629
6.77e-05,-0.11629
6.772e-05,1.4837
6.774e-05,2.3153
6.776e-05,3.8837
6.778e-05,4.6837
6.78e-05,4.6837
6.782e-05,4.6837
6.784e-05,4.6837
6.786e-05,3.0837
6.788e-05,1.4837
6.79e-05,1.4837
6.792e-05,-1.7163
6.794e-05,-3.3163
6.796e-05,-4.1163
6.798e-05,-4.9163
6.8e-05,-5.6847
6.802e-05,-4.9163
6.804e-05,-3.3163
6.806e-05,-2.5163
6.808e-05,-0.11629
6.81e-05,0.71534
6.812e-05,3.0837
6.814e-05,3.1153
6.816e-05,4.6837
6.818e-05,3.8837
6.82e-05,3.1153
6.822e-05,3.0837
6.824e-05,2.2837
6.826e-05,-0.11629
6.828e-05,-0.91629
6.83e-05,-1.7163
6.832e-05,-2.5163
6.834e-05,-1.7163
6.836e-05,-1.7163
6.838e-05,-0.91629
6.84e-05,-0.11629
6.842e-05,1.4837
6.844e-05,1.4837
6.846e-05,3.0837
6.848e-05,3.0837
6.85e-05,3.0837
6.852e-05,1.4837
6.854e-05,0.68371
6.856e-05,-0.91629
6.858e-05,-1.7163
6.86e-05,-3.3163
6.862e-05,-3.3163
6.864e-05,-4.1163
6.866e-05,-4.9163
6.868e-05,-3.3163
6.87e-05,-2.5163
6.872e-05,-1.6847
6.874e-05,1.4837
6.876e-05,3.0837
6.878e-05,4.6837
6.88e-05,3.9153
6.882e-05,4.6837
6.884e-05,5.4837
6.886e-05,4.6837
6.888e-05,4.6837
6.89e-05,2.2837
6.892e-05,-0.91629
6.894e-05,-0.91629
6.896e-05,-4.053
6.898e-05,-4.1163
6.9e-05,-4.8847
6.902e-05,-5.6847
6.904e-05,-4.1163
6.906e-05,-2.5163
6.908e-05,-1.7163
6.91e-05,-0.11629
6.912e-05,1.4837
6.914e-05,1.4837
6.916e-05,2.2837
6.918e-05,3.0837
6.92e-05,2.3153
6.922e-05,3.0837
6.924e-05,3.0837
6.926e-05,1.5153
6.928e-05,1.4837
6.93e-05,1.4837
6.932e-05,1.4837
6.934e-05,1.4837
6.936e-05,1.4837
6.938e-05,0.68371
6.94e-05,-0.084656
6.942e-05,0.68371
6.944e-05,-0.11629
6.946e-05,-0.88466
6.948e-05,-1.6847
6.95e-05,-1.7163
6.952e-05,-1.7163
6.954e-05,-3.3163
6.956e-05,-4.0847
6.958e-05,-2.5163
6.96e-05,-2.5163
6.962e-05,-1.7163
6.964e-05,-0.11629
6.966e-05,1.4837
6.968e-05,2.2837
6.97e-05,3.8837
6.972e-05,4.6837
6.974e-05,4.6837
6.976e-05,5.4837
6.978e-05,4.6837
6.98e-05,4.6837
6.982e-05,3.0837
6.984e-05,1.4837
6.986e-05,0.68371
6.988e-05,-2.4847
6.99e-05,-3.3163
6.992e-05,-4.1163
6.994e-05,-4.9163
6.996e-05,-5.6847
6.998e-05,-4.8847
7e-05,-3.3163
7.002e-05,-1.7163
7.004e-05,-0.11629
7.006e-05,1.4837
7.008e-05,1.5153
7.01e-05,3.0837
7.012e-05,3.0837
7.014e-05,3.0837
7.016e-05,1.4837
7.018e-05,1.4837
7.02e-05,0.68371
7.022e-05,-0.91629
7.024e-05,-1.7163
7.026e-05,-1.7163
7.028e-05,-2.4847
7.03e-05,-0.11629
7.032e-05,0.68371
7.034e-05,1.4837
7.036e-05,1.4837
7.038e-05,3.0837
7.04e-05,3.0837
7.042e-05,3.1153
7.044e-05,2.3153
7.046e-05,2.2837
7.048e-05,0.68371
7.05e-05,-1.7163
7.052e-05,-2.5163
7.054e-05,-3.3163
7.056e-05,-5.653
7.058e-05,-4.9163
7.06e-05,-4.9163
7.062e-05,-4.1163
7.064e-05,-3.3163
7.066e-05,-2.4847
7.068e-05,1.4837
7.07e-05,3.0837
7.072e-05,3.9153
7.074e-05,4.6837
7.076e-05,5.4837
7.078e-05,4.7153
7.08e-05,5.4837
7.082e-05,4.6837
7.084e-05,3.0837
7.086e-05,1.4837
7.088e-05,0.68371
7.09e-05,-1.7163
7.092e-05,-1.7163
7.094e-05,-4.0847
7.096e-05,-4.1163
7.098e-05,-3.3163
7.1e-05,-3.3163
7.102e-05,-1.7163
7.104e-05,-2.4847
7.106e-05,-0.88466
7.108e-05,-0.88466
7.11e-05,-0.084656
7.112e-05,0.68371
7.114e-05,0.71534
7.116e-05,0.71534
7.118e-05,2.2837
7.12e-05,0.71534
7.122e-05,1.4837
7.124e-05,1.4837
7.126e-05,1.5153
7.128e-05,1.547
7.13e-05,3.0837
7.132e-05,2.3153
7.134e-05,1.5153
7.136e-05,1.4837
7.138e-05,0.71534
7.14e-05,-0.084656
7.142e-05,-0.11629
7.144e-05,-2.4847
7.146e-05,-3.2847
7.148e-05,-3.3163
7.15e-05,-4.8847
7.152e-05,-4.8847
7.154e-05,-3.3163
7.156e-05,-3.3163
7.158e-05,-1.7163
7.16e-05,-1.6847
7.162e-05,0.71534
7.164e-05,2.3153
7.166e-05,4.6837
7.168e-05,3.9153
7.17e-05,4.6837
7.172e-05,4.6837
7.174e-05,4.6837
7.176e-05,4.6837
7.178e-05,3.0837
7.18e-05,1.4837
7.182e-05,0.68371
7.184e-05,-2.4847
7.186e-05,-2.5163
7.188e-05,-4.0847
7.19e-05,-4.0847
7.192e-05,-4.0847
7.194e-05,-4.0847
7.196e-05,-1.7163
7.198e-05,-1.6847
7.2e-05,-0.88466
7.202e-05,0.71534
7.204e-05,1.4837
7.206e-05,1.4837
7.208e-05,1.4837
7.21e-05,1.4837
7.212e-05,-0.88466
7.214e-05,-0.91629
7.216e-05,-0.91629
7.218e-05,-1.7163
7.22e-05,-1.7163
7.222e-05,-0.91629
7.224e-05,-0.11629
7.226e-05,1.4837
7.228e-05,1.5153
7.23e-05,3.0837
7.232e-05,3.8837
7.234e-05,3.9153
7.236e-05,4.6837
7.238e-05,3.8837
7.24e-05,3.0837
7.242e-05,1.4837
7.244e-05,-0.91629
7.246e-05,-1.7163
7.248e-05,-3.3163
7.25e-05,-4.8847
7.252e-05,-4.9163
7.254e-05,-5.7163
7.256e-05,-5.6847
7.258e-05,-4.1163
7.26e-05,-3.2847
7.262e-05,-1.6847
7.264e-05,1.4837
7.266e-05,2.3153
7.268e-05,4.6837
7.27e-05,4.6837
7.272e-05,4.7153
7.274e-05,4.7153
7.276e-05,3.9153
7.278e-05,3.9153
7.28e-05,2.3153
7.282e-05,0.71534
7.284e-05,0.71534
7.286e-05,-1.6847
7.288e-05,-2.4847
7.29e-05,-1.7163
7.292e-05,-2.5163
7.294e-05,-3.2847
7.296e-05,-1.7163
7.298e-05,-1.7163
7.3e-05,-2.4847
7.302e-05,-1.6847
7.304e-05,-1.6847
7.306e-05,-0.88466
7.308e-05,-0.91629
7.31e-05,-0.88466
7.312e-05,-0.084656
7.314e-05,0.68371
7.316e-05,-0.084656
7.318e-05,0.71534
7.32e-05,0.71534
7.322e-05,3.0837
7.324e-05,3.8837
7.326e-05,3.8837
7.328e-05,3.0837
7.33e-05,3.0837
7.332e-05,3.0837
7.334e-05,0.71534
7.336e-05,0.71534
7.338e-05,-0.11629
7.34e-05,-1.7163
7.342e-05,-2.5163
7.344e-05,-3.3163
7.346e-05,-3.3163
7.348e-05,-4.9163
7.35e-05,-4.0847
7.352e-05,-4.0847
7.354e-05,-1.7163
7.356e-05,-0.91629
7.358e-05,1.4837
7.36e-05,1.5153
7.362e-05,3.1153
7.364e-05,4.6837
7.366e-05,3.9153
7.368e-05,3.9153
7.37e-05,4.6837
7.372e-05,3.0837
7.374e-05,2.2837
7.376e-05,0.71534
7.378e-05,-0.11629
7.38e-05,-1.6847
7.382e-05,-1.7163
7.384e-05,-1.7163
7.386e-05,-2.4847
7.388e-05,-1.7163
7.39e-05,-0.91629
7.392e-05,-0.11629
7.394e-05,0.68371
7.396e-05,1.4837
7.398e-05,0.71534
7.4e-05,0.68371
7.402e-05,1.4837
7.404e-05,0.68371
7.406e-05,-0.11629
7.408e-05,-1.6847
7.41e-05,-1.7163
7.412e-05,-3.2847
7.414e-05,-1.7163
7.416e-05,-1.7163
7.418e-05,-0.88466
7.42e-05,0.71534
7.422e-05,1.4837
7.424e-05,2.3153
7.426e-05,3.1153
7.428e-05,4.6837
7.43e-05,3.9153
7.432e-05,4.6837
7.434e-05,3.8837
7.436e-05,3.0837
7.438e-05,0.68371
7.44e-05,-0.91629
7.442e-05,-1.7163
7.444e-05,-3.3163
7.446e-05,-4.1163
7.448e-05,-4.1163
7.45e-05,-4.9163
7.452e-05,-4.9163
7.454e-05,-3.3163
7.456e-05,-1.7163
7.458e-05,-0.88466
7.46e-05,1.4837
7.462e-05,1.5153
7.464e-05,3.1153
7.466e-05,4.6837
7.468e-05,4.6837
7.47e-05,4.6837
7.472e-05,3.1153
7.474e-05,3.0837
7.476e-05,1.5153
7.478e-05,1.4837
7.48e-05,0.68371
7.482e-05,-0.88466
7.484e-05,-1.6847
7.486e-05,-1.7163
7.488e-05,-1.7163
7.49e-05,-1.7163
7.492e-05,-2.4847
7.494e-05,-1.6847
7.496e-05,-1.7163
7.498e-05,-0.91629
7.5e-05,-1.7163
7.502e-05,-1.6847
7.504e-05,-0.91629
7.506e-05,-0.88466
7.508e-05,-0.11629
7.51e-05,-0.11629
7.512e-05,-0.084656
7.514e-05,0.71534
7.516e-05,0.71534
7.518e-05,1.5153
7.52e-05,2.3153
7.522e-05,2.3153
7.524e-05,3.1153
7.526e-05,2.3153
7.528e-05,3.0837
7.53e-05,2.2837
7.532e-05,1.4837
7.534e-05,-0.88466
7.536e-05,-1.7163
7.538e-05,-2.4847
7.54e-05,-3.2847
7.542e-05,-2.5163
7.544e-05,-2.5163
7.546e-05,-2.5163
7.548e-05,-1.7163
7.55e-05,-0.88466
7.552e-05,1.4837
7.554e-05,1.5153
7.556e-05,3.0837
7.558e-05,3.1153
7.56e-05,3.1153
7.562e-05,3.8837
7.564e-05,2.3153
7.566e-05,2.2837
7.568e-05,1.4837
7.57e-05,-0.88466
7.572e-05,-0.88466
7.574e-05,-1.7163
7.576e-05,-2.4847
7.578e-05,-1.7163
7.58e-05,-1.7163
7.582e-05,-1.7163
7.584e-05,-0.11629
7.586e-05,-0.11629
7.588e-05,1.4837
7.59e-05,1.4837
7.592e-05,1.4837
7.594e-05,1.4837
7.596e-05,0.68371
7.598e-05,0.68371
7.6e-05,-0.11629
7.602e-05,-0.91629
7.604e-05,-1.7163
7.606e-05,-3.2847
7.608e-05,-2.5163
7.61e-05,-2.5163
7.612e-05,-1.7163
7.614e-05,-0.11629
7.616e-05,1.4837
7.618e-05,1.4837
7.62e-05,2.2837
7.622e-05,3.8837
7.624e-05,4.6837
7.626e-05,4.6837
7.628e-05,3.9153
7.63e-05,3.0837
7.632e-05,1.4837
7.634e-05,-0.084656
7.636e-05,-1.6847
7.638e-05,-1.7163
7.64e-05,-4.0847
7.642e-05,-3.3163
7.644e-05,-4.9163
7.646e-05,-3.3163
7.648e-05,-3.2847
7.65e-05,-2.4847
7.652e-05,-0.88466
7.654e-05,-0.084656
7.656e-05,1.4837
7.658e-05,1.5153
7.66e-05,3.8837
7.662e-05,3.8837
7.664e-05,3.1153
7.666e-05,3.0837
7.668e-05,2.2837
7.67e-05,0.71534
7.672e-05,1.4837
7.674e-05,0.68371
7.676e-05,-0.88466
7.678e-05,-0.88466
7.68e-05,-1.6847
7.682e-05,-1.6847
7.684e-05,-1.6847
7.686e-05,-0.11629
7.688e-05,-0.11629
7.69e-05,-0.11629
7.692e-05,-0.11629
7.694e-05,-0.91629
7.696e-05,-0.88466
7.698e-05,-0.88466
7.7e-05,-0.88466
7.702e-05,-0.88466
7.704e-05,-0.88466
7.706e-05,-0.88466
7.708e-05,-0.084656
7.71e-05,0.71534
7.712e-05,1.5153
7.714e-05,2.3153
7.716e-05,3.0837
7.718e-05,1.5153
7.72e-05,2.2837
7.722e-05,2.2837
7.724e-05,0.71534
7.726e-05,0.68371
7.728e-05,-1.6847
7.73e-05,-1.7163
7.732e-05,-3.2847
7.734e-05,-3.2847
7.736e-05,-2.5163
7.738e-05,-2.4847
7.74e-05,-2.4847
7.742e-05,-0.91629
7.744e-05,-0.11629
7.746e-05,0.71534
7.748e-05,2.3153
7.75e-05,3.8837
7.752e-05,3.1153
7.754e-05,3.1153
7.756e-05,3.1153
7.758e-05,3.0837
7.76e-05,0.71534
7.762e-05,0.71534
7.764e-05,-0.88466
7.766e-05,-2.4847
7.768e-05,-2.4847
7.77e-05,-3.2847
7.772e-05,-2.4847
7.774e-05,-2.4847
7.776e-05,-2.4847
7.778e-05,-1.6847
7.78e-05,-0.88466
7.782e-05,1.4837
7.784e-05,1.4837
7.786e-05,2.2837
7.788e-05,0.74698
7.79e-05,1.4837
7.792e-05,0.71534
7.794e-05,0.71534
7.796e-05,-0.11629
7.798e-05,-0.88466
7.8e-05,-0.91629
7.802e-05,-1.7163
7.804e-05,-1.7163
7.806e-05,-1.7163
7.808e-05,-0.88466
7.81e-05,0.68371
7.812e-05,0.71534
7.814e-05,0.71534
7.816e-05,2.3153
7.818e-05,2.3153
7.82e-05,3.0837
7.822e-05,2.3153
7.824e-05,0.71534
7.826e-05,-0.084656
7.828e-05,-0.88466
7.83e-05,-0.91629
7.832e-05,-2.4847
7.834e-05,-3.2847
7.836e-05,-3.2847
7.838e-05,-4.0847
7.84e-05,-3.2847
7.842e-05,-2.4847
7.844e-05,-0.88466
7.846e-05,0.71534
7.848e-05,0.71534
7.85e-05,0.71534
7.852e-05,2.3153
7.854e-05,3.1153
7.856e-05,3.1153
7.858e-05,2.3153
7.86e-05,2.3153
7.862e-05,0.71534
7.864e-05,0.71534
7.866e-05,-0.88466
7.868e-05,-0.91629
7.87e-05,-0.11629
7.872e-05,-1.6847
7.874e-05,-2.4847
7.876e-05,-2.4847
7.878e-05,-1.6847
7.88e-05,-1.6847
7.882e-05,-0.11629
7.884e-05,0.68371
7.886e-05,-0.084656
7.888e-05,-0.88466
7.89e-05,0.71534
7.892e-05,1.4837
7.894e-05,1.4837
7.896e-05,0.71534
7.898e-05,0.71534
7.9e-05,1.4837
7.902e-05,0.71534
7.904e-05,1.5153
7.906e-05,2.2837
7.908e-05,2.3153
7.91e-05,1.5153
7.912e-05,1.4837
7.914e-05,0.71534
7.916e-05,0.68371
7.918e-05,-0.88466
7.92e-05,-0.91629
7.922e-05,-2.4847
7.924e-05,-3.2847
7.926e-05,-4.0847
7.928e-05,-3.2847
7.93e-05,-3.2847
7.932e-05,-1.7163
7.934e-05,-1.6847
7.936e-05,-0.11629
7.938e-05,0.71534
7.94e-05,2.3153
7.942e-05,3.1153
7.944e-05,3.9153
7.946e-05,3.9153
7.948e-05,4.6837
7.95e-05,3.9153
7.952e-05,2.347
7.954e-05,2.3153
7.956e-05,0.71534
7.958e-05,-1.653
7.96e-05,-2.4847
7.962e-05,-4.0847
7.964e-05,-4.0847
7.966e-05,-4.0847
7.968e-05,-4.1163
7.97e-05,-4.0847
7.972e-05,-3.2847
7.974e-05,-0.91629
7.976e-05,-0.88466
7.978e-05,0.71534
7.98e-05,0.71534
7.982e-05,1.5153
7.984e-05,2.3153
7.986e-05,2.3153
7.988e-05,1.547
7.99e-05,1.5153
7.992e-05,0.71534
7.994e-05,0.71534
7.996e-05,-0.88466
7.998e-05,-0.88466
8e-05,0.68371
8.002e-05,-0.084656
8.004e-05,-0.084656
8.006e-05,-0.084656
8.008e-05,-0.85302
8.01e-05,0.71534
8.012e-05,0.71534
8.014e-05,0.71534
8.016e-05,0.71534
8.018e-05,-0.084656
8.02e-05,-0.11629
8.022e-05,-1.6847
8.024e-05,-3.253
8.026e-05,-2.4847
8.028e-05,-2.4847
8.03e-05,-2.4847
8.032e-05,-2.4847
8.034e-05,-1.7163
8.036e-05,-0.11629
8.038e-05,1.4837
8.04e-05,2.2837
8.042e-05,3.0837
8.044e-05,3.1153
8.046e-05,3.147
8.048e-05,3.9153
8.05e-05,4.6837
8.052e-05,3.9153
8.054e-05,3.1153
8.056e-05,0.71534
8.058e-05,0.71534
8.06e-05,-0.11629
8.062e-05,-1.6847
8.064e-05,-3.253
8.066e-05,-1.7163
8.068e-05,-2.5163
8.07e-05,-2.5163
8.072e-05,-2.4847
8.074e-05,-2.453
8.076e-05,-1.6847
8.078e-05,-0.88466
8.08e-05,-0.11629
8.082e-05,-0.85302
8.084e-05,-0.85302
8.086e-05,0.71534
8.088e-05,1.5153
8.09e-05,2.3153
8.092e-05,2.3153
8.094e-05,3.0837
8.096e-05,2.3153
8.098e-05,3.0837
8.1e-05,2.3153
8.102e-05,3.0837
8.104e-05,1.5153
8.106e-05,1.4837
8.108e-05,-0.053023
8.11e-05,-0.11629
8.112e-05,-1.6847
8.114e-05,-1.7163
8.116e-05,-2.5163
8.118e-05,-3.3163
8.12e-05,-4.853
8.122e-05,-3.3163
8.124e-05,-4.0847
8.126e-05,-3.2847
8.128e-05,-2.4847
8.13e-05,-0.88466
8.132e-05,0.71534
8.134e-05,2.3153
8.136e-05,4.6837
8.138e-05,3.9153
8.14e-05,3.947
8.142e-05,4.7153
8.144e-05,3.9153
8.146e-05,3.9153
8.148e-05,3.1153
8.15e-05,2.2837
8.152e-05,0.71534
8.154e-05,-2.453
8.156e-05,-3.2847
8.158e-05,-3.2847
8.16e-05,-4.0847
8.162e-05,-5.653
8.164e-05,-5.653
8.166e-05,-3.3163
8.168e-05,-3.2847
8.17e-05,-2.4847
8.172e-05,-1.653
8.174e-05,-0.084656
8.176e-05,0.71534
8.178e-05,-0.053023
8.18e-05,3.0837
8.182e-05,1.5153
8.184e-05,1.5153
8.186e-05,1.5153
8.188e-05,-0.053023
8.19e-05,0.71534
8.192e-05,0.71534
8.194e-05,-0.053023
8.196e-05,0.71534
8.198e-05,0.71534
8.2e-05,0.71534
8.202e-05,-0.053023
8.204e-05,-0.053023
8.206e-05,-0.053023
8.208e-05,-0.053023
8.21e-05,-0.053023
8.212e-05,-0.88466
8.214e-05,-1.653
8.216e-05,-1.6847
8.218e-05,-1.7163
8.22e-05,-2.4847
8.222e-05,-2.4847
8.224e-05,-2.4847
8.226e-05,-3.2847
8.228e-05,-3.253
8.23e-05,-1.6847
8.232e-05,-0.85302
8.234e-05,-0.053023
8.236e-05,2.3153
8.238e-05,2.3153
8.24e-05,2.347
8.242e-05,4.6837
8.244e-05,3.9153
8.246e-05,3.147
8.248e-05,3.1153
8.25e-05,2.3153
8.252e-05,0.71534
8.254e-05,0.71534
8.256e-05,-0.88466
8.258e-05,-1.6847
8.26e-05,-2.4847
8.262e-05,-2.4847
8.264e-05,-3.2847
8.266e-05,-4.053
8.268e-05,-3.253
8.27e-05,-3.253
8.272e-05,-3.253
8.274e-05,-1.6847
8.276e-05,-0.91629
8.278e-05,-0.88466
8.28e-05,-0.88466
8.282e-05,0.71534
8.284e-05,0.71534
8.286e-05,0.74698
8.288e-05,1.5153
8.29e-05,3.1153
8.292e-05,2.3153
8.294e-05,3.1153
8.296e-05,3.1153
8.298e-05,3.1153
8.3e-05,2.3153
8.302e-05,1.547
8.304e-05,0.71534
8.306e-05,-0.85302
8.308e-05,-2.453
8.31e-05,-2.4847
8.312e-05,-3.3163
8.314e-05,-4.8847
8.316e-05,-4.8847
8.318e-05,-4.8847
8.32e-05,-4.0847
8.322e-05,-3.2847
8.324e-05,-2.4847
8.326e-05,-1.653
8.328e-05,0.71534
8.33e-05,2.3153
8.332e-05,3.147
8.334e-05,3.9153
8.336e-05,3.9153
8.338e-05,3.147
8.34e-05,3.9153
8.342e-05,3.147
8.344e-05,3.1153
8.346e-05,1.4837
8.348e-05,-0.084656
8.35e-05,-2.453
8.352e-05,-2.4847
8.354e-05,-2.5163
8.356e-05,-4.853
8.358e-05,-4.853
8.36e-05,-4.0847
8.362e-05,-3.2847
8.364e-05,-2.4847
8.366e-05,-1.6847
8.368e-05,-0.11629
8.37e-05,-0.88466
8.372e-05,-0.053023
8.374e-05,0.71534
8.376e-05,0.71534
8.378e-05,-0.053023
8.38e-05,0.71534
8.382e-05,-0.053023
8.384e-05,-0.053023
8.386e-05,0.71534
8.388e-05,0.71534
8.39e-05,-0.053023
8.392e-05,0.71534
8.394e-05,-0.053023
8.396e-05,0.71534
8.398e-05,1.5153
8.4e-05,1.547
8.402e-05,1.5153
8.404e-05,0.71534
8.406e-05,-0.053023
8.408e-05,-0.11629
8.41e-05,-1.6847
8.412e-05,-2.4847
8.414e-05,-1.7163
8.416e-05,-3.2847
8.418e-05,-4.853
8.42e-05,-3.2847
8.422e-05,-4.853
8.424e-05,-3.2847
8.426e-05,-2.4847
8.428e-05,-1.653
8.43e-05,0.71534
8.432e-05,1.5153
8.434e-05,1.547
8.436e-05,3.8837
8.438e-05,3.9153
8.44e-05,3.147
8.442e-05,3.9153
8.444e-05,3.1153
8.446e-05,1.547
8.448e-05,0.71534
8.45e-05,-0.053023
8.452e-05,-0.88466
8.454e-05,-0.88466
8.456e-05,-2.4847
8.458e-05,-1.7163
8.46e-05,-3.253
8.462e-05,-3.253
8.464e-05,-2.4847
8.466e-05,-3.253
8.468e-05,-3.253
8.47e-05,-1.7163
8.472e-05,-2.4847
8.474e-05,-2.453
8.476e-05,-0.88466
8.478e-05,0.71534
8.48e-05,0.71534
8.482e-05,1.5153
8.484e-05,2.3153
8.486e-05,2.3153
8.488e-05,3.1153
8.49e-05,4.6837
8.492e-05,3.147
8.494e-05,3.1153
8.496e-05,2.3153
8.498e-05,3.1153
8.5e-05,2.3153
8.502e-05,-0.084656
8.504e-05,-0.88466
8.506e-05,-3.253
8.508e-05,-3.2847
8.51e-05,-4.853
8.512e-05,-4.853
8.514e-05,-3.3163
8.516e-05,-3.3163
8.518e-05,-2.4847
8.52e-05,-2.453
8.522e-05,0.68371
8.524e-05,0.71534
8.526e-05,3.8837
8.528e-05,3.147
8.53e-05,4.6837
8.532e-05,3.9153
8.534e-05,3.9153
8.536e-05,3.147
8.538e-05,2.3153
8.54e-05,1.5153
8.542e-05,-0.053023
8.544e-05,-0.11629
8.546e-05,-2.4847
8.548e-05,-2.4847
8.55e-05,-2.4847
8.552e-05,-3.2847
8.554e-05,-4.053
8.556e-05,-2.4847
8.558e-05,-1.7163
8.56e-05,-1.6847
8.562e-05,-1.653
8.564e-05,-0.85302
8.566e-05,0.71534
8.568e-05,1.4837
8.57e-05,0.71534
8.572e-05,0.71534
8.574e-05,-0.88466
8.576e-05,-1.653
8.578e-05,-0.88466
8.58e-05,-1.653
8.582e-05,-0.85302
8.584e-05,1.4837
8.586e-05,0.71534
8.588e-05,-0.053023
8.59e-05,2.3153
8.592e-05,1.5153
8.594e-05,1.547
8.596e-05,2.3153
8.598e-05,3.1153
8.6e-05,1.547
8.602e-05,0.71534
8.604e-05,-0.084656
8.606e-05,-0.88466
8.608e-05,-1.6847
8.61e-05,-1.7163
8.612e-05,-3.2847
8.614e-05,-3.2847
8.616e-05,-4.853
8.618e-05,-2.5163
8.62e-05,-1.7163
8.622e-05,-1.6847
8.624e-05,1.4837
8.626e-05,-0.053023
8.628e-05,1.5153
8.63e-05,2.3153
8.632e-05,1.547
8.634e-05,3.1153
8.636e-05,2.3153
8.638e-05,2.3153
8.64e-05,1.5153
8.642e-05,-0.053023
8.644e-05,-0.053023
8.646e-05,-0.084656
8.648e-05,-1.653
8.65e-05,-0.88466
8.652e-05,-1.6847
8.654e-05,-1.6847
8.656e-05,-2.453
8.658e-05,-2.453
8.66e-05,-2.453
8.662e-05,-1.6847
8.664e-05,-2.453
8.666e-05,-1.6847
8.668e-05,-1.7163
8.67e-05,-2.453
8.672e-05,-0.88466
8.674e-05,-0.85302
8.676e-05,-0.084656
8.678e-05,-0.85302
8.68e-05,-0.053023
8.682e-05,2.3153
8.684e-05,1.547
8.686e-05,3.1153
8.688e-05,2.3153
8.69e-05,2.3153
8.692e-05,2.3153
8.694e-05,0.74698
8.696e-05,0.71534
8.698e-05,0.68371
8.7e-05,-0.11629
8.702e-05,-2.4847
8.704e-05,-1.7163
8.706e-05,-2.5163
8.708e-05,-3.2847
8.71e-05,-2.4847
8.712e-05,-2.4847
8.714e-05,-1.653
8.716e-05,-1.653
8.718e-05,0.71534
8.72e-05,1.547
8.722e-05,2.347
8.724e-05,3.9153
8.726e-05,3.147
8.728e-05,3.1153
8.73e-05,2.3153
8.732e-05,1.547
8.734e-05,-0.053023
8.736e-05,-1.653
8.738e-05,-1.6847
8.74e-05,-1.7163
8.742e-05,-2.4847
8.744e-05,-3.253
8.746e-05,-2.4847
8.748e-05,-2.4847
8.75e-05,-1.6847
8.752e-05,-1.653
8.754e-05,-0.084656
8.756e-05,-0.053023
8.758e-05,0.71534
8.76e-05,0.74698
8.762e-05,0.71534
8.764e-05,-0.053023
8.766e-05,0.71534
8.768e-05,-0.084656
8.77e-05,-0.88466
8.772e-05,-1.6847
8.774e-05,-1.6847
8.776e-05,-1.6847
8.778e-05,-0.91629
8.78e-05,-0.88466
8.782e-05,-1.653
8.784e-05,0.71534
8.786e-05,0.71534
8.788e-05,0.71534
8.79e-05,1.547
8.792e-05,1.5153
8.794e-05,1.547
8.796e-05,2.2837
8.798e-05,0.71534
8.8e-05,-0.85302
8.802e-05,-0.88466
8.804e-05,-0.88466
8.806e-05,-1.6847
8.808e-05,-2.453
8.81e-05,-2.4847
8.812e-05,-2.4847
8.814e-05,-0.91629
8.816e-05,-0.88466
8.818e-05,-0.85302
8.82e-05,0.71534
8.822e-05,-0.053023
8.824e-05,-0.053023
8.826e-05,-0.053023
8.828e-05,0.71534
8.83e-05,0.71534
8.832e-05,1.4837
8.834e-05,0.71534
8.836e-05,0.68371
8.838e-05,-0.084656
8.84e-05,0.71534
8.842e-05,0.71534
8.844e-05,-0.053023
8.846e-05,0.71534
8.848e-05,-0.084656
8.85e-05,-0.85302
8.852e-05,0.71534
8.854e-05,0.71534
8.856e-05,0.71534
8.858e-05,-0.88466
8.86e-05,-0.88466
8.862e-05,-0.88466
8.864e-05,-0.88466
8.866e-05,-0.88466
8.868e-05,-0.88466
8.87e-05,-0.88466
8.872e-05,-1.653
8.874e-05,-0.084656
8.876e-05,0.71534
8.878e-05,2.3153
8.88e-05,2.3153
8.882e-05,0.74698
8.884e-05,1.5153
8.886e-05,0.74698
8.888e-05,0.71534
8.89e-05,1.4837
8.892e-05,-1.653
8.894e-05,-0.88466
8.896e-05,-1.6847
8.898e-05,-3.253
8.9e-05,-3.253
8.902e-05,-2.4847
8.904e-05,-1.6847
8.906e-05,-1.653
8.908e-05,-0.88466
8.91e-05,-0.053023
8.912e-05,0.71534
8.914e-05,2.3153
8.916e-05,2.347
8.918e-05,2.347
8.92e-05,3.1153
8.922e-05,3.0837
8.924e-05,0.71534
8.926e-05,0.71534
8.928e-05,-0.88466
8.93e-05,-1.6847
8.932e-05,-2.4847
8.934e-05,-2.4847
8.936e-05,-4.053
8.938e-05,-2.4847
8.94e-05,-2.4847
8.942e-05,-1.6847
8.944e-05,-0.88466
8.946e-05,-0.084656
8.948e-05,-0.053023
8.95e-05,1.5153
8.952e-05,1.547
8.954e-05,2.3153
8.956e-05,1.547
8.958e-05,0.74698
8.96e-05,1.4837
8.962e-05,-0.053023
8.964e-05,-0.85302
8.966e-05,-0.11629
8.968e-05,-1.6847
8.97e-05,-3.253
8.972e-05,-1.6847
8.974e-05,-1.6847
8.976e-05,-1.653
8.978e-05,-1.653
8.98e-05,-1.653
8.982e-05,-0.85302
8.984e-05,-0.053023
8.986e-05,-0.053023
8.988e-05,1.5153
8.99e-05,-0.053023
8.992e-05,-0.053023
8.994e-05,0.71534
8.996e-05,-0.084656
8.998e-05,-0.85302
9e-05,-0.85302
9.002e-05,-0.88466
9.004e-05,-0.88466
9.006e-05,-1.653
9.008e-05,-0.91629
9.01e-05,-1.653
9.012e-05,-0.85302
9.014e-05,-0.084656
9.016e-05,-0.85302
9.018e-05,1.4837
9.02e-05,-0.11629
9.022e-05,-0.084656
9.024e-05,-0.053023
9.026e-05,0.71534
9.028e-05,1.4837
9.03e-05,-0.084656
9.032e-05,-0.084656
9.034e-05,0.71534
9.036e-05,-0.084656
9.038e-05,-0.053023
9.04e-05,-0.053023
9.042e-05,0.71534
9.044e-05,1.4837
9.046e-05,-0.053023
9.048e-05,-0.85302
9.05e-05,-0.053023
9.052e-05,-0.85302
9.054e-05,-0.88466
9.056e-05,-0.084656
9.058e-05,-1.653
9.06e-05,-0.88466
9.062e-05,-0.85302
9.064e-05,-0.85302
9.066e-05,0.71534
9.068e-05,0.71534
9.07e-05,-0.053023
9.072e-05,0.74698
9.074e-05,0.74698
9.076e-05,0.74698
9.078e-05,1.5153
9.08e-05,-0.053023
9.082e-05,-0.053023
9.084e-05,-0.084656
9.086e-05,-1.653
9.088e-05,-1.653
9.09e-05,-3.253
9.092e-05,-3.253
9.094e-05,-2.4847
9.096e-05,-3.253
9.098e-05,-1.6847
9.1e-05,-0.88466
9.102e-05,1.4837
9.104e-05,0.71534
9.106e-05,1.5153
9.108e-05,2.3153
9.11e-05,2.347
9.112e-05,3.1153
9.114e-05,2.347
9.116e-05,2.3153
9.118e-05,1.5153
9.12e-05,-0.053023
9.122e-05,-0.084656
9.124e-05,-1.6847
9.126e-05,-3.253
9.128e-05,-3.253
9.13e-05,-4.053
9.132e-05,-3.2847
9.134e-05,-4.053
9.136e-05,-3.253
9.138e-05,-2.453
9.14e-05,-1.653
9.142e-05,-0.084656
9.144e-05,0.71534
9.146e-05,2.2837
9.148e-05,1.547
9.15e-05,1.547
9.152e-05,2.3153
9.154e-05,1.5153
9.156e-05,0.74698
9.158e-05,1.5153
9.16e-05,-0.084656
9.162e-05,-0.85302
9.164e-05,-0.88466
9.166e-05,-0.88466
9.168e-05,-1.653
9.17e-05,-0.88466
9.172e-05,-0.88466
9.174e-05,-0.88466
9.176e-05,-0.084656
9.178e-05,-0.85302
9.18e-05,-0.084656
9.182e-05,-0.053023
9.184e-05,-0.053023
9.186e-05,0.71534
9.188e-05,-0.85302
9.19e-05,-1.653
9.192e-05,-1.653
9.194e-05,-0.88466
9.196e-05,-1.653
9.198e-05,-0.88466
9.2e-05,-0.11629
9.202e-05,-1.653
9.204e-05,-0.85302
9.206e-05,-0.85302
9.208e-05,-0.053023
9.21e-05,0.71534
9.212e-05,-0.053023
9.214e-05,0.71534
9.216e-05,-0.053023
9.218e-05,2.2837
9.22e-05,-0.053023
9.222e-05,0.71534
9.224e-05,-0.053023
9.226e-05,-0.053023
9.228e-05,-0.85302
9.23e-05,-0.85302
9.232e-05,-0.85302
9.234e-05,-0.88466
9.236e-05,-0.88466
9.238e-05,-0.88466
9.24e-05,-1.653
9.242e-05,-1.653
9.244e-05,-1.653
9.246e-05,-0.88466
9.248e-05,-1.653
9.25e-05,-0.88466
9.252e-05,-0.88466
9.254e-05,-0.084656
9.256e-05,0.71534
9.258e-05,0.71534
9.26e-05,-0.053023
9.262e-05,1.5153
9.264e-05,0.74698
9.266e-05,2.3153
9.268e-05,2.3153
9.27e-05,0.74698
9.272e-05,0.71534
9.274e-05,-0.053023
9.276e-05,-1.653
9.278e-05,-1.653
9.28e-05,-1.6847
9.282e-05,-2.4847
9.284e-05,-4.053
9.286e-05,-4.053
9.288e-05,-3.253
9.29e-05,-2.4847
9.292e-05,-3.253
9.294e-05,-2.453
9.296e-05,-1.653
9.298e-05,0.71534
9.3e-05,1.547
9.302e-05,2.347
9.304e-05,2.347
9.306e-05,3.9153
9.308e-05,3.9153
9.31e-05,3.9153
9.312e-05,2.347
9.314e-05,1.547
9.316e-05,1.547
9.318e-05,-0.084656
9.32e-05,-0.88466
9.322e-05,-3.253
9.324e-05,-3.253
9.326e-05,-2.4847
9.328e-05,-2.4847
9.33e-05,-3.253
9.332e-05,-3.253
9.334e-05,-2.453
9.336e-05,-1.653
9.338e-05,-0.084656
9.34e-05,-0.053023
9.342e-05,0.71534
9.344e-05,2.3153
9.346e-05,0.74698
9.348e-05,0.74698
9.35e-05,1.4837
9.352e-05,-0.053023
9.354e-05,-0.053023
9.356e-05,-0.053023
9.358e-05,-0.85302
9.36e-05,-0.084656
9.362e-05,-0.85302
9.364e-05,-0.85302
9.366e-05,-0.85302
9.368e-05,-1.653
9.37e-05,-1.653
9.372e-05,-1.653
9.374e-05,-0.85302
9.376e-05,-0.85302
9.378e-05,-0.053023
9.38e-05,-0.85302
9.382e-05,-1.653
9.384e-05,-1.653
9.386e-05,-0.91629
9.388e-05,-1.6847
9.39e-05,-1.6847
9.392e-05,-1.6847
9.394e-05,-2.453
9.396e-05,-0.88466
9.398e-05,-1.653
9.4e-05,-0.85302
9.402e-05,0.71534
9.404e-05,-0.053023
9.406e-05,0.74698
9.408e-05,0.71534
9.41e-05,0.74698
9.412e-05,0.74698
9.414e-05,1.547
9.416e-05,0.74698
9.418e-05,0.74698
9.42e-05,1.4837
9.422e-05,-0.053023
9.424e-05,0.71534
9.426e-05,0.71534
9.428e-05,-1.653
9.43e-05,-1.653
9.432e-05,-0.88466
9.434e-05,-0.91629
9.436e-05,-0.91629
9.438e-05,-1.6847
9.44e-05,-2.453
9.442e-05,-2.453
9.444e-05,-2.453
9.446e-05,-1.653
9.448e-05,-1.653
9.45e-05,-0.084656
9.452e-05,0.71534
9.454e-05,-0.053023
9.456e-05,1.547
9.458e-05,1.547
9.46e-05,1.547
9.462e-05,1.547
9.464e-05,1.547
9.466e-05,1.547
9.468e-05,2.2837
9.47e-05,0.71534
9.472e-05,-0.053023
9.474e-05,-0.88466
9.476e-05,-2.453
9.478e-05,-2.4847
9.48e-05,-3.2847
9.482e-05,-4.053
9.484e-05,-4.053
9.486e-05,-3.2847
9.488e-05,-3.253
9.49e-05,-1.6847
9.492e-05,-0.88466
9.494e-05,-0.084656
9.496e-05,1.5153
9.498e-05,1.547
9.5e-05,2.347
9.502e-05,2.347
9.504e-05,3.1153
9.506e-05,3.1153
9.508e-05,2.3153
9.51e-05,3.0837
9.512e-05,-0.053023
9.514e-05,0.71534
9.516e-05,-0.084656
9.518e-05,-1.653
9.52e-05,-2.453
9.522e-05,-2.453
9.524e-05,-3.253
9.526e-05,-2.4847
9.528e-05,-1.6847
9.53e-05,-2.453
9.532e-05,-1.653
9.534e-05,-0.88466
9.536e-05,0.68371
9.538e-05,-0.084656
9.54e-05,-0.053023
9.542e-05,1.4837
9.544e-05,1.4837
9.546e-05,-0.053023
9.548e-05,0.71534
9.55e-05,-0.084656
9.552e-05,-0.85302
9.554e-05,-0.084656
9.556e-05,-0.053023
9.558e-05,0.71534
9.56e-05,0.71534
9.562e-05,-0.053023
9.564e-05,0.71534
9.566e-05,0.71534
9.568e-05,0.71534
9.57e-05,-0.053023
9.572e-05,0.71534
9.574e-05,1.4837
9.576e-05,-0.084656
9.578e-05,-0.88466
9.58e-05,-0.88466
9.582e-05,-1.6847
9.584e-05,-2.4847
9.586e-05,-3.253
9.588e-05,-3.253
9.59e-05,-2.4847
9.592e-05,-2.4847
9.594e-05,-1.6847
9.596e-05,-1.653
9.598e-05,-0.88466
9.6e-05,-0.053023
9.602e-05,0.71534
9.604e-05,2.3153
9.606e-05,1.547
9.608e-05,3.1153
9.61e-05,2.3153
9.612e-05,2.3153
9.614e-05,1.547
9.616e-05,2.3153
9.618e-05,0.74698
9.62e-05,-0.053023
9.622e-05,-0.053023
9.624e-05,0.68371
9.626e-05,-2.453
9.628e-05,-1.6847
9.63e-05,-0.91629
9.632e-05,-3.253
9.634e-05,-2.4847
9.636e-05,-2.4847
9.638e-05,-2.4847
9.64e-05,-2.4847
9.642e-05,-1.6847
9.644e-05,-1.653
9.646e-05,-0.85302
9.648e-05,0.71534
9.65e-05,-0.053023
9.652e-05,-0.053023
9.654e-05,1.547
9.656e-05,3.0837
9.658e-05,2.347
9.66e-05,2.347
9.662e-05,3.1153
9.664e-05,3.0837
9.666e-05,1.547
9.668e-05,1.5153
9.67e-05,-0.053023
9.672e-05,-0.85302
9.674e-05,-2.453
9.676e-05,-2.4847
9.678e-05,-4.053
9.68e-05,-3.2847
9.682e-05,-3.2847
9.684e-05,-3.2847
9.686e-05,-3.253
9.688e-05,-2.453
9.69e-05,-0.88466
9.692e-05,0.71534
9.694e-05,0.74698
9.696e-05,3.0837
9.698e-05,3.8837
9.7e-05,2.347
9.702e-05,3.1153
9.704e-05,3.1153
9.706e-05,1.547
9.708e-05,0.74698
9.71e-05,-0.053023
9.712e-05,-0.053023
9.714e-05,-0.084656
9.716e-05,-0.88466
9.718e-05,-1.653
9.72e-05,-0.11629
9.722e-05,-1.6847
9.724e-05,-0.88466
9.726e-05,-0.88466
9.728e-05,-0.88466
9.73e-05,-0.88466
9.732e-05,-0.88466
9.734e-05,-1.653
9.736e-05,-0.85302
9.738e-05,-0.88466
9.74e-05,-1.653
9.742e-05,-0.11629
9.744e-05,-2.453
9.746e-05,-1.653
9.748e-05,-1.653
9.75e-05,-0.85302
9.752e-05,-0.85302
9.754e-05,-0.053023
9.756e-05,-0.053023
9.758e-05,0.74698
9.76e-05,1.547
9.762e-05,2.3153
9.764e-05,2.3153
9.766e-05,1.547
9.768e-05,1.547
9.77e-05,0.74698
9.772e-05,-0.053023
9.774e-05,-1.653
9.776e-05,-1.653
9.778e-05,-1.6847
9.78e-05,-2.4847
9.782e-05,-2.4847
9.784e-05,-3.2847
9.786e-05,-2.4847
9.788e-05,-3.253
9.79e-05,-1.6847
9.792e-05,-1.653
9.794e-05,-0.084656
9.796e-05,-0.053023
9.798e-05,-0.053023
9.8e-05,1.547
9.802e-05,2.347
9.804e-05,3.1153
9.806e-05,3.8837
9.808e-05,3.1153
9.81e-05,2.347
9.812e-05,1.547
9.814e-05,1.547
9.816e-05,0.71534
9.818e-05,-0.053023
9.82e-05,-0.85302
9.822e-05,-1.6847
9.824e-05,-1.6847
9.826e-05,-2.453
9.828e-05,-3.253
9.83e-05,-2.4847
9.832e-05,-3.253
9.834e-05,-3.2847
9.836e-05,-3.253
9.838e-05,-2.4847
9.84e-05,-2.453
9.842e-05,-1.653
9.844e-05,-0.084656
9.846e-05,-0.053023
9.848e-05,2.2837
9.85e-05,2.3153
9.852e-05,2.347
9.854e-05,3.9153
9.856e-05,3.147
9.858e-05,3.1153
9.86e-05,3.1153
9.862e-05,2.347
9.864e-05,1.5153
9.866e-05,0.71534
9.868e-05,-1.653
9.87e-05,-3.253
9.872e-05,-3.2847
9.874e-05,-4.053
9.876e-05,-4.853
9.878e-05,-3.2847
9.88e-05,-3.253
9.882e-05,-2.453
9.884e-05,-0.88466
9.886e-05,-0.053023
9.888e-05,1.5153
9.89e-05,1.547
9.892e-05,2.3153
9.894e-05,2.347
9.896e-05,2.347
9.898e-05,1.547
9.9e-05,1.547
9.902e-05,0.74698
9.904e-05,-0.053023
9.906e-05,-0.85302
9.908e-05,-0.88466
9.91e-05,-0.88466
9.912e-05,-0.88466
9.914e-05,-0.88466
9.916e-05,-0.88466
9.918e-05,-1.653
9.92e-05,-0.88466
9.922e-05,0.71534
9.924e-05,-0.053023
9.926e-05,-0.084656
9.928e-05,-0.053023
9.93e-05,-0.85302
9.932e-05,-0.084656
9.934e-05,-1.653
9.936e-05,-0.91629
9.938e-05,-2.4847
9.94e-05,-1.7163
9.942e-05,-2.4847
9.944e-05,-2.453
9.946e-05,-0.88466
9.948e-05,-0.85302
9.95e-05,-0.053023
9.952e-05,-0.053023
9.954e-05,2.3153
9.956e-05,2.3153
9.958e-05,3.1153
9.96e-05,2.347
9.962e-05,3.0837
9.964e-05,1.5153
9.966e-05,-0.053023
9.968e-05,-0.084656
9.97e-05,-1.653
9.972e-05,-3.253
9.974e-05,-3.253
9.976e-05,-2.4847
9.978e-05,-3.253
9.98e-05,-4.053
9.982e-05,-2.4847
9.984e-05,-1.6847
9.986e-05,-0.88466
9.988e-05,-0.084656
9.99e-05,-0.053023
9.992e-05,-0.053023
9.994e-05,1.5153
9.996e-05,0.74698
9.998e-05,2.3153
0.0001,1.547
0.00010002,3.0837
0.00010004,0.74698
0.00010006,0.74698
0.00010008,0.71534
0.0001001,0.71534
0.00010012,-0.053023
0.00010014,0.71534
0.00010016,-0.88466
0.00010018,-0.88466
0.0001002,-0.88466
0.00010022,-1.6847
0.00010024,-2.4847
0.00010026,-3.253
0.00010028,-2.4847
0.0001003,-3.253
0.00010032,-2.4847
0.00010034,-1.6847
0.00010036,-2.453
0.00010038,-0.88466
0.0001004,1.4837
0.00010042,0.74698
0.00010044,2.3153
0.00010046,2.347
0.00010048,2.347
0.0001005,3.1153
0.00010052,3.147
0.00010054,2.347
0.00010056,1.5153
0.00010058,0.71534
0.0001006,-1.653
0.00010062,-1.653
0.00010064,-3.253
0.00010066,-3.2847
0.00010068,-2.4847
0.0001007,-3.253
0.00010072,-2.4847
0.00010074,-3.253
0.00010076,-0.88466
0.00010078,-1.653
0.0001008,-0.053023
0.00010082,0.74698
0.00010084,3.1153
0.00010086,2.3153
0.00010088,2.347
0.0001009,2.3153
0.00010092,1.547
0.00010094,-0.053023
0.00010096,0.71534
0.00010098,-0.85302
0.000101,-1.653
0.00010102,-1.653
0.00010104,-1.6847
0.00010106,-1.6847
0.00010108,-2.453
0.0001011,-0.91629
0.00010112,-0.88466
0.00010114,-0.85302
0.00010116,0.71534
0.00010118,1.4837
0.0001012,-0.053023
0.00010122,0.71534
0.00010124,1.4837
0.00010126,-0.053023
0.00010128,-1.653
0.0001013,-1.653
0.00010132,-1.653
0.00010134,-1.6847
0.00010136,-2.453
0.00010138,-1.653
0.0001014,-1.653
0.00010142,0.71534
0.00010144,-0.053023
0.00010146,0.74698
0.00010148,1.5153
0.0001015,1.547
0.00010152,1.547
0.00010154,1.5153
0.00010156,0.74698
0.00010158,-0.053023
0.0001016,0.71534
0.00010162,-0.85302
0.00010164,-0.88466
0.00010166,-2.453
0.00010168,-1.6847
0.0001017,-2.453
0.00010172,-2.453
0.00010174,-2.453
0.00010176,-1.653
0.00010178,-1.653
0.0001018,-0.084656
0.00010182,0.71534
0.00010184,-0.053023
0.00010186,-0.053023
0.00010188,0.74698
0.0001019,1.5153
0.00010192,-0.053023
0.00010194,1.5153
0.00010196,-0.053023
0.00010198,0.71534
0.000102,0.71534
0.00010202,0.71534
0.00010204,-0.053023
0.00010206,-0.85302
0.00010208,-0.053023
0.0001021,-0.084656
0.00010212,-1.653
0.00010214,-0.88466
0.00010216,-0.88466
0.00010218,-1.653
0.0001022,-1.6847
0.00010222,-2.453
0.00010224,-3.253
0.00010226,-1.6847
0.00010228,-0.88466
0.0001023,-0.88466
0.00010232,-0.85302
0.00010234,0.71534
0.00010236,1.4837
0.00010238,3.0837
0.0001024,2.3153
0.00010242,3.1153
0.00010244,1.547
0.00010246,1.547
0.00010248,0.74698
0.0001025,-0.053023
0.00010252,-0.084656
0.00010254,-1.653
0.00010256,-1.6847
0.00010258,-2.4847
0.0001026,-4.053
0.00010262,-3.253
0.00010264,-2.4847
0.00010266,-2.4847
0.00010268,-1.6847
0.0001027,-0.85302
0.00010272,0.71534
0.00010274,1.547
0.00010276,3.8837
0.00010278,3.9153
0.0001028,3.9153
0.00010282,2.347
0.00010284,3.147
0.00010286,2.347
0.00010288,1.547
0.0001029,1.5153
0.00010292,-0.88466
0.00010294,-1.653
0.00010296,-2.4847
0.00010298,-2.4847
0.000103,-3.253
0.00010302,-2.4847
0.00010304,-2.4847
0.00010306,-2.453
0.00010308,-0.11629
0.0001031,-0.084656
0.00010312,-0.084656
0.00010314,0.71534
0.00010316,0.71534
0.00010318,-0.053023
0.0001032,0.71534
0.00010322,0.71534
0.00010324,-0.084656
0.00010326,-0.084656
0.00010328,-0.053023
0.0001033,0.71534
0.00010332,0.71534
0.00010334,0.71534
0.00010336,-0.053023
0.00010338,-0.053023
0.0001034,0.71534
0.00010342,0.71534
0.00010344,0.71534
0.00010346,-0.053023
0.00010348,-0.053023
0.0001035,-0.053023
0.00010352,-0.85302
0.00010354,-1.653
0.00010356,-0.88466
0.00010358,-1.6847
0.0001036,-2.453
0.00010362,-0.88466
0.00010364,-1.6847
0.00010366,-0.88466
0.00010368,-0.85302
0.0001037,-0.084656
0.00010372,-0.053023
0.00010374,0.74698
0.00010376,1.5153
0.00010378,1.547
0.0001038,0.74698
0.00010382,1.5153
0.00010384,1.5153
0.00010386,-0.053023
0.00010388,0.71534
0.0001039,-0.053023
0.00010392,-0.084656
0.00010394,-0.084656
0.00010396,-0.084656
0.00010398,-0.88466
0.000104,-0.85302
0.00010402,-1.653
0.00010404,-0.88466
0.00010406,-0.88466
0.00010408,-1.653
0.0001041,-2.453
0.00010412,-1.6847
0.00010414,-2.453
0.00010416,-0.88466
0.00010418,-1.6847
0.0001042,-0.88466
0.00010422,-0.084656
0.00010424,-0.053023
0.00010426,0.71534
0.00010428,0.74698
0.0001043,1.547
0.00010432,1.547
0.00010434,2.347
0.00010436,2.347
0.00010438,3.8837
0.0001044,2.3153
0.00010442,1.5153
0.00010444,-0.053023
0.00010446,-0.85302
0.00010448,-2.453
0.0001045,-2.4847
0.00010452,-3.2847
0.00010454,-4.053
0.00010456,-4.0847
0.00010458,-3.2847
0.0001046,-3.253
0.00010462,-1.6847
0.00010464,-0.084656
0.00010466,-0.053023
0.00010468,2.3153
0.0001047,3.1153
0.00010472,3.147
0.00010474,3.9153
0.00010476,3.147
0.00010478,3.147
0.0001048,2.3153
0.00010482,1.547
0.00010484,2.3153
0.00010486,-0.053023
0.00010488,-0.85302
0.0001049,-2.453
0.00010492,-2.453
0.00010494,-3.253
0.00010496,-4.053
0.00010498,-2.4847
0.000105,-2.4847
0.00010502,-1.6847
0.00010504,-1.6847
0.00010506,-0.88466
0.00010508,-0.85302
0.0001051,-0.084656
0.00010512,-0.084656
0.00010514,-0.053023
0.00010516,0.71534
0.00010518,0.71534
0.0001052,0.74698
0.00010522,0.74698
0.00010524,1.547
0.00010526,1.547
0.00010528,2.3153
0.0001053,2.3153
0.00010532,2.3153
0.00010534,1.5153
0.00010536,0.74698
0.00010538,-0.053023
0.0001054,0.71534
0.00010542,-0.084656
0.00010544,-1.653
0.00010546,-2.453
0.00010548,-2.453
0.0001055,-2.4847
0.00010552,-3.253
0.00010554,-3.253
0.00010556,-3.253
0.00010558,-0.91629
0.0001056,-1.653
0.00010562,-0.85302
0.00010564,0.71534
0.00010566,0.71534
0.00010568,2.3153
0.0001057,1.5153
0.00010572,0.74698
0.00010574,1.5153
0.00010576,1.547
0.00010578,1.547
0.0001058,0.74698
0.00010582,0.74698
0.00010584,0.71534
0.00010586,-0.053023
0.00010588,0.71534
0.0001059,-0.85302
0.00010592,-1.653
0.00010594,-0.85302
0.00010596,-1.653
0.00010598,-2.453
0.000106,-1.6847
0.00010602,-1.6847
0.00010604,-3.253
0.00010606,-2.4847
0.00010608,-3.253
0.0001061,-3.253
0.00010612,-2.4847
0.00010614,-0.88466
0.00010616,-0.85302
0.00010618,-0.053023
0.0001062,0.71534
0.00010622,1.547
0.00010624,3.1153
0.00010626,3.147
0.00010628,3.147
0.0001063,3.147
0.00010632,2.347
0.00010634,2.347
0.00010636,0.74698
0.00010638,0.71534
0.0001064,-0.88466
0.00010642,-1.6847
0.00010644,-2.4847
0.00010646,-4.853
0.00010648,-4.853
0.0001065,-4.0847
0.00010652,-4.853
0.00010654,-2.5163
0.00010656,-2.4847
0.00010658,-0.88466
0.0001066,-0.85302
0.00010662,-0.053023
0.00010664,2.3153
0.00010666,3.9153
0.00010668,3.9153
0.0001067,3.9153
0.00010672,3.147
0.00010674,3.1153
0.00010676,2.347
0.00010678,0.74698
0.0001068,-0.053023
0.00010682,-0.053023
0.00010684,-1.653
0.00010686,-2.453
0.00010688,-3.253
0.0001069,-1.7163
0.00010692,-2.4847
0.00010694,-2.4847
0.00010696,-3.253
0.00010698,-2.4847
0.000107,-2.453
0.00010702,-2.453
0.00010704,-0.88466
0.00010706,-1.653
0.00010708,-0.85302
0.0001071,-0.053023
0.00010712,0.71534
0.00010714,1.5153
0.00010716,1.5153
0.00010718,1.5153
0.0001072,2.3153
0.00010722,2.3153
0.00010724,3.1153
0.00010726,3.0837
0.00010728,2.3153
0.0001073,2.3153
0.00010732,1.5153
0.00010734,0.71534
0.00010736,-0.053023
0.00010738,-0.084656
0.0001074,-0.88466
0.00010742,-1.6847
0.00010744,-1.7163
0.00010746,-2.4847
0.00010748,-2.4847
0.0001075,-3.253
0.00010752,-2.453
0.00010754,-2.453
0.00010756,-1.653
0.00010758,-1.653
0.0001076,-0.88466
0.00010762,-0.053023
0.00010764,0.71534
0.00010766,0.74698
0.00010768,-0.053023
0.0001077,0.74698
0.00010772,1.5153
0.00010774,1.547
0.00010776,2.3153
0.00010778,2.2837
0.0001078,1.5153
0.00010782,-0.053023
0.00010784,-0.053023
0.00010786,-0.053023
0.00010788,0.71534
0.0001079,-0.85302
0.00010792,-1.653
0.00010794,-1.6847
0.00010796,-1.6847
0.00010798,-3.253
0.000108,-2.4847
0.00010802,-1.7163
0.00010804,-2.4847
0.00010806,-2.4847
0.00010808,-2.453
0.0001081,-0.88466
0.00010812,-0.85302
0.00010814,-0.053023
0.00010816,1.5153
0.00010818,2.347
0.0001082,3.147
0.00010822,3.147
0.00010824,3.147
0.00010826,3.147
0.00010828,2.347
0.0001083,2.347
0.00010832,1.5153
0.00010834,0.71534
0.00010836,-1.653
0.00010838,-1.6847
0.0001084,-2.4847
0.00010842,-3.2847
0.00010844,-4.853
0.00010846,-3.2847
0.00010848,-3.2847
0.0001085,-4.053
0.00010852,-2.453
0.00010854,-1.653
0.00010856,-0.85302
0.00010858,0.74698
0.0001086,0.74698
0.00010862,3.1153
0.00010864,3.147
0.00010866,3.9153
0.00010868,3.147
0.0001087,3.1153
0.00010872,1.547
0.00010874,2.3153
0.00010876,-0.053023
0.00010878,-0.85302
0.0001088,-1.653
0.00010882,-2.453
0.00010884,-3.253
0.00010886,-3.253
0.00010888,-3.253
0.0001089,-3.253
0.00010892,-2.4847
0.00010894,-3.253
0.00010896,-1.6847
0.00010898,-2.453
0.000109,-1.653
0.00010902,-0.88466
0.00010904,-1.653
0.00010906,0.71534
0.00010908,-0.053023
0.0001091,1.5153
0.00010912,0.74698
0.00010914,1.5153
0.00010916,0.74698
0.00010918,1.547
0.0001092,1.547
0.00010922,0.74698
0.00010924,0.74698
0.00010926,0.74698
0.00010928,0.71534
0.0001093,0.71534
0.00010932,0.71534
0.00010934,-0.084656
0.00010936,-0.85302
0.00010938,-1.653
0.0001094,-0.88466
0.00010942,-0.88466
0.00010944,-0.88466
0.00010946,-1.653
0.00010948,-1.653
0.0001095,-2.453
0.00010952,-1.6847
0.00010954,-1.653
0.00010956,-0.85302
0.00010958,-0.88466
0.0001096,-0.85302
0.00010962,-0.084656
0.00010964,-0.053023
0.00010966,-0.053023
0.00010968,1.5153
0.0001097,0.74698
0.00010972,1.547
0.00010974,1.547
0.00010976,2.3153
0.00010978,1.547
0.0001098,1.547
0.00010982,1.5153
0.00010984,0.71534
0.00010986,-0.053023
0.00010988,-0.88466
0.0001099,-2.453
0.00010992,-2.453
0.00010994,-3.253
0.00010996,-3.253
0.00010998,-2.4847
0.00011,-3.253
0.00011002,-2.4847
0.00011004,-1.6847
0.00011006,-0.88466
0.00011008,-0.053023
0.0001101,0.74698
0.00011012,2.3153
0.00011014,1.547
0.00011016,3.1153
0.00011018,3.147
0.0001102,3.1153
0.00011022,3.147
0.00011024,3.1153
0.00011026,1.547
0.00011028,1.547
0.0001103,-0.053023
0.00011032,-1.653
0.00011034,-1.6847
0.00011036,-3.253
0.00011038,-3.2847
0.0001104,-4.053
0.00011042,-4.053
0.00011044,-4.053
0.00011046,-3.253
0.00011048,-2.453
0.0001105,-0.88466
0.00011052,-0.084656
0.00011054,1.5153
0.00011056,1.5153
0.00011058,2.347
0.0001106,2.347
0.00011062,3.1153
0.00011064,2.347
0.00011066,1.547
0.00011068,1.5153
0.0001107,0.71534
0.00011072,-0.053023
0.00011074,-0.88466
0.00011076,-0.88466
0.00011078,-1.653
0.0001108,-1.6847
0.00011082,-1.6847
0.00011084,-1.6847
0.00011086,-2.453
0.00011088,-2.453
0.0001109,-2.453
0.00011092,-1.653
0.00011094,-0.084656
0.00011096,-0.053023
0.00011098,0.71534
0.000111,0.71534
0.00011102,1.4837
0.00011104,-0.053023
0.00011106,-0.053023
0.00011108,-0.053023
0.0001111,0.71534
0.00011112,0.71534
0.00011114,-0.053023
0.00011116,0.71534
0.00011118,0.71534
0.0001112,-0.053023
0.00011122,0.71534
0.00011124,0.71534
0.00011126,-0.053023
0.00011128,-0.053023
0.0001113,0.71534
0.00011132,0.71534
0.00011134,-0.084656
0.00011136,-0.85302
0.00011138,-0.88466
0.0001114,-1.653
0.00011142,-0.88466
0.00011144,-1.6847
0.00011146,-3.253
0.00011148,-2.453
0.0001115,-2.453
0.00011152,-1.653
0.00011154,-0.88466
0.00011156,-0.084656
0.00011158,0.71534
0.0001116,0.71534
0.00011162,0.71534
0.00011164,1.547
0.00011166,1.5153
0.00011168,0.74698
0.0001117,2.3153
0.00011172,2.3153
0.00011174,1.547
0.00011176,-0.053023
0.00011178,-0.053023
0.0001118,0.71534
0.00011182,-1.653
0.00011184,-1.653
0.00011186,-0.88466
0.00011188,-2.453
0.0001119,-3.253
0.00011192,-3.253
0.00011194,-3.253
0.00011196,-1.6847
0.00011198,-2.453
0.000112,-1.653
0.00011202,-0.053023
0.00011204,0.71534
0.00011206,-0.053023
0.00011208,2.3153
0.0001121,2.3153
0.00011212,2.347
0.00011214,2.347
0.00011216,1.547
0.00011218,1.547
0.0001122,1.5153
0.00011222,-0.053023
0.00011224,-0.084656
0.00011226,-1.653
0.00011228,-1.6847
0.0001123,-3.253
0.00011232,-3.253
0.00011234,-2.4847
0.00011236,-2.4847
0.00011238,-3.253
0.0001124,-3.253
0.00011242,-1.653
0.00011244,-1.653
0.00011246,0.71534
0.00011248,0.71534
0.0001125,1.5153
0.00011252,2.3153
0.00011254,1.547
0.00011256,1.547
0.00011258,2.3153
0.0001126,0.74698
0.00011262,0.71534
0.00011264,-0.053023
0.00011266,-0.88466
0.00011268,-1.653
0.0001127,-1.6847
0.00011272,-2.4847
0.00011274,-3.253
0.00011276,-2.4847
0.00011278,-2.453
0.0001128,-2.453
0.00011282,-0.88466
0.00011284,-1.653
0.00011286,-0.053023
0.00011288,-0.053023
0.0001129,-0.053023
0.00011292,-0.053023
0.00011294,0.71534
0.00011296,1.5153
0.00011298,0.71534
0.000113,-0.053023
0.00011302,-0.053023
0.00011304,-0.053023
0.00011306,0.71534
0.00011308,-0.85302
0.0001131,0.71534
0.00011312,0.71534
0.00011314,0.68371
0.00011316,-0.053023
0.00011318,-0.85302
0.0001132,-0.053023
0.00011322,0.71534
0.00011324,0.71534
0.00011326,-0.053023
0.00011328,-0.053023
0.0001133,-0.084656
0.00011332,-1.653
0.00011334,-0.88466
0.00011336,-1.653
0.00011338,-0.88466
0.0001134,-1.653
0.00011342,-1.653
0.00011344,-1.653
0.00011346,-0.85302
0.00011348,-1.653
0.0001135,-1.653
0.00011352,1.4837
0.00011354,0.71534
0.00011356,0.71534
0.00011358,0.71534
0.0001136,0.71534
0.00011362,-0.053023
0.00011364,-0.053023
0.00011366,0.71534
0.00011368,0.71534
0.0001137,0.71534
0.00011372,-0.053023
0.00011374,-0.053023
0.00011376,-0.85302
0.00011378,-0.88466
0.0001138,-0.084656
0.00011382,-1.653
0.00011384,-0.88466
0.00011386,-0.88466
0.00011388,-2.453
0.0001139,-1.6847
0.00011392,-1.653
0.00011394,-1.653
0.00011396,-0.85302
0.00011398,-0.85302
0.000114,0.71534
0.00011402,0.74698
0.00011404,2.3153
0.00011406,1.547
0.00011408,2.3153
0.0001141,1.547
0.00011412,1.547
0.00011414,0.74698
0.00011416,-0.053023
0.00011418,-0.053023
0.0001142,-1.653
0.00011422,-2.453
0.00011424,-1.6847
0.00011426,-3.253
0.00011428,-3.253
0.0001143,-1.7163
0.00011432,-2.4847
0.00011434,-2.4847
0.00011436,-2.453
0.00011438,-0.084656
0.0001144,-0.053023
0.00011442,3.0837
0.00011444,2.3153
0.00011446,3.1153
0.00011448,2.347
0.0001145,2.347
0.00011452,3.1153
0.00011454,2.3153
0.00011456,-0.053023
0.00011458,-0.053023
0.0001146,-1.653
0.00011462,-2.453
0.00011464,-1.6847
0.00011466,-2.4847
0.00011468,-1.7163
0.0001147,-2.4847
0.00011472,-3.253
0.00011474,-3.253
0.00011476,-0.88466
0.00011478,-0.85302
0.0001148,-0.053023
0.00011482,-0.053023
0.00011484,-0.053023
0.00011486,0.74698
0.00011488,0.74698
0.0001149,1.5153
0.00011492,-0.053023
0.00011494,1.5153
0.00011496,0.71534
0.00011498,0.71534
0.000115,0.68371
0.00011502,-0.084656
0.00011504,-0.084656
0.00011506,-0.084656
0.00011508,-0.85302
0.0001151,-0.084656
0.00011512,-0.053023
0.00011514,-0.084656
0.00011516,-0.084656
0.00011518,-0.85302
0.0001152,-0.85302
0.00011522,-0.85302
0.00011524,-1.653
0.00011526,-1.653
0.00011528,-1.653
0.0001153,-1.6847
0.00011532,-0.88466
0.00011534,-0.88466
0.00011536,-1.653
0.00011538,-1.653
0.0001154,-0.85302
0.00011542,0.71534
0.00011544,0.71534
0.00011546,0.74698
0.00011548,1.5153
0.0001155,0.74698
0.00011552,2.3153
0.00011554,1.5153
0.00011556,0.74698
0.00011558,0.74698
0.0001156,0.71534
0.00011562,0.71534
0.00011564,0.71534
0.00011566,-0.85302
0.00011568,-0.85302
0.0001157,-1.653
0.00011572,-0.88466
0.00011574,-1.653
0.00011576,-1.6847
0.00011578,-2.453
0.0001158,-1.653
0.00011582,-1.6847
0.00011584,-0.11629
0.00011586,-0.88466
0.00011588,-0.053023
0.0001159,0.71534
0.00011592,0.74698
0.00011594,1.547
0.00011596,2.3153
0.00011598,2.347
0.000116,3.147
0.00011602,2.347
0.00011604,3.1153
0.00011606,3.1153
0.00011608,0.74698
0.0001161,-0.053023
0.00011612,-0.084656
0.00011614,-2.453
0.00011616,-3.253
0.00011618,-4.053
0.0001162,-4.0847
0.00011622,-4.0847
0.00011624,-4.853
0.00011626,-4.053
0.00011628,-3.253
0.0001163,-2.453
0.00011632,-0.084656
0.00011634,-0.053023
0.00011636,1.547
0.00011638,3.9153
0.0001164,3.147
0.00011642,3.147
0.00011644,3.147
0.00011646,3.147
0.00011648,2.347
0.0001165,2.3153
0.00011652,0.71534
0.00011654,0.71534
0.00011656,-1.653
0.00011658,-3.253
0.0001166,-4.053
0.00011662,-3.2847
0.00011664,-4.0847
0.00011666,-4.053
0.00011668,-3.2847
0.0001167,-2.4847
0.00011672,-2.453
0.00011674,-0.084656
0.00011676,-0.85302
0.00011678,-0.053023
0.0001168,1.4837
0.00011682,1.547
0.00011684,1.547
0.00011686,1.547
0.00011688,1.547
0.0001169,1.547
0.00011692,1.5153
0.00011694,0.74698
0.00011696,0.71534
0.00011698,0.74698
0.000117,-0.053023
0.00011702,-0.053023
0.00011704,-0.053023
0.00011706,-0.053023
0.00011708,-1.653
0.0001171,-1.653
0.00011712,-0.88466
0.00011714,-2.453
0.00011716,-3.253
0.00011718,-2.4847
0.0001172,-2.4847
0.00011722,-2.453
0.00011724,-2.453
0.00011726,-1.6847
0.00011728,-1.6847
0.0001173,-0.88466
0.00011732,-0.053023
0.00011734,-0.053023
0.00011736,0.74698
0.00011738,2.3153
0.0001174,2.3153
0.00011742,3.1153
0.00011744,3.1153
0.00011746,3.0837
0.00011748,1.547
0.0001175,0.74698
0.00011752,0.71534
0.00011754,0.71534
0.00011756,0.71534
0.00011758,-0.85302
0.0001176,-1.653
0.00011762,-1.653
0.00011764,-1.653
0.00011766,-2.453
0.00011768,-2.453
0.0001177,-1.7163
0.00011772,-2.453
0.00011774,-2.4847
0.00011776,-2.4847
0.00011778,-1.6847
0.0001178,-1.653
0.00011782,-0.053023
0.00011784,0.71534
0.00011786,0.74698
0.00011788,2.3153
0.0001179,3.1153
0.00011792,3.9153
0.00011794,3.147
0.00011796,3.147
0.00011798,3.9153
0.000118,3.1153
0.00011802,2.3153
0.00011804,-0.053023
0.00011806,-0.88466
0.00011808,-2.453
0.0001181,-2.5163
0.00011812,-4.853
0.00011814,-4.853
0.00011816,-5.6847
0.00011818,-5.653
0.0001182,-4.0847
0.00011822,-3.2847
0.00011824,-2.4847
0.00011826,-1.653
0.00011828,0.74698
0.0001183,1.547
0.00011832,3.9153
0.00011834,3.9153
0.00011836,3.947
0.00011838,3.147
0.0001184,3.9153
0.00011842,3.147
0.00011844,3.1153
0.00011846,0.74698
0.00011848,0.71534
0.0001185,-0.88466
0.00011852,-3.253
0.00011854,-4.053
0.00011856,-4.053
0.00011858,-4.0847
0.0001186,-4.853
0.00011862,-4.053
0.00011864,-3.253
0.00011866,-3.253
0.00011868,-2.453
0.0001187,-0.88466
0.00011872,0.71534
0.00011874,-0.053023
0.00011876,0.74698
0.00011878,3.0837
0.0001188,2.3153
0.00011882,2.347
0.00011884,2.3153
0.00011886,2.3153
0.00011888,1.5153
0.0001189,1.5153
0.00011892,2.3153
0.00011894,1.547
0.00011896,0.71534
0.00011898,-0.053023
0.000119,-0.053023
0.00011902,-0.084656
0.00011904,-1.653
0.00011906,-1.653
0.00011908,-1.6847
0.0001191,-3.253
0.00011912,-3.253
0.00011914,-2.4847
0.00011916,-2.4847
0.00011918,-2.4847
0.0001192,-3.253
0.00011922,-1.6847
0.00011924,-1.653
0.00011926,-0.084656
0.00011928,1.5153
0.0001193,1.547
0.00011932,1.547
0.00011934,3.1153
0.00011936,3.8837
0.00011938,3.1153
0.0001194,2.347
0.00011942,2.3153
0.00011944,1.547
0.00011946,0.74698
0.00011948,0.71534
0.0001195,-0.85302
0.00011952,-0.85302
0.00011954,-1.653
0.00011956,-1.653
0.00011958,-1.6847
0.0001196,-3.253
0.00011962,-3.253
0.00011964,-3.253
0.00011966,-3.253
0.00011968,-2.4847
0.0001197,-2.453
0.00011972,-2.453
0.00011974,-1.653
0.00011976,-0.053023
0.00011978,-0.053023
0.0001198,0.74698
0.00011982,1.547
0.00011984,2.347
0.00011986,3.147
0.00011988,3.147
0.0001199,3.9153
0.00011992,3.9153
0.00011994,2.347
0.00011996,1.547
0.00011998,-0.053023
0.00012,-1.653
0.00012002,-1.6847
0.00012004,-3.253
0.00012006,-4.0847
0.00012008,-5.653
0.0001201,-4.8847
0.00012012,-4.8847
0.00012014,-4.853
0.00012016,-4.053
0.00012018,-2.4847
0.0001202,-1.653
0.00012022,-0.053023
0.00012024,1.547
0.00012026,3.147
0.00012028,3.9153
0.0001203,3.147
0.00012032,3.9153
0.00012034,3.147
0.00012036,4.6837
0.00012038,2.347
0.0001204,2.3153
0.00012042,-0.053023
0.00012044,-0.88466
0.00012046,-2.453
0.00012048,-3.253
0.0001205,-3.253
0.00012052,-4.053
0.00012054,-4.053
0.00012056,-2.4847
0.00012058,-2.4847
0.0001206,-3.253
0.00012062,-1.653
0.00012064,-0.85302
0.00012066,-0.053023
0.00012068,0.71534
0.0001207,0.71534
0.00012072,0.74698
0.00012074,1.547
0.00012076,1.547
0.00012078,1.547
0.0001208,0.74698
0.00012082,1.5153
0.00012084,1.5153
0.00012086,1.547
0.00012088,0.74698
0.0001209,-0.053023
0.00012092,-0.053023
0.00012094,-0.053023
0.00012096,-0.85302
0.00012098,-0.85302
0.000121,-1.653
0.00012102,-0.88466
0.00012104,-1.6847
0.00012106,-3.253
0.00012108,-3.253
0.0001211,-3.253
0.00012112,-2.4847
0.00012114,-1.7163
0.00012116,-2.453
0.00012118,-2.453
0.0001212,-0.88466
0.00012122,-0.053023
0.00012124,1.5153
0.00012126,1.547
0.00012128,1.547
0.0001213,1.547
0.00012132,2.347
0.00012134,2.347
0.00012136,3.1153
0.00012138,1.547
0.0001214,1.5153
0.00012142,0.74698
0.00012144,-0.053023
0.00012146,-0.85302
0.00012148,-0.053023
0.0001215,-0.85302
0.00012152,-1.653
0.00012154,-0.88466
0.00012156,-2.4847
0.00012158,-3.253
0.0001216,-1.7163
0.00012162,-2.4847
0.00012164,-3.253
0.00012166,-2.4847
0.00012168,-2.453
0.0001217,-0.85302
0.00012172,0.71534
0.00012174,1.5153
0.00012176,3.0837
0.00012178,3.1153
0.0001218,3.147
0.00012182,3.147
0.00012184,3.147
0.00012186,3.9153
0.00012188,3.9153
0.0001219,3.0837
0.00012192,1.5153
0.00012194,0.71534
0.00012196,-2.453
0.00012198,-2.4847
0.000122,-4.053
0.00012202,-4.0847
0.00012204,-4.0847
0.00012206,-4.853
0.00012208,-4.853
0.0001221,-4.053
0.00012212,-3.253
0.00012214,-0.11629
0.00012216,0.74698
0.00012218,2.3153
0.0001222,3.147
0.00012222,3.9153
0.00012224,3.147
0.00012226,3.147
0.00012228,3.147
0.0001223,3.147
0.00012232,2.3153
0.00012234,1.5153
0.00012236,0.71534
0.00012238,-1.653
0.0001224,-3.253
0.00012242,-2.4847
0.00012244,-4.053
0.00012246,-3.2847
0.00012248,-2.4847
0.0001225,-2.4847
0.00012252,-2.4847
0.00012254,-0.88466
0.00012256,-1.653
0.00012258,-0.053023
0.0001226,-0.053023
0.00012262,0.71534
0.00012264,-0.053023
0.00012266,1.5153
0.00012268,1.5153
0.0001227,1.5153
0.00012272,0.74698
0.00012274,-0.053023
0.00012276,-0.053023
0.00012278,0.71534
0.0001228,-0.053023
0.00012282,-0.053023
0.00012284,0.74698
0.00012286,0.71534
0.00012288,-0.053023
0.0001229,0.71534
0.00012292,-1.653
0.00012294,-1.653
0.00012296,-0.88466
0.00012298,-3.253
0.000123,-1.6847
0.00012302,-2.453
0.00012304,-2.4847
0.00012306,-2.453
0.00012308,-2.453
0.0001231,-1.653
0.00012312,-0.85302
0.00012314,-0.053023
0.00012316,0.74698
0.00012318,1.547
0.0001232,2.3153
0.00012322,1.547
0.00012324,2.3153
0.00012326,2.3153
0.00012328,1.547
0.0001233,0.71534
0.00012332,-0.053023
0.00012334,0.71534
0.00012336,-0.85302
0.00012338,-0.88466
0.0001234,-0.88466
0.00012342,-1.653
0.00012344,-1.653
0.00012346,-1.653
0.00012348,-2.453
0.0001235,-0.88466
0.00012352,-0.88466
0.00012354,-0.88466
0.00012356,-0.88466
0.00012358,-1.653
0.0001236,-1.653
0.00012362,0.71534
0.00012364,-0.85302
0.00012366,-0.053023
0.00012368,0.74698
0.0001237,1.547
0.00012372,3.1153
0.00012374,2.347
0.00012376,2.347
0.00012378,3.9153
0.0001238,2.347
0.00012382,1.547
0.00012384,1.547
0.00012386,0.68371
0.00012388,-0.88466
0.0001239,-2.453
0.00012392,-3.253
0.00012394,-4.853
0.00012396,-4.853
0.00012398,-4.853
0.000124,-4.053
0.00012402,-2.4847
0.00012404,-2.4847
0.00012406,-0.88466
0.00012408,-0.053023
0.0001241,1.547
0.00012412,3.147
0.00012414,3.147
0.00012416,3.147
0.00012418,3.147
0.0001242,3.147
0.00012422,3.147
0.00012424,1.547
0.00012426,-0.053023
0.00012428,-0.053023
0.0001243,-2.453
0.00012432,-3.253
0.00012434,-3.2847
0.00012436,-4.053
0.00012438,-4.053
0.0001244,-4.053
0.00012442,-4.053
0.00012444,-1.6847
0.00012446,-2.453
0.00012448,-0.084656
0.0001245,-0.053023
0.00012452,1.5153
0.00012454,1.547
0.00012456,1.547
0.00012458,1.547
0.0001246,1.547
0.00012462,1.547
0.00012464,0.74698
0.00012466,-0.053023
0.00012468,-0.053023
0.0001247,-0.053023
0.00012472,0.71534
0.00012474,-0.053023
0.00012476,-0.85302
0.00012478,0.71534
0.0001248,-0.85302
0.00012482,-1.653
0.00012484,-1.653
0.00012486,-0.88466
0.00012488,-1.6847
0.0001249,-1.6847
0.00012492,-2.453
0.00012494,-2.4847
0.00012496,-2.453
0.00012498,-1.6847
0.000125,-1.653
0.00012502,-0.85302
0.00012504,-0.053023
0.00012506,0.71534
0.00012508,2.3153
0.0001251,2.347
0.00012512,3.1153
0.00012514,3.1153
0.00012516,1.547
0.00012518,2.3153
0.0001252,0.74698
0.00012522,-0.053023
0.00012524,0.71534
0.00012526,-0.85302
0.00012528,-1.653
0.0001253,-2.453
0.00012532,-2.453
0.00012534,-2.453
0.00012536,-1.6847
0.00012538,-2.453
0.0001254,-1.6847
0.00012542,-1.653
0.00012544,-0.88466
0.00012546,-0.85302
0.00012548,-0.85302
0.0001255,-0.053023
0.00012552,-0.053023
0.00012554,0.71534
0.00012556,0.71534
0.00012558,0.71534
0.0001256,1.5153
0.00012562,1.547
0.00012564,1.547
0.00012566,1.547
0.00012568,1.547
0.0001257,1.547
0.00012572,1.547
0.00012574,1.547
0.00012576,0.71534
0.00012578,-0.85302
0.0001258,-1.653
0.00012582,-3.253
0.00012584,-2.4847
0.00012586,-4.053
0.00012588,-4.053
0.0001259,-4.0847
0.00012592,-4.053
0.00012594,-2.4847
0.00012596,-3.253
0.00012598,-1.653
0.000126,-0.053023
0.00012602,1.547
0.00012604,3.147
0.00012606,3.9153
0.00012608,3.9153
0.0001261,4.7153
0.00012612,3.9153
0.00012614,3.147
0.00012616,3.1153
0.00012618,1.547
0.0001262,-0.053023
0.00012622,-0.11629
0.00012624,-3.253
0.00012626,-3.2847
0.00012628,-4.853
0.0001263,-4.0847
0.00012632,-4.853
0.00012634,-4.053
0.00012636,-4.053
0.00012638,-3.253
0.0001264,-1.653
0.00012642,-0.053023
0.00012644,-0.053023
0.00012646,0.74698
0.00012648,2.3153
0.0001265,3.1153
0.00012652,2.347
0.00012654,2.347
0.00012656,1.547
0.00012658,1.547
0.0001266,2.3153
0.00012662,0.74698
0.00012664,0.71534
0.00012666,-0.053023
0.00012668,0.71534
0.0001267,-1.653
0.00012672,-1.653
0.00012674,-2.453
0.00012676,-3.253
0.00012678,-3.253
0.0001268,-3.253
0.00012682,-3.253
0.00012684,-2.4847
0.00012686,-3.253
0.00012688,-2.4847
0.0001269,-1.6847
0.00012692,-1.653
0.00012694,-1.653
0.00012696,-0.053023
0.00012698,1.547
0.000127,3.1153
0.00012702,2.347
0.00012704,3.147
0.00012706,3.147
0.00012708,3.147
0.0001271,2.3153
0.00012712,1.547
0.00012714,1.547
0.00012716,-0.053023
0.00012718,-0.85302
0.0001272,-1.653
0.00012722,-1.6847
0.00012724,-2.4847
0.00012726,-3.253
0.00012728,-2.4847
0.0001273,-2.453
0.00012732,-2.453
0.00012734,-1.653
0.00012736,-0.88466
0.00012738,0.71534
0.0001274,-0.85302
0.00012742,-0.053023
0.00012744,-0.053023
0.00012746,-0.053023
0.00012748,-0.053023
0.0001275,0.74698
0.00012752,1.5153
0.00012754,1.547
0.00012756,2.3153
0.00012758,2.347
0.0001276,3.1153
0.00012762,2.347
0.00012764,1.547
0.00012766,1.547
0.00012768,1.547
0.0001277,0.71534
0.00012772,-0.85302
0.00012774,-2.453
0.00012776,-3.253
0.00012778,-4.053
0.0001278,-4.853
0.00012782,-4.853
0.00012784,-5.653
0.00012786,-4.853
0.00012788,-3.253
0.0001279,-2.453
0.00012792,-1.653
0.00012794,0.71534
0.00012796,1.547
0.00012798,3.9153
0.000128,3.147
0.00012802,3.9153
0.00012804,3.947
0.00012806,3.947
0.00012808,3.147
0.0001281,2.347
0.00012812,1.547
0.00012814,-0.053023
0.00012816,-1.653
0.00012818,-2.4847
0.0001282,-4.053
0.00012822,-4.853
0.00012824,-4.853
0.00012826,-4.853
0.00012828,-4.853
0.0001283,-3.253
0.00012832,-2.4847
0.00012834,-2.453
0.00012836,-0.85302
0.00012838,-0.053023
0.0001284,2.3153
0.00012842,1.547
0.00012844,2.3153
0.00012846,2.347
0.00012848,2.347
0.0001285,2.347
0.00012852,1.547
0.00012854,2.3153
0.00012856,1.547
0.00012858,-0.053023
0.0001286,0.71534
0.00012862,-0.053023
0.00012864,-0.88466
0.00012866,-1.653
0.00012868,-1.6847
0.0001287,-3.253
0.00012872,-3.253
0.00012874,-2.4847
0.00012876,-2.4847
0.00012878,-3.2847
0.0001288,-2.4847
0.00012882,-3.253
0.00012884,-1.653
0.00012886,-1.653
0.00012888,-0.053023
0.0001289,0.71534
0.00012892,1.547
0.00012894,2.347
0.00012896,2.347
0.00012898,3.147
0.000129,3.147
0.00012902,3.9153
0.00012904,2.347
0.00012906,2.3153
0.00012908,1.547
0.0001291,-0.053023
0.00012912,-1.653
0.00012914,-0.88466
0.00012916,-0.91629
0.00012918,-3.253
0.0001292,-1.6847
0.00012922,-2.4847
0.00012924,-2.453
0.00012926,-1.653
0.00012928,-1.6847
0.0001293,-1.653
0.00012932,-1.653
0.00012934,-0.85302
0.00012936,-0.85302
0.00012938,-0.053023
0.0001294,0.71534
0.00012942,-0.053023
0.00012944,-0.053023
0.00012946,0.74698
0.00012948,1.547
0.0001295,2.347
0.00012952,2.347
0.00012954,2.347
0.00012956,2.347
0.00012958,2.3153
0.0001296,1.547
0.00012962,0.74698
0.00012964,0.71534
0.00012966,-0.85302
0.00012968,-2.453
0.0001297,-3.253
0.00012972,-4.053
0.00012974,-4.853
0.00012976,-4.853
0.00012978,-4.853
0.0001298,-4.853
0.00012982,-2.4847
0.00012984,-2.453
0.00012986,-0.88466
0.00012988,-0.053023
0.0001299,3.8837
0.00012992,3.147
0.00012994,3.147
0.00012996,3.147
0.00012998,3.147
0.00013,3.9153
0.00013002,3.147
0.00013004,2.347
0.00013006,0.74698
0.00013008,-0.053023
0.0001301,-1.653
0.00013012,-2.453
0.00013014,-2.4847
0.00013016,-3.253
0.00013018,-4.853
0.0001302,-4.053
0.00013022,-3.253
0.00013024,-2.4847
0.00013026,-2.453
0.00013028,-0.88466
0.0001303,-1.653
0.00013032,-0.053023
0.00013034,-0.053023
0.00013036,0.74698
0.00013038,2.3153
0.0001304,2.3153
0.00013042,1.547
0.00013044,2.3153
0.00013046,2.3153
0.00013048,2.3153
0.0001305,0.74698
0.00013052,1.5153
0.00013054,-0.053023
0.00013056,0.71534
0.00013058,-0.85302
0.0001306,-1.653
0.00013062,-2.453
0.00013064,-2.453
0.00013066,-3.253
0.00013068,-3.253
0.0001307,-2.4847
0.00013072,-3.253
0.00013074,-3.253
0.00013076,-2.4847
0.00013078,-1.6847
0.0001308,-0.88466
0.00013082,-0.053023
0.00013084,1.5153
0.00013086,1.547
0.00013088,2.3153
0.0001309,2.347
0.00013092,2.3153
0.00013094,2.347
0.00013096,1.547
0.00013098,3.0837
0.000131,0.71534
0.00013102,0.71534
0.00013104,-0.084656
0.00013106,-1.653
0.00013108,-0.88466
0.0001311,-2.453
0.00013112,-0.88466
0.00013114,-1.653
0.00013116,-1.653
0.00013118,-0.85302
0.0001312,-0.88466
0.00013122,-0.85302
0.00013124,-0.85302
0.00013126,-0.053023
0.00013128,-0.084656
0.0001313,0.71534
0.00013132,-0.053023
0.00013134,-0.85302
0.00013136,0.71534
0.00013138,-0.053023
0.0001314,-0.053023
0.00013142,0.74698
0.00013144,2.3153
0.00013146,1.547
0.00013148,2.3153
0.0001315,1.547
0.00013152,1.547
0.00013154,1.547
0.00013156,0.74698
0.00013158,0.71534
0.0001316,-0.85302
0.00013162,-0.88466
0.00013164,-3.253
0.00013166,-2.4847
0.00013168,-3.253
0.0001317,-4.053
0.00013172,-4.053
0.00013174,-3.253
0.00013176,-3.253
0.00013178,-2.453
0.0001318,-1.653
0.00013182,-0.053023
0.00013184,2.3153
0.00013186,2.347
0.00013188,2.347
0.0001319,3.147
0.00013192,3.147
0.00013194,3.147
0.00013196,2.347
0.00013198,2.3153
0.000132,2.3153
0.00013202,-0.084656
0.00013204,-1.653
0.00013206,-1.653
0.00013208,-3.253
0.0001321,-2.4847
0.00013212,-2.4847
0.00013214,-3.253
0.00013216,-3.253
0.00013218,-1.6847
0.0001322,-1.653
0.00013222,-0.85302
0.00013224,-0.053023
0.00013226,0.71534
0.00013228,-0.053023
0.0001323,0.74698
0.00013232,1.5153
0.00013234,1.547
0.00013236,1.547
0.00013238,1.547
0.0001324,1.547
0.00013242,2.2837
0.00013244,0.74698
0.00013246,-0.053023
0.00013248,0.71534
0.0001325,-0.85302
0.00013252,-1.653
0.00013254,-1.653
0.00013256,-1.6847
0.00013258,-1.6847
0.0001326,-3.253
0.00013262,-3.253
0.00013264,-3.253
0.00013266,-2.4847
0.00013268,-2.453
0.0001327,-0.88466
0.00013272,-0.084656
0.00013274,-0.053023
0.00013276,-0.053023
0.00013278,1.547
0.0001328,1.547
0.00013282,1.547
0.00013284,2.3153
0.00013286,1.547
0.00013288,2.3153
0.0001329,0.74698
0.00013292,-0.053023
0.00013294,0.71534
0.00013296,-0.88466
0.00013298,-1.653
0.000133,-2.453
0.00013302,-2.453
0.00013304,-0.88466
0.00013306,-1.6847
0.00013308,-1.6847
0.0001331,-1.653
0.00013312,-0.85302
0.00013314,-0.053023
0.00013316,-0.053023
0.00013318,0.71534
0.0001332,1.5153
0.00013322,0.71534
0.00013324,-0.053023
0.00013326,-0.053023
0.00013328,-0.053023
0.0001333,-0.053023
0.00013332,0.71534
0.00013334,-0.053023
0.00013336,-0.053023
0.00013338,0.74698
0.0001334,0.74698
0.00013342,1.5153
0.00013344,0.71534
0.00013346,-0.053023
0.00013348,-0.053023
0.0001335,-0.053023
0.00013352,-0.88466
0.00013354,-0.88466
0.00013356,-1.653
0.00013358,-2.4847
0.0001336,-3.253
0.00013362,-2.453
0.00013364,-2.453
0.00013366,-2.453
0.00013368,-1.653
0.0001337,-0.85302
0.00013372,-0.053023
0.00013374,-0.053023
0.00013376,2.3153
0.00013378,3.0837
0.0001338,2.3153
0.00013382,1.547
0.00013384,1.547
0.00013386,2.3153
0.00013388,2.3153
0.0001339,-0.053023
0.00013392,-0.053023
0.00013394,-0.053023
0.00013396,-1.653
0.00013398,-1.653
0.000134,-3.253
0.00013402,-3.253
0.00013404,-2.453
0.00013406,-2.453
0.00013408,-2.453
0.0001341,-0.88466
0.00013412,-0.88466
0.00013414,0.71534
0.00013416,-0.053023
0.00013418,0.74698
0.0001342,0.74698
0.00013422,1.5153
0.00013424,1.547
0.00013426,1.547
0.00013428,1.547
0.0001343,1.5153
0.00013432,-0.053023
0.00013434,-0.053023
0.00013436,0.71534
0.00013438,-0.084656
0.0001344,-0.084656
0.00013442,-1.653
0.00013444,-2.453
0.00013446,-1.653
0.00013448,-2.453
0.0001345,-1.6847
0.00013452,-1.6847
0.00013454,-1.6847
0.00013456,-1.6847
0.00013458,-1.653
0.0001346,-1.653
0.00013462,-0.85302
0.00013464,-0.053023
0.00013466,-0.053023
0.00013468,1.547
0.0001347,1.547
0.00013472,2.3153
0.00013474,2.347
0.00013476,1.547
0.00013478,2.3153
0.0001348,0.71534
0.00013482,-0.053023
0.00013484,-0.053023
0.00013486,-0.85302
0.00013488,-2.453
0.0001349,-1.6847
0.00013492,-3.253
0.00013494,-3.253
0.00013496,-3.253
0.00013498,-2.453
0.000135,-2.453
0.00013502,-0.88466
0.00013504,-1.653
0.00013506,-0.053023
0.00013508,0.71534
0.0001351,1.5153
0.00013512,0.74698
0.00013514,0.74698
0.00013516,2.3153
0.00013518,0.74698
0.0001352,0.74698
0.00013522,1.547
0.00013524,2.2837
0.00013526,-0.053023
0.00013528,0.71534
0.0001353,0.71534
0.00013532,-0.053023
0.00013534,-0.053023
0.00013536,-0.85302
0.00013538,0.68371
0.0001354,-1.653
0.00013542,-0.88466
0.00013544,-0.88466
0.00013546,-1.653
0.00013548,-1.653
0.0001355,-1.6847
0.00013552,-2.453
0.00013554,-1.653
0.00013556,-2.453
0.00013558,-0.88466
0.0001356,-0.084656
0.00013562,-0.053023
0.00013564,-0.053023
0.00013566,0.74698
0.00013568,1.5153
0.0001357,2.3153
0.00013572,2.3153
0.00013574,2.3153
0.00013576,1.547
0.00013578,1.547
0.0001358,1.5153
0.00013582,-0.053023
0.00013584,-0.053023
0.00013586,-0.053023
0.00013588,-0.88466
0.0001359,-1.653
0.00013592,-2.453
0.00013594,-1.6847
0.00013596,-2.453
0.00013598,-2.453
0.000136,-2.453
0.00013602,-1.653
0.00013604,-1.653
0.00013606,-0.053023
0.00013608,-0.053023
0.0001361,-0.053023
0.00013612,0.71534
0.00013614,1.5153
0.00013616,1.547
0.00013618,2.3153
0.0001362,2.3153
0.00013622,1.5153
0.00013624,-0.053023
0.00013626,-0.053023
0.00013628,0.71534
0.0001363,-0.053023
0.00013632,-1.653
0.00013634,-1.653
0.00013636,-2.453
0.00013638,-2.453
0.0001364,-3.253
0.00013642,-3.253
0.00013644,-3.253
0.00013646,-2.4847
0.00013648,-3.253
0.0001365,-1.6847
0.00013652,-0.91629
0.00013654,-0.084656
0.00013656,-0.053023
0.00013658,-0.053023
0.0001366,0.74698
0.00013662,2.3153
0.00013664,2.347
0.00013666,3.1153
0.00013668,2.347
0.0001367,2.3153
0.00013672,1.547
0.00013674,0.74698
0.00013676,0.71534
0.00013678,-0.85302
0.0001368,-0.88466
0.00013682,-0.88466
0.00013684,-3.253
0.00013686,-3.253
0.00013688,-3.253
0.0001369,-2.4847
0.00013692,-2.453
0.00013694,-1.6847
0.00013696,-0.88466
0.00013698,-0.85302
0.000137,-0.053023
0.00013702,0.71534
0.00013704,0.74698
0.00013706,-0.053023
0.00013708,0.74698
0.0001371,1.5153
0.00013712,1.547
0.00013714,1.547
0.00013716,1.547
0.00013718,1.547
0.0001372,-0.053023
0.00013722,-0.053023
0.00013724,-0.053023
0.00013726,-0.053023
0.00013728,-0.053023
0.0001373,0.71534
0.00013732,-1.653
0.00013734,-0.88466
0.00013736,-1.653
0.00013738,-2.453
0.0001374,-2.453
0.00013742,-2.453
0.00013744,-2.453
0.00013746,-3.253
0.00013748,-3.253
0.0001375,-0.11629
0.00013752,-1.653
0.00013754,-0.85302
0.00013756,-0.053023
0.00013758,-0.82139
0.0001376,-0.053023
0.00013762,1.5153
0.00013764,2.3153
0.00013766,2.3153
0.00013768,2.3153
0.0001377,2.3153
0.00013772,1.547
0.00013774,1.5153
0.00013776,1.5153
0.00013778,0.71534
0.0001378,-0.053023
0.00013782,-0.85302
0.00013784,-1.653
0.00013786,-1.653
0.00013788,-2.453
0.0001379,-1.6847
0.00013792,-2.453
0.00013794,-2.453
0.00013796,-1.653
0.00013798,-1.653
0.000138,-1.653
0.00013802,-0.85302
0.00013804,-0.053023
0.00013806,-0.053023
0.00013808,0.74698
0.0001381,0.74698
0.00013812,1.547
0.00013814,2.3153
0.00013816,2.3153
0.00013818,1.547
0.0001382,-0.053023
0.00013822,0.71534
0.00013824,0.71534
0.00013826,-0.053023
0.00013828,-0.85302
0.0001383,-0.88466
0.00013832,-1.653
0.00013834,-3.253
0.00013836,-3.253
0.00013838,-3.253
0.0001384,-3.253
0.00013842,-3.253
0.00013844,-0.91629
0.00013846,-1.653
0.00013848,-0.85302
0.0001385,0.71534
0.00013852,0.71534
0.00013854,2.3153
0.00013856,1.547
0.00013858,1.547
0.0001386,1.547
0.00013862,2.3153
0.00013864,2.3153
0.00013866,1.5153
0.00013868,0.71534
0.0001387,0.71534
0.00013872,-0.85302
0.00013874,-0.88466
0.00013876,-0.88466
0.00013878,-2.453
0.0001388,-2.453
0.00013882,-2.453
0.00013884,-2.453
0.00013886,-2.453
0.00013888,-1.653
0.0001389,-1.653
0.00013892,-0.084656
0.00013894,-0.85302
0.00013896,0.71534
0.00013898,0.71534
0.000139,0.71534
0.00013902,-0.053023
0.00013904,0.71534
0.00013906,0.74698
0.00013908,-0.053023
0.0001391,0.74698
0.00013912,2.3153
0.00013914,0.74698
0.00013916,1.5153
0.00013918,0.74698
0.0001392,0.71534
0.00013922,-0.053023
0.00013924,-0.053023
0.00013926,-0.053023
0.00013928,-1.653
0.0001393,-1.653
0.00013932,-1.653
0.00013934,-2.453
0.00013936,-2.453
0.00013938,-2.4847
0.0001394,-2.453
0.00013942,-3.253
0.00013944,-0.88466
0.00013946,-2.453
0.00013948,-1.653
0.0001395,-0.85302
0.00013952,0.71534
0.00013954,-0.053023
0.00013956,-0.053023
0.00013958,2.3153
0.0001396,2.3153
0.00013962,2.3153
0.00013964,1.547
0.00013966,1.547
0.00013968,1.547
0.0001397,2.3153
0.00013972,-0.053023
0.00013974,-0.053023
0.00013976,-0.053023
0.00013978,-0.084656
0.0001398,-1.653
0.00013982,-1.653
0.00013984,-0.88466
0.00013986,-2.453
0.00013988,-3.253
0.0001399,-2.453
0.00013992,-2.453
0.00013994,-0.88466
0.00013996,-0.88466
0.00013998,-1.653
0.00014,0.71534
0.00014002,0.71534
0.00014004,0.74698
0.00014006,0.74698
0.00014008,0.74698
0.0001401,1.547
0.00014012,0.74698
0.00014014,1.547
0.00014016,0.71534
0.00014018,0.71534
0.0001402,0.71534
0.00014022,-1.653
0.00014024,-1.653
0.00014026,-2.453
0.00014028,-2.4847
0.0001403,-2.453
0.00014032,-3.253
0.00014034,-2.453
0.00014036,-2.4847
0.00014038,-2.453
0.0001404,-0.11629
0.00014042,0.71534
0.00014044,0.71534
0.00014046,0.71534
0.00014048,0.74698
0.0001405,1.547
0.00014052,1.547
0.00014054,2.3153
0.00014056,1.547
0.00014058,0.74698
0.0001406,1.5153
0.00014062,1.5153
0.00014064,-0.053023
0.00014066,-0.053023
0.00014068,-0.85302
0.0001407,-1.653
0.00014072,-1.653
0.00014074,-1.653
0.00014076,-0.88466
0.00014078,-1.653
0.0001408,-0.88466
0.00014082,-1.653
0.00014084,-1.653
0.00014086,-1.653
0.00014088,-1.653
0.0001409,-1.653
0.00014092,-0.85302
0.00014094,-0.85302
0.00014096,0.71534
0.00014098,0.71534
0.000141,0.74698
0.00014102,0.74698
0.00014104,0.74698
0.00014106,1.547
0.00014108,1.5153
0.0001411,0.71534
0.00014112,0.74698
0.00014114,0.71534
0.00014116,0.71534
0.00014118,1.4837
0.0001412,-0.084656
0.00014122,-1.653
0.00014124,-1.653
0.00014126,-0.88466
0.00014128,-1.653
0.0001413,-1.6847
0.00014132,-1.653
0.00014134,-1.653
0.00014136,-1.653
0.00014138,-0.85302
0.0001414,-0.85302
0.00014142,0.71534
0.00014144,0.71534
0.00014146,-0.053023
0.00014148,-0.053023
0.0001415,0.71534
0.00014152,-0.053023
0.00014154,0.74698
0.00014156,0.74698
0.00014158,0.74698
0.0001416,1.5153
0.00014162,0.74698
0.00014164,0.71534
0.00014166,-0.053023
0.00014168,-0.053023
0.0001417,-0.053023
0.00014172,-0.85302
0.00014174,-0.85302
0.00014176,-1.653
0.00014178,-1.653
0.0001418,-1.653
0.00014182,-0.88466
0.00014184,-1.653
0.00014186,-1.653
0.00014188,-1.653
0.0001419,-0.85302
0.00014192,-0.85302
0.00014194,0.71534
0.00014196,-0.053023
0.00014198,0.71534
0.000142,-0.053023
0.00014202,0.71534
0.00014204,-0.053023
0.00014206,0.71534
0.00014208,-0.053023
0.0001421,-0.053023
0.00014212,-1.653
0.00014214,-1.653
0.00014216,-0.88466
0.00014218,-1.653
0.0001422,-0.88466
0.00014222,-2.453
0.00014224,-1.6847
0.00014226,-1.653
0.00014228,-0.88466
0.0001423,-0.85302
0.00014232,-0.85302
0.00014234,-0.053023
0.00014236,-0.053023
0.00014238,-0.053023
0.0001424,0.71534
0.00014242,-0.053023
0.00014244,0.71534
0.00014246,-0.053023
0.00014248,-0.053023
0.0001425,-0.053023
0.00014252,0.71534
0.00014254,-0.053023
0.00014256,-0.85302
0.00014258,-1.653
0.0001426,0.71534
0.00014262,-0.85302
0.00014264,-0.85302
0.00014266,-1.653
0.00014268,-1.653
0.0001427,-1.653
0.00014272,-0.88466
0.00014274,-0.85302
0.00014276,-0.88466
0.00014278,-0.85302
0.0001428,-0.084656
0.00014282,-0.85302
0.00014284,0.71534
0.00014286,-0.053023
0.00014288,-0.053023
0.0001429,-0.053023
0.00014292,-0.053023
0.00014294,-0.053023
0.00014296,0.74698
0.00014298,0.71534
0.000143,0.71534
0.00014302,0.71534
0.00014304,0.71534
0.00014306,-0.053023
0.00014308,-0.85302
0.0001431,-0.084656
0.00014312,-0.88466
0.00014314,-1.653
0.00014316,-1.653
0.00014318,-0.88466
0.0001432,-1.653
0.00014322,-1.653
0.00014324,-1.653
0.00014326,-0.053023
0.00014328,-0.85302
0.0001433,-0.053023
0.00014332,-0.053023
0.00014334,-0.053023
0.00014336,0.71534
0.00014338,-0.053023
0.0001434,0.71534
0.00014342,0.71534
0.00014344,-0.053023
0.00014346,-0.053023
0.00014348,-0.053023
0.0001435,0.71534
0.00014352,-0.053023
0.00014354,0.71534
0.00014356,-0.053023
0.00014358,-0.053023
0.0001436,-0.053023
0.00014362,-0.053023
0.00014364,-0.053023
0.00014366,0.71534
0.00014368,-0.85302
0.0001437,0.71534
0.00014372,-0.85302
0.00014374,-1.653
0.00014376,-1.653
0.00014378,-0.88466
0.0001438,-0.084656
0.00014382,-0.084656
0.00014384,-0.85302
0.00014386,-0.084656
0.00014388,-0.053023
0.0001439,0.71534
0.00014392,-0.053023
0.00014394,-0.053023
0.00014396,-0.053023
0.00014398,-0.053023
0.000144,-0.053023
0.00014402,-0.053023
0.00014404,-0.084656
0.00014406,-1.653
0.00014408,-0.88466
0.0001441,-0.88466
0.00014412,-0.88466
0.00014414,-1.653
0.00014416,-1.653
0.00014418,-1.653
0.0001442,-0.88466
0.00014422,0.71534
0.00014424,0.71534
0.00014426,-0.053023
0.00014428,-0.053023
0.0001443,0.74698
0.00014432,1.5153
0.00014434,0.71534
0.00014436,0.74698
0.00014438,0.74698
0.0001444,-0.053023
0.00014442,-0.053023
0.00014444,-0.053023
0.00014446,-0.084656
0.00014448,-0.084656
0.0001445,-1.653
0.00014452,-1.653
0.00014454,-0.88466
0.00014456,-1.653
0.00014458,-1.653
0.0001446,-1.653
0.00014462,-0.88466
0.00014464,-1.653
0.00014466,-0.88466
0.00014468,-0.88466
0.0001447,-1.653
0.00014472,-0.88466
0.00014474,-0.85302
0.00014476,-0.85302
0.00014478,0.71534
0.0001448,-0.053023
0.00014482,1.5153
0.00014484,0.74698
0.00014486,0.74698
0.00014488,1.547
0.0001449,0.74698
0.00014492,1.5153
0.00014494,-0.053023
0.00014496,-0.053023
0.00014498,0.71534
0.000145,-0.084656
0.00014502,-0.084656
0.00014504,-1.653
0.00014506,-2.453
0.00014508,-2.453
0.0001451,-1.6847
0.00014512,-2.453
0.00014514,-0.88466
0.00014516,-1.653
0.00014518,-0.88466
0.0001452,-0.053023
0.00014522,-0.053023
0.00014524,0.71534
0.00014526,0.71534
0.00014528,-0.053023
0.0001453,0.74698
0.00014532,0.71534
0.00014534,-0.053023
0.00014536,0.71534
0.00014538,0.71534
0.0001454,-0.053023
0.00014542,-0.053023
0.00014544,-0.053023
0.00014546,-0.053023
0.00014548,0.71534
0.0001455,-0.85302
0.00014552,-0.85302
0.00014554,-0.85302
0.00014556,0.71534
0.00014558,-0.88466
0.0001456,-1.653
0.00014562,-0.85302
0.00014564,-1.653
0.00014566,-0.88466
0.00014568,-0.88466
0.0001457,-1.653
0.00014572,-0.084656
0.00014574,-0.85302
0.00014576,0.71534
0.00014578,-0.053023
0.0001458,-0.053023
0.00014582,-0.053023
0.00014584,-0.053023
0.00014586,0.71534
0.00014588,0.71534
0.0001459,-0.053023
0.00014592,0.71534
0.00014594,-0.053023
0.00014596,-0.084656
0.00014598,-0.85302
0.000146,-1.653
0.00014602,-1.653
0.00014604,-0.88466
0.00014606,-1.653
0.00014608,-1.653
0.0001461,-1.653
0.00014612,-0.88466
0.00014614,-0.85302
0.00014616,-0.85302
0.00014618,0.71534
0.0001462,-0.053023
0.00014622,1.5153
0.00014624,0.74698
0.00014626,0.71534
0.00014628,1.547
0.0001463,0.74698
0.00014632,-0.053023
0.00014634,0.74698
0.00014636,0.71534
0.00014638,-0.053023
0.0001464,-0.053023
0.00014642,-0.053023
0.00014644,-0.85302
0.00014646,-0.88466
0.00014648,-0.88466
0.0001465,-1.653
0.00014652,-1.6847
0.00014654,-1.653
0.00014656,-2.453
0.00014658,-2.453
0.0001466,-1.653
0.00014662,-2.453
0.00014664,-2.453
0.00014666,-0.88466
0.00014668,-0.084656
0.0001467,-0.053023
0.00014672,-0.053023
0.00014674,-0.053023
0.00014676,1.547
0.00014678,2.3153
0.0001468,1.547
0.00014682,2.3153
0.00014684,1.547
0.00014686,3.1153
0.00014688,2.3153
0.0001469,1.547
0.00014692,-0.053023
0.00014694,-0.85302
0.00014696,-0.88466
0.00014698,-0.88466
0.000147,-3.253
0.00014702,-2.4847
0.00014704,-2.4847
0.00014706,-3.253
0.00014708,-2.4847
0.0001471,-1.6847
0.00014712,-1.653
0.00014714,-0.88466
0.00014716,-0.85302
0.00014718,-0.053023
0.0001472,0.71534
0.00014722,0.74698
0.00014724,0.74698
0.00014726,1.547
0.00014728,0.74698
0.0001473,1.547
0.00014732,1.547
0.00014734,-0.053023
0.00014736,1.5153
0.00014738,0.74698
0.0001474,0.71534
0.00014742,0.71534
0.00014744,-0.053023
0.00014746,-0.053023
0.00014748,-0.85302
0.0001475,-0.88466
0.00014752,-0.084656
0.00014754,-1.653
0.00014756,-1.653
0.00014758,-1.653
0.0001476,-1.653
0.00014762,-0.88466
0.00014764,-1.653
0.00014766,-1.653
0.00014768,-0.85302
0.0001477,-0.053023
0.00014772,0.71534
0.00014774,0.74698
0.00014776,0.74698
0.00014778,0.74698
0.0001478,2.3153
0.00014782,0.74698
0.00014784,0.71534
0.00014786,1.5153
0.00014788,0.71534
0.0001479,-0.053023
0.00014792,-0.85302
0.00014794,-1.653
0.00014796,-1.653
0.00014798,-2.453
0.000148,-2.453
0.00014802,-2.453
0.00014804,-1.6847
0.00014806,-1.6847
0.00014808,-1.653
0.0001481,-1.653
0.00014812,-0.85302
0.00014814,-0.85302
0.00014816,0.71534
0.00014818,1.5153
0.0001482,-0.053023
0.00014822,1.5153
0.00014824,1.5153
0.00014826,0.74698
0.00014828,-0.053023
0.0001483,-0.053023
0.00014832,-0.053023
0.00014834,-0.053023
0.00014836,-0.053023
0.00014838,-0.053023
0.0001484,0.71534
0.00014842,-0.85302
0.00014844,-0.85302
0.00014846,-1.653
0.00014848,-0.88466
0.0001485,-1.6847
0.00014852,-1.6847
0.00014854,-2.453
0.00014856,-2.4847
0.00014858,-2.453
0.0001486,-1.6847
0.00014862,-0.88466
0.00014864,-1.653
0.00014866,-0.053023
0.00014868,-0.053023
0.0001487,1.547
0.00014872,1.547
0.00014874,2.347
0.00014876,3.9153
0.00014878,3.1153
0.0001488,3.9153
0.00014882,3.1153
0.00014884,1.547
0.00014886,1.547
0.00014888,-0.053023
0.0001489,-0.88466
0.00014892,-1.653
0.00014894,-2.453
0.00014896,-2.4847
0.00014898,-2.4847
0.000149,-3.253
0.00014902,-3.253
0.00014904,-2.4847
0.00014906,-1.653
0.00014908,-0.88466
0.0001491,-0.084656
0.00014912,-0.053023
0.00014914,-0.053023
0.00014916,0.71534
0.00014918,0.71534
0.0001492,1.5153
0.00014922,0.74698
0.00014924,2.3153
0.00014926,0.74698
0.00014928,2.3153
0.0001493,0.74698
0.00014932,-0.053023
0.00014934,-0.053023
0.00014936,-0.053023
0.00014938,-0.053023
0.0001494,-0.85302
0.00014942,-1.653
0.00014944,-0.88466
0.00014946,-0.88466
0.00014948,-1.6847
0.0001495,-1.6847
0.00014952,-2.453
0.00014954,-1.653
0.00014956,-0.88466
0.00014958,-1.653
0.0001496,-1.653
0.00014962,-0.85302
0.00014964,0.71534
0.00014966,0.74698
0.00014968,0.71534
0.0001497,0.74698
0.00014972,0.74698
0.00014974,1.547
0.00014976,0.74698
0.00014978,1.5153
0.0001498,-0.053023
0.00014982,0.71534
0.00014984,-0.85302
0.00014986,-1.653
0.00014988,-1.653
0.0001499,-2.453
0.00014992,-1.6847
0.00014994,-2.453
0.00014996,-2.453
0.00014998,-1.6847
0.00015,-0.88466
0.00015002,-0.88466
0.00015004,-1.653
0.00015006,0.71534
0.00015008,-0.053023
0.0001501,0.71534
0.00015012,0.71534
0.00015014,0.71534
0.00015016,-0.053023
0.00015018,-0.053023
0.0001502,-0.053023
0.00015022,1.5153
0.00015024,0.71534
0.00015026,-0.053023
0.00015028,-0.053023
0.0001503,-0.053023
0.00015032,0.71534
0.00015034,-0.85302
0.00015036,-1.653
0.00015038,-1.653
0.0001504,-0.85302
0.00015042,-1.653
0.00015044,-1.653
0.00015046,-1.6847
0.00015048,-1.6847
0.0001505,-2.453
0.00015052,-2.453
0.00015054,-0.88466
0.00015056,-1.653
0.00015058,-0.85302
0.0001506,-0.053023
0.00015062,0.71534
0.00015064,1.547
0.00015066,1.547
0.00015068,3.1153
0.0001507,2.347
0.00015072,3.147
0.00015074,2.347
0.00015076,1.547
0.00015078,3.1153
0.0001508,0.74698
0.00015082,-0.85302
0.00015084,-0.88466
0.00015086,-1.6847
0.00015088,-2.4847
0.0001509,-2.4847
0.00015092,-3.253
0.00015094,-3.253
0.00015096,-2.4847
0.00015098,-1.6847
0.000151,-0.88466
0.00015102,-0.85302
0.00015104,-0.85302
0.00015106,-0.053023
0.00015108,1.5153
0.0001511,1.547
0.00015112,2.3153
0.00015114,1.5153
0.00015116,2.3153
0.00015118,0.74698
0.0001512,0.74698
0.00015122,0.74698
0.00015124,-0.053023
0.00015126,0.71534
0.00015128,-0.053023
0.0001513,-0.85302
0.00015132,-0.084656
0.00015134,-0.084656
0.00015136,-1.653
0.00015138,-1.653
0.0001514,-1.653
0.00015142,-1.653
0.00015144,-0.88466
0.00015146,-0.85302
0.00015148,0.71534
0.0001515,-0.084656
0.00015152,0.71534
0.00015154,-0.053023
0.00015156,-0.053023
0.00015158,-0.053023
0.0001516,0.71534
0.00015162,-0.053023
0.00015164,-0.053023
0.00015166,0.71534
0.00015168,0.71534
0.0001517,-0.053023
0.00015172,-0.053023
0.00015174,0.71534
0.00015176,-0.85302
0.00015178,-0.88466
0.0001518,-1.653
0.00015182,-0.88466
0.00015184,-1.653
0.00015186,-1.653
0.00015188,-1.653
0.0001519,-1.653
0.00015192,-1.653
0.00015194,-0.85302
0.00015196,-0.084656
0.00015198,0.71534
0.000152,0.71534
0.00015202,0.71534
0.00015204,-0.053023
0.00015206,-0.053023
0.00015208,-0.053023
0.0001521,-0.053023
0.00015212,0.71534
0.00015214,-0.053023
0.00015216,-0.053023
0.00015218,-0.85302
0.0001522,0.71534
0.00015222,-0.084656
0.00015224,0.71534
0.00015226,-0.084656
0.00015228,-0.053023
0.0001523,-0.053023
0.00015232,-0.084656
0.00015234,-0.084656
0.00015236,-1.653
0.00015238,-0.88466
0.0001524,-0.88466
0.00015242,-1.653
0.00015244,-0.88466
0.00015246,-1.653
0.00015248,-1.653
0.0001525,-0.084656
0.00015252,-0.084656
0.00015254,-0.053023
0.00015256,0.74698
0.00015258,2.3153
0.0001526,1.547
0.00015262,3.8837
0.00015264,2.347
0.00015266,1.547
0.00015268,1.547
0.0001527,0.74698
0.00015272,0.71534
0.00015274,-0.053023
0.00015276,-0.88466
0.00015278,-2.453
0.0001528,-2.4847
0.00015282,-3.253
0.00015284,-3.253
0.00015286,-3.253
0.00015288,-3.253
0.0001529,-2.453
0.00015292,-1.653
0.00015294,0.68371
0.00015296,-0.053023
0.00015298,0.71534
0.000153,1.5153
0.00015302,0.74698
0.00015304,2.3153
0.00015306,1.547
0.00015308,2.3153
0.0001531,1.5153
0.00015312,-0.053023
0.00015314,-0.053023
0.00015316,0.71534
0.00015318,-0.053023
0.0001532,-0.084656
0.00015322,-0.85302
0.00015324,-0.85302
0.00015326,-1.653
0.00015328,-0.084656
0.0001533,-1.653
0.00015332,-0.85302
0.00015334,-0.084656
0.00015336,-0.85302
0.00015338,-0.053023
0.0001534,-0.85302
0.00015342,-0.053023
0.00015344,0.71534
0.00015346,-0.053023
0.00015348,0.71534
0.0001535,0.71534
0.00015352,0.71534
0.00015354,-0.053023
0.00015356,0.74698
0.00015358,-0.053023
0.0001536,0.71534
0.00015362,0.71534
0.00015364,-0.053023
0.00015366,-0.88466
0.00015368,-0.88466
0.0001537,-0.85302
0.00015372,-2.453
0.00015374,-2.453
0.00015376,-1.653
0.00015378,-2.453
0.0001538,-1.653
0.00015382,-1.653
0.00015384,-0.88466
0.00015386,-0.084656
0.00015388,0.71534
0.0001539,0.71534
0.00015392,0.71534
0.00015394,0.74698
0.00015396,0.74698
0.00015398,0.74698
0.000154,0.74698
0.00015402,-0.053023
0.00015404,0.71534
0.00015406,-0.053023
0.00015408,-0.084656
0.0001541,-0.084656
0.00015412,-1.653
0.00015414,-1.653
0.00015416,-1.653
0.00015418,-0.88466
0.0001542,-0.88466
0.00015422,-1.653
0.00015424,-1.653
0.00015426,-1.653
0.00015428,-1.653
0.0001543,-0.88466
0.00015432,-0.88466
0.00015434,-0.88466
0.00015436,-1.653
0.00015438,-1.653
0.0001544,-1.653
0.00015442,-0.084656
0.00015444,-0.053023
0.00015446,-0.053023
0.00015448,0.74698
0.0001545,2.3153
0.00015452,1.547
0.00015454,2.347
0.00015456,2.347
0.00015458,3.1153
0.0001546,3.1153
0.00015462,1.547
0.00015464,-0.053023
0.00015466,0.71534
0.00015468,-0.85302
0.0001547,-2.453
0.00015472,-3.253
0.00015474,-3.253
0.00015476,-3.2847
0.00015478,-2.4847
0.0001548,-3.253
0.00015482,-2.4847
0.00015484,-1.6847
0.00015486,-1.653
0.00015488,-0.053023
0.0001549,0.74698
0.00015492,2.3153
0.00015494,1.547
0.00015496,2.3153
0.00015498,1.547
0.000155,2.3153
0.00015502,1.547
0.00015504,1.547
0.00015506,-0.053023
0.00015508,-0.053023
0.0001551,0.71534
0.00015512,-0.85302
0.00015514,-0.084656
0.00015516,-1.653
0.00015518,-0.88466
0.0001552,-2.453
0.00015522,-1.6847
0.00015524,-2.453
0.00015526,-2.453
0.00015528,-1.653
0.0001553,-1.653
0.00015532,-0.85302
0.00015534,-0.85302
0.00015536,0.71534
0.00015538,-0.053023
0.0001554,1.5153
0.00015542,1.5153
0.00015544,1.547
0.00015546,1.547
0.00015548,1.547
0.0001555,0.74698
0.00015552,1.5153
0.00015554,-0.053023
0.00015556,0.71534
0.00015558,-0.084656
0.0001556,-0.88466
0.00015562,-2.453
0.00015564,-2.453
0.00015566,-3.253
0.00015568,-3.253
0.0001557,-2.4847
0.00015572,-2.453
0.00015574,-1.6847
0.00015576,-0.88466
0.00015578,-0.084656
0.0001558,-0.85302
0.00015582,0.71534
0.00015584,0.74698
0.00015586,1.547
0.00015588,2.3153
0.0001559,1.547
0.00015592,2.3153
0.00015594,1.547
0.00015596,1.5153
0.00015598,-0.053023
0.000156,-0.053023
0.00015602,-0.053023
0.00015604,-0.85302
0.00015606,-0.11629
0.00015608,-1.653
0.0001561,-1.653
0.00015612,-1.653
0.00015614,-1.653
0.00015616,-1.653
0.00015618,-2.453
0.0001562,-2.453
0.00015622,-1.653
0.00015624,-1.653
0.00015626,-1.653
0.00015628,-1.653
0.0001563,-0.88466
0.00015632,-0.88466
0.00015634,-0.85302
0.00015636,0.71534
0.00015638,0.71534
0.0001564,0.74698
0.00015642,1.547
0.00015644,1.547
0.00015646,3.8837
0.00015648,3.1153
0.0001565,2.347
0.00015652,2.347
0.00015654,2.3153
0.00015656,0.71534
0.00015658,-0.053023
0.0001566,-1.653
0.00015662,-2.453
0.00015664,-2.4847
0.00015666,-4.053
0.00015668,-4.053
0.0001567,-4.053
0.00015672,-4.053
0.00015674,-2.4847
0.00015676,-2.453
0.00015678,-1.653
0.0001568,-0.084656
0.00015682,0.71534
0.00015684,1.5153
0.00015686,2.347
0.00015688,2.3153
0.0001569,2.347
0.00015692,2.347
0.00015694,2.347
0.00015696,2.3153
0.00015698,1.547
0.000157,0.74698
0.00015702,0.71534
0.00015704,0.71534
0.00015706,-0.084656
0.00015708,-1.653
0.0001571,-1.653
0.00015712,-2.453
0.00015714,-1.6847
0.00015716,-2.453
0.00015718,-2.453
0.0001572,-1.6847
0.00015722,-1.653
0.00015724,-1.6847
0.00015726,-0.85302
0.00015728,-0.85302
0.0001573,-0.053023
0.00015732,-0.053023
0.00015734,0.74698
0.00015736,1.547
0.00015738,2.3153
0.0001574,1.547
0.00015742,1.547
0.00015744,1.547
0.00015746,0.74698
0.00015748,0.74698
0.0001575,0.71534
0.00015752,-0.084656
0.00015754,-0.88466
0.00015756,-1.6847
0.00015758,-0.91629
0.0001576,-2.4847
0.00015762,-2.4847
0.00015764,-3.253
0.00015766,-2.4847
0.00015768,-2.453
0.0001577,-1.653
0.00015772,-0.85302
0.00015774,0.71534
0.00015776,-0.053023
0.00015778,0.74698
0.0001578,0.74698
0.00015782,1.547
0.00015784,1.547
0.00015786,2.3153
0.00015788,1.5153
0.0001579,0.74698
0.00015792,-0.053023
0.00015794,0.71534
0.00015796,-0.053023
0.00015798,-0.85302
0.000158,-1.653
0.00015802,-0.85302
0.00015804,-1.653
0.00015806,-1.653
0.00015808,-0.88466
0.0001581,-0.88466
0.00015812,-0.88466
0.00015814,-1.653
0.00015816,-0.88466
0.00015818,-1.653
0.0001582,-0.88466
0.00015822,-0.88466
0.00015824,-1.653
0.00015826,-0.85302
0.00015828,-0.084656
0.0001583,-0.053023
0.00015832,-0.053023
0.00015834,1.5153
0.00015836,0.74698
0.00015838,1.547
0.0001584,2.347
0.00015842,3.147
0.00015844,3.147
0.00015846,1.547
0.00015848,2.347
0.0001585,3.0837
0.00015852,0.71534
0.00015854,-0.084656
0.00015856,-1.653
0.00015858,-2.4847
0.0001586,-3.253
0.00015862,-2.4847
0.00015864,-3.2847
0.00015866,-4.053
0.00015868,-3.253
0.0001587,-2.4847
0.00015872,-2.453
0.00015874,-1.653
0.00015876,0.71534
0.00015878,1.5153
0.0001588,1.547
0.00015882,1.547
0.00015884,2.3153
0.00015886,2.347
0.00015888,2.347
0.0001589,1.547
0.00015892,2.3153
0.00015894,0.74698
0.00015896,-0.053023
0.00015898,0.71534
0.000159,-0.88466
0.00015902,-1.653
0.00015904,-2.453
0.00015906,-1.653
0.00015908,-2.453
0.0001591,-1.6847
0.00015912,-2.453
0.00015914,-1.6847
0.00015916,-1.653
0.00015918,-0.88466
0.0001592,-0.85302
0.00015922,-0.084656
0.00015924,0.71534
0.00015926,-0.053023
0.00015928,2.3153
0.0001593,1.547
0.00015932,1.547
0.00015934,1.547
0.00015936,2.3153
0.00015938,1.5153
0.0001594,-0.053023
0.00015942,-0.053023
0.00015944,-0.85302
0.00015946,-1.653
0.00015948,-0.88466
0.0001595,-2.453
0.00015952,-1.6847
0.00015954,-2.453
0.00015956,-1.6847
0.00015958,-2.453
0.0001596,-0.88466
0.00015962,-1.653
0.00015964,-0.053023
0.00015966,0.71534
0.00015968,-0.053023
0.0001597,1.5153
0.00015972,0.74698
0.00015974,1.547
0.00015976,1.5153
0.00015978,1.547
0.0001598,1.5153
0.00015982,0.71534
0.00015984,-0.053023
0.00015986,-0.053023
0.00015988,-0.88466
0.0001599,-0.88466
0.00015992,-0.084656
0.00015994,-1.653
0.00015996,-0.88466
0.00015998,-1.653
0.00016,-0.084656
0.00016002,0.71534
0.00016004,-0.85302
0.00016006,0.71534
0.00016008,-0.053023
0.0001601,-0.85302
0.00016012,-0.084656
0.00016014,-0.084656
0.00016016,-1.653
0.00016018,-1.653
0.0001602,-2.453
0.00016022,-0.88466
0.00016024,-0.88466
0.00016026,-0.85302
0.00016028,-0.053023
0.0001603,0.74698
0.00016032,2.3153
0.00016034,1.547
0.00016036,1.547
0.00016038,2.3153
0.0001604,1.547
0.00016042,2.3153
0.00016044,1.5153
0.00016046,0.71534
0.00016048,-0.85302
0.0001605,-0.88466
0.00016052,-2.453
0.00016054,-2.4847
0.00016056,-2.4847
0.00016058,-3.253
0.0001606,-2.4847
0.00016062,-3.253
0.00016064,-2.453
0.00016066,-0.88466
0.00016068,-1.653
0.0001607,0.71534
0.00016072,-0.053023
0.00016074,1.5153
0.00016076,1.547
0.00016078,1.547
0.0001608,1.547
0.00016082,2.3153
0.00016084,0.74698
0.00016086,0.74698
0.00016088,-0.053023
0.0001609,0.71534
0.00016092,-0.053023
0.00016094,0.71534
0.00016096,-0.084656
0.00016098,-0.88466
0.000161,-0.88466
0.00016102,-1.653
0.00016104,-1.653
0.00016106,-0.88466
0.00016108,-1.653
0.0001611,-1.653
0.00016112,-1.653
0.00016114,-0.85302
0.00016116,0.71534
0.00016118,-0.053023
0.0001612,-0.053023
0.00016122,0.74698
0.00016124,2.3153
0.00016126,0.74698
0.00016128,1.5153
0.0001613,1.547
0.00016132,0.71534
0.00016134,0.71534
0.00016136,-0.053023
0.00016138,-0.88466
0.0001614,-1.653
0.00016142,-0.88466
0.00016144,-2.453
0.00016146,-2.453
0.00016148,-1.653
0.0001615,-2.453
0.00016152,-0.88466
0.00016154,-0.084656
0.00016156,-0.053023
0.00016158,0.71534
0.0001616,-0.053023
0.00016162,0.74698
0.00016164,0.74698
0.00016166,1.547
0.00016168,1.5153
0.0001617,0.74698
0.00016172,1.5153
0.00016174,0.71534
0.00016176,-0.053023
0.00016178,-0.85302
0.0001618,-1.653
0.00016182,-0.084656
0.00016184,-0.88466
0.00016186,-1.653
0.00016188,-1.653
0.0001619,-0.85302
0.00016192,-0.084656
0.00016194,-0.084656
0.00016196,-0.084656
0.00016198,0.71534
0.000162,-0.053023
0.00016202,-0.053023
0.00016204,-0.084656
0.00016206,-0.85302
0.00016208,-0.88466
0.0001621,-1.653
0.00016212,-0.88466
0.00016214,-0.88466
0.00016216,-0.88466
0.00016218,-0.084656
0.0001622,-0.053023
0.00016222,-0.053023
0.00016224,-0.053023
0.00016226,0.74698
0.00016228,2.3153
0.0001623,1.547
0.00016232,1.547
0.00016234,1.547
0.00016236,-0.053023
0.00016238,-0.053023
0.0001624,-0.053023
0.00016242,-0.85302
0.00016244,-0.88466
0.00016246,-0.88466
0.00016248,-2.4847
0.0001625,-3.253
0.00016252,-2.4847
0.00016254,-3.253
0.00016256,-2.453
0.00016258,-0.88466
0.0001626,-0.85302
0.00016262,0.71534
0.00016264,-0.053023
0.00016266,0.71534
0.00016268,0.74698
0.0001627,1.5153
0.00016272,1.5153
0.00016274,1.5153
0.00016276,0.74698
0.00016278,1.5153
0.0001628,-0.053023
0.00016282,1.4837
0.00016284,0.71534
0.00016286,0.71534
0.00016288,-0.85302
0.0001629,-1.653
0.00016292,-1.653
0.00016294,-0.88466
0.00016296,-0.88466
0.00016298,-1.653
0.000163,-0.88466
0.00016302,-1.653
0.00016304,-0.88466
0.00016306,-0.084656
0.00016308,0.71534
0.0001631,0.71534
0.00016312,0.74698
0.00016314,0.74698
0.00016316,2.2837
0.00016318,2.3153
0.0001632,0.74698
0.00016322,1.5153
0.00016324,0.71534
0.00016326,-0.053023
0.00016328,-0.85302
0.0001633,-1.653
0.00016332,-0.88466
0.00016334,-0.88466
0.00016336,-2.453
0.00016338,-2.453
0.0001634,-1.6847
0.00016342,-1.6847
0.00016344,-0.88466
0.00016346,-0.88466
0.00016348,0.71534
0.0001635,-0.053023
0.00016352,-0.053023
0.00016354,1.5153
0.00016356,0.74698
0.00016358,1.547
0.0001636,1.547
0.00016362,0.74698
0.00016364,1.5153
0.00016366,0.71534
0.00016368,-0.053023
0.0001637,0.71534
0.00016372,-1.653
0.00016374,-0.084656
0.00016376,-1.653
0.00016378,-0.11629
0.0001638,-2.453
0.00016382,-0.88466
0.00016384,-0.88466
0.00016386,-1.653
0.00016388,-1.653
0.0001639,-0.084656
0.00016392,-0.85302
0.00016394,0.71534
0.00016396,-0.084656
0.00016398,-0.85302
0.000164,-0.053023
0.00016402,0.71534
0.00016404,-0.053023
0.00016406,-0.084656
0.00016408,-0.084656
0.0001641,0.71534
0.00016412,-0.053023
0.00016414,0.71534
0.00016416,-0.053023
0.00016418,0.74698
0.0001642,0.74698
0.00016422,0.74698
0.00016424,1.5153
0.00016426,0.74698
0.00016428,0.71534
0.0001643,0.71534
0.00016432,-0.084656
0.00016434,-1.653
0.00016436,-1.653
0.00016438,-2.453
0.0001644,-2.453
0.00016442,-2.453
0.00016444,-2.453
0.00016446,-1.653
0.00016448,-2.453
0.0001645,-0.88466
0.00016452,-0.88466
0.00016454,-0.053023
0.00016456,-0.053023
0.00016458,0.71534
0.0001646,0.74698
0.00016462,0.74698
0.00016464,0.74698
0.00016466,0.74698
0.00016468,1.547
0.0001647,0.74698
0.00016472,0.74698
0.00016474,0.71534
0.00016476,-0.053023
0.00016478,0.71534
0.0001648,-0.85302
0.00016482,-1.653
0.00016484,-1.653
0.00016486,-2.453
0.00016488,-2.453
0.0001649,-2.453
0.00016492,-0.88466
0.00016494,-0.88466
0.00016496,-0.88466
0.00016498,-0.88466
0.000165,0.71534
0.00016502,0.71534
0.00016504,0.74698
0.00016506,1.547
0.00016508,2.3153
0.0001651,2.347
0.00016512,1.547
0.00016514,1.547
0.00016516,1.5153
0.00016518,-0.053023
0.0001652,-0.053023
0.00016522,-0.85302
0.00016524,-0.88466
0.00016526,-1.653
0.00016528,-1.6847
0.0001653,-3.253
0.00016532,-2.4847
0.00016534,-2.453
0.00016536,-2.453
0.00016538,-1.653
0.0001654,-0.85302
0.00016542,0.71534
0.00016544,-0.053023
0.00016546,0.74698
0.00016548,1.547
0.0001655,1.547
0.00016552,1.547
0.00016554,2.3153
0.00016556,1.5153
0.00016558,1.5153
0.0001656,-0.053023
0.00016562,0.71534
0.00016564,-0.85302
0.00016566,-1.653
0.00016568,-0.88466
0.0001657,-1.6847
0.00016572,-2.453
0.00016574,-2.453
0.00016576,-0.88466
0.00016578,-2.453
0.0001658,-1.653
0.00016582,-1.653
0.00016584,-0.084656
0.00016586,-0.85302
0.00016588,-0.85302
0.0001659,-0.053023
0.00016592,-0.084656
0.00016594,-0.053023
0.00016596,-0.053023
0.00016598,0.71534
0.000166,-0.053023
0.00016602,-0.053023
0.00016604,-0.053023
0.00016606,0.71534
0.00016608,-0.053023
0.0001661,-0.053023
0.00016612,0.71534
0.00016614,0.71534
0.00016616,0.74698
0.00016618,-0.053023
0.0001662,0.71534
0.00016622,-0.053023
0.00016624,-0.053023
0.00016626,-0.85302
0.00016628,-0.084656
0.0001663,-1.653
0.00016632,-1.653
0.00016634,-1.653
0.00016636,-1.6847
0.00016638,-1.6847
0.0001664,-1.6847
0.00016642,-1.653
0.00016644,-2.453
0.00016646,-1.653
0.00016648,-0.88466
0.0001665,-0.084656
0.00016652,-0.053023
0.00016654,0.71534
0.00016656,1.5153
0.00016658,2.3153
0.0001666,1.547
0.00016662,2.3153
0.00016664,1.547
0.00016666,1.547
0.00016668,2.3153
0.0001667,0.74698
0.00016672,-0.053023
0.00016674,0.71534
0.00016676,-0.084656
0.00016678,-0.88466
0.0001668,-0.88466
0.00016682,-1.6847
0.00016684,-3.253
0.00016686,-1.6847
0.00016688,-2.453
0.0001669,-0.88466
0.00016692,-1.653
0.00016694,-0.85302
0.00016696,-0.053023
0.00016698,1.5153
0.000167,1.547
0.00016702,1.547
0.00016704,2.3153
0.00016706,1.547
0.00016708,2.3153
0.0001671,1.5153
0.00016712,0.71534
0.00016714,-0.053023
0.00016716,-0.85302
0.00016718,-1.653
0.0001672,-1.6847
0.00016722,-0.88466
0.00016724,-3.253
0.00016726,-1.6847
0.00016728,-2.453
0.0001673,-0.88466
0.00016732,-1.653
0.00016734,-0.084656
0.00016736,-0.85302
0.00016738,0.71534
0.0001674,-0.053023
0.00016742,1.547
0.00016744,1.547
0.00016746,1.547
0.00016748,1.547
0.0001675,0.74698
0.00016752,0.74698
0.00016754,-0.053023
0.00016756,-0.053023
0.00016758,-0.084656
0.0001676,-0.88466
0.00016762,-0.88466
0.00016764,-2.453
0.00016766,-0.88466
0.00016768,-1.653
0.0001677,-1.653
0.00016772,-0.88466
0.00016774,-0.88466
0.00016776,-1.653
0.00016778,-0.053023
0.0001678,-0.85302
0.00016782,0.71534
0.00016784,0.71534
0.00016786,-0.053023
0.00016788,0.71534
0.0001679,-0.053023
0.00016792,-0.053023
0.00016794,-0.053023
0.00016796,-0.084656
0.00016798,-0.053023
0.000168,-0.053023
0.00016802,-0.053023
0.00016804,-0.053023
0.00016806,0.74698
0.00016808,-0.053023
0.0001681,0.74698
0.00016812,1.5153
0.00016814,0.74698
0.00016816,0.71534
0.00016818,0.71534
0.0001682,-0.053023
0.00016822,-0.053023
0.00016824,-1.653
0.00016826,-1.653
0.00016828,-1.653
0.0001683,-1.653
0.00016832,-2.453
0.00016834,-2.4847
0.00016836,-3.253
0.00016838,-2.4847
0.0001684,-3.253
0.00016842,-2.453
0.00016844,-1.653
0.00016846,-0.084656
0.00016848,-0.053023
0.0001685,-0.053023
0.00016852,1.547
0.00016854,0.74698
0.00016856,1.547
0.00016858,2.3153
0.0001686,2.3153
0.00016862,2.3153
0.00016864,1.547
0.00016866,1.5153
0.00016868,-0.053023
0.0001687,-0.084656
0.00016872,-0.88466
0.00016874,-1.653
0.00016876,-2.453
0.00016878,-2.453
0.0001688,-2.4847
0.00016882,-2.4847
0.00016884,-1.6847
0.00016886,-1.653
0.00016888,-0.88466
0.0001689,0.71534
0.00016892,0.71534
0.00016894,0.74698
0.00016896,0.74698
0.00016898,1.547
0.000169,2.3153
0.00016902,1.547
0.00016904,0.74698
0.00016906,-0.053023
0.00016908,0.71534
0.0001691,-0.053023
0.00016912,-0.85302
0.00016914,-0.88466
0.00016916,-0.88466
0.00016918,-0.88466
0.0001692,-1.653
0.00016922,-0.88466
0.00016924,-1.653
0.00016926,-1.653
0.00016928,-0.88466
0.0001693,-0.85302
0.00016932,0.71534
0.00016934,-0.053023
0.00016936,-0.053023
0.00016938,-0.053023
0.0001694,-0.053023
0.00016942,0.71534
0.00016944,0.71534
0.00016946,0.71534
0.00016948,-0.053023
0.0001695,0.71534
0.00016952,-0.85302
0.00016954,-0.88466
0.00016956,-0.85302
0.00016958,-1.653
0.0001696,-1.653
0.00016962,-0.85302
0.00016964,-0.88466
0.00016966,-0.85302
0.00016968,-0.053023
0.0001697,0.71534
0.00016972,-0.053023
0.00016974,0.71534
0.00016976,-0.053023
0.00016978,-0.053023
0.0001698,-0.053023
0.00016982,-0.053023
0.00016984,0.71534
0.00016986,-0.053023
0.00016988,-0.85302
0.0001699,0.71534
0.00016992,0.71534
0.00016994,-0.85302
0.00016996,-0.85302
0.00016998,-0.053023
0.00017,0.71534
0.00017002,0.71534
0.00017004,-0.053023
0.00017006,-0.053023
0.00017008,0.74698
0.0001701,0.74698
0.00017012,0.74698
0.00017014,1.5153
0.00017016,-0.053023
0.00017018,0.71534
0.0001702,0.71534
0.00017022,-1.653
0.00017024,-1.653
0.00017026,-2.453
0.00017028,-3.253
0.0001703,-3.253
0.00017032,-2.4847
0.00017034,-3.253
0.00017036,-2.453
0.00017038,-0.88466
0.0001704,-0.88466
0.00017042,-0.85302
0.00017044,-0.053023
0.00017046,1.5153
0.00017048,2.3153
0.0001705,2.3153
0.00017052,1.547
0.00017054,2.3153
0.00017056,1.547
0.00017058,2.3153
0.0001706,0.71534
0.00017062,0.71534
0.00017064,-0.084656
0.00017066,-1.653
0.00017068,-2.453
0.0001707,-2.453
0.00017072,-1.6847
0.00017074,-1.6847
0.00017076,-3.253
0.00017078,-0.88466
0.0001708,-1.653
0.00017082,-0.85302
0.00017084,-0.053023
0.00017086,-0.053023
0.00017088,1.5153
0.0001709,0.74698
0.00017092,0.74698
0.00017094,1.5153
0.00017096,-0.053023
0.00017098,0.74698
0.000171,-0.053023
0.00017102,-0.053023
0.00017104,-0.053023
0.00017106,-0.85302
0.00017108,-0.88466
0.0001711,-1.653
0.00017112,-1.653
0.00017114,-0.85302
0.00017116,-0.88466
0.00017118,-0.88466
0.0001712,-0.85302
0.00017122,-0.084656
0.00017124,-0.084656
0.00017126,0.71534
0.00017128,-0.053023
0.0001713,-0.053023
0.00017132,-0.053023
0.00017134,-0.053023
0.00017136,-0.053023
0.00017138,-0.053023
0.0001714,-0.053023
0.00017142,-0.85302
0.00017144,-0.85302
0.00017146,-0.88466
0.00017148,-1.653
0.0001715,-0.88466
0.00017152,-1.653
0.00017154,-0.88466
0.00017156,-1.653
0.00017158,-0.85302
0.0001716,-0.053023
0.00017162,-0.053023
0.00017164,-0.053023
0.00017166,-0.053023
0.00017168,1.5153
0.0001717,0.74698
0.00017172,0.71534
0.00017174,-0.053023
0.00017176,-0.053023
0.00017178,-0.053023
0.0001718,-0.084656
0.00017182,-0.084656
0.00017184,-1.653
0.00017186,-1.653
0.00017188,-1.653
0.0001719,-1.653
0.00017192,-1.653
0.00017194,-1.653
0.00017196,-0.084656
0.00017198,0.71534
0.000172,0.71534
0.00017202,0.74698
0.00017204,1.5153
0.00017206,0.74698
0.00017208,0.74698
0.0001721,0.71534
0.00017212,-0.053023
0.00017214,0.71534
0.00017216,-1.653
0.00017218,-1.653
0.0001722,-2.453
0.00017222,-2.453
0.00017224,-3.253
0.00017226,-2.4847
0.00017228,-2.4847
0.0001723,-2.453
0.00017232,-1.6847
0.00017234,-0.88466
0.00017236,-0.85302
0.00017238,-0.053023
0.0001724,0.74698
0.00017242,1.547
0.00017244,2.3153
0.00017246,1.547
0.00017248,1.547
0.0001725,1.547
0.00017252,2.3153
0.00017254,0.74698
0.00017256,-0.053023
0.00017258,-0.084656
0.0001726,-1.653
0.00017262,-1.653
0.00017264,-2.453
0.00017266,-1.6847
0.00017268,-1.6847
0.0001727,-1.653
0.00017272,-0.88466
0.00017274,-0.85302
0.00017276,-0.85302
0.00017278,-0.053023
0.0001728,-0.053023
0.00017282,0.74698
0.00017284,0.71534
0.00017286,0.74698
0.00017288,-0.053023
0.0001729,-0.053023
0.00017292,0.71534
0.00017294,-0.053023
0.00017296,-0.084656
0.00017298,0.68371
0.000173,-0.084656
0.00017302,-1.653
0.00017304,-0.084656
0.00017306,-1.653
0.00017308,-0.88466
0.0001731,-0.084656
0.00017312,-1.653
0.00017314,-1.653
0.00017316,-0.85302
0.00017318,0.71534
0.0001732,0.71534
0.00017322,-0.053023
0.00017324,0.71534
0.00017326,1.5153
0.00017328,0.74698
0.0001733,-0.053023
0.00017332,-0.053023
0.00017334,-0.053023
0.00017336,-0.084656
0.00017338,-0.85302
0.0001734,-0.88466
0.00017342,-0.88466
0.00017344,-1.653
0.00017346,-1.653
0.00017348,-2.453
0.0001735,-1.653
0.00017352,-1.653
0.00017354,-0.85302
0.00017356,0.71534
0.00017358,0.71534
0.0001736,2.3153
0.00017362,1.5153
0.00017364,2.3153
0.00017366,1.547
0.00017368,-0.053023
0.0001737,-0.053023
0.00017372,0.71534
0.00017374,0.71534
0.00017376,-0.084656
0.00017378,-0.88466
0.0001738,-0.88466
0.00017382,-1.653
0.00017384,-1.653
0.00017386,-1.653
0.00017388,-0.88466
0.0001739,-0.85302
0.00017392,-0.85302
0.00017394,0.71534
0.00017396,1.5153
0.00017398,1.5153
0.000174,0.74698
0.00017402,0.74698
0.00017404,-0.053023
0.00017406,0.71534
0.00017408,-0.053023
0.0001741,-0.084656
0.00017412,-0.88466
0.00017414,-0.88466
0.00017416,-2.453
0.00017418,-3.253
0.0001742,-3.253
0.00017422,-2.453
0.00017424,-1.6847
0.00017426,-0.88466
0.00017428,-0.084656
0.0001743,-0.053023
0.00017432,-0.053023
0.00017434,0.74698
0.00017436,2.3153
0.00017438,1.547
0.0001744,2.3153
0.00017442,2.3153
0.00017444,1.547
0.00017446,0.74698
0.00017448,-0.053023
0.0001745,-0.053023
0.00017452,-0.85302
0.00017454,-0.88466
0.00017456,-1.653
0.00017458,-2.453
0.0001746,-0.88466
0.00017462,-1.653
0.00017464,-2.453
0.00017466,-1.653
0.00017468,-0.85302
0.0001747,-0.084656
0.00017472,0.71534
0.00017474,-0.053023
0.00017476,2.3153
0.00017478,0.71534
0.0001748,1.5153
0.00017482,1.5153
0.00017484,0.74698
0.00017486,-0.053023
0.00017488,-0.053023
0.0001749,0.71534
0.00017492,-0.85302
0.00017494,-1.653
0.00017496,-0.88466
0.00017498,-0.88466
0.000175,-2.453
0.00017502,-2.453
0.00017504,-0.11629
0.00017506,-1.653
0.00017508,-0.084656
0.0001751,-0.084656
0.00017512,-0.053023
0.00017514,-0.053023
0.00017516,0.71534
0.00017518,1.5153
0.0001752,0.71534
0.00017522,1.547
0.00017524,1.5153
0.00017526,0.74698
0.00017528,0.74698
0.0001753,-0.85302
0.00017532,-0.85302
0.00017534,-0.88466
0.00017536,-0.88466
0.00017538,-1.6847
0.0001754,-2.453
0.00017542,-1.6847
0.00017544,-1.653
0.00017546,-1.653
0.00017548,0.68371
0.0001755,0.71534
0.00017552,-0.053023
0.00017554,0.71534
0.00017556,1.5153
0.00017558,1.5153
0.0001756,1.547
0.00017562,1.547
0.00017564,-0.053023
0.00017566,-0.053023
0.00017568,0.71534
0.0001757,-0.85302
0.00017572,-1.653
0.00017574,-0.88466
0.00017576,-0.88466
0.00017578,-1.653
0.0001758,-1.653
0.00017582,-0.85302
0.00017584,-0.053023
0.00017586,0.71534
0.00017588,0.71534
0.0001759,0.71534
0.00017592,1.5153
0.00017594,0.74698
0.00017596,0.74698
0.00017598,-0.053023
0.000176,-0.053023
0.00017602,0.71534
0.00017604,-0.88466
0.00017606,-1.653
0.00017608,-1.653
0.0001761,-2.453
0.00017612,-3.253
0.00017614,-1.6847
0.00017616,-2.453
0.00017618,-2.453
0.0001762,-1.653
0.00017622,-0.88466
0.00017624,-0.053023
0.00017626,-0.053023
0.00017628,1.5153
0.0001763,1.547
0.00017632,1.547
0.00017634,2.347
0.00017636,2.347
0.00017638,2.347
0.0001764,1.547
0.00017642,1.5153
0.00017644,-0.053023
0.00017646,0.71534
0.00017648,-1.653
0.0001765,-1.653
0.00017652,-1.6847
0.00017654,-2.4847
0.00017656,-2.4847
0.00017658,-3.253
0.0001766,-1.6847
0.00017662,-2.453
0.00017664,-0.88466
0.00017666,0.71534
0.00017668,-0.053023
0.0001767,0.74698
0.00017672,1.547
0.00017674,2.3153
0.00017676,1.547
0.00017678,3.0837
0.0001768,2.3153
0.00017682,-0.053023
0.00017684,0.71534
0.00017686,-0.053023
0.00017688,-0.85302
0.0001769,-1.653
0.00017692,-1.653
0.00017694,-2.453
0.00017696,-1.6847
0.00017698,-1.6847
0.000177,-1.6847
0.00017702,-1.653
0.00017704,-0.88466
0.00017706,-0.084656
0.00017708,-0.053023
0.0001771,1.5153
0.00017712,0.74698
0.00017714,0.74698
0.00017716,1.5153
0.00017718,0.74698
0.0001772,1.5153
0.00017722,-0.053023
0.00017724,-0.85302
0.00017726,-0.084656
0.00017728,-0.88466
0.0001773,-0.88466
0.00017732,-0.88466
0.00017734,-0.88466
0.00017736,-0.88466
0.00017738,-0.88466
0.0001774,-0.88466
0.00017742,-0.88466
0.00017744,-0.88466
0.00017746,-0.88466
0.00017748,-0.88466
0.0001775,-0.88466
0.00017752,-0.88466
0.00017754,-0.88466
0.00017756,-0.88466
0.00017758,-0.88466
0.0001776,-0.88466
0.00017762,-0.88466
