4.2138e-13,0.47781
2e-08,2.0172
4e-08,1.2576
6e-08,1.2374
8.0001e-08,1.2576
1e-07,2.0172
1.2e-07,1.197
1.4e-07,1.1364
1.6e-07,1.8758
1.8e-07,1.0152
2e-07,1.7546
2.2e-07,0.93437
2.4e-07,0.11417
2.6e-07,1.6536
2.8e-07,0.85356
3e-07,1.6334
3.2e-07,0.033359
3.4e-07,3.2536
3.6e-07,1.7344
3.8e-07,2.595
4e-07,2.696
4.2e-07,2.7768
4.4e-07,1.2374
4.6e-07,2.797
4.8e-07,1.2576
5e-07,1.2576
5.2e-07,1.2576
5.4e-07,-0.34239
5.6e-07,-0.34239
5.8e-07,1.2172
6e-07,1.2172
6.2e-07,1.2172
6.4e-07,1.2172
6.6e-07,1.2172
6.8e-07,0.43741
7e-07,1.2172
7.2e-07,1.197
7.4e-07,1.2172
7.6e-07,1.197
7.8e-07,1.2172
8e-07,1.197
8.2e-07,0.4172
8.4e-07,1.197
8.6e-07,0.4172
8.8e-07,0.4172
9e-07,1.997
9.2e-07,1.197
9.4e-07,1.197
9.6e-07,0.397
9.8e-07,1.197
1e-06,1.197
1.02e-06,1.197
1.04e-06,1.9768
1.06e-06,1.197
1.08e-06,1.9768
1.1e-06,0.397
1.12e-06,1.9768
1.14e-06,1.197
1.16e-06,0.397
1.18e-06,1.9768
1.2e-06,1.1768
1.22e-06,1.1768
1.24e-06,1.1768
1.26e-06,1.1768
1.28e-06,0.397
1.3e-06,1.1768
1.32e-06,1.1768
1.34e-06,1.1768
1.36e-06,1.1768
1.38e-06,1.1768
1.4e-06,1.1768
1.42e-06,1.1768
1.44e-06,1.1768
1.46e-06,1.1768
1.48e-06,1.1768
1.5e-06,1.1768
1.52e-06,1.1768
1.54e-06,1.1768
1.56e-06,1.1768
1.58e-06,1.1768
1.6e-06,1.1768
1.62e-06,1.1768
1.64e-06,1.1768
1.66e-06,1.1768
1.68e-06,1.1768
1.7e-06,1.9566
1.72e-06,1.1768
1.74e-06,1.1566
1.76e-06,1.9566
1.78e-06,1.9566
1.8e-06,1.1768
1.82e-06,1.9566
1.84e-06,0.3768
1.86e-06,0.3768
1.88e-06,1.9566
1.9e-06,0.3768
1.92e-06,1.1768
1.94e-06,1.9566
1.96e-06,0.3768
1.98e-06,0.3768
2e-06,1.1566
2.02e-06,1.1566
2.04e-06,0.3768
2.06e-06,1.1566
2.08e-06,1.1566
2.1e-06,0.3566
2.12e-06,1.1566
2.14e-06,1.1566
2.16e-06,1.9364
2.18e-06,1.1566
2.2e-06,1.1364
2.22e-06,1.9364
2.24e-06,1.1364
2.26e-06,1.9364
2.28e-06,0.3566
2.3e-06,0.3566
2.32e-06,1.9162
2.34e-06,0.3566
2.36e-06,1.9364
2.38e-06,1.1364
2.4e-06,0.3566
2.42e-06,1.1364
2.44e-06,1.1364
2.46e-06,1.1364
2.48e-06,1.1364
2.5e-06,1.1364
2.52e-06,1.1364
2.54e-06,1.1364
2.56e-06,1.1364
2.58e-06,1.9162
2.6e-06,1.1364
2.62e-06,1.9162
2.64e-06,0.3566
2.66e-06,1.9162
2.68e-06,1.1364
2.7e-06,1.1364
2.72e-06,1.1364
2.74e-06,1.1364
2.76e-06,1.1364
2.78e-06,1.1364
2.8e-06,1.1364
2.82e-06,1.9162
2.84e-06,1.1364
2.86e-06,1.1364
2.88e-06,1.1364
2.9e-06,0.33639
2.92e-06,1.1364
2.94e-06,1.9162
2.96e-06,1.9162
2.98e-06,1.9162
3e-06,0.33639
3.02e-06,1.1364
3.04e-06,1.1364
3.06e-06,2.696
3.08e-06,0.33639
3.1e-06,-0.4434
3.12e-06,-1.203
3.14e-06,-1.9828
3.16e-06,-1.1828
3.18e-06,-1.1626
3.2e-06,0.43741
3.22e-06,1.2172
3.24e-06,2.7768
3.26e-06,5.896
3.28e-06,8.2556
3.3e-06,8.995
3.32e-06,9.7344
3.34e-06,9.694
3.36e-06,7.2738
3.38e-06,8.0536
3.4e-06,5.896
3.42e-06,-15.025
3.44e-06,-15.854
3.46e-06,-22.597
3.48e-06,-23.498
3.5e-06,-22.738
3.52e-06,-22.738
3.54e-06,-26.637
3.56e-06,-33.656
3.58e-06,-21.373
3.6e-06,18.87
3.62e-06,19.092
3.64e-06,16.033
3.66e-06,13.694
3.68e-06,9.7748
3.7e-06,8.2152
3.72e-06,7.4152
3.74e-06,8.1344
3.76e-06,11.993
3.78e-06,21.472
3.8e-06,-29.87
3.82e-06,-53.15
3.84e-06,-51.591
3.86e-06,-49.251
3.88e-06,-44.573
3.9e-06,-44.593
3.92e-06,-43.013
3.94e-06,-43.013
3.96e-06,-33.413
3.98e-06,31.346
4e-06,41.726
4.02e-06,46.445
4.04e-06,48.025
4.06e-06,48.825
4.08e-06,49.605
4.1e-06,47.985
4.12e-06,52.724
4.14e-06,38.324
4.16e-06,-12.815
4.18e-06,-34.375
4.2e-06,-38.314
4.22e-06,-40.674
4.24e-06,-42.233
4.26e-06,-45.373
4.28e-06,-46.153
4.3e-06,-41.312
4.32e-06,-10.892
4.34e-06,3.4879
4.36e-06,15.447
4.38e-06,20.227
4.4e-06,20.187
4.42e-06,20.126
4.44e-06,14.486
4.46e-06,9.6051
4.48e-06,5.5243
4.5e-06,3.904
4.52e-06,7.8636
4.54e-06,11.864
4.56e-06,15.904
4.58e-06,21.504
4.6e-06,23.144
4.62e-06,23.985
4.64e-06,20.845
4.66e-06,16.866
4.68e-06,4.1465
4.7e-06,-8.6131
4.72e-06,-23.013
4.74e-06,-35.813
4.76e-06,-40.613
4.78e-06,-41.433
4.8e-06,-40.654
4.82e-06,-40.674
4.84e-06,-35.134
4.86e-06,-15.195
4.88e-06,3.1849
4.9e-06,21.585
4.92e-06,38.344
4.94e-06,48.704
4.96e-06,50.304
4.98e-06,49.504
5e-06,43.904
5.02e-06,29.544
5.04e-06,15.944
5.06e-06,-0.015142
5.08e-06,-16.015
5.1e-06,-28.815
5.12e-06,-34.375
5.14e-06,-36.734
5.16e-06,-37.514
5.18e-06,-35.894
5.2e-06,-23.914
5.22e-06,-11.914
5.24e-06,1.6859
5.26e-06,12.106
5.28e-06,17.746
5.3e-06,21.706
5.32e-06,20.886
5.34e-06,17.666
5.36e-06,12.845
5.38e-06,7.2253
5.4e-06,-0.77474
5.42e-06,-6.4353
5.44e-06,-9.696
5.46e-06,-9.7364
5.48e-06,-6.5768
5.5e-06,-1.7768
5.52e-06,2.2636
5.54e-06,7.0636
5.56e-06,11.064
5.58e-06,13.484
5.6e-06,13.524
5.62e-06,10.385
5.64e-06,5.6455
5.66e-06,0.065668
5.68e-06,-7.9141
5.7e-06,-12.714
5.72e-06,-15.114
5.74e-06,-17.494
5.76e-06,-17.494
5.78e-06,-12.734
5.8e-06,-9.5343
5.82e-06,-1.5747
5.84e-06,5.6051
5.86e-06,9.6051
5.88e-06,15.185
5.9e-06,16.765
5.92e-06,16.744
5.94e-06,15.104
5.96e-06,11.104
5.98e-06,6.2838
6e-06,-0.89595
6.02e-06,-5.7162
6.04e-06,-10.516
6.06e-06,-11.336
6.08e-06,-12.896
6.1e-06,-10.496
6.12e-06,-8.0555
6.14e-06,-4.0353
6.16e-06,1.5849
6.18e-06,5.6051
6.2e-06,8.0455
6.22e-06,10.466
6.24e-06,8.8859
6.26e-06,7.2859
6.28e-06,4.1061
6.3e-06,0.88587
6.32e-06,-3.1141
6.34e-06,-5.5343
6.36e-06,-8.7343
6.38e-06,-10.355
6.4e-06,-10.375
6.42e-06,-7.2151
6.44e-06,-2.4555
6.46e-06,-0.055546
6.48e-06,3.9243
6.5e-06,7.904
6.52e-06,11.104
6.54e-06,14.304
6.56e-06,17.504
6.58e-06,17.524
6.6e-06,16.744
6.62e-06,14.365
6.64e-06,11.185
6.66e-06,9.5849
6.68e-06,5.5849
6.7e-06,-4.7747
6.72e-06,-17.555
6.74e-06,-30.355
6.76e-06,-35.155
6.78e-06,-35.955
6.8e-06,-37.555
6.82e-06,-36.775
6.84e-06,-36.775
6.86e-06,-36.775
6.88e-06,-35.195
6.9e-06,-14.415
6.92e-06,26.385
6.94e-06,47.185
6.96e-06,50.365
6.98e-06,51.944
7e-06,51.165
7.02e-06,52.744
7.04e-06,52.724
7.06e-06,51.924
7.08e-06,49.544
7.1e-06,4.7445
7.12e-06,-30.456
7.14e-06,-32.835
7.16e-06,-34.415
7.18e-06,-34.415
7.2e-06,-35.215
7.22e-06,-35.195
7.24e-06,-36.775
7.26e-06,-36.775
7.28e-06,-34.375
7.3e-06,24.825
7.32e-06,46.405
7.34e-06,48.805
7.36e-06,50.385
7.38e-06,50.385
7.4e-06,50.385
7.42e-06,50.385
7.44e-06,52.744
7.46e-06,35.944
7.48e-06,-8.896
7.5e-06,-29.676
7.52e-06,-31.276
7.54e-06,-32.076
7.56e-06,-33.656
7.58e-06,-33.656
7.6e-06,-34.435
7.62e-06,-33.635
7.64e-06,-23.995
7.66e-06,5.6051
7.68e-06,15.225
7.7e-06,23.225
7.72e-06,24.845
7.74e-06,24.025
7.76e-06,20.845
7.78e-06,14.445
7.8e-06,7.2455
7.82e-06,1.6253
7.84e-06,0.025263
7.86e-06,2.4051
7.88e-06,6.3849
7.9e-06,9.5849
7.92e-06,10.385
7.94e-06,11.944
7.96e-06,12.724
7.98e-06,11.924
8e-06,8.704
8.02e-06,-0.87575
8.04e-06,-10.476
8.06e-06,-20.896
8.08e-06,-29.656
8.1e-06,-30.456
8.12e-06,-31.256
8.14e-06,-29.635
8.16e-06,-23.215
8.18e-06,-12.815
8.2e-06,-0.79494
8.22e-06,14.405
8.24e-06,26.405
8.26e-06,34.405
8.28e-06,37.605
8.3e-06,35.205
8.32e-06,28.805
8.34e-06,21.585
8.36e-06,11.185
8.38e-06,-2.3949
8.4e-06,-12.815
8.42e-06,-20.856
8.44e-06,-27.256
8.46e-06,-28.056
8.48e-06,-24.856
8.5e-06,-19.256
8.52e-06,-11.256
8.54e-06,-1.6555
8.56e-06,8.7243
8.58e-06,15.924
8.6e-06,19.944
8.62e-06,19.985
8.64e-06,17.585
8.66e-06,13.585
8.68e-06,7.2051
8.7e-06,2.4051
8.72e-06,-4.7949
8.74e-06,-10.375
8.76e-06,-12.795
8.78e-06,-14.375
8.8e-06,-11.195
8.82e-06,-7.1949
8.84e-06,-0.79494
8.86e-06,4.7849
8.88e-06,7.2051
8.9e-06,8.8051
8.92e-06,10.385
8.94e-06,9.5849
8.96e-06,7.9647
8.98e-06,3.9445
9e-06,-2.4353
9.02e-06,-7.2353
9.04e-06,-11.215
9.06e-06,-11.235
9.08e-06,-10.456
9.1e-06,-8.8353
9.12e-06,-5.6353
9.14e-06,-1.6151
9.16e-06,3.1849
9.18e-06,8.0051
9.2e-06,11.985
9.22e-06,12.005
9.24e-06,11.205
9.26e-06,8.0253
9.28e-06,4.8253
9.3e-06,1.6051
9.32e-06,-2.3949
9.34e-06,-7.1949
9.36e-06,-10.395
9.38e-06,-12.775
9.4e-06,-11.975
9.42e-06,-8.0151
9.44e-06,-6.3949
9.46e-06,-2.4151
9.48e-06,2.3849
9.5e-06,4.7849
9.52e-06,7.1849
9.54e-06,9.5647
9.56e-06,7.9849
9.58e-06,6.3849
9.6e-06,3.9647
9.62e-06,1.5849
9.64e-06,-0.015142
9.66e-06,-2.4151
9.68e-06,-4.0151
9.7e-06,-4.0151
9.72e-06,-3.2151
9.74e-06,-1.6151
9.76e-06,1.5849
9.78e-06,2.4051
9.8e-06,4.0051
9.82e-06,6.3849
9.84e-06,7.1849
9.86e-06,6.4253
9.88e-06,8.8051
9.9e-06,9.5849
9.92e-06,7.2253
9.94e-06,6.3849
9.96e-06,4.7849
9.98e-06,3.1849
1e-05,0.78486
1.002e-05,-5.5949
1.004e-05,-13.615
1.006e-05,-23.215
1.008e-05,-30.415
1.01e-05,-32.015
1.012e-05,-32.815
1.014e-05,-33.615
1.016e-05,-33.615
1.018e-05,-32.015
1.02e-05,-21.615
1.022e-05,3.9849
1.024e-05,27.985
1.026e-05,47.185
1.028e-05,50.385
1.03e-05,51.185
1.032e-05,50.385
1.034e-05,49.605
1.036e-05,49.605
1.038e-05,51.985
1.04e-05,33.605
1.042e-05,-14.415
1.044e-05,-32.815
1.046e-05,-33.615
1.048e-05,-34.415
1.05e-05,-35.995
1.052e-05,-35.995
1.054e-05,-35.215
1.056e-05,-34.415
1.058e-05,-35.995
1.06e-05,-18.415
1.062e-05,38.385
1.064e-05,48.005
1.066e-05,50.385
1.068e-05,50.385
1.07e-05,50.385
1.072e-05,51.185
1.074e-05,50.385
1.076e-05,40.785
1.078e-05,6.3849
1.08e-05,-23.215
1.082e-05,-32.815
1.084e-05,-33.615
1.086e-05,-35.195
1.088e-05,-35.995
1.09e-05,-35.215
1.092e-05,-35.215
1.094e-05,-28.815
1.096e-05,-1.6151
1.098e-05,13.585
1.1e-05,23.185
1.102e-05,26.405
1.104e-05,27.185
1.106e-05,24.785
1.108e-05,20.785
1.11e-05,15.185
1.112e-05,7.1849
1.114e-05,1.5849
1.116e-05,-1.6151
1.118e-05,-1.6151
1.12e-05,1.5849
1.122e-05,4.7849
1.124e-05,6.3849
1.126e-05,5.5849
1.128e-05,4.7849
1.13e-05,3.1849
1.132e-05,0.78486
1.134e-05,-4.8151
1.136e-05,-13.595
1.138e-05,-19.215
1.14e-05,-24.815
1.142e-05,-26.415
1.144e-05,-23.195
1.146e-05,-16.815
1.148e-05,-11.215
1.15e-05,-3.2151
1.152e-05,7.1849
1.154e-05,16.785
1.156e-05,24.785
1.158e-05,30.385
1.16e-05,29.585
1.162e-05,25.605
1.164e-05,19.985
1.166e-05,11.985
1.168e-05,4.7849
1.17e-05,-4.0151
1.172e-05,-12.815
1.174e-05,-17.615
1.176e-05,-20.015
1.178e-05,-20.015
1.18e-05,-16.815
1.182e-05,-11.195
1.184e-05,-5.6151
1.186e-05,0.78486
1.188e-05,5.6051
1.19e-05,8.8051
1.192e-05,11.185
1.194e-05,10.385
1.196e-05,8.7849
1.198e-05,3.9849
1.2e-05,0.0050607
1.202e-05,-2.3949
1.204e-05,-3.2151
1.206e-05,-4.0151
1.208e-05,-4.8151
1.21e-05,-3.2151
1.212e-05,-0.015142
1.214e-05,3.2051
1.216e-05,7.9849
1.218e-05,9.5849
1.22e-05,9.5849
1.222e-05,7.9849
1.224e-05,5.5849
1.226e-05,3.1849
1.228e-05,-0.81514
1.23e-05,-4.8151
1.232e-05,-9.5949
1.234e-05,-12.015
1.236e-05,-11.995
1.238e-05,-10.395
1.24e-05,-7.9949
1.242e-05,-3.9949
1.244e-05,0.80506
1.246e-05,4.0051
1.248e-05,8.7849
1.25e-05,9.6051
1.252e-05,11.205
1.254e-05,10.405
1.256e-05,8.8051
1.258e-05,6.3849
1.26e-05,2.4051
1.262e-05,-0.015142
1.264e-05,-3.9949
1.266e-05,-7.9747
1.268e-05,-8.7949
1.27e-05,-7.2151
1.272e-05,-7.1949
1.274e-05,-5.5949
1.276e-05,-1.6151
1.278e-05,0.0050607
1.28e-05,2.4051
1.282e-05,4.0051
1.284e-05,4.0051
1.286e-05,4.8051
1.288e-05,4.0051
1.29e-05,2.4051
1.292e-05,0.80506
1.294e-05,-0.79494
1.296e-05,0.0050607
1.298e-05,0.0050607
1.3e-05,0.80506
1.302e-05,1.5849
1.304e-05,1.6051
1.306e-05,2.4051
1.308e-05,3.2253
1.31e-05,4.7849
1.312e-05,4.7849
1.314e-05,3.1849
1.316e-05,2.3849
1.318e-05,0.80506
1.32e-05,0.80506
1.322e-05,0.0050607
1.324e-05,-0.015142
1.326e-05,-0.79494
1.328e-05,-0.015142
1.33e-05,0.80506
1.332e-05,0.025263
1.334e-05,-1.5747
1.336e-05,-5.5949
1.338e-05,-12.795
1.34e-05,-19.195
1.342e-05,-23.195
1.344e-05,-24.795
1.346e-05,-25.595
1.348e-05,-24.015
1.35e-05,-22.415
1.352e-05,-14.415
1.354e-05,0.80506
1.356e-05,19.205
1.358e-05,36.805
1.36e-05,45.625
1.362e-05,48.005
1.364e-05,49.585
1.366e-05,48.825
1.368e-05,45.605
1.37e-05,31.205
1.372e-05,11.205
1.374e-05,-13.595
1.376e-05,-33.575
1.378e-05,-33.595
1.38e-05,-35.995
1.382e-05,-35.975
1.384e-05,-36.775
1.386e-05,-36.775
1.388e-05,-35.995
1.39e-05,-31.195
1.392e-05,2.4253
1.394e-05,36.005
1.396e-05,47.225
1.398e-05,48.825
1.4e-05,49.605
1.402e-05,50.405
1.404e-05,50.405
1.406e-05,42.425
1.408e-05,19.205
1.41e-05,-3.9747
1.412e-05,-24.015
1.414e-05,-32.815
1.416e-05,-35.175
1.418e-05,-35.195
1.42e-05,-35.995
1.422e-05,-33.595
1.424e-05,-30.415
1.426e-05,-18.375
1.428e-05,2.4051
1.43e-05,13.625
1.432e-05,20.825
1.434e-05,24.025
1.436e-05,24.005
1.438e-05,20.025
1.44e-05,16.025
1.442e-05,12.005
1.444e-05,6.3849
1.446e-05,-1.5747
1.448e-05,-6.3747
1.45e-05,-4.7949
1.452e-05,-3.9747
1.454e-05,-0.79494
1.456e-05,0.80506
1.458e-05,0.80506
1.46e-05,0.0050607
1.462e-05,0.80506
1.464e-05,0.80506
1.466e-05,-1.5949
1.468e-05,-5.5949
1.47e-05,-9.6151
1.472e-05,-12.815
1.474e-05,-14.395
1.476e-05,-11.995
1.478e-05,-7.9949
1.48e-05,-4.7747
1.482e-05,-0.79494
1.484e-05,4.0051
1.486e-05,8.8051
1.488e-05,13.605
1.49e-05,15.225
1.492e-05,15.225
1.494e-05,12.025
1.496e-05,8.8051
1.498e-05,4.8253
1.5e-05,2.4051
1.502e-05,-0.79494
1.504e-05,-6.3747
1.506e-05,-7.9949
1.508e-05,-10.375
1.51e-05,-9.5747
1.512e-05,-7.1747
1.514e-05,-4.7747
1.516e-05,-1.5949
1.518e-05,-1.5747
1.52e-05,0.82526
1.522e-05,1.6253
1.524e-05,2.4051
1.526e-05,0.82526
1.528e-05,-0.77474
1.53e-05,-3.1747
1.532e-05,-3.9747
1.534e-05,-2.3949
1.536e-05,-0.79494
1.538e-05,-0.77474
1.54e-05,0.80506
1.542e-05,2.4051
1.544e-05,4.0253
1.546e-05,5.6253
1.548e-05,8.0051
1.55e-05,7.2253
1.552e-05,4.8253
1.554e-05,4.0051
1.556e-05,0.025263
1.558e-05,-2.3747
1.56e-05,-3.9949
1.562e-05,-5.5949
1.564e-05,-8.7747
1.566e-05,-8.7949
1.568e-05,-9.5747
1.57e-05,-7.1747
1.572e-05,-3.9747
1.574e-05,-0.77474
1.576e-05,2.4051
1.578e-05,3.2253
1.58e-05,4.8253
1.582e-05,6.4253
1.584e-05,7.2051
1.586e-05,6.4051
1.588e-05,4.0253
1.59e-05,1.6253
1.592e-05,0.025263
1.594e-05,0.025263
1.596e-05,-0.79494
1.598e-05,-1.5949
1.6e-05,-1.5949
1.602e-05,-3.1747
1.604e-05,-1.5747
1.606e-05,-0.79494
1.608e-05,-0.77474
1.61e-05,0.0050607
1.612e-05,-0.77474
1.614e-05,-0.79494
1.616e-05,-1.5747
1.618e-05,-2.3747
1.62e-05,-3.1747
1.622e-05,-3.1747
1.624e-05,-3.1747
1.626e-05,-1.5949
1.628e-05,-0.77474
1.63e-05,0.82526
1.632e-05,3.2253
1.634e-05,5.6051
1.636e-05,6.4253
1.638e-05,7.2253
1.64e-05,6.4253
1.642e-05,6.4253
1.644e-05,5.6051
1.646e-05,1.6253
1.648e-05,-0.77474
1.65e-05,-3.1747
1.652e-05,-3.1747
1.654e-05,-3.9949
1.656e-05,-4.7747
1.658e-05,-3.9747
1.66e-05,-3.9747
1.662e-05,-2.3747
1.664e-05,0.025263
1.666e-05,0.82526
1.668e-05,-0.79494
1.67e-05,-7.1747
1.672e-05,-12.775
1.674e-05,-15.975
1.676e-05,-16.795
1.678e-05,-17.595
1.68e-05,-18.375
1.682e-05,-16.775
1.684e-05,-11.975
1.686e-05,-2.3747
1.688e-05,12.025
1.69e-05,28.025
1.692e-05,38.425
1.694e-05,43.225
1.696e-05,44.805
1.698e-05,40.805
1.7e-05,33.625
1.702e-05,24.825
1.704e-05,9.6253
1.706e-05,-9.5747
1.708e-05,-31.175
1.71e-05,-33.595
1.712e-05,-35.975
1.714e-05,-35.995
1.716e-05,-36.775
1.718e-05,-36.775
1.72e-05,-33.575
1.722e-05,-26.375
1.724e-05,7.2253
1.726e-05,28.825
1.728e-05,46.405
1.73e-05,48.005
1.732e-05,48.825
1.734e-05,48.025
1.736e-05,44.825
1.738e-05,30.425
1.74e-05,16.005
1.742e-05,-0.79494
1.744e-05,-19.995
1.746e-05,-32.775
1.748e-05,-34.375
1.75e-05,-35.175
1.752e-05,-35.975
1.754e-05,-33.595
1.756e-05,-28.775
1.758e-05,-12.755
1.76e-05,0.82526
1.762e-05,11.225
1.764e-05,18.425
1.766e-05,21.625
1.768e-05,22.425
1.77e-05,20.025
1.772e-05,17.605
1.774e-05,12.825
1.776e-05,7.2253
1.778e-05,-0.75453
1.78e-05,-4.7747
1.782e-05,-6.3747
1.784e-05,-6.3747
1.786e-05,-4.7747
1.788e-05,-3.9747
1.79e-05,-3.9747
1.792e-05,-3.9747
1.794e-05,-3.1747
1.796e-05,-0.77474
1.798e-05,0.025263
1.8e-05,-0.79494
1.802e-05,-3.9747
1.804e-05,-6.3747
1.806e-05,-7.1747
1.808e-05,-4.7747
1.81e-05,-2.3747
1.812e-05,-0.77474
1.814e-05,0.80506
1.816e-05,1.6253
1.818e-05,3.2253
1.82e-05,5.6455
1.822e-05,8.0253
1.824e-05,8.0253
1.826e-05,8.0253
1.828e-05,4.8253
1.83e-05,3.2253
1.832e-05,3.2253
1.834e-05,1.6253
1.836e-05,0.025263
1.838e-05,-1.5747
1.84e-05,-2.3949
1.842e-05,-3.9747
1.844e-05,-3.1747
1.846e-05,-2.3747
1.848e-05,-2.3747
1.85e-05,-3.1747
1.852e-05,-3.1747
1.854e-05,-3.1747
1.856e-05,-2.3747
1.858e-05,-0.79494
1.86e-05,-1.5747
1.862e-05,-1.5747
1.864e-05,-1.5747
1.866e-05,0.025263
1.868e-05,2.4253
1.87e-05,4.0253
1.872e-05,4.8253
1.874e-05,4.8253
1.876e-05,4.8253
1.878e-05,4.8253
1.88e-05,4.8253
1.882e-05,4.0253
1.884e-05,1.6253
1.886e-05,-0.77474
1.888e-05,-3.1747
1.89e-05,-4.7747
1.892e-05,-4.7747
1.894e-05,-3.9949
1.896e-05,-4.7747
1.898e-05,-4.7747
1.9e-05,-3.9747
1.902e-05,-3.1545
1.904e-05,0.025263
1.906e-05,2.4051
1.908e-05,2.4253
1.91e-05,2.4253
1.912e-05,2.4253
1.914e-05,3.2253
1.916e-05,2.4455
1.918e-05,2.4253
1.92e-05,1.6253
1.922e-05,1.6253
1.924e-05,0.82526
1.926e-05,0.82526
1.928e-05,1.6253
1.93e-05,1.6253
1.932e-05,1.6253
1.934e-05,1.6253
1.936e-05,0.82526
1.938e-05,0.82526
1.94e-05,0.025263
1.942e-05,-1.5747
1.944e-05,-2.3747
1.946e-05,-3.9747
1.948e-05,-3.9747
1.95e-05,-4.7747
1.952e-05,-4.7747
1.954e-05,-3.9747
1.956e-05,-3.1747
1.958e-05,-1.5747
1.96e-05,0.82526
1.962e-05,3.2253
1.964e-05,6.4253
1.966e-05,8.0253
1.968e-05,8.0253
1.97e-05,8.0253
1.972e-05,8.0253
1.974e-05,6.4253
1.976e-05,4.8253
1.978e-05,1.6253
1.98e-05,-1.5747
1.982e-05,-4.7747
1.984e-05,-5.5747
1.986e-05,-6.3747
1.988e-05,-5.5747
1.99e-05,-4.7747
1.992e-05,-3.1747
1.994e-05,-1.5747
1.996e-05,0.84547
1.998e-05,3.2253
2e-05,2.4253
2.002e-05,-2.3545
2.004e-05,-7.9545
2.006e-05,-11.175
2.008e-05,-12.775
2.01e-05,-13.575
2.012e-05,-13.575
2.014e-05,-12.775
2.016e-05,-11.175
2.018e-05,-4.7747
2.02e-05,7.2253
2.022e-05,20.825
2.024e-05,30.425
2.026e-05,36.025
2.028e-05,36.025
2.03e-05,33.625
2.032e-05,28.825
2.034e-05,22.425
2.036e-05,12.025
2.038e-05,-3.9747
2.04e-05,-23.175
2.042e-05,-33.575
2.044e-05,-35.955
2.046e-05,-35.975
2.048e-05,-35.975
2.05e-05,-36.755
2.052e-05,-31.975
2.054e-05,-17.575
2.056e-05,2.4253
2.058e-05,22.425
2.06e-05,38.425
2.062e-05,45.625
2.064e-05,46.425
2.066e-05,44.045
2.068e-05,34.445
2.07e-05,25.625
2.072e-05,14.425
2.074e-05,0.82526
2.076e-05,-15.975
2.078e-05,-27.975
2.08e-05,-32.775
2.082e-05,-34.375
2.084e-05,-34.355
2.086e-05,-31.175
2.088e-05,-20.775
2.09e-05,-12.775
2.092e-05,0.025263
2.094e-05,9.6253
2.096e-05,16.825
2.098e-05,20.825
2.1e-05,21.625
2.102e-05,19.225
2.104e-05,16.045
2.106e-05,12.825
2.108e-05,8.0253
2.11e-05,1.6253
2.112e-05,-4.7747
2.114e-05,-8.7545
2.116e-05,-7.9747
2.118e-05,-7.1747
2.12e-05,-6.3747
2.122e-05,-6.3747
2.124e-05,-6.3545
2.126e-05,-4.7747
2.128e-05,-1.5747
2.13e-05,0.84547
2.132e-05,3.2253
2.134e-05,0.84547
2.136e-05,-0.75453
2.138e-05,-1.5747
2.14e-05,-0.75453
2.142e-05,0.045466
2.144e-05,0.82526
2.146e-05,-0.75453
2.148e-05,-1.5545
2.15e-05,-0.77474
2.152e-05,0.82526
2.154e-05,3.2253
2.156e-05,4.0253
2.158e-05,4.0253
2.16e-05,2.4253
2.162e-05,2.4253
2.164e-05,4.0253
2.166e-05,4.0455
2.168e-05,3.2455
2.17e-05,2.4455
2.172e-05,1.6253
2.174e-05,-0.75453
2.176e-05,-0.77474
2.178e-05,-1.5545
2.18e-05,-1.5747
2.182e-05,-4.7747
2.184e-05,-5.5747
2.186e-05,-5.5545
2.188e-05,-4.7747
2.19e-05,-3.1747
2.192e-05,-2.3545
2.194e-05,-0.77474
2.196e-05,0.045466
2.198e-05,2.4253
2.2e-05,4.8253
2.202e-05,5.6455
2.204e-05,6.4253
2.206e-05,6.4253
2.208e-05,4.0455
2.21e-05,3.2455
2.212e-05,2.4455
2.214e-05,0.84547
2.216e-05,0.045466
2.218e-05,-1.5747
2.22e-05,-2.3747
2.222e-05,-2.3747
2.224e-05,-3.1545
2.226e-05,-2.3545
2.228e-05,-2.3343
2.23e-05,-1.5545
2.232e-05,-0.75453
2.234e-05,0.045466
2.236e-05,0.84547
2.238e-05,1.6253
2.24e-05,0.84547
2.242e-05,-0.75453
2.244e-05,-0.75453
2.246e-05,-2.3545
2.248e-05,-1.5545
2.25e-05,-0.75453
2.252e-05,-0.75453
2.254e-05,0.82526
2.256e-05,0.84547
2.258e-05,2.4253
2.26e-05,4.0253
2.262e-05,4.0455
2.264e-05,4.8455
2.266e-05,4.0455
2.268e-05,4.8253
2.27e-05,3.2253
2.272e-05,1.6253
2.274e-05,0.82526
2.276e-05,-2.3747
2.278e-05,-4.7545
2.28e-05,-6.3545
2.282e-05,-7.1545
2.284e-05,-7.1545
2.286e-05,-6.3545
2.288e-05,-3.9747
2.29e-05,-3.1545
2.292e-05,0.025263
2.294e-05,4.0253
2.296e-05,5.6455
2.298e-05,8.0253
2.3e-05,8.8455
2.302e-05,10.425
2.304e-05,8.0455
2.306e-05,7.2455
2.308e-05,5.6455
2.31e-05,2.4253
2.312e-05,-2.3545
2.314e-05,-5.5545
2.316e-05,-6.3545
2.318e-05,-6.3545
2.32e-05,-5.5747
2.322e-05,-5.5545
2.324e-05,-4.7545
2.326e-05,-1.5747
2.328e-05,0.84547
2.33e-05,4.0253
2.332e-05,4.0455
2.334e-05,0.84547
2.336e-05,-3.9545
2.338e-05,-7.9545
2.34e-05,-9.5545
2.342e-05,-9.5747
2.344e-05,-11.955
2.346e-05,-11.155
2.348e-05,-9.5747
2.35e-05,-7.1545
2.352e-05,2.4455
2.354e-05,14.445
2.356e-05,24.845
2.358e-05,29.645
2.36e-05,30.445
2.362e-05,28.045
2.364e-05,24.045
2.366e-05,19.245
2.368e-05,12.045
2.37e-05,0.025263
2.372e-05,-16.755
2.374e-05,-31.155
2.376e-05,-34.355
2.378e-05,-35.155
2.38e-05,-35.955
2.382e-05,-34.355
2.384e-05,-30.355
2.386e-05,-15.955
2.388e-05,-2.3545
2.39e-05,16.045
2.392e-05,30.445
2.394e-05,40.045
2.396e-05,42.445
2.398e-05,39.225
2.4e-05,31.245
2.402e-05,24.045
2.404e-05,14.445
2.406e-05,3.2455
2.408e-05,-10.355
2.41e-05,-22.375
2.412e-05,-31.155
2.414e-05,-31.975
2.416e-05,-31.955
2.418e-05,-27.155
2.42e-05,-21.555
2.422e-05,-13.555
2.424e-05,-3.9545
2.426e-05,7.2455
2.428e-05,13.645
2.43e-05,18.445
2.432e-05,19.245
2.434e-05,18.445
2.436e-05,16.045
2.438e-05,12.845
2.44e-05,9.6455
2.442e-05,3.2455
2.444e-05,-2.3545
2.446e-05,-7.1545
2.448e-05,-8.7545
2.45e-05,-8.7545
2.452e-05,-8.7545
2.454e-05,-7.9545
2.456e-05,-7.1747
2.458e-05,-5.5545
2.46e-05,-2.3545
2.462e-05,1.6455
2.464e-05,4.0455
2.466e-05,4.0455
2.468e-05,3.2253
2.47e-05,1.6455
2.472e-05,1.6455
2.474e-05,1.6455
2.476e-05,0.84547
2.478e-05,-0.75453
2.48e-05,-2.3545
2.482e-05,-3.1545
2.484e-05,-2.3545
2.486e-05,-0.75453
2.488e-05,0.84547
2.49e-05,2.4455
2.492e-05,2.4455
2.494e-05,3.2253
2.496e-05,4.0455
2.498e-05,5.6455
2.5e-05,5.6455
2.502e-05,4.8455
2.504e-05,2.4455
2.506e-05,0.045466
2.508e-05,-0.75453
2.51e-05,-2.3545
2.512e-05,-3.9545
2.514e-05,-5.5545
2.516e-05,-7.1545
2.518e-05,-7.1545
2.52e-05,-5.5545
2.522e-05,-3.9545
2.524e-05,-2.3545
2.526e-05,-0.75453
2.528e-05,0.84547
2.53e-05,3.2455
2.532e-05,4.8657
2.534e-05,6.4455
2.536e-05,6.4455
2.538e-05,4.8455
2.54e-05,3.2455
2.542e-05,1.6455
2.544e-05,0.065668
2.546e-05,-0.73433
2.548e-05,-1.5545
2.55e-05,-3.1343
2.552e-05,-3.1545
2.554e-05,-3.9343
2.556e-05,-1.5545
2.558e-05,-1.5343
2.56e-05,0.84547
2.562e-05,0.84547
2.564e-05,0.84547
2.566e-05,0.065668
2.568e-05,0.84547
2.57e-05,0.84547
2.572e-05,0.84547
2.574e-05,-0.75453
2.576e-05,-3.1343
2.578e-05,-2.3545
2.58e-05,-2.3545
2.582e-05,-2.3545
2.584e-05,-0.75453
2.586e-05,0.045466
2.588e-05,0.065668
2.59e-05,2.4455
2.592e-05,4.0455
2.594e-05,5.6455
2.596e-05,5.6657
2.598e-05,4.8657
2.6e-05,4.0657
2.602e-05,2.4657
2.604e-05,1.6455
2.606e-05,0.045466
2.608e-05,-2.3545
2.61e-05,-5.5343
2.612e-05,-5.5545
2.614e-05,-7.1545
2.616e-05,-7.1545
2.618e-05,-5.5545
2.62e-05,-4.7545
2.622e-05,-3.1343
2.624e-05,-0.73433
2.626e-05,3.2455
2.628e-05,5.6455
2.63e-05,7.2455
2.632e-05,8.0455
2.634e-05,8.8455
2.636e-05,7.2657
2.638e-05,6.4657
2.64e-05,4.8455
2.642e-05,1.6455
2.644e-05,-1.5343
2.646e-05,-4.7343
2.648e-05,-6.3343
2.65e-05,-6.3343
2.652e-05,-5.5545
2.654e-05,-4.7343
2.656e-05,-3.9343
2.658e-05,-1.5545
2.66e-05,0.86567
2.662e-05,4.0455
2.664e-05,4.0657
2.666e-05,2.4455
2.668e-05,-2.3545
2.67e-05,-6.3545
2.672e-05,-7.9545
2.674e-05,-8.7545
2.676e-05,-10.334
2.678e-05,-10.355
2.68e-05,-9.5545
2.682e-05,-7.1545
2.684e-05,-0.75453
2.686e-05,8.8657
2.688e-05,20.045
2.69e-05,24.845
2.692e-05,25.645
2.694e-05,24.045
2.696e-05,20.866
2.698e-05,16.866
2.7e-05,12.066
2.702e-05,3.2657
2.704e-05,-12.734
2.706e-05,-25.534
2.708e-05,-33.534
2.71e-05,-35.134
2.712e-05,-34.355
2.714e-05,-31.934
2.716e-05,-23.155
2.718e-05,-15.955
2.72e-05,-4.7545
2.722e-05,8.8657
2.724e-05,24.066
2.726e-05,33.645
2.728e-05,36.845
2.73e-05,34.445
2.732e-05,28.066
2.734e-05,23.245
2.736e-05,15.266
2.738e-05,7.2455
2.74e-05,-5.5545
2.742e-05,-17.555
2.744e-05,-26.334
2.746e-05,-28.755
2.748e-05,-27.955
2.75e-05,-26.334
2.752e-05,-19.955
2.754e-05,-15.934
2.756e-05,-7.1343
2.758e-05,3.2657
2.76e-05,10.466
2.762e-05,16.066
2.764e-05,18.466
2.766e-05,18.466
2.768e-05,16.866
2.77e-05,14.445
2.772e-05,11.266
2.774e-05,6.4657
2.776e-05,0.045466
2.778e-05,-6.3343
2.78e-05,-8.7343
2.782e-05,-10.334
2.784e-05,-8.7545
2.786e-05,-9.5343
2.788e-05,-8.7343
2.79e-05,-7.1545
2.792e-05,-3.1545
2.794e-05,0.86567
2.796e-05,4.0657
2.798e-05,4.8657
2.8e-05,5.6455
2.802e-05,3.2657
2.804e-05,2.4455
2.806e-05,2.4657
2.808e-05,1.6657
2.81e-05,0.065668
2.812e-05,-3.1343
2.814e-05,-3.9545
2.816e-05,-3.1545
2.818e-05,-3.1343
2.82e-05,-1.5343
2.822e-05,0.065668
2.824e-05,1.6455
2.826e-05,3.2455
2.828e-05,3.2657
2.83e-05,5.6657
2.832e-05,6.4455
2.834e-05,5.6455
2.836e-05,4.0455
2.838e-05,0.065668
2.84e-05,-1.5343
2.842e-05,-3.1343
2.844e-05,-4.7343
2.846e-05,-6.3343
2.848e-05,-7.9343
2.85e-05,-6.3545
2.852e-05,-5.5343
2.854e-05,-3.1343
2.856e-05,-0.73433
2.858e-05,0.86567
2.86e-05,2.4657
2.862e-05,4.0657
2.864e-05,5.6657
2.866e-05,6.4657
2.868e-05,6.4455
2.87e-05,3.2657
2.872e-05,0.86567
2.874e-05,0.065668
2.876e-05,-1.5545
2.878e-05,-3.1343
2.88e-05,-3.1343
2.882e-05,-4.7343
2.884e-05,-3.9545
2.886e-05,-3.1343
2.888e-05,-1.5343
2.89e-05,0.065668
2.892e-05,1.6657
2.894e-05,4.0455
2.896e-05,3.2657
2.898e-05,3.2657
2.9e-05,2.4657
2.902e-05,2.4657
2.904e-05,0.86567
2.906e-05,-0.73433
2.908e-05,-1.5545
2.91e-05,-3.9343
2.912e-05,-3.9545
2.914e-05,-3.9343
2.916e-05,-3.1343
2.918e-05,-3.1343
2.92e-05,-0.73433
2.922e-05,0.86567
2.924e-05,3.2657
2.926e-05,4.8657
2.928e-05,6.4657
2.93e-05,5.6657
2.932e-05,5.6657
2.934e-05,4.0657
2.936e-05,2.4657
2.938e-05,0.86567
2.94e-05,-0.73433
2.942e-05,-2.3545
2.944e-05,-5.5343
2.946e-05,-6.3343
2.948e-05,-6.3343
2.95e-05,-6.3343
2.952e-05,-4.7343
2.954e-05,-2.3545
2.956e-05,-1.5343
2.958e-05,1.6657
2.96e-05,3.2657
2.962e-05,5.6657
2.964e-05,6.4657
2.966e-05,6.4657
2.968e-05,7.2455
2.97e-05,5.6657
2.972e-05,3.2657
2.974e-05,1.6657
2.976e-05,0.045466
2.978e-05,-2.3545
2.98e-05,-4.7343
2.982e-05,-3.9545
2.984e-05,-4.7343
2.986e-05,-3.1343
2.988e-05,-3.1343
2.99e-05,-1.5343
2.992e-05,0.065668
2.994e-05,3.2657
2.996e-05,4.0455
2.998e-05,1.6657
3e-05,-2.3343
3.002e-05,-6.3343
3.004e-05,-8.7343
3.006e-05,-9.5343
3.008e-05,-9.5343
3.01e-05,-9.5343
3.012e-05,-9.5343
3.014e-05,-7.9343
3.016e-05,-3.1343
3.018e-05,6.4657
3.02e-05,16.066
3.022e-05,21.666
3.024e-05,23.266
3.026e-05,21.666
3.028e-05,19.266
3.03e-05,16.845
3.032e-05,12.066
3.034e-05,5.6657
3.036e-05,-6.3343
3.038e-05,-19.934
3.04e-05,-28.734
3.042e-05,-31.934
3.044e-05,-31.155
3.046e-05,-27.934
3.048e-05,-22.334
3.05e-05,-17.534
3.052e-05,-8.7343
3.054e-05,4.0657
3.056e-05,17.666
3.058e-05,27.266
3.06e-05,31.266
3.062e-05,31.266
3.064e-05,27.266
3.066e-05,22.466
3.068e-05,16.866
3.07e-05,8.8657
3.072e-05,0.045466
3.074e-05,-12.734
3.076e-05,-19.934
3.078e-05,-24.734
3.08e-05,-26.334
3.082e-05,-23.934
3.084e-05,-19.155
3.086e-05,-15.934
3.088e-05,-8.7545
3.09e-05,0.065668
3.092e-05,7.2657
3.094e-05,12.866
3.096e-05,16.066
3.098e-05,16.866
3.1e-05,15.266
3.102e-05,13.666
3.104e-05,11.266
3.106e-05,6.4657
3.108e-05,1.6657
3.11e-05,-4.7343
3.112e-05,-7.1343
3.114e-05,-9.5343
3.116e-05,-9.5343
3.118e-05,-8.7343
3.12e-05,-7.9343
3.122e-05,-7.1343
3.124e-05,-3.1343
3.126e-05,0.065668
3.128e-05,4.0657
3.13e-05,4.8657
3.132e-05,4.8657
3.134e-05,4.8657
3.136e-05,3.2657
3.138e-05,2.4455
3.14e-05,1.6657
3.142e-05,0.065668
3.144e-05,-3.1343
3.146e-05,-5.5343
3.148e-05,-4.7343
3.15e-05,-3.1343
3.152e-05,-1.5343
3.154e-05,0.065668
3.156e-05,1.6657
3.158e-05,1.6657
3.16e-05,4.0657
3.162e-05,5.6657
3.164e-05,6.4657
3.166e-05,5.6657
3.168e-05,4.0657
3.17e-05,0.86567
3.172e-05,-1.5343
3.174e-05,-3.1343
3.176e-05,-3.9343
3.178e-05,-6.3343
3.18e-05,-6.3343
3.182e-05,-6.3343
3.184e-05,-5.5343
3.186e-05,-3.1343
3.188e-05,-0.73433
3.19e-05,3.2657
3.192e-05,3.2657
3.194e-05,4.8657
3.196e-05,5.6657
3.198e-05,6.4657
3.2e-05,4.8657
3.202e-05,3.2657
3.204e-05,1.6657
3.206e-05,-0.73433
3.208e-05,-3.1343
3.21e-05,-3.1343
3.212e-05,-3.9343
3.214e-05,-4.7343
3.216e-05,-4.7343
3.218e-05,-3.1343
3.22e-05,-1.5343
3.222e-05,0.86567
3.224e-05,2.4657
3.226e-05,4.0657
3.228e-05,4.0657
3.23e-05,4.8657
3.232e-05,3.2657
3.234e-05,3.2657
3.236e-05,1.6657
3.238e-05,-0.73433
3.24e-05,-2.3343
3.242e-05,-3.1343
3.244e-05,-3.1343
3.246e-05,-3.9343
3.248e-05,-3.1343
3.25e-05,-2.3343
3.252e-05,-1.5343
3.254e-05,0.065668
3.256e-05,1.6657
3.258e-05,4.8657
3.26e-05,4.8657
3.262e-05,5.6657
3.264e-05,5.6657
3.266e-05,4.8657
3.268e-05,4.0657
3.27e-05,1.6657
3.272e-05,0.065668
3.274e-05,-2.3343
3.276e-05,-3.9343
3.278e-05,-5.5343
3.28e-05,-7.1141
3.282e-05,-5.5343
3.284e-05,-4.7343
3.286e-05,-3.1343
3.288e-05,-2.3343
3.29e-05,0.065668
3.292e-05,2.4657
3.294e-05,4.8657
3.296e-05,6.4657
3.298e-05,6.4657
3.3e-05,6.4657
3.302e-05,6.4657
3.304e-05,4.0657
3.306e-05,3.2657
3.308e-05,0.86567
3.31e-05,-2.3343
3.312e-05,-3.1343
3.314e-05,-3.9343
3.316e-05,-3.1343
3.318e-05,-2.3343
3.32e-05,-2.3343
3.322e-05,-1.5343
3.324e-05,0.065668
3.326e-05,2.4657
3.328e-05,3.2657
3.33e-05,3.2657
3.332e-05,0.065668
3.334e-05,-3.1343
3.336e-05,-6.3343
3.338e-05,-7.9343
3.34e-05,-7.9343
3.342e-05,-7.9343
3.344e-05,-7.9343
3.346e-05,-7.1343
3.348e-05,-3.9343
3.35e-05,3.2657
3.352e-05,12.066
3.354e-05,18.466
3.356e-05,20.866
3.358e-05,20.866
3.36e-05,18.466
3.362e-05,16.066
3.364e-05,12.866
3.366e-05,7.2657
3.368e-05,-1.5343
3.37e-05,-13.534
3.372e-05,-22.334
3.374e-05,-27.934
3.376e-05,-27.934
3.378e-05,-25.534
3.38e-05,-21.534
3.382e-05,-17.534
3.384e-05,-11.134
3.386e-05,-0.73433
3.388e-05,11.266
3.39e-05,21.666
3.392e-05,26.466
3.394e-05,28.066
3.396e-05,26.466
3.398e-05,22.466
3.4e-05,17.666
3.402e-05,12.066
3.404e-05,3.2657
3.406e-05,-7.1343
3.408e-05,-15.934
3.41e-05,-20.734
3.412e-05,-22.334
3.414e-05,-21.534
3.416e-05,-19.134
3.418e-05,-15.934
3.42e-05,-11.134
3.422e-05,-3.1343
3.424e-05,4.8657
3.426e-05,9.6657
3.428e-05,13.666
3.43e-05,15.266
3.432e-05,15.266
3.434e-05,13.666
3.436e-05,11.266
3.438e-05,8.0657
3.44e-05,3.2657
3.442e-05,-2.3343
3.444e-05,-6.3343
3.446e-05,-7.9343
3.448e-05,-7.9343
3.45e-05,-7.9343
3.452e-05,-7.1343
3.454e-05,-6.3343
3.456e-05,-4.7343
3.458e-05,-0.73433
3.46e-05,3.2657
3.462e-05,5.6657
3.464e-05,5.6657
3.466e-05,4.0657
3.468e-05,3.2657
3.47e-05,1.6657
3.472e-05,1.6657
3.474e-05,0.065668
3.476e-05,-2.3343
3.478e-05,-4.7343
3.48e-05,-4.7343
3.482e-05,-3.1343
3.484e-05,-1.5343
3.486e-05,0.065668
3.488e-05,2.4657
3.49e-05,3.2657
3.492e-05,3.2657
3.494e-05,5.6657
3.496e-05,6.4657
3.498e-05,5.6657
3.5e-05,3.2657
3.502e-05,0.86567
3.504e-05,-1.5343
3.506e-05,-3.1343
3.508e-05,-4.7343
3.51e-05,-5.5343
3.512e-05,-6.3343
3.514e-05,-6.3343
3.516e-05,-4.7343
3.518e-05,-2.3343
3.52e-05,0.065668
3.522e-05,3.2657
3.524e-05,4.8657
3.526e-05,5.6657
3.528e-05,5.6657
3.53e-05,6.4657
3.532e-05,5.6657
3.534e-05,4.0859
3.536e-05,1.6657
3.538e-05,-1.5343
3.54e-05,-2.3343
3.542e-05,-4.7343
3.544e-05,-4.7343
3.546e-05,-4.7343
3.548e-05,-4.7343
3.55e-05,-3.1343
3.552e-05,-0.73433
3.554e-05,0.86567
3.556e-05,2.4859
3.558e-05,5.6657
3.56e-05,5.6657
3.562e-05,5.6657
3.564e-05,4.8657
3.566e-05,4.0657
3.568e-05,3.2657
3.57e-05,0.08587
3.572e-05,-1.5343
3.574e-05,-3.1343
3.576e-05,-3.1343
3.578e-05,-3.9343
3.58e-05,-3.1343
3.582e-05,-3.1343
3.584e-05,-2.3343
3.586e-05,-0.73433
3.588e-05,1.6657
3.59e-05,3.2657
3.592e-05,4.8657
3.594e-05,5.6657
3.596e-05,5.6657
3.598e-05,4.8657
3.6e-05,4.8657
3.602e-05,3.2657
3.604e-05,1.6657
3.606e-05,0.065668
3.608e-05,-2.3343
3.61e-05,-3.9343
3.612e-05,-4.7343
3.614e-05,-4.7343
3.616e-05,-3.9343
3.618e-05,-3.1343
3.62e-05,-2.3343
3.622e-05,0.065668
3.624e-05,1.6657
3.626e-05,4.0657
3.628e-05,5.6657
3.63e-05,6.4657
3.632e-05,6.4657
3.634e-05,6.4657
3.636e-05,3.2657
3.638e-05,4.8657
3.64e-05,1.6657
3.642e-05,0.065668
3.644e-05,-2.3343
3.646e-05,-3.1343
3.648e-05,-2.3343
3.65e-05,-1.5343
3.652e-05,-1.5343
3.654e-05,-0.73433
3.656e-05,0.86567
3.658e-05,2.4657
3.66e-05,3.2657
3.662e-05,3.2657
3.664e-05,0.86567
3.666e-05,-3.1343
3.668e-05,-5.5343
3.67e-05,-7.1343
3.672e-05,-7.9343
3.674e-05,-7.1343
3.676e-05,-7.9343
3.678e-05,-7.1343
3.68e-05,-4.7343
3.682e-05,1.6657
3.684e-05,8.8657
3.686e-05,16.066
3.688e-05,18.466
3.69e-05,18.466
3.692e-05,16.866
3.694e-05,15.266
3.696e-05,13.666
3.698e-05,8.8657
3.7e-05,2.4657
3.702e-05,-9.5141
3.704e-05,-18.334
3.706e-05,-23.134
3.708e-05,-24.734
3.71e-05,-23.134
3.712e-05,-21.534
3.714e-05,-17.534
3.716e-05,-12.734
3.718e-05,-4.7343
3.72e-05,6.4657
3.722e-05,16.866
3.724e-05,23.266
3.726e-05,24.866
3.728e-05,24.866
3.73e-05,21.666
3.732e-05,18.466
3.734e-05,14.466
3.736e-05,7.2657
3.738e-05,-0.73433
3.74e-05,-10.334
3.742e-05,-15.934
3.744e-05,-19.134
3.746e-05,-19.134
3.748e-05,-19.134
3.75e-05,-15.934
3.752e-05,-12.734
3.754e-05,-6.3343
3.756e-05,0.065668
3.758e-05,5.6859
3.76e-05,10.486
3.762e-05,12.866
3.764e-05,13.666
3.766e-05,12.886
3.768e-05,12.066
3.77e-05,8.8657
3.772e-05,6.4657
3.774e-05,0.065668
3.776e-05,-4.7343
3.778e-05,-6.3343
3.78e-05,-7.1343
3.782e-05,-7.1343
3.784e-05,-6.3343
3.786e-05,-6.3343
3.788e-05,-5.5343
3.79e-05,-1.5343
3.792e-05,2.4657
3.794e-05,4.8657
3.796e-05,4.8657
3.798e-05,4.8657
3.8e-05,3.2657
3.802e-05,1.6859
3.804e-05,2.4657
3.806e-05,0.86567
3.808e-05,-0.73433
3.81e-05,-3.1343
3.812e-05,-3.9343
3.814e-05,-3.1343
3.816e-05,-1.5343
3.818e-05,0.86567
3.82e-05,2.4859
3.822e-05,3.2657
3.824e-05,4.0657
3.826e-05,5.6657
3.828e-05,6.4657
3.83e-05,6.4657
3.832e-05,4.8657
3.834e-05,1.6657
3.836e-05,0.065668
3.838e-05,-2.3343
3.84e-05,-3.9141
3.842e-05,-4.7141
3.844e-05,-6.3141
3.846e-05,-7.1141
3.848e-05,-5.5141
3.85e-05,-3.1141
3.852e-05,-1.5141
3.854e-05,3.2657
3.856e-05,4.8657
3.858e-05,5.6657
3.86e-05,5.6657
3.862e-05,6.4657
3.864e-05,5.6859
3.866e-05,4.8657
3.868e-05,3.2657
3.87e-05,0.86567
3.872e-05,-1.5343
3.874e-05,-3.1343
3.876e-05,-3.1343
3.878e-05,-3.9141
3.88e-05,-3.1343
3.882e-05,-3.1343
3.884e-05,-1.5343
3.886e-05,0.86567
3.888e-05,2.4657
3.89e-05,3.2657
3.892e-05,4.8657
3.894e-05,4.8657
3.896e-05,4.8657
3.898e-05,4.0657
3.9e-05,3.2657
3.902e-05,1.6657
3.904e-05,0.065668
3.906e-05,-1.5343
3.908e-05,-2.3343
3.91e-05,-2.3343
3.912e-05,-3.1343
3.914e-05,-2.3343
3.916e-05,-2.3343
3.918e-05,-0.73433
3.92e-05,0.86567
3.922e-05,2.4657
3.924e-05,4.0657
3.926e-05,4.8859
3.928e-05,4.8657
3.93e-05,4.0657
3.932e-05,4.0657
3.934e-05,2.4657
3.936e-05,1.6657
3.938e-05,-0.71413
3.94e-05,-1.5343
3.942e-05,-3.1343
3.944e-05,-3.1343
3.946e-05,-3.9343
3.948e-05,-3.9141
3.95e-05,-3.9141
3.952e-05,-2.3343
3.954e-05,-0.73433
3.956e-05,0.065668
3.958e-05,2.4657
3.96e-05,3.2657
3.962e-05,4.0859
3.964e-05,4.8859
3.966e-05,4.8859
3.968e-05,4.0657
3.97e-05,2.4859
3.972e-05,1.6657
3.974e-05,-0.71413
3.976e-05,-1.5141
3.978e-05,-1.5343
3.98e-05,-1.5343
3.982e-05,-1.5141
3.984e-05,-1.5141
3.986e-05,0.065668
3.988e-05,0.86567
3.99e-05,2.4657
3.992e-05,1.6859
3.994e-05,2.4859
3.996e-05,1.6657
3.998e-05,-1.5343
4e-05,-4.7343
4.002e-05,-7.9141
4.004e-05,-7.9141
4.006e-05,-7.9141
4.008e-05,-7.1343
4.01e-05,-7.9141
4.012e-05,-7.1141
4.014e-05,-0.73433
4.016e-05,5.6859
4.018e-05,12.086
4.02e-05,15.286
4.022e-05,16.866
4.024e-05,16.886
4.026e-05,16.066
4.028e-05,13.666
4.03e-05,11.266
4.032e-05,5.6859
4.034e-05,-3.9141
4.036e-05,-12.734
4.038e-05,-19.914
4.04e-05,-21.534
4.042e-05,-20.734
4.044e-05,-19.934
4.046e-05,-17.534
4.048e-05,-15.114
4.05e-05,-8.7141
4.052e-05,0.88587
4.054e-05,11.266
4.056e-05,19.266
4.058e-05,21.666
4.06e-05,22.486
4.062e-05,20.886
4.064e-05,19.286
4.066e-05,17.666
4.068e-05,11.266
4.07e-05,4.0859
4.072e-05,-4.7343
4.074e-05,-13.514
4.076e-05,-16.714
4.078e-05,-17.514
4.08e-05,-18.314
4.082e-05,-16.714
4.084e-05,-13.534
4.086e-05,-10.314
4.088e-05,-3.9141
4.09e-05,3.2859
4.092e-05,7.2657
4.094e-05,10.466
4.096e-05,11.286
4.098e-05,11.286
4.1e-05,11.266
4.102e-05,8.8859
4.104e-05,6.4859
4.106e-05,2.4657
4.108e-05,-3.1141
4.11e-05,-3.9141
4.112e-05,-6.3141
4.114e-05,-7.1141
4.116e-05,-6.3141
4.118e-05,-6.3141
4.12e-05,-3.9141
4.122e-05,-1.5343
4.124e-05,1.6859
4.126e-05,4.8657
4.128e-05,5.6657
4.13e-05,4.8657
4.132e-05,2.4859
4.134e-05,0.88587
4.136e-05,0.88587
4.138e-05,0.08587
4.14e-05,-0.73433
4.142e-05,-3.9141
4.144e-05,-3.9343
4.146e-05,-3.1343
4.148e-05,-1.5343
4.15e-05,-0.71413
4.152e-05,1.6859
4.154e-05,3.2859
4.156e-05,4.0859
4.158e-05,5.6859
4.16e-05,5.6859
4.162e-05,6.4657
4.164e-05,4.0859
4.166e-05,3.2657
4.168e-05,-0.71413
4.17e-05,-2.3141
4.172e-05,-3.9141
4.174e-05,-5.5141
4.176e-05,-6.3141
4.178e-05,-7.1141
4.18e-05,-6.3141
4.182e-05,-3.1343
4.184e-05,-1.5141
4.186e-05,1.6657
4.188e-05,4.0657
4.19e-05,4.8657
4.192e-05,5.6859
4.194e-05,6.4657
4.196e-05,5.6859
4.198e-05,4.8859
4.2e-05,2.4859
4.202e-05,0.88587
4.204e-05,0.065668
4.206e-05,-2.3141
4.208e-05,-3.1141
4.21e-05,-3.1141
4.212e-05,-3.9141
4.214e-05,-3.1343
4.216e-05,-2.3141
4.218e-05,-0.71413
4.22e-05,0.88587
4.222e-05,3.2859
4.224e-05,4.0859
4.226e-05,4.8657
4.228e-05,4.0859
4.23e-05,4.0859
4.232e-05,4.0657
4.234e-05,3.2657
4.236e-05,-0.71413
4.238e-05,-1.5141
4.24e-05,-3.1141
4.242e-05,-3.1141
4.244e-05,-3.9141
4.246e-05,-3.1343
4.248e-05,-3.9141
4.25e-05,-2.3343
4.252e-05,-1.5141
4.254e-05,0.08587
4.256e-05,3.2657
4.258e-05,4.8657
4.26e-05,5.6657
4.262e-05,4.0859
4.264e-05,4.0859
4.266e-05,4.0859
4.268e-05,2.4859
4.27e-05,0.88587
4.272e-05,-0.71413
4.274e-05,-1.5141
4.276e-05,-3.1141
4.278e-05,-3.9141
4.28e-05,-3.9141
4.282e-05,-3.1141
4.284e-05,-3.9141
4.286e-05,-1.5343
4.288e-05,-0.71413
4.29e-05,0.10607
4.292e-05,2.4859
4.294e-05,4.0859
4.296e-05,4.8859
4.298e-05,4.0859
4.3e-05,4.0859
4.302e-05,2.4859
4.304e-05,1.6859
4.306e-05,0.88587
4.308e-05,-0.71413
4.31e-05,-0.73433
4.312e-05,-2.3141
4.314e-05,-1.5141
4.316e-05,-0.71413
4.318e-05,-0.71413
4.32e-05,0.065668
4.322e-05,2.4859
4.324e-05,2.4859
4.326e-05,2.4859
4.328e-05,2.4859
4.33e-05,0.08587
4.332e-05,-3.1141
4.334e-05,-4.7343
4.336e-05,-5.5141
4.338e-05,-6.3141
4.34e-05,-7.1141
4.342e-05,-6.3141
4.344e-05,-5.5141
4.346e-05,-3.9141
4.348e-05,2.4859
4.35e-05,8.8859
4.352e-05,13.686
4.354e-05,15.286
4.356e-05,15.286
4.358e-05,14.486
4.36e-05,12.106
4.362e-05,11.286
4.364e-05,6.4859
4.366e-05,0.08587
4.368e-05,-8.7343
4.37e-05,-15.114
4.372e-05,-18.334
4.374e-05,-19.134
4.376e-05,-19.914
4.378e-05,-17.514
4.38e-05,-15.914
4.382e-05,-10.314
4.384e-05,-3.0939
4.386e-05,6.4859
4.388e-05,15.286
4.39e-05,19.286
4.392e-05,20.106
4.394e-05,20.886
4.396e-05,19.286
4.398e-05,16.886
4.4e-05,12.886
4.402e-05,5.6859
4.404e-05,-1.5343
4.406e-05,-11.114
4.408e-05,-15.114
4.41e-05,-16.714
4.412e-05,-17.514
4.414e-05,-16.734
4.416e-05,-15.914
4.418e-05,-11.914
4.42e-05,-6.3141
4.422e-05,0.88587
4.424e-05,5.6859
4.426e-05,8.8859
4.428e-05,10.486
4.43e-05,11.286
4.432e-05,11.286
4.434e-05,11.286
4.436e-05,8.8657
4.438e-05,4.8859
4.44e-05,-0.71413
4.442e-05,-3.9141
4.444e-05,-4.7141
4.446e-05,-4.7141
4.448e-05,-5.5141
4.45e-05,-4.7141
4.452e-05,-4.7141
4.454e-05,-2.3343
4.456e-05,-0.71413
4.458e-05,2.4859
4.46e-05,3.2859
4.462e-05,1.7061
4.464e-05,2.4859
4.466e-05,0.88587
4.468e-05,0.08587
4.47e-05,0.08587
4.472e-05,-0.71413
4.474e-05,-2.3141
4.476e-05,-3.9141
4.478e-05,-3.1141
4.48e-05,-1.5141
4.482e-05,0.08587
4.484e-05,2.4859
4.486e-05,2.5061
4.488e-05,4.0859
4.49e-05,4.0859
4.492e-05,5.6859
4.494e-05,6.4657
4.496e-05,5.6859
4.498e-05,3.2859
4.5e-05,0.88587
4.502e-05,-0.71413
4.504e-05,-2.3141
4.506e-05,-3.1141
4.508e-05,-3.9141
4.51e-05,-5.5141
4.512e-05,-4.7141
4.514e-05,-3.9141
4.516e-05,-2.3141
4.518e-05,0.08587
4.52e-05,0.90607
4.522e-05,2.4859
4.524e-05,4.0859
4.526e-05,3.3061
4.528e-05,4.8859
4.53e-05,4.8859
4.532e-05,4.0859
4.534e-05,3.2657
4.536e-05,0.88587
4.538e-05,-0.71413
4.54e-05,-0.71413
4.542e-05,-1.5141
4.544e-05,-1.5141
4.546e-05,-2.3141
4.548e-05,-2.3141
4.55e-05,-0.71413
4.552e-05,0.88587
4.554e-05,1.6859
4.556e-05,2.4859
4.558e-05,2.4859
4.56e-05,2.4859
4.562e-05,1.6859
4.564e-05,1.6859
4.566e-05,0.88587
4.568e-05,-0.71413
4.57e-05,-0.71413
4.572e-05,-3.0939
4.574e-05,-3.1141
4.576e-05,-3.0939
4.578e-05,-2.3141
4.58e-05,-2.3141
4.582e-05,-1.5141
4.584e-05,-0.71413
4.586e-05,1.6859
4.588e-05,3.2859
4.59e-05,4.0859
4.592e-05,4.0859
4.594e-05,3.3061
4.596e-05,4.0859
4.598e-05,3.2859
4.6e-05,2.4859
4.602e-05,-0.69393
4.604e-05,-0.71413
4.606e-05,-1.5141
4.608e-05,-3.8939
4.61e-05,-3.9141
4.612e-05,-3.9141
4.614e-05,-3.8939
4.616e-05,-3.8939
4.618e-05,-2.3141
4.62e-05,-0.71413
4.622e-05,1.7061
4.624e-05,3.2859
4.626e-05,4.8859
4.628e-05,4.8859
4.63e-05,4.8859
4.632e-05,4.0859
4.634e-05,4.0859
4.636e-05,2.4859
4.638e-05,0.88587
4.64e-05,-0.71413
4.642e-05,-1.5141
4.644e-05,-3.0939
4.646e-05,-2.3141
4.648e-05,-2.3141
4.65e-05,-1.5141
4.652e-05,-0.71413
4.654e-05,0.88587
4.656e-05,2.4859
4.658e-05,2.4859
4.66e-05,3.2859
4.662e-05,0.88587
4.664e-05,-1.5141
4.666e-05,-3.9141
4.668e-05,-4.7141
4.67e-05,-4.7141
4.672e-05,-5.5141
4.674e-05,-5.5141
4.676e-05,-5.5141
4.678e-05,-3.1343
4.68e-05,0.08587
4.682e-05,5.6859
4.684e-05,10.506
4.686e-05,12.886
4.688e-05,12.886
4.69e-05,12.886
4.692e-05,12.086
4.694e-05,9.7061
4.696e-05,7.3061
4.698e-05,2.4859
4.7e-05,-5.5141
4.702e-05,-13.514
4.704e-05,-16.714
4.706e-05,-17.534
4.708e-05,-17.494
4.71e-05,-16.714
4.712e-05,-15.894
4.714e-05,-11.894
4.716e-05,-4.7141
4.718e-05,3.3061
4.72e-05,11.286
4.722e-05,17.686
4.724e-05,19.286
4.726e-05,20.086
4.728e-05,18.486
4.73e-05,16.886
4.732e-05,13.686
4.734e-05,8.0859
4.736e-05,0.88587
4.738e-05,-7.1141
4.74e-05,-11.914
4.742e-05,-15.114
4.744e-05,-16.714
4.746e-05,-16.714
4.748e-05,-16.714
4.75e-05,-13.514
4.752e-05,-8.7141
4.754e-05,-2.3141
4.756e-05,4.0859
4.758e-05,7.2859
4.76e-05,8.9061
4.762e-05,11.286
4.764e-05,12.086
4.766e-05,10.506
4.768e-05,10.486
4.77e-05,5.7061
4.772e-05,3.2859
4.774e-05,-0.69393
4.776e-05,-2.3141
4.778e-05,-3.9141
4.78e-05,-4.7141
4.782e-05,-5.4939
4.784e-05,-6.2939
4.786e-05,-5.4939
4.788e-05,-3.8939
4.79e-05,-0.69393
4.792e-05,0.90607
4.794e-05,1.6859
4.796e-05,0.90607
4.798e-05,0.10607
4.8e-05,0.08587
4.802e-05,0.08587
4.804e-05,0.08587
4.806e-05,-2.2939
4.808e-05,-3.1141
4.81e-05,-3.1141
4.812e-05,-2.2939
4.814e-05,0.08587
4.816e-05,0.90607
4.818e-05,3.2859
4.82e-05,4.0859
4.822e-05,4.9061
4.824e-05,4.9061
4.826e-05,6.4859
4.828e-05,4.9061
4.83e-05,4.8859
4.832e-05,2.4859
4.834e-05,0.88587
4.836e-05,-1.5141
4.838e-05,-3.0939
4.84e-05,-3.9141
4.842e-05,-4.7141
4.844e-05,-7.0939
4.846e-05,-5.5141
4.848e-05,-3.9141
4.85e-05,-3.0939
4.852e-05,-0.69393
4.854e-05,1.7061
4.856e-05,1.7061
4.858e-05,3.3061
4.86e-05,4.9061
4.862e-05,4.9061
4.864e-05,5.6859
4.866e-05,4.0859
4.868e-05,2.4859
4.87e-05,2.4859
4.872e-05,-0.69393
4.874e-05,-0.71413
4.876e-05,-2.2939
4.878e-05,-3.0939
4.88e-05,-3.0939
4.882e-05,-2.3141
4.884e-05,-1.4939
4.886e-05,-0.71413
4.888e-05,0.10607
4.89e-05,0.90607
4.892e-05,2.4859
4.894e-05,2.4859
4.896e-05,2.4859
4.898e-05,1.7061
4.9e-05,0.10607
4.902e-05,0.08587
4.904e-05,-1.4939
4.906e-05,-1.5141
4.908e-05,-2.3141
4.91e-05,-1.5141
4.912e-05,-2.3141
4.914e-05,-1.5141
4.916e-05,-1.4939
4.918e-05,-0.71413
4.92e-05,0.10607
4.922e-05,1.7061
4.924e-05,1.7061
4.926e-05,3.3061
4.928e-05,1.7061
4.93e-05,3.2859
4.932e-05,1.7061
4.934e-05,2.4859
4.936e-05,0.08587
4.938e-05,-2.2939
4.94e-05,-3.0939
4.942e-05,-3.8939
4.944e-05,-3.1141
4.946e-05,-3.8939
4.948e-05,-3.0939
4.95e-05,-1.5141
4.952e-05,-1.4939
4.954e-05,0.10607
4.956e-05,2.4859
4.958e-05,4.0859
4.96e-05,4.1061
4.962e-05,4.1061
4.964e-05,3.3061
4.966e-05,3.2859
4.968e-05,1.7061
4.97e-05,0.88587
4.972e-05,-0.71413
4.974e-05,-1.5141
4.976e-05,-3.0939
4.978e-05,-3.0939
4.98e-05,-2.2939
4.982e-05,-1.5141
4.984e-05,-1.4939
4.986e-05,-0.69393
4.988e-05,1.7061
4.99e-05,3.2859
4.992e-05,4.0859
4.994e-05,1.7061
4.996e-05,0.88587
4.998e-05,-2.3141
5e-05,-3.8939
5.002e-05,-4.6939
5.004e-05,-4.6939
5.006e-05,-5.4939
5.008e-05,-5.5141
5.01e-05,-5.4939
5.012e-05,-2.3141
5.014e-05,4.0859
5.016e-05,7.3061
5.018e-05,9.7061
5.02e-05,10.506
5.022e-05,9.7061
5.024e-05,11.286
5.026e-05,8.9061
5.028e-05,7.3061
5.03e-05,4.1061
5.032e-05,-3.0939
5.034e-05,-10.294
5.036e-05,-15.094
5.038e-05,-15.894
5.04e-05,-16.694
5.042e-05,-15.094
5.044e-05,-14.294
5.046e-05,-11.894
5.048e-05,-7.0939
5.05e-05,2.4859
5.052e-05,9.6859
5.054e-05,14.506
5.056e-05,18.486
5.058e-05,17.706
5.06e-05,18.486
5.062e-05,16.886
5.064e-05,13.706
5.066e-05,8.9061
5.068e-05,2.4859
5.07e-05,-5.5141
5.072e-05,-11.094
5.074e-05,-15.094
5.076e-05,-16.694
5.078e-05,-16.714
5.08e-05,-16.694
5.082e-05,-14.294
5.084e-05,-11.094
5.086e-05,-3.1141
5.088e-05,1.7061
5.09e-05,6.4859
5.092e-05,8.9061
5.094e-05,10.506
5.096e-05,12.086
5.098e-05,11.306
5.1e-05,11.286
5.102e-05,7.3061
5.104e-05,4.0859
5.106e-05,-0.69393
5.108e-05,-3.0939
5.11e-05,-4.6939
5.112e-05,-6.2939
5.114e-05,-6.3141
5.116e-05,-7.0939
5.118e-05,-7.0939
5.12e-05,-6.2939
5.122e-05,-0.71413
5.124e-05,0.90607
5.126e-05,0.90607
5.128e-05,1.7061
5.13e-05,1.6859
5.132e-05,2.4859
5.134e-05,1.7061
5.136e-05,0.10607
5.138e-05,0.88587
5.14e-05,-2.2939
5.142e-05,-2.2939
5.144e-05,-1.4939
5.146e-05,-0.69393
5.148e-05,0.90607
5.15e-05,2.5061
5.152e-05,4.8859
5.154e-05,5.6859
5.156e-05,5.6859
5.158e-05,5.6859
5.16e-05,4.9061
5.162e-05,4.9061
5.164e-05,2.4859
5.166e-05,0.88587
5.168e-05,-1.4939
5.17e-05,-3.0939
5.172e-05,-4.6939
5.174e-05,-6.2939
5.176e-05,-7.0939
5.178e-05,-6.3141
5.18e-05,-4.6939
5.182e-05,-2.3141
5.184e-05,-0.71413
5.186e-05,2.4859
5.188e-05,2.5061
5.19e-05,4.1061
5.192e-05,4.9061
5.194e-05,6.4859
5.196e-05,5.7061
5.198e-05,4.8859
5.2e-05,3.3061
5.202e-05,2.4859
5.204e-05,0.08587
5.206e-05,-0.71413
5.208e-05,-3.0939
5.21e-05,-3.0939
5.212e-05,-3.8939
5.214e-05,-3.0939
5.216e-05,-2.3141
5.218e-05,-2.2939
5.22e-05,-0.69393
5.222e-05,0.10607
5.224e-05,1.7061
5.226e-05,0.90607
5.228e-05,1.7061
5.23e-05,2.4859
5.232e-05,2.4859
5.234e-05,0.10607
5.236e-05,-1.4939
5.238e-05,-1.4939
5.24e-05,-1.5141
5.242e-05,-2.2939
5.244e-05,-0.71413
5.246e-05,-1.4939
5.248e-05,-1.4939
5.25e-05,0.10607
5.252e-05,2.4859
5.254e-05,3.2859
5.256e-05,3.3061
5.258e-05,4.0859
5.26e-05,3.3061
5.262e-05,2.5061
5.264e-05,1.7061
5.266e-05,0.90607
5.268e-05,-0.69393
5.27e-05,-2.2939
5.272e-05,-3.0939
5.274e-05,-3.9141
5.276e-05,-4.6939
5.278e-05,-3.1141
5.28e-05,-3.0939
5.282e-05,-1.5141
5.284e-05,-0.69393
5.286e-05,0.90607
5.288e-05,2.5061
5.29e-05,4.1061
5.292e-05,5.6859
5.294e-05,4.9061
5.296e-05,4.1061
5.298e-05,3.3061
5.3e-05,2.4859
5.302e-05,0.90607
5.304e-05,-1.4939
5.306e-05,-2.3141
5.308e-05,-3.0939
5.31e-05,-3.0939
5.312e-05,-3.0939
5.314e-05,-1.5141
5.316e-05,-0.71413
5.318e-05,0.10607
5.32e-05,1.7061
5.322e-05,3.3061
5.324e-05,4.1061
5.326e-05,4.1061
5.328e-05,1.7061
5.33e-05,0.10607
5.332e-05,-2.2939
5.334e-05,-3.0939
5.336e-05,-4.6939
5.338e-05,-5.4939
5.34e-05,-6.2939
5.342e-05,-7.0939
5.344e-05,-4.6939
5.346e-05,-0.69393
5.348e-05,5.6859
5.35e-05,7.3061
5.352e-05,8.1061
5.354e-05,8.9061
5.356e-05,8.9061
5.358e-05,9.6859
5.36e-05,8.0859
5.362e-05,4.9061
5.364e-05,0.10607
5.366e-05,-7.0939
5.368e-05,-10.314
5.37e-05,-12.714
5.372e-05,-14.294
5.374e-05,-12.714
5.376e-05,-12.694
5.378e-05,-10.314
5.38e-05,-7.8939
5.382e-05,-0.69393
5.384e-05,5.7061
5.386e-05,12.106
5.388e-05,15.306
5.39e-05,16.106
5.392e-05,15.306
5.394e-05,13.706
5.396e-05,12.886
5.398e-05,8.8859
5.4e-05,2.5061
5.402e-05,-3.8939
5.404e-05,-10.294
5.406e-05,-13.494
5.408e-05,-15.894
5.41e-05,-16.694
5.412e-05,-15.894
5.414e-05,-14.294
5.416e-05,-11.094
5.418e-05,-3.9141
5.42e-05,1.6859
5.422e-05,5.7061
5.424e-05,8.1061
5.426e-05,10.506
5.428e-05,12.106
5.43e-05,11.306
5.432e-05,10.506
5.434e-05,8.1061
5.436e-05,4.1061
5.438e-05,-0.69393
5.44e-05,-2.3141
5.442e-05,-5.4939
5.444e-05,-7.0939
5.446e-05,-7.8939
5.448e-05,-7.8939
5.45e-05,-7.8939
5.452e-05,-6.2939
5.454e-05,-3.0939
5.456e-05,0.10607
5.458e-05,1.7061
5.46e-05,3.3061
5.462e-05,3.3061
5.464e-05,3.3061
5.466e-05,3.3061
5.468e-05,4.0859
5.47e-05,1.7061
5.472e-05,0.10607
5.474e-05,-1.4939
5.476e-05,-0.69393
5.478e-05,-0.69393
5.48e-05,0.10607
5.482e-05,1.7061
5.484e-05,3.3061
5.486e-05,4.0859
5.488e-05,4.1061
5.49e-05,4.9061
5.492e-05,4.9061
5.494e-05,4.9061
5.496e-05,2.5061
5.498e-05,0.90607
5.5e-05,-1.4939
5.502e-05,-3.0939
5.504e-05,-4.6939
5.506e-05,-5.4939
5.508e-05,-7.0939
5.51e-05,-7.0939
5.512e-05,-6.2939
5.514e-05,-3.1141
5.516e-05,-0.71413
5.518e-05,0.10607
5.52e-05,2.5061
5.522e-05,3.3061
5.524e-05,4.9061
5.526e-05,4.9061
5.528e-05,5.7061
5.53e-05,4.9061
5.532e-05,4.9061
5.534e-05,3.3061
5.536e-05,1.7061
5.538e-05,0.90607
5.54e-05,-1.4939
5.542e-05,-2.3141
5.544e-05,-3.8939
5.546e-05,-3.8939
5.548e-05,-3.8939
5.55e-05,-2.3141
5.552e-05,-2.2939
5.554e-05,-1.4939
5.556e-05,0.10607
5.558e-05,0.90607
5.56e-05,0.90607
5.562e-05,1.7061
5.564e-05,1.7061
5.566e-05,1.6859
5.568e-05,0.90607
5.57e-05,0.10607
5.572e-05,-0.69393
5.574e-05,-0.69393
5.576e-05,0.08587
5.578e-05,-0.69393
5.58e-05,-0.69393
5.582e-05,0.10607
5.584e-05,0.90607
5.586e-05,1.7061
5.588e-05,1.7061
5.59e-05,2.5061
5.592e-05,1.7061
5.594e-05,1.7061
5.596e-05,0.90607
5.598e-05,0.10607
5.6e-05,-1.4939
5.602e-05,-2.2939
5.604e-05,-2.2939
5.606e-05,-2.3141
5.608e-05,-3.0939
5.61e-05,-2.2939
5.612e-05,-2.2939
5.614e-05,-1.4939
5.616e-05,0.10607
5.618e-05,1.7061
5.62e-05,2.5061
5.622e-05,3.3061
5.624e-05,4.1061
5.626e-05,4.1061
5.628e-05,3.3061
5.63e-05,2.5061
5.632e-05,1.7061
5.634e-05,0.10607
5.636e-05,-1.4939
5.638e-05,-2.2939
5.64e-05,-3.0939
5.642e-05,-2.2939
5.644e-05,-2.2939
5.646e-05,-1.4939
5.648e-05,-0.69393
5.65e-05,0.90607
5.652e-05,1.7061
5.654e-05,3.3061
5.656e-05,4.1061
5.658e-05,4.1061
5.66e-05,2.5061
5.662e-05,-0.69393
5.664e-05,-1.5141
5.666e-05,-3.0939
5.668e-05,-3.8939
5.67e-05,-4.6939
5.672e-05,-6.2939
5.674e-05,-6.2939
5.676e-05,-5.4939
5.678e-05,-2.2939
5.68e-05,1.7061
5.682e-05,4.9061
5.684e-05,6.5061
5.686e-05,8.0859
5.688e-05,7.3061
5.69e-05,8.1061
5.692e-05,6.5263
5.694e-05,6.5061
5.696e-05,4.0859
5.698e-05,-2.2939
5.7e-05,-7.8939
5.702e-05,-9.5141
5.704e-05,-11.094
5.706e-05,-11.094
5.708e-05,-11.094
5.71e-05,-11.094
5.712e-05,-8.6939
5.714e-05,-3.8939
5.716e-05,3.3061
5.718e-05,8.8859
5.72e-05,11.306
5.722e-05,13.706
5.724e-05,12.906
5.726e-05,12.906
5.728e-05,12.106
5.73e-05,8.8859
5.732e-05,4.1061
5.734e-05,-2.2939
5.736e-05,-7.8939
5.738e-05,-11.894
5.74e-05,-14.294
5.742e-05,-14.294
5.744e-05,-14.294
5.746e-05,-13.494
5.748e-05,-11.094
5.75e-05,-5.4939
5.752e-05,0.90607
5.754e-05,5.7061
5.756e-05,8.1061
5.758e-05,12.086
5.76e-05,12.106
5.762e-05,12.106
5.764e-05,11.306
5.766e-05,8.9061
5.768e-05,4.9061
5.77e-05,0.10607
5.772e-05,-3.8939
5.774e-05,-6.2939
5.776e-05,-7.8939
5.778e-05,-8.6939
5.78e-05,-8.6939
5.782e-05,-7.9141
5.784e-05,-6.2939
5.786e-05,-3.0939
5.788e-05,0.10607
5.79e-05,3.3061
5.792e-05,4.9061
5.794e-05,4.9061
5.796e-05,4.9061
5.798e-05,4.1263
5.8e-05,4.9061
5.802e-05,4.1061
5.804e-05,1.7061
5.806e-05,0.90607
5.808e-05,-1.4939
5.81e-05,-0.69393
5.812e-05,-0.69393
5.814e-05,0.10607
5.816e-05,1.7061
5.818e-05,1.7061
5.82e-05,2.5061
5.822e-05,3.3061
5.824e-05,4.1061
5.826e-05,4.1061
5.828e-05,0.92628
5.83e-05,0.10607
5.832e-05,-2.2737
5.834e-05,-3.0939
5.836e-05,-4.6939
5.838e-05,-5.4939
5.84e-05,-6.2939
5.842e-05,-7.1141
5.844e-05,-5.4939
5.846e-05,-3.8939
5.848e-05,-1.4939
5.85e-05,0.90607
5.852e-05,3.3061
5.854e-05,4.9061
5.856e-05,5.7061
5.858e-05,6.5061
5.86e-05,7.3061
5.862e-05,6.5061
5.864e-05,4.9061
5.866e-05,3.3061
5.868e-05,2.4859
5.87e-05,0.10607
5.872e-05,-2.2939
5.874e-05,-3.8939
5.876e-05,-4.6939
5.878e-05,-6.2939
5.88e-05,-5.4939
5.882e-05,-4.6939
5.884e-05,-3.0939
5.886e-05,-1.4939
5.888e-05,-0.69393
5.89e-05,2.4859
5.892e-05,1.7061
5.894e-05,4.0859
5.896e-05,3.3061
5.898e-05,3.3061
5.9e-05,3.3061
5.902e-05,1.7061
5.904e-05,0.92628
5.906e-05,0.90607
5.908e-05,0.10607
5.91e-05,0.10607
5.912e-05,-1.4939
5.914e-05,-0.71413
5.916e-05,-0.69393
5.918e-05,-0.69393
5.92e-05,0.10607
5.922e-05,0.10607
5.924e-05,0.88587
5.926e-05,0.90607
5.928e-05,0.90607
5.93e-05,0.10607
5.932e-05,0.10607
5.934e-05,0.10607
5.936e-05,-0.69393
5.938e-05,-1.4939
5.94e-05,-1.4939
5.942e-05,-1.4939
5.944e-05,-0.69393
5.946e-05,-0.69393
5.948e-05,0.10607
5.95e-05,0.90607
5.952e-05,1.7061
5.954e-05,2.5061
5.956e-05,3.3061
5.958e-05,2.5061
5.96e-05,2.5061
5.962e-05,1.7061
5.964e-05,0.90607
5.966e-05,0.10607
5.968e-05,-0.69393
5.97e-05,-1.4939
5.972e-05,-1.4939
5.974e-05,-1.4939
5.976e-05,-1.4939
5.978e-05,-0.69393
5.98e-05,0.10607
5.982e-05,1.7061
5.984e-05,1.7061
5.986e-05,3.3061
5.988e-05,4.1061
5.99e-05,4.1061
5.992e-05,3.3061
5.994e-05,0.10607
5.996e-05,-1.4939
5.998e-05,-3.0939
6e-05,-5.4737
6.002e-05,-4.6939
6.004e-05,-6.2939
6.006e-05,-7.8939
6.008e-05,-7.0939
6.01e-05,-5.4737
6.012e-05,-0.69393
6.014e-05,3.3061
6.016e-05,4.9061
6.018e-05,6.5061
6.02e-05,7.3061
6.022e-05,8.8859
6.024e-05,8.9061
6.026e-05,8.1061
6.028e-05,5.7061
6.03e-05,1.6859
6.032e-05,-4.6939
6.034e-05,-7.0939
6.036e-05,-9.4939
6.038e-05,-10.294
6.04e-05,-11.094
6.042e-05,-11.094
6.044e-05,-9.4939
6.046e-05,-6.2939
6.048e-05,-0.69393
6.05e-05,4.9061
6.052e-05,8.9061
6.054e-05,11.306
6.056e-05,12.106
6.058e-05,12.906
6.06e-05,12.106
6.062e-05,8.9061
6.064e-05,5.7061
6.066e-05,0.10607
6.068e-05,-5.4939
6.07e-05,-9.4939
6.072e-05,-12.694
6.074e-05,-12.714
6.076e-05,-13.494
6.078e-05,-12.694
6.08e-05,-10.294
6.082e-05,-5.4939
6.084e-05,-0.69393
6.086e-05,5.6859
6.088e-05,8.9061
6.09e-05,10.506
6.092e-05,11.306
6.094e-05,12.106
6.096e-05,10.506
6.098e-05,8.9061
6.1e-05,5.6859
6.102e-05,1.7061
6.104e-05,-3.0939
6.106e-05,-6.2737
6.108e-05,-7.8939
6.11e-05,-8.6939
6.112e-05,-8.6939
6.114e-05,-7.8939
6.116e-05,-6.2939
6.118e-05,-3.0939
6.12e-05,0.10607
6.122e-05,4.1061
6.124e-05,4.9061
6.126e-05,5.7061
6.128e-05,6.5061
6.13e-05,5.7061
6.132e-05,4.9061
6.134e-05,4.9061
6.136e-05,2.5061
6.138e-05,0.10607
6.14e-05,-0.69393
6.142e-05,-1.4939
6.144e-05,-1.4939
6.146e-05,-0.69393
6.148e-05,-0.69393
6.15e-05,0.10607
6.152e-05,0.90607
6.154e-05,1.7061
6.156e-05,2.5061
6.158e-05,2.5061
6.16e-05,1.7061
6.162e-05,-0.69393
6.164e-05,-1.4939
6.166e-05,-3.8737
6.168e-05,-3.8939
6.17e-05,-4.6939
6.172e-05,-5.4939
6.174e-05,-5.4737
6.176e-05,-4.6939
6.178e-05,-2.2939
6.18e-05,0.10607
6.182e-05,1.7061
6.184e-05,4.9061
6.186e-05,5.6859
6.188e-05,5.7061
6.19e-05,6.5061
6.192e-05,6.5061
6.194e-05,5.7061
6.196e-05,4.9061
6.198e-05,2.5061
6.2e-05,0.10607
6.202e-05,-1.4939
6.204e-05,-3.8939
6.206e-05,-5.4737
6.208e-05,-4.6939
6.21e-05,-6.2939
6.212e-05,-5.4939
6.214e-05,-4.6939
6.216e-05,-3.0939
6.218e-05,-1.4939
6.22e-05,0.10607
6.222e-05,1.7061
6.224e-05,3.3061
6.226e-05,4.1061
6.228e-05,4.9061
6.23e-05,4.9061
6.232e-05,4.1061
6.234e-05,3.3061
6.236e-05,0.92628
6.238e-05,0.90607
6.24e-05,0.10607
6.242e-05,-1.4939
6.244e-05,-1.4939
6.246e-05,-1.4939
6.248e-05,-2.2737
6.25e-05,-0.69393
6.252e-05,-0.69393
6.254e-05,-2.2535
6.256e-05,0.10607
6.258e-05,1.6859
6.26e-05,1.7061
6.262e-05,1.7061
6.264e-05,1.7061
6.266e-05,1.7061
6.268e-05,1.7061
6.27e-05,1.7061
6.272e-05,0.10607
6.274e-05,0.90607
6.276e-05,0.10607
6.278e-05,0.10607
6.28e-05,-1.4737
6.282e-05,-1.4939
6.284e-05,-0.69393
6.286e-05,-0.67372
6.288e-05,0.90607
6.29e-05,0.90607
6.292e-05,0.12628
6.294e-05,0.12628
6.296e-05,0.90607
6.298e-05,0.90607
6.3e-05,0.90607
6.302e-05,0.10607
6.304e-05,0.10607
6.306e-05,0.10607
6.308e-05,0.10607
6.31e-05,1.7061
6.312e-05,1.7061
6.314e-05,2.5061
6.316e-05,2.5061
6.318e-05,3.3061
6.32e-05,4.1061
6.322e-05,3.3061
6.324e-05,2.5061
6.326e-05,0.10607
6.328e-05,-3.0939
6.33e-05,-4.6939
6.332e-05,-6.2939
6.334e-05,-7.8737
6.336e-05,-7.8939
6.338e-05,-8.6939
6.34e-05,-9.4737
6.342e-05,-7.0939
6.344e-05,-3.0939
6.346e-05,1.7061
6.348e-05,4.1263
6.35e-05,6.5263
6.352e-05,8.9061
6.354e-05,10.506
6.356e-05,11.306
6.358e-05,11.306
6.36e-05,8.9061
6.362e-05,4.9061
6.364e-05,0.10607
6.366e-05,-4.6939
6.368e-05,-7.0939
6.37e-05,-9.4939
6.372e-05,-11.094
6.374e-05,-11.094
6.376e-05,-11.094
6.378e-05,-9.4939
6.38e-05,-4.6939
6.382e-05,0.90607
6.384e-05,5.7061
6.386e-05,8.9061
6.388e-05,10.506
6.39e-05,11.306
6.392e-05,11.306
6.394e-05,9.7263
6.396e-05,7.3061
6.398e-05,4.1061
6.4e-05,-1.4939
6.402e-05,-6.2939
6.404e-05,-9.4939
6.406e-05,-11.094
6.408e-05,-11.094
6.41e-05,-11.094
6.412e-05,-9.4939
6.414e-05,-6.2939
6.416e-05,-1.4939
6.418e-05,3.3263
6.42e-05,5.7263
6.422e-05,8.9061
6.424e-05,10.506
6.426e-05,9.7061
6.428e-05,8.9061
6.43e-05,7.3061
6.432e-05,4.9061
6.434e-05,0.90607
6.436e-05,-3.8939
6.438e-05,-6.2939
6.44e-05,-7.8939
6.442e-05,-7.8939
6.444e-05,-7.8939
6.446e-05,-6.2939
6.448e-05,-4.6939
6.45e-05,-1.4939
6.452e-05,0.92628
6.454e-05,4.1263
6.456e-05,5.7061
6.458e-05,7.3061
6.46e-05,6.5061
6.462e-05,5.7061
6.464e-05,4.1263
6.466e-05,4.1061
6.468e-05,1.7061
6.47e-05,-0.69393
6.472e-05,-2.2939
6.474e-05,-3.0939
6.476e-05,-3.0939
6.478e-05,-2.2939
6.48e-05,-1.4939
6.482e-05,-1.4939
6.484e-05,-0.69393
6.486e-05,0.10607
6.488e-05,1.7061
6.49e-05,2.5061
6.492e-05,1.7061
6.494e-05,-0.67372
6.496e-05,-0.69393
6.498e-05,-2.2737
6.5e-05,-3.0939
6.502e-05,-3.0939
6.504e-05,-3.0939
6.506e-05,-3.8939
6.508e-05,-3.0939
6.51e-05,-2.2939
6.512e-05,-0.69393
6.514e-05,1.7061
6.516e-05,3.3263
6.518e-05,4.9061
6.52e-05,4.9061
6.522e-05,5.7061
6.524e-05,4.9061
6.526e-05,4.9061
6.528e-05,4.1061
6.53e-05,1.7061
6.532e-05,0.10607
6.534e-05,-1.4939
6.536e-05,-3.0939
6.538e-05,-4.6939
6.54e-05,-4.6939
6.542e-05,-5.4939
6.544e-05,-6.2737
6.546e-05,-3.8939
6.548e-05,-2.2939
6.55e-05,-0.69393
6.552e-05,1.7061
6.554e-05,3.3061
6.556e-05,3.3263
6.558e-05,4.9061
6.56e-05,4.9061
6.562e-05,4.9263
6.564e-05,4.1263
6.566e-05,4.1061
6.568e-05,2.5061
6.57e-05,0.92628
6.572e-05,0.10607
6.574e-05,-1.4939
6.576e-05,-2.2939
6.578e-05,-3.0939
6.58e-05,-3.0939
6.582e-05,-3.0939
6.584e-05,-2.2939
6.586e-05,-1.4939
6.588e-05,0.10607
6.59e-05,1.7061
6.592e-05,1.7061
6.594e-05,3.3061
6.596e-05,3.3061
6.598e-05,3.3061
6.6e-05,3.3061
6.602e-05,2.5061
6.604e-05,0.92628
6.606e-05,0.90607
6.608e-05,0.10607
6.61e-05,-0.69393
6.612e-05,-1.4939
6.614e-05,-1.4939
6.616e-05,-1.4939
6.618e-05,-1.4939
6.62e-05,-0.69393
6.622e-05,-0.67372
6.624e-05,0.10607
6.626e-05,0.90607
6.628e-05,1.7061
6.63e-05,1.7061
6.632e-05,1.7061
6.634e-05,1.7061
6.636e-05,1.7061
6.638e-05,1.7061
6.64e-05,1.7061
6.642e-05,1.7061
6.644e-05,1.7061
6.646e-05,1.7061
6.648e-05,1.7061
6.65e-05,1.7061
6.652e-05,3.3061
6.654e-05,2.5061
6.656e-05,1.7061
6.658e-05,0.10607
6.66e-05,-2.2939
6.662e-05,-3.8939
6.664e-05,-5.4939
6.666e-05,-7.0939
6.668e-05,-7.8939
6.67e-05,-8.6939
6.672e-05,-7.8939
6.674e-05,-7.0939
6.676e-05,-3.0939
6.678e-05,1.7061
6.68e-05,4.1263
6.682e-05,7.3061
6.684e-05,9.7061
6.686e-05,10.526
6.688e-05,12.106
6.69e-05,12.906
6.692e-05,10.526
6.694e-05,7.3061
6.696e-05,0.92628
6.698e-05,-3.0939
6.7e-05,-7.0939
6.702e-05,-10.294
6.704e-05,-11.094
6.706e-05,-11.894
6.708e-05,-12.694
6.71e-05,-11.074
6.712e-05,-7.8737
6.714e-05,-1.4939
6.716e-05,4.9061
6.718e-05,5.7465
6.72e-05,10.506
6.722e-05,12.106
6.724e-05,10.526
6.726e-05,11.306
6.728e-05,8.9061
6.73e-05,4.9061
6.732e-05,0.10607
6.734e-05,-4.6939
6.736e-05,-7.8939
6.738e-05,-9.4939
6.74e-05,-11.094
6.742e-05,-10.294
6.744e-05,-9.4939
6.746e-05,-7.0939
6.748e-05,-3.8737
6.75e-05,3.3061
6.752e-05,5.7061
6.754e-05,8.1061
6.756e-05,8.9061
6.758e-05,8.9061
6.76e-05,7.3263
6.762e-05,7.3061
6.764e-05,4.9061
6.766e-05,1.7061
6.768e-05,-2.2939
6.77e-05,-4.6939
6.772e-05,-6.2939
6.774e-05,-7.8737
6.776e-05,-5.4939
6.778e-05,-4.6939
6.78e-05,-2.2939
6.782e-05,-0.69393
6.784e-05,2.5061
6.786e-05,4.9061
6.788e-05,6.5061
6.79e-05,7.3061
6.792e-05,6.5061
6.794e-05,5.7061
6.796e-05,4.9061
6.798e-05,4.1061
6.8e-05,0.92628
6.802e-05,0.10607
6.804e-05,-3.0939
6.806e-05,-3.8939
6.808e-05,-3.8939
6.81e-05,-3.8737
6.812e-05,-2.2939
6.814e-05,-2.2737
6.816e-05,-1.4939
6.818e-05,0.10607
6.82e-05,0.92628
6.822e-05,1.7061
6.824e-05,2.5061
6.826e-05,1.7061
6.828e-05,0.90607
6.83e-05,0.10607
6.832e-05,-1.4939
6.834e-05,-1.4939
6.836e-05,-1.4939
6.838e-05,-2.2939
6.84e-05,-3.0939
6.842e-05,-1.4939
6.844e-05,0.10607
6.846e-05,0.90607
6.848e-05,3.3061
6.85e-05,4.1061
6.852e-05,4.9061
6.854e-05,4.9061
6.856e-05,4.9061
6.858e-05,4.9061
6.86e-05,4.1061
6.862e-05,3.3061
6.864e-05,0.90607
6.866e-05,-0.69393
6.868e-05,-1.4939
6.87e-05,-3.0939
6.872e-05,-5.4737
6.874e-05,-4.6939
6.876e-05,-4.6939
6.878e-05,-4.6939
6.88e-05,-3.8737
6.882e-05,-1.4939
6.884e-05,0.10607
6.886e-05,3.3061
6.888e-05,4.1061
6.89e-05,4.9061
6.892e-05,4.9061
6.894e-05,5.7061
6.896e-05,3.3465
6.898e-05,4.9061
6.9e-05,2.5263
6.902e-05,0.92628
6.904e-05,0.90607
6.906e-05,-1.4939
6.908e-05,-2.2939
6.91e-05,-3.8939
6.912e-05,-3.8939
6.914e-05,-3.8939
6.916e-05,-2.2939
6.918e-05,-1.4939
6.92e-05,-0.67372
6.922e-05,1.7061
6.924e-05,3.3061
6.926e-05,2.5263
6.928e-05,4.9061
6.93e-05,4.9061
6.932e-05,4.9061
6.934e-05,3.3061
6.936e-05,1.7061
6.938e-05,0.90607
6.94e-05,-1.4737
6.942e-05,-1.4939
6.944e-05,-3.0939
6.946e-05,-3.8737
6.948e-05,-3.8737
6.95e-05,-3.0939
6.952e-05,-1.4939
6.954e-05,0.10607
6.956e-05,-0.67372
6.958e-05,1.7061
6.96e-05,2.5061
6.962e-05,3.3061
6.964e-05,4.1061
6.966e-05,3.3061
6.968e-05,2.5061
6.97e-05,1.7061
6.972e-05,1.7061
6.974e-05,0.90607
6.976e-05,0.10607
6.978e-05,0.10607
6.98e-05,0.10607
6.982e-05,0.10607
6.984e-05,0.90607
6.986e-05,0.90607
6.988e-05,-0.67372
6.99e-05,-0.69393
6.992e-05,-2.2939
6.994e-05,-3.8939
6.996e-05,-5.4737
6.998e-05,-6.2737
7e-05,-6.2939
7.002e-05,-7.0939
7.004e-05,-7.8939
7.006e-05,-6.2939
7.008e-05,-4.6737
7.01e-05,0.10607
7.012e-05,4.9061
7.014e-05,7.3061
7.016e-05,9.7061
7.018e-05,11.306
7.02e-05,12.106
7.022e-05,12.906
7.024e-05,12.106
7.026e-05,8.9061
7.028e-05,4.1263
7.03e-05,-1.4939
7.032e-05,-6.2939
7.034e-05,-7.8939
7.036e-05,-11.094
7.038e-05,-11.894
7.04e-05,-12.694
7.042e-05,-11.874
7.044e-05,-9.4737
7.046e-05,-3.0939
7.048e-05,2.5061
7.05e-05,6.5061
7.052e-05,8.9061
7.054e-05,10.506
7.056e-05,9.7465
7.058e-05,11.306
7.06e-05,8.9061
7.062e-05,6.5061
7.064e-05,2.5061
7.066e-05,-3.0737
7.068e-05,-5.4939
7.07e-05,-7.8939
7.072e-05,-9.4737
7.074e-05,-9.4939
7.076e-05,-8.6939
7.078e-05,-7.0737
7.08e-05,-3.0939
7.082e-05,0.90607
7.084e-05,4.9061
7.086e-05,5.7061
7.088e-05,7.3061
7.09e-05,7.3061
7.092e-05,6.5061
7.094e-05,4.9263
7.096e-05,4.9061
7.098e-05,1.7061
7.1e-05,-1.4939
7.102e-05,-3.0939
7.104e-05,-5.4737
7.106e-05,-5.4737
7.108e-05,-5.4737
7.11e-05,-3.8737
7.112e-05,-1.4939
7.114e-05,0.92628
7.116e-05,2.5263
7.118e-05,5.7061
7.12e-05,6.5263
7.122e-05,7.3061
7.124e-05,6.5061
7.126e-05,4.1263
7.128e-05,2.5465
7.13e-05,1.7061
7.132e-05,-0.67372
7.134e-05,-3.0737
7.136e-05,-3.8939
7.138e-05,-7.0737
7.14e-05,-7.0737
7.142e-05,-5.4939
7.144e-05,-4.6737
7.146e-05,-3.8737
7.148e-05,-1.4939
7.15e-05,-0.67372
7.152e-05,0.92628
7.154e-05,3.3061
7.156e-05,4.1061
7.158e-05,4.1061
7.16e-05,2.5263
7.162e-05,0.92628
7.164e-05,0.92628
7.166e-05,0.10607
7.168e-05,-1.4737
7.17e-05,-1.4939
7.172e-05,-2.2939
7.174e-05,-2.2939
7.176e-05,-1.4939
7.178e-05,-0.69393
7.18e-05,0.90607
7.182e-05,1.7061
7.184e-05,2.5263
7.186e-05,4.1061
7.188e-05,4.1263
7.19e-05,4.1263
7.192e-05,4.1263
7.194e-05,3.3263
7.196e-05,3.3061
7.198e-05,0.12628
7.2e-05,-2.2737
7.202e-05,-3.0737
7.204e-05,-2.2939
7.206e-05,-3.8939
7.208e-05,-4.6939
7.21e-05,-4.6939
7.212e-05,-3.8737
7.214e-05,-1.4939
7.216e-05,-0.69393
7.218e-05,1.7061
7.22e-05,4.1061
7.222e-05,4.9061
7.224e-05,5.7061
7.226e-05,5.7061
7.228e-05,4.9263
7.23e-05,4.9061
7.232e-05,3.3061
7.234e-05,0.92628
7.236e-05,0.10607
7.238e-05,-2.2939
7.24e-05,-3.0939
7.242e-05,-4.6939
7.244e-05,-4.6939
7.246e-05,-4.6939
7.248e-05,-3.8939
7.25e-05,-3.0737
7.252e-05,-0.69393
7.254e-05,1.7061
7.256e-05,3.3263
7.258e-05,4.9061
7.26e-05,4.1263
7.262e-05,4.1263
7.264e-05,4.9061
7.266e-05,3.3263
7.268e-05,1.7061
7.27e-05,0.10607
7.272e-05,-2.2737
7.274e-05,-3.0737
7.276e-05,-3.8737
7.278e-05,-4.6737
7.28e-05,-4.6737
7.282e-05,-3.8737
7.284e-05,-2.2737
7.286e-05,-1.4737
7.288e-05,0.92628
7.29e-05,3.3061
7.292e-05,4.9061
7.294e-05,4.1263
7.296e-05,4.9061
7.298e-05,4.9061
7.3e-05,3.3263
7.302e-05,2.5263
7.304e-05,0.92628
7.306e-05,0.12628
7.308e-05,0.10607
7.31e-05,-1.4737
7.312e-05,-1.4737
7.314e-05,0.10607
7.316e-05,-0.67372
7.318e-05,-0.67372
7.32e-05,-0.67372
7.322e-05,0.10607
7.324e-05,-1.4939
7.326e-05,-3.8939
7.328e-05,-4.6939
7.33e-05,-5.4939
7.332e-05,-6.2939
7.334e-05,-7.0737
7.336e-05,-7.0737
7.338e-05,-6.2939
7.34e-05,-3.8939
7.342e-05,0.10607
7.344e-05,4.9061
7.346e-05,8.1061
7.348e-05,10.506
7.35e-05,11.326
7.352e-05,12.126
7.354e-05,13.706
7.356e-05,12.106
7.358e-05,9.7061
7.36e-05,4.1263
7.362e-05,-1.4737
7.364e-05,-4.6939
7.366e-05,-8.6737
7.368e-05,-11.874
7.37e-05,-12.694
7.372e-05,-12.694
7.374e-05,-11.894
7.376e-05,-10.274
7.378e-05,-4.6939
7.38e-05,-0.67372
7.382e-05,4.9061
7.384e-05,7.3061
7.386e-05,8.9263
7.388e-05,10.506
7.39e-05,11.306
7.392e-05,9.7061
7.394e-05,7.3061
7.396e-05,4.1061
7.398e-05,-1.4737
7.4e-05,-3.8939
7.402e-05,-7.0939
7.404e-05,-7.0939
7.406e-05,-7.8939
7.408e-05,-8.6737
7.41e-05,-6.2939
7.412e-05,-4.6737
7.414e-05,-0.69393
7.416e-05,3.3061
7.418e-05,4.1263
7.42e-05,5.7263
7.422e-05,6.5061
7.424e-05,4.9263
7.426e-05,4.1263
7.428e-05,4.9061
7.43e-05,0.92628
7.432e-05,-0.69393
7.434e-05,-2.2939
7.436e-05,-3.0939
7.438e-05,-3.0939
7.44e-05,-2.2939
7.442e-05,-1.4939
7.444e-05,0.10607
7.446e-05,1.7061
7.448e-05,3.3061
7.45e-05,4.9061
7.452e-05,5.7061
7.454e-05,5.7061
7.456e-05,4.9061
7.458e-05,2.5263
7.46e-05,1.7061
7.462e-05,-0.67372
7.464e-05,-3.0737
7.466e-05,-3.8939
7.468e-05,-6.2939
7.47e-05,-7.0939
7.472e-05,-7.8737
7.474e-05,-6.2939
7.476e-05,-5.4737
7.478e-05,-2.2939
7.48e-05,-1.4939
7.482e-05,0.92628
7.484e-05,2.5263
7.486e-05,4.9061
7.488e-05,4.9061
7.49e-05,4.9061
7.492e-05,4.1263
7.494e-05,3.3263
7.496e-05,2.5061
7.498e-05,1.7061
7.5e-05,0.10607
7.502e-05,-2.2737
7.504e-05,-2.2939
7.506e-05,-3.8737
7.508e-05,-2.2939
7.51e-05,-2.2939
7.512e-05,-1.4737
7.514e-05,-0.67372
7.516e-05,0.92628
7.518e-05,2.5263
7.52e-05,3.3263
7.522e-05,4.1263
7.524e-05,4.1263
7.526e-05,4.1263
7.528e-05,4.1061
7.53e-05,2.5061
7.532e-05,0.90607
7.534e-05,-0.67372
7.536e-05,-1.4939
7.538e-05,-3.8737
7.54e-05,-4.6737
7.542e-05,-3.8939
7.544e-05,-3.0939
7.546e-05,-2.2939
7.548e-05,-0.69393
7.55e-05,0.12628
7.552e-05,2.5061
7.554e-05,2.5263
7.556e-05,4.9061
7.558e-05,4.1263
7.56e-05,4.9263
7.562e-05,4.9061
7.564e-05,3.3263
7.566e-05,1.7061
7.568e-05,0.90607
7.57e-05,-2.2737
7.572e-05,-3.8737
7.574e-05,-3.8939
7.576e-05,-5.4737
7.578e-05,-3.8939
7.58e-05,-3.0939
7.582e-05,-1.4939
7.584e-05,0.90607
7.586e-05,2.5061
7.588e-05,4.1061
7.59e-05,4.9061
7.592e-05,4.9061
7.594e-05,4.9061
7.596e-05,4.1061
7.598e-05,2.5061
7.6e-05,1.7061
7.602e-05,-1.4939
7.604e-05,-2.2939
7.606e-05,-4.6737
7.608e-05,-4.6939
7.61e-05,-3.8939
7.612e-05,-3.8939
7.614e-05,-1.4939
7.616e-05,0.10607
7.618e-05,1.7061
7.62e-05,4.1061
7.622e-05,4.9061
7.624e-05,5.7061
7.626e-05,5.7061
7.628e-05,4.9263
7.63e-05,4.9061
7.632e-05,3.3061
7.634e-05,0.92628
7.636e-05,-0.67372
7.638e-05,-1.4939
7.64e-05,-2.2737
7.642e-05,-2.2939
7.644e-05,-2.2939
7.646e-05,-1.4939
7.648e-05,-2.2737
7.65e-05,-1.4737
7.652e-05,0.92628
7.654e-05,0.92628
7.656e-05,0.90607
7.658e-05,-1.4737
7.66e-05,-1.4939
7.662e-05,-2.2939
7.664e-05,-4.6737
7.666e-05,-4.6939
7.668e-05,-4.6939
7.67e-05,-5.4737
7.672e-05,-3.8939
7.674e-05,-1.4939
7.676e-05,2.5263
7.678e-05,4.9263
7.68e-05,8.1263
7.682e-05,9.7263
7.684e-05,10.526
7.686e-05,12.106
7.688e-05,10.506
7.69e-05,9.7061
7.692e-05,4.9061
7.694e-05,0.90607
7.696e-05,-4.6737
7.698e-05,-7.0737
7.7e-05,-10.274
7.702e-05,-11.874
7.704e-05,-11.074
7.706e-05,-11.874
7.708e-05,-9.4737
7.71e-05,-5.4737
7.712e-05,-1.4737
7.714e-05,3.3263
7.716e-05,6.5061
7.718e-05,6.5263
7.72e-05,8.9061
7.722e-05,8.9061
7.724e-05,6.5263
7.726e-05,5.7061
7.728e-05,2.5263
7.73e-05,-1.4939
7.732e-05,-3.8737
7.734e-05,-5.4737
7.736e-05,-5.4939
7.738e-05,-7.0737
7.74e-05,-5.4737
7.742e-05,-4.6939
7.744e-05,-2.2939
7.746e-05,-0.67372
7.748e-05,2.5263
7.75e-05,4.9061
7.752e-05,4.9263
7.754e-05,4.9263
7.756e-05,4.1263
7.758e-05,4.1061
7.76e-05,1.7263
7.762e-05,0.92628
7.764e-05,-1.4737
7.766e-05,-3.8737
7.768e-05,-4.6737
7.77e-05,-3.8737
7.772e-05,-3.0737
7.774e-05,-1.4737
7.776e-05,0.12628
7.778e-05,1.7263
7.78e-05,3.3263
7.782e-05,4.9061
7.784e-05,5.7061
7.786e-05,5.7061
7.788e-05,3.3465
7.79e-05,3.3061
7.792e-05,0.92628
7.794e-05,-1.4737
7.796e-05,-2.2939
7.798e-05,-4.6737
7.8e-05,-5.4939
7.802e-05,-7.0939
7.804e-05,-7.8939
7.806e-05,-6.2939
7.808e-05,-5.4737
7.81e-05,-2.2939
7.812e-05,-0.67372
7.814e-05,0.92628
7.816e-05,3.3263
7.818e-05,4.1263
7.82e-05,5.7061
7.822e-05,6.5263
7.824e-05,4.9263
7.826e-05,4.1263
7.828e-05,3.3263
7.83e-05,2.5061
7.832e-05,0.12628
7.834e-05,-1.4737
7.836e-05,-3.0737
7.838e-05,-3.8737
7.84e-05,-3.8737
7.842e-05,-3.8737
7.844e-05,-3.0737
7.846e-05,-2.2737
7.848e-05,0.12628
7.85e-05,0.92628
7.852e-05,3.3263
7.854e-05,4.1263
7.856e-05,4.9263
7.858e-05,4.9263
7.86e-05,4.1263
7.862e-05,3.3263
7.864e-05,1.7263
7.866e-05,0.12628
7.868e-05,-1.4939
7.87e-05,-2.2939
7.872e-05,-4.6737
7.874e-05,-5.4737
7.876e-05,-5.4737
7.878e-05,-4.6737
7.88e-05,-3.0737
7.882e-05,-0.69393
7.884e-05,1.7061
7.886e-05,2.5263
7.888e-05,4.1263
7.89e-05,4.1263
7.892e-05,4.9061
7.894e-05,4.9061
7.896e-05,2.5263
7.898e-05,0.92628
7.9e-05,0.90607
7.902e-05,-2.2737
7.904e-05,-3.8737
7.906e-05,-3.0939
7.908e-05,-3.8737
7.91e-05,-3.8737
7.912e-05,-2.2939
7.914e-05,-0.67372
7.916e-05,1.7061
7.918e-05,2.5263
7.92e-05,4.9061
7.922e-05,4.1263
7.924e-05,4.1263
7.926e-05,4.1263
7.928e-05,2.5263
7.93e-05,0.92628
7.932e-05,0.10607
7.934e-05,-3.0737
7.936e-05,-3.8939
7.938e-05,-5.4737
7.94e-05,-5.4737
7.942e-05,-4.6737
7.944e-05,-3.8737
7.946e-05,-2.2737
7.948e-05,1.7061
7.95e-05,3.3263
7.952e-05,3.3465
7.954e-05,5.7263
7.956e-05,6.5263
7.958e-05,5.7465
7.96e-05,4.9263
7.962e-05,4.1263
7.964e-05,1.7263
7.966e-05,-0.67372
7.968e-05,-1.4939
7.97e-05,-3.8737
7.972e-05,-3.8737
7.974e-05,-3.0939
7.976e-05,-3.8737
7.978e-05,-2.2737
7.98e-05,-2.2737
7.982e-05,-0.67372
7.984e-05,0.92628
7.986e-05,1.7263
7.988e-05,0.14648
7.99e-05,-0.67372
7.992e-05,-2.2737
7.994e-05,-3.0737
7.996e-05,-3.0737
7.998e-05,-4.6737
8e-05,-4.6939
8.002e-05,-5.4737
8.004e-05,-4.6737
8.006e-05,-2.2737
8.008e-05,0.94648
8.01e-05,4.1263
8.012e-05,6.5263
8.014e-05,8.9263
8.016e-05,9.7263
8.018e-05,9.7263
8.02e-05,10.506
8.022e-05,7.3263
8.024e-05,3.3465
8.026e-05,0.92628
8.028e-05,-3.8737
8.03e-05,-7.0737
8.032e-05,-9.4737
8.034e-05,-9.4939
8.036e-05,-10.294
8.038e-05,-10.294
8.04e-05,-7.8939
8.042e-05,-5.4939
8.044e-05,-2.2737
8.046e-05,0.94648
8.048e-05,4.1263
8.05e-05,5.7061
8.052e-05,5.7263
8.054e-05,5.7263
8.056e-05,4.9263
8.058e-05,4.1263
8.06e-05,3.3061
8.062e-05,-0.67372
8.064e-05,-3.0535
8.066e-05,-3.0939
8.068e-05,-3.0939
8.07e-05,-3.0939
8.072e-05,-3.8737
8.074e-05,-3.8535
8.076e-05,-1.4737
8.078e-05,0.12628
8.08e-05,3.3061
8.082e-05,2.5465
8.084e-05,3.3465
8.086e-05,2.5263
8.088e-05,2.5263
8.09e-05,0.92628
8.092e-05,-0.67372
8.094e-05,-0.69393
8.096e-05,-2.2737
8.098e-05,-2.2939
8.1e-05,-3.8737
8.102e-05,-1.4939
8.104e-05,-1.4737
8.106e-05,0.90607
8.108e-05,0.94648
8.11e-05,3.3061
8.112e-05,4.1263
8.114e-05,4.9061
8.116e-05,5.7061
8.118e-05,4.9061
8.12e-05,3.3465
8.122e-05,3.3061
8.124e-05,0.12628
8.126e-05,-1.4737
8.128e-05,-3.8737
8.13e-05,-5.4737
8.132e-05,-7.0737
8.134e-05,-8.6737
8.136e-05,-7.8939
8.138e-05,-7.8737
8.14e-05,-6.2535
8.142e-05,-3.8737
8.144e-05,-1.4737
8.146e-05,0.92628
8.148e-05,4.1263
8.15e-05,5.7061
8.152e-05,6.5263
8.154e-05,6.5465
8.156e-05,6.5263
8.158e-05,6.5263
8.16e-05,4.1263
8.162e-05,3.3465
8.164e-05,0.14648
8.166e-05,-0.69393
8.168e-05,-2.2737
8.17e-05,-5.4737
8.172e-05,-6.2535
8.174e-05,-5.4737
8.176e-05,-5.4737
8.178e-05,-4.6535
8.18e-05,-1.4939
8.182e-05,0.92628
8.184e-05,2.5263
8.186e-05,4.1263
8.188e-05,4.1465
8.19e-05,5.7263
8.192e-05,5.7263
8.194e-05,3.3465
8.196e-05,3.3263
8.198e-05,0.92628
8.2e-05,-0.67372
8.202e-05,-3.0535
8.204e-05,-5.4535
8.206e-05,-6.2535
8.208e-05,-6.2535
8.21e-05,-6.2535
8.212e-05,-3.0737
8.214e-05,-3.0535
8.216e-05,0.92628
8.218e-05,3.3061
8.22e-05,3.3263
8.222e-05,4.1263
8.224e-05,4.1263
8.226e-05,4.1263
8.228e-05,2.5465
8.23e-05,1.7263
8.232e-05,0.14648
8.234e-05,-2.2535
8.236e-05,-3.0737
8.238e-05,-3.0737
8.24e-05,-4.6535
8.242e-05,-1.4939
8.244e-05,-2.2737
8.246e-05,-1.4535
8.248e-05,0.92628
8.25e-05,3.3263
8.252e-05,3.3263
8.254e-05,4.1263
8.256e-05,3.3263
8.258e-05,3.3263
8.26e-05,0.92628
8.262e-05,-1.4737
8.264e-05,-3.0737
8.266e-05,-5.4535
8.268e-05,-6.2535
8.27e-05,-6.2535
8.272e-05,-6.2535
8.274e-05,-4.6737
8.276e-05,-1.4939
8.278e-05,0.92628
8.28e-05,2.5263
8.282e-05,4.1263
8.284e-05,6.5263
8.286e-05,6.5465
8.288e-05,6.5263
8.29e-05,6.5263
8.292e-05,4.1263
8.294e-05,3.3263
8.296e-05,0.92628
8.298e-05,-2.2737
8.3e-05,-3.8737
8.302e-05,-5.4535
8.304e-05,-6.2737
8.306e-05,-6.2535
8.308e-05,-6.2535
8.31e-05,-3.8737
8.312e-05,-1.4939
8.314e-05,0.12628
8.316e-05,0.92628
8.318e-05,2.5263
8.32e-05,1.7263
8.322e-05,0.92628
8.324e-05,-0.67372
8.326e-05,-2.2535
8.328e-05,-2.2737
8.33e-05,-3.0737
8.332e-05,-4.6535
8.334e-05,-3.8737
8.336e-05,-3.8737
8.338e-05,-3.0535
8.34e-05,0.12628
8.342e-05,2.5465
8.344e-05,4.9263
8.346e-05,7.3061
8.348e-05,7.3263
8.35e-05,5.7465
8.352e-05,6.5263
8.354e-05,7.3061
8.356e-05,3.3465
8.358e-05,0.14648
8.36e-05,-2.2737
8.362e-05,-3.8737
8.364e-05,-6.2737
8.366e-05,-7.0737
8.368e-05,-7.0939
8.37e-05,-7.8737
8.372e-05,-7.8535
8.374e-05,-5.4737
8.376e-05,-3.0737
8.378e-05,-1.4535
8.38e-05,1.7263
8.382e-05,2.5465
8.384e-05,2.5465
8.386e-05,3.3263
8.388e-05,3.3263
8.39e-05,2.5465
8.392e-05,2.5263
8.394e-05,0.14648
8.396e-05,-0.67372
8.398e-05,-0.67372
8.4e-05,-1.4535
8.402e-05,0.12628
8.404e-05,0.92628
8.406e-05,0.14648
8.408e-05,1.7061
8.41e-05,0.92628
8.412e-05,1.7263
8.414e-05,3.3061
8.416e-05,2.5263
8.418e-05,0.14648
8.42e-05,0.12628
8.422e-05,-2.2535
8.424e-05,-2.2737
8.426e-05,-2.2737
8.428e-05,-3.0535
8.43e-05,-3.0737
8.432e-05,-3.8737
8.434e-05,-3.0535
8.436e-05,-0.69393
8.438e-05,0.92628
8.44e-05,1.7465
8.442e-05,4.1263
8.444e-05,4.1263
8.446e-05,3.3465
8.448e-05,4.9263
8.45e-05,4.1465
8.452e-05,4.1263
8.454e-05,3.3263
8.456e-05,0.92628
8.458e-05,0.10607
8.46e-05,-3.8535
8.462e-05,-4.6535
8.464e-05,-6.2737
8.466e-05,-8.6535
8.468e-05,-9.4535
8.47e-05,-7.0939
8.472e-05,-7.0737
8.474e-05,-5.4535
8.476e-05,-2.2737
8.478e-05,0.12628
8.48e-05,3.3263
8.482e-05,4.9263
8.484e-05,7.3263
8.486e-05,8.9263
8.488e-05,8.1263
8.49e-05,8.1061
8.492e-05,4.9465
8.494e-05,4.1263
8.496e-05,1.7263
8.498e-05,0.12628
8.5e-05,-2.2737
8.502e-05,-5.4737
8.504e-05,-7.0737
8.506e-05,-7.8535
8.508e-05,-5.4737
8.51e-05,-5.4535
8.512e-05,-3.8535
8.514e-05,0.10607
8.516e-05,3.3061
8.518e-05,4.1263
8.52e-05,4.1465
8.522e-05,6.5061
8.524e-05,5.7263
8.526e-05,4.9061
8.528e-05,3.3465
8.53e-05,2.5061
8.532e-05,-0.67372
8.534e-05,-2.2737
8.536e-05,-5.4535
8.538e-05,-5.4737
8.54e-05,-5.4737
8.542e-05,-6.2535
8.544e-05,-3.8939
8.546e-05,-2.2737
8.548e-05,-0.67372
8.55e-05,1.7263
8.552e-05,3.3263
8.554e-05,2.5465
8.556e-05,4.1263
8.558e-05,4.9061
8.56e-05,2.5263
8.562e-05,0.14648
8.564e-05,0.14648
8.566e-05,-2.2737
8.568e-05,-2.2939
8.57e-05,-3.0737
8.572e-05,-3.0737
8.574e-05,-2.2737
8.576e-05,-2.2535
8.578e-05,-0.67372
8.58e-05,0.14648
8.582e-05,1.7465
8.584e-05,4.9061
8.586e-05,3.3263
8.588e-05,1.7465
8.59e-05,2.5263
8.592e-05,-0.67372
8.594e-05,-3.0535
8.596e-05,-3.8737
8.598e-05,-5.4737
8.6e-05,-7.0535
8.602e-05,-5.4737
8.604e-05,-4.6737
8.606e-05,-3.0737
8.608e-05,-0.67372
8.61e-05,3.3061
8.612e-05,4.1263
8.614e-05,6.5263
8.616e-05,6.5465
8.618e-05,8.9061
8.62e-05,8.9061
8.622e-05,6.5263
8.624e-05,4.9061
8.626e-05,2.5465
8.628e-05,0.12628
8.63e-05,-2.2737
8.632e-05,-5.4535
8.634e-05,-6.2737
8.636e-05,-7.0737
8.638e-05,-6.2737
8.64e-05,-5.4737
8.642e-05,-5.4535
8.644e-05,-3.8535
8.646e-05,-1.4737
8.648e-05,0.14648
8.65e-05,2.5263
8.652e-05,3.3263
8.654e-05,2.5263
8.656e-05,0.14648
8.658e-05,0.14648
8.66e-05,-0.65352
8.662e-05,-0.67372
8.664e-05,-2.2535
8.666e-05,-2.2737
8.668e-05,-1.4939
8.67e-05,-2.2535
8.672e-05,0.12628
8.674e-05,1.7465
8.676e-05,4.1263
8.678e-05,3.3465
8.68e-05,3.3465
8.682e-05,4.1263
8.684e-05,3.3465
8.686e-05,4.9263
8.688e-05,4.1263
8.69e-05,3.3263
8.692e-05,0.12628
8.694e-05,-3.0535
8.696e-05,-3.8737
8.698e-05,-3.0939
8.7e-05,-3.8939
8.702e-05,-5.4737
8.704e-05,-4.6939
8.706e-05,-3.8939
8.708e-05,-3.8737
8.71e-05,-2.2737
8.712e-05,-0.67372
8.714e-05,0.14648
8.716e-05,0.14648
8.718e-05,0.92628
8.72e-05,0.94648
8.722e-05,1.7465
8.724e-05,2.5263
8.726e-05,2.5465
8.728e-05,2.5263
8.73e-05,1.7263
8.732e-05,1.7465
8.734e-05,2.5465
8.736e-05,1.7465
8.738e-05,2.5263
8.74e-05,3.3061
8.742e-05,0.92628
8.744e-05,0.14648
8.746e-05,0.92628
8.748e-05,-0.67372
8.75e-05,-1.4737
8.752e-05,-3.0535
8.754e-05,-3.0737
8.756e-05,-4.6535
8.758e-05,-3.8737
8.76e-05,-4.6535
8.762e-05,-3.0737
8.764e-05,-3.8535
8.766e-05,-2.2737
8.768e-05,-0.67372
8.77e-05,1.7263
8.772e-05,2.5263
8.774e-05,4.1263
8.776e-05,4.1263
8.778e-05,5.7061
8.78e-05,4.9263
8.782e-05,4.1465
8.784e-05,4.1263
8.786e-05,4.1263
8.788e-05,0.92628
8.79e-05,-1.4535
8.792e-05,-2.2737
8.794e-05,-6.2535
8.796e-05,-6.2939
8.798e-05,-8.6737
8.8e-05,-10.254
8.802e-05,-9.4737
8.804e-05,-8.6737
8.806e-05,-6.2737
8.808e-05,-3.8535
8.81e-05,-0.67372
8.812e-05,2.5263
8.814e-05,5.7061
8.816e-05,7.3263
8.818e-05,8.9465
8.82e-05,9.7263
8.822e-05,8.1465
8.824e-05,6.5465
8.826e-05,4.1465
8.828e-05,3.3263
8.83e-05,0.92628
8.832e-05,-1.4939
8.834e-05,-5.4737
8.836e-05,-6.2939
8.838e-05,-7.8737
8.84e-05,-7.0737
8.842e-05,-6.2737
8.844e-05,-4.6535
8.846e-05,-1.4737
8.848e-05,0.92628
8.85e-05,2.5465
8.852e-05,4.1263
8.854e-05,5.7263
8.856e-05,5.7263
8.858e-05,4.9263
8.86e-05,4.1263
8.862e-05,2.5263
8.864e-05,-0.67372
8.866e-05,-1.4737
8.868e-05,-3.0737
8.87e-05,-4.6737
8.872e-05,-5.4535
8.874e-05,-4.6737
8.876e-05,-3.8737
8.878e-05,-1.4737
8.88e-05,0.12628
8.882e-05,0.14648
8.884e-05,2.5263
8.886e-05,2.5465
8.888e-05,3.3263
8.89e-05,4.1061
8.892e-05,0.94648
8.894e-05,0.92628
8.896e-05,-0.67372
8.898e-05,-2.2535
8.9e-05,-3.0535
8.902e-05,-2.2737
8.904e-05,-2.2737
8.906e-05,-1.4535
8.908e-05,0.92628
8.91e-05,0.94648
8.912e-05,2.5263
8.914e-05,3.3263
8.916e-05,3.3465
8.918e-05,2.5465
8.92e-05,2.5263
8.922e-05,2.5061
8.924e-05,-1.4737
8.926e-05,-3.0737
8.928e-05,-3.8737
8.93e-05,-5.4737
8.932e-05,-6.2737
8.934e-05,-5.4737
8.936e-05,-4.6535
8.938e-05,-2.2737
8.94e-05,0.92628
8.942e-05,3.3263
8.944e-05,4.9263
8.946e-05,6.5263
8.948e-05,8.1465
8.95e-05,8.1263
8.952e-05,6.5465
8.954e-05,6.5263
8.956e-05,3.3465
8.958e-05,1.7465
8.96e-05,0.10607
8.962e-05,-3.0535
8.964e-05,-6.2535
8.966e-05,-6.2939
8.968e-05,-7.8737
8.97e-05,-8.6535
8.972e-05,-6.2737
8.974e-05,-5.4737
8.976e-05,-4.6535
8.978e-05,-2.2535
8.98e-05,-0.65352
8.982e-05,0.94648
8.984e-05,2.5465
8.986e-05,2.5465
8.988e-05,2.5263
8.99e-05,0.14648
8.992e-05,0.14648
8.994e-05,0.92628
8.996e-05,-0.67372
8.998e-05,-1.4535
9e-05,-3.0535
9.002e-05,-2.2737
9.004e-05,-1.4737
9.006e-05,-1.4535
9.008e-05,1.7061
9.01e-05,1.7465
9.012e-05,2.5465
9.014e-05,4.1263
9.016e-05,3.3465
9.018e-05,4.9061
9.02e-05,4.9061
9.022e-05,4.1263
9.024e-05,1.7465
9.026e-05,0.92628
9.028e-05,0.90607
9.03e-05,-0.67372
9.032e-05,-2.2737
9.034e-05,-3.8737
9.036e-05,-4.6737
9.038e-05,-6.2535
9.04e-05,-7.0535
9.042e-05,-5.4737
9.044e-05,-3.0939
9.046e-05,-3.8535
9.048e-05,-3.0535
9.05e-05,-2.2535
9.052e-05,0.14648
9.054e-05,2.5263
9.056e-05,4.1263
9.058e-05,3.3465
9.06e-05,4.9263
9.062e-05,3.3465
9.064e-05,3.3465
9.066e-05,4.9263
9.068e-05,4.1263
9.07e-05,3.3465
9.072e-05,0.14648
9.074e-05,-1.4535
9.076e-05,-1.4535
9.078e-05,-2.2737
9.08e-05,-3.8535
9.082e-05,-4.6535
9.084e-05,-4.6737
9.086e-05,-6.2535
9.088e-05,-5.4535
9.09e-05,-4.6535
9.092e-05,-3.0535
9.094e-05,-1.4737
9.096e-05,-1.4535
9.098e-05,0.92628
9.1e-05,1.7263
9.102e-05,4.1061
9.104e-05,4.1263
9.106e-05,4.9263
9.108e-05,4.9263
9.11e-05,4.1465
9.112e-05,4.9263
9.114e-05,3.3465
9.116e-05,4.1263
9.118e-05,2.5263
9.12e-05,0.14648
9.122e-05,-0.67372
9.124e-05,-3.8737
9.126e-05,-6.2535
9.128e-05,-8.6535
9.13e-05,-10.254
9.132e-05,-10.274
9.134e-05,-11.054
9.136e-05,-9.4535
9.138e-05,-7.8535
9.14e-05,-3.8535
9.142e-05,0.92628
9.144e-05,4.1263
9.146e-05,7.3061
9.148e-05,8.1465
9.15e-05,9.7465
9.152e-05,11.326
9.154e-05,10.526
9.156e-05,8.1465
9.158e-05,6.5263
9.16e-05,4.1263
9.162e-05,0.14648
9.164e-05,-3.0737
9.166e-05,-5.4737
9.168e-05,-9.4535
9.17e-05,-9.4737
9.172e-05,-8.6737
9.174e-05,-7.8737
9.176e-05,-5.4737
9.178e-05,-3.8535
9.18e-05,0.92628
9.182e-05,2.5465
9.184e-05,3.3465
9.186e-05,6.5263
9.188e-05,5.7465
9.19e-05,5.7465
9.192e-05,3.3465
9.194e-05,2.5263
9.196e-05,0.14648
9.198e-05,-1.4737
9.2e-05,-2.2939
9.202e-05,-4.6535
9.204e-05,-5.4535
9.206e-05,-5.4535
9.208e-05,-4.6535
9.21e-05,-2.2737
9.212e-05,-1.4535
9.214e-05,0.92628
9.216e-05,0.94648
9.218e-05,4.1061
9.22e-05,2.5465
9.222e-05,2.5263
9.224e-05,0.94648
9.226e-05,0.14648
9.228e-05,-1.4535
9.23e-05,-2.2535
9.232e-05,-3.0535
9.234e-05,-2.2737
9.236e-05,-2.2737
9.238e-05,-0.67372
9.24e-05,0.14648
9.242e-05,1.7465
9.244e-05,1.7465
9.246e-05,3.3263
9.248e-05,2.5465
9.25e-05,3.3263
9.252e-05,2.5263
9.254e-05,0.92628
9.256e-05,-2.2737
9.258e-05,-3.0737
9.26e-05,-5.4535
9.262e-05,-5.4737
9.264e-05,-6.2535
9.266e-05,-5.4737
9.268e-05,-3.8737
9.27e-05,-2.2535
9.272e-05,0.92628
9.274e-05,3.3465
9.276e-05,4.1465
9.278e-05,5.7465
9.28e-05,7.3263
9.282e-05,8.1263
9.284e-05,5.7465
9.286e-05,4.9465
9.288e-05,3.3465
9.29e-05,2.5263
9.292e-05,-1.4535
9.294e-05,-3.0535
9.296e-05,-6.2535
9.298e-05,-6.2737
9.3e-05,-7.8535
9.302e-05,-7.8535
9.304e-05,-7.0535
9.306e-05,-5.4737
9.308e-05,-3.0737
9.31e-05,-1.4737
9.312e-05,-0.65352
9.314e-05,0.94648
9.316e-05,2.5465
9.318e-05,4.1263
9.32e-05,3.3263
9.322e-05,1.7465
9.324e-05,0.14648
9.326e-05,0.92628
9.328e-05,0.92628
9.33e-05,-1.4535
9.332e-05,-3.0535
9.334e-05,-3.0535
9.336e-05,-3.0535
9.338e-05,-1.4737
9.34e-05,-0.65352
9.342e-05,0.92628
9.344e-05,1.7263
9.346e-05,3.3465
9.348e-05,2.5465
9.35e-05,4.9061
9.352e-05,4.9465
9.354e-05,4.1465
9.356e-05,3.3465
9.358e-05,1.7465
9.36e-05,0.92628
9.362e-05,-0.65352
9.364e-05,-2.2535
9.366e-05,-3.8535
9.368e-05,-5.4535
9.37e-05,-7.0535
9.372e-05,-7.8535
9.374e-05,-8.6535
9.376e-05,-7.0535
9.378e-05,-5.4535
9.38e-05,-4.6535
9.382e-05,-2.2535
9.384e-05,0.14648
9.386e-05,3.3061
9.388e-05,4.1263
9.39e-05,5.7263
9.392e-05,6.5263
9.394e-05,4.9465
9.396e-05,5.7263
9.398e-05,4.1465
9.4e-05,3.3465
9.402e-05,2.5263
9.404e-05,0.14648
9.406e-05,-2.2535
9.408e-05,-3.0737
9.41e-05,-4.6535
9.412e-05,-5.4535
9.414e-05,-5.4535
9.416e-05,-5.4535
9.418e-05,-4.6535
9.42e-05,-3.0939
9.422e-05,-3.0535
9.424e-05,0.12628
9.426e-05,0.92628
9.428e-05,0.14648
9.43e-05,0.94648
9.432e-05,2.5263
9.434e-05,4.1061
9.436e-05,4.9061
9.438e-05,4.1263
9.44e-05,4.1465
9.442e-05,3.3465
9.444e-05,3.3465
9.446e-05,3.3465
9.448e-05,2.5465
9.45e-05,1.7263
9.452e-05,0.92628
9.454e-05,-3.8535
9.456e-05,-6.2535
9.458e-05,-7.0535
9.46e-05,-9.4535
9.462e-05,-11.054
9.464e-05,-11.054
9.466e-05,-10.254
9.468e-05,-7.8939
9.47e-05,-5.4737
9.472e-05,-3.0535
9.474e-05,1.7263
9.476e-05,3.3465
9.478e-05,8.1263
9.48e-05,9.7263
9.482e-05,11.346
9.484e-05,11.346
9.486e-05,11.326
9.488e-05,8.1465
9.49e-05,5.7263
9.492e-05,2.5263
9.494e-05,-0.67372
9.496e-05,-3.8737
9.498e-05,-7.8535
9.5e-05,-10.254
9.502e-05,-11.054
9.504e-05,-9.4737
9.506e-05,-7.8737
9.508e-05,-4.6737
9.51e-05,-1.4939
9.512e-05,0.14648
9.514e-05,3.3263
9.516e-05,4.9263
9.518e-05,5.7465
9.52e-05,5.7465
9.522e-05,4.9465
9.524e-05,3.3465
9.526e-05,2.5263
9.528e-05,0.12628
9.53e-05,-2.2535
9.532e-05,-4.6535
9.534e-05,-3.8737
9.536e-05,-3.8939
9.538e-05,-4.6737
9.54e-05,-3.0535
9.542e-05,-1.4939
9.544e-05,0.90607
9.546e-05,0.14648
9.548e-05,2.5263
9.55e-05,3.3263
9.552e-05,2.5465
9.554e-05,3.3263
9.556e-05,0.94648
9.558e-05,0.92628
9.56e-05,-0.67372
9.562e-05,-1.4535
9.564e-05,-1.4737
9.566e-05,-1.4737
9.568e-05,-0.67372
9.57e-05,-0.65352
9.572e-05,0.92628
9.574e-05,3.3061
9.576e-05,2.5263
9.578e-05,4.1263
9.58e-05,3.3263
9.582e-05,2.5263
9.584e-05,0.92628
9.586e-05,-1.4535
9.588e-05,-3.0535
9.59e-05,-3.0737
9.592e-05,-3.8737
9.594e-05,-3.8737
9.596e-05,-4.6535
9.598e-05,-3.0737
9.6e-05,-3.0535
9.602e-05,-0.67372
9.604e-05,2.5263
9.606e-05,3.3465
9.608e-05,4.9263
9.61e-05,5.7263
9.612e-05,6.5263
9.614e-05,5.7465
9.616e-05,5.7263
9.618e-05,3.3465
9.62e-05,3.3465
9.622e-05,0.14648
9.624e-05,0.10607
9.626e-05,-3.0535
9.628e-05,-3.0737
9.63e-05,-4.6939
9.632e-05,-6.2535
9.634e-05,-5.4737
9.636e-05,-5.4737
9.638e-05,-4.6737
9.64e-05,-3.0737
9.642e-05,-2.2737
9.644e-05,-1.4535
9.646e-05,0.14648
9.648e-05,2.5263
9.65e-05,2.5465
9.652e-05,2.5465
9.654e-05,2.5465
9.656e-05,3.3061
9.658e-05,0.94648
9.66e-05,0.94648
9.662e-05,0.92628
9.664e-05,0.10607
9.666e-05,-3.0535
9.668e-05,-2.2737
9.67e-05,-3.0535
9.672e-05,-2.2535
9.674e-05,0.14648
9.676e-05,0.92628
9.678e-05,1.7465
9.68e-05,3.3263
9.682e-05,4.1263
9.684e-05,4.9263
9.686e-05,5.7465
9.688e-05,4.1465
9.69e-05,4.1263
9.692e-05,2.5263
9.694e-05,0.14648
9.696e-05,0.10607
9.698e-05,-1.4939
9.7e-05,-6.2535
9.702e-05,-7.0737
9.704e-05,-8.6737
9.706e-05,-10.254
9.708e-05,-8.6535
9.71e-05,-6.2535
9.712e-05,-4.6535
9.714e-05,-2.2737
9.716e-05,0.92628
9.718e-05,3.3465
9.72e-05,7.3061
9.722e-05,7.3263
9.724e-05,8.9263
9.726e-05,8.1263
9.728e-05,6.5263
9.73e-05,5.7263
9.732e-05,4.1263
9.734e-05,0.94648
9.736e-05,-1.4535
9.738e-05,-2.2737
9.74e-05,-6.2535
9.742e-05,-5.4939
9.744e-05,-6.2535
9.746e-05,-6.2535
9.748e-05,-6.2535
9.75e-05,-4.6535
9.752e-05,-3.0535
9.754e-05,-1.4535
9.756e-05,0.94648
9.758e-05,2.5465
9.76e-05,3.3465
9.762e-05,4.1263
9.764e-05,4.1263
9.766e-05,3.3465
9.768e-05,3.3465
9.77e-05,3.3465
9.772e-05,3.3465
9.774e-05,1.7465
9.776e-05,1.7465
9.778e-05,2.5263
9.78e-05,0.92628
9.782e-05,0.12628
9.784e-05,-2.2737
9.786e-05,-3.8737
9.788e-05,-6.2535
9.79e-05,-7.0737
9.792e-05,-9.4535
9.794e-05,-8.6737
9.796e-05,-9.4535
9.798e-05,-8.6535
9.8e-05,-7.0535
9.802e-05,-3.8535
9.804e-05,0.92628
9.806e-05,4.9061
9.808e-05,6.5263
9.81e-05,8.1465
9.812e-05,9.7465
9.814e-05,10.546
9.816e-05,11.326
9.818e-05,8.9465
9.82e-05,6.5465
9.822e-05,4.1263
9.824e-05,0.92628
9.826e-05,-3.8535
9.828e-05,-6.2535
9.83e-05,-8.6737
9.832e-05,-10.254
9.834e-05,-9.4737
9.836e-05,-10.254
9.838e-05,-7.0737
9.84e-05,-4.6535
9.842e-05,-0.65352
9.844e-05,2.5263
9.846e-05,3.3465
9.848e-05,6.5061
9.85e-05,6.5263
9.852e-05,5.7465
9.854e-05,4.9263
9.856e-05,3.3465
9.858e-05,0.92628
9.86e-05,-0.67372
9.862e-05,-3.0535
9.864e-05,-3.8737
9.866e-05,-4.6737
9.868e-05,-4.6535
9.87e-05,-3.8535
9.872e-05,-3.0737
9.874e-05,-2.2535
9.876e-05,-0.65352
9.878e-05,1.7263
9.88e-05,2.5465
9.882e-05,3.3465
9.884e-05,4.1263
9.886e-05,3.3465
9.888e-05,1.7263
9.89e-05,1.7465
9.892e-05,0.92628
9.894e-05,-1.4535
9.896e-05,-2.2535
9.898e-05,-2.2535
9.9e-05,-2.2535
9.902e-05,-1.4535
9.904e-05,-0.65352
9.906e-05,0.14648
9.908e-05,1.7263
9.91e-05,2.5263
9.912e-05,2.5263
9.914e-05,2.5263
9.916e-05,1.7263
9.918e-05,-0.65352
9.92e-05,-0.67372
9.922e-05,-2.2737
9.924e-05,-3.0535
9.926e-05,-2.2737
9.928e-05,-3.8535
9.93e-05,-3.0535
9.932e-05,-1.4737
9.934e-05,-0.65352
9.936e-05,2.5061
9.938e-05,2.5263
9.94e-05,4.1061
9.942e-05,4.1263
9.944e-05,3.3465
9.946e-05,4.9263
9.948e-05,3.3465
9.95e-05,3.3465
9.952e-05,2.5465
9.954e-05,1.7263
9.956e-05,0.12628
9.958e-05,-0.67372
9.96e-05,-3.0535
9.962e-05,-3.0939
9.964e-05,-4.6737
9.966e-05,-6.2535
9.968e-05,-5.4737
9.97e-05,-4.6535
9.972e-05,-4.6535
9.974e-05,-3.0535
9.976e-05,-1.4737
9.978e-05,-0.65352
9.98e-05,0.14648
9.982e-05,1.7263
9.984e-05,3.3263
9.986e-05,2.5263
9.988e-05,2.5263
9.99e-05,0.94648
9.992e-05,0.14648
9.994e-05,0.12628
9.996e-05,-2.2535
9.998e-05,-2.2737
0.0001,-3.0535
0.00010002,-1.4939
0.00010004,-2.2535
0.00010006,-0.65352
0.00010008,0.92628
0.0001001,3.3263
0.00010012,3.3465
0.00010014,4.9263
0.00010016,6.5263
0.00010018,6.5263
0.0001002,6.5263
0.00010022,4.9263
0.00010024,3.3263
0.00010026,0.14648
0.00010028,-2.2737
0.0001003,-5.4535
0.00010032,-7.0737
0.00010034,-9.4737
0.00010036,-11.854
0.00010038,-11.074
0.0001004,-7.8939
0.00010042,-7.8535
0.00010044,-3.8737
0.00010046,-2.2535
0.00010048,1.7465
0.0001005,5.7263
0.00010052,7.3465
0.00010054,9.7465
0.00010056,10.526
0.00010058,10.526
0.0001006,7.3465
0.00010062,4.9465
0.00010064,3.3465
0.00010066,0.92628
0.00010068,-2.2737
0.0001007,-4.6535
0.00010072,-7.0737
0.00010074,-8.6535
0.00010076,-7.8737
0.00010078,-7.0535
0.0001008,-6.2535
0.00010082,-3.8535
0.00010084,-2.2737
0.00010086,0.92628
0.00010088,2.5465
0.0001009,4.1263
0.00010092,3.3465
0.00010094,4.9465
0.00010096,4.9263
0.00010098,4.1465
0.000101,3.3465
0.00010102,3.3465
0.00010104,3.3263
0.00010106,1.7263
0.00010108,0.14648
0.0001011,0.10607
0.00010112,-1.4737
0.00010114,-3.0535
0.00010116,-4.6737
0.00010118,-4.6939
0.0001012,-7.8535
0.00010122,-7.8737
0.00010124,-7.8939
0.00010126,-8.6535
0.00010128,-7.8535
0.0001013,-6.2535
0.00010132,-3.0535
0.00010134,0.92628
0.00010136,3.3465
0.00010138,4.9465
0.0001014,7.3465
0.00010142,9.7263
0.00010144,9.7465
0.00010146,9.7465
0.00010148,9.7263
0.0001015,5.7465
0.00010152,3.3465
0.00010154,1.7263
0.00010156,-3.0535
0.00010158,-6.2535
0.0001016,-8.6737
0.00010162,-9.4535
0.00010164,-10.274
0.00010166,-10.254
0.00010168,-7.8737
0.0001017,-5.4535
0.00010172,-3.0535
0.00010174,0.14648
0.00010176,3.3465
0.00010178,4.1465
0.0001018,6.5263
0.00010182,6.5263
0.00010184,5.7465
0.00010186,4.1465
0.00010188,3.3465
0.0001019,1.7263
0.00010192,-1.4535
0.00010194,-2.2737
0.00010196,-4.6535
0.00010198,-5.4737
0.000102,-5.4737
0.00010202,-5.4737
0.00010204,-4.6535
0.00010206,-3.0535
0.00010208,-1.4535
0.0001021,0.92628
0.00010212,1.7465
0.00010214,4.1263
0.00010216,4.1263
0.00010218,2.5465
0.0001022,3.3263
0.00010222,1.7465
0.00010224,0.94648
0.00010226,0.92628
0.00010228,-0.67372
0.0001023,-0.67372
0.00010232,-1.4535
0.00010234,-0.67372
0.00010236,0.90607
0.00010238,1.7061
0.0001024,0.92628
0.00010242,0.92628
0.00010244,0.14648
0.00010246,0.14648
0.00010248,0.14648
0.0001025,-1.4535
0.00010252,-2.2737
0.00010254,-3.0535
0.00010256,-2.2737
0.00010258,-2.2737
0.0001026,-3.8535
0.00010262,-3.0535
0.00010264,-0.67372
0.00010266,0.92628
0.00010268,1.7263
0.0001027,2.5465
0.00010272,4.1263
0.00010274,3.3465
0.00010276,6.5061
0.00010278,4.1263
0.0001028,4.1263
0.00010282,3.3465
0.00010284,0.94648
0.00010286,0.14648
0.00010288,-1.4535
0.0001029,-2.2737
0.00010292,-3.8737
0.00010294,-5.4535
0.00010296,-5.4737
0.00010298,-5.4737
0.000103,-6.2535
0.00010302,-4.6737
0.00010304,-3.8737
0.00010306,-3.0535
0.00010308,0.10607
0.0001031,1.7263
0.00010312,1.7263
0.00010314,3.3263
0.00010316,3.3263
0.00010318,2.5465
0.0001032,2.5263
0.00010322,1.7263
0.00010324,0.92628
0.00010326,0.12628
0.00010328,-2.2535
0.0001033,-2.2737
0.00010332,-2.2737
0.00010334,-2.2737
0.00010336,-2.2535
0.00010338,0.14648
0.0001034,2.5263
0.00010342,4.1263
0.00010344,4.1263
0.00010346,5.7465
0.00010348,5.7465
0.0001035,7.3465
0.00010352,5.7465
0.00010354,4.1465
0.00010356,4.1263
0.00010358,0.12628
0.0001036,-3.0535
0.00010362,-5.4737
0.00010364,-8.6737
0.00010366,-10.274
0.00010368,-12.654
0.0001037,-11.874
0.00010372,-11.054
0.00010374,-7.8535
0.00010376,-3.8737
0.00010378,-1.4535
0.0001038,2.5465
0.00010382,6.5263
0.00010384,9.7263
0.00010386,10.546
0.00010388,11.326
0.0001039,9.7465
0.00010392,8.9263
0.00010394,5.7263
0.00010396,3.3263
0.00010398,0.92628
0.000104,-3.8535
0.00010402,-6.2535
0.00010404,-8.6737
0.00010406,-8.6737
0.00010408,-9.4535
0.0001041,-7.8535
0.00010412,-4.6737
0.00010414,-3.8535
0.00010416,-0.67372
0.00010418,1.7263
0.0001042,4.1263
0.00010422,5.7263
0.00010424,5.7465
0.00010426,6.5263
0.00010428,4.1465
0.0001043,4.1465
0.00010432,3.3465
0.00010434,2.5465
0.00010436,0.94648
0.00010438,0.10607
0.0001044,-1.4737
0.00010442,-3.0737
0.00010444,-4.6535
0.00010446,-6.2535
0.00010448,-6.2535
0.0001045,-6.2737
0.00010452,-7.8737
0.00010454,-7.8535
0.00010456,-6.2737
0.00010458,-5.4737
0.0001046,-4.6535
0.00010462,-1.4737
0.00010464,0.92628
0.00010466,2.5465
0.00010468,4.9263
0.0001047,7.3263
0.00010472,8.9465
0.00010474,10.526
0.00010476,8.9465
0.00010478,8.1465
0.0001048,7.3263
0.00010482,4.1465
0.00010484,2.5263
0.00010486,-2.2535
0.00010488,-5.4535
0.0001049,-8.6535
0.00010492,-10.254
0.00010494,-11.054
0.00010496,-10.254
0.00010498,-8.6737
0.000105,-6.2737
0.00010502,-3.0737
0.00010504,0.92628
0.00010506,4.1263
0.00010508,4.9465
0.0001051,7.3263
0.00010512,8.9263
0.00010514,8.1465
0.00010516,6.5263
0.00010518,4.9263
0.0001052,3.3465
0.00010522,0.14648
0.00010524,-3.0535
0.00010526,-4.6535
0.00010528,-6.2737
0.0001053,-7.0737
0.00010532,-7.0737
0.00010534,-6.2737
0.00010536,-5.4535
0.00010538,-3.8535
0.0001054,-0.67372
0.00010542,0.92628
0.00010544,2.5465
0.00010546,3.3465
0.00010548,3.3465
0.0001055,4.1263
0.00010552,3.3465
0.00010554,3.3465
0.00010556,1.7465
0.00010558,2.5061
0.0001056,1.7465
0.00010562,0.14648
0.00010564,0.12628
0.00010566,-0.67372
0.00010568,-0.67372
0.0001057,-0.67372
0.00010572,-1.4535
0.00010574,-1.4737
0.00010576,-2.2535
0.00010578,-2.2535
0.0001058,-3.0535
0.00010582,-3.0535
0.00010584,-2.2737
0.00010586,-3.0535
0.00010588,-2.2737
0.0001059,-3.0535
0.00010592,-2.2535
0.00010594,-1.4535
0.00010596,0.14648
0.00010598,1.7465
0.000106,3.3263
0.00010602,3.3263
0.00010604,3.3465
0.00010606,4.1263
0.00010608,3.3465
0.0001061,2.5465
0.00010612,3.3263
0.00010614,2.5263
0.00010616,0.14648
0.00010618,-0.65352
0.0001062,-2.2737
0.00010622,-3.0535
0.00010624,-3.0737
0.00010626,-4.6535
0.00010628,-4.6535
0.0001063,-4.6535
0.00010632,-4.6535
0.00010634,-3.8535
0.00010636,-3.8535
0.00010638,-1.4737
0.0001064,-0.67372
0.00010642,0.92628
0.00010644,1.7263
0.00010646,1.7465
0.00010648,1.7465
0.0001065,2.5263
0.00010652,1.7465
0.00010654,1.7061
0.00010656,0.92628
0.00010658,0.12628
0.0001066,-1.4535
0.00010662,-3.0535
0.00010664,-2.2737
0.00010666,-2.2737
0.00010668,-1.4737
0.0001067,0.92628
0.00010672,1.7465
0.00010674,4.1263
0.00010676,4.1465
0.00010678,5.7465
0.0001068,5.7465
0.00010682,7.3465
0.00010684,6.5465
0.00010686,4.9465
0.00010688,2.5465
0.0001069,0.90607
0.00010692,-3.0737
0.00010694,-6.2737
0.00010696,-9.4535
0.00010698,-11.874
0.000107,-13.454
0.00010702,-13.454
0.00010704,-11.074
0.00010706,-9.4535
0.00010708,-4.6535
0.0001071,-1.4535
0.00010712,4.1263
0.00010714,7.3263
0.00010716,9.7263
0.00010718,12.926
0.0001072,12.926
0.00010722,12.126
0.00010724,9.7263
0.00010726,7.3061
0.00010728,4.1263
0.0001073,0.92628
0.00010732,-2.2737
0.00010734,-5.4737
0.00010736,-9.4535
0.00010738,-9.4737
0.0001074,-9.4737
0.00010742,-8.6737
0.00010744,-4.6939
0.00010746,-3.0737
0.00010748,-0.67372
0.0001075,0.94648
0.00010752,3.3465
0.00010754,4.9465
0.00010756,5.7465
0.00010758,5.7465
0.0001076,6.5263
0.00010762,4.1465
0.00010764,4.1263
0.00010766,2.5465
0.00010768,0.14648
0.0001077,-1.4535
0.00010772,-2.2737
0.00010774,-4.6535
0.00010776,-5.4737
0.00010778,-4.6939
0.0001078,-7.0737
0.00010782,-8.6535
0.00010784,-8.6535
0.00010786,-7.8535
0.00010788,-5.4737
0.0001079,-4.6535
0.00010792,-3.0535
0.00010794,0.12628
0.00010796,3.3263
0.00010798,4.1465
0.000108,7.3263
0.00010802,10.506
0.00010804,10.526
0.00010806,10.526
0.00010808,8.9465
0.0001081,8.1263
0.00010812,4.1465
0.00010814,2.5465
0.00010816,-0.67372
0.00010818,-4.6535
0.0001082,-7.8535
0.00010822,-10.254
0.00010824,-11.054
0.00010826,-11.054
0.00010828,-9.4535
0.0001083,-7.8535
0.00010832,-3.8737
0.00010834,-0.67372
0.00010836,2.5465
0.00010838,4.9263
0.0001084,8.1263
0.00010842,9.7263
0.00010844,8.9465
0.00010846,8.1263
0.00010848,6.5263
0.0001085,4.1465
0.00010852,0.94648
0.00010854,-1.4535
0.00010856,-3.8535
0.00010858,-6.2535
0.0001086,-8.6535
0.00010862,-8.6737
0.00010864,-9.4535
0.00010866,-7.0737
0.00010868,-6.2535
0.0001087,-3.0737
0.00010872,-1.4535
0.00010874,0.92628
0.00010876,3.3465
0.00010878,3.3465
0.0001088,4.9465
0.00010882,4.9465
0.00010884,5.7465
0.00010886,4.9465
0.00010888,3.3465
0.0001089,3.3465
0.00010892,2.5263
0.00010894,0.94648
0.00010896,0.92628
0.00010898,-2.2535
0.000109,-3.0535
0.00010902,-3.0737
0.00010904,-4.6535
0.00010906,-3.8737
0.00010908,-5.4535
0.0001091,-3.8737
0.00010912,-4.6535
0.00010914,-3.0737
0.00010916,-3.0535
0.00010918,-3.0535
0.0001092,-1.4535
0.00010922,0.14648
0.00010924,1.7465
0.00010926,3.3465
0.00010928,4.1263
0.0001093,4.1263
0.00010932,4.1263
0.00010934,4.9263
0.00010936,3.3465
0.00010938,3.3465
0.0001094,3.3263
0.00010942,2.5263
0.00010944,0.92628
0.00010946,-0.65352
0.00010948,-1.4535
0.0001095,-2.2535
0.00010952,-2.2737
0.00010954,-3.0535
0.00010956,-3.8535
0.00010958,-3.8737
0.0001096,-4.6535
0.00010962,-3.8737
0.00010964,-4.6535
0.00010966,-3.0535
0.00010968,-2.2737
0.0001097,-1.4535
0.00010972,-0.65352
0.00010974,0.14648
0.00010976,1.7263
0.00010978,2.5465
0.0001098,3.3465
0.00010982,4.1263
0.00010984,3.3263
0.00010986,1.7465
0.00010988,0.92628
0.0001099,-0.65352
0.00010992,-2.2535
0.00010994,-3.0535
0.00010996,-3.8535
0.00010998,-3.8737
0.00011,-3.0535
0.00011002,-0.67372
0.00011004,0.92628
0.00011006,3.3263
0.00011008,3.3465
0.0001101,4.9465
0.00011012,8.1263
0.00011014,8.1465
0.00011016,8.1263
0.00011018,4.9465
0.0001102,4.1263
0.00011022,-0.65352
0.00011024,-3.0737
0.00011026,-7.0535
0.00011028,-10.254
0.0001103,-12.654
0.00011032,-14.254
0.00011034,-13.474
0.00011036,-12.654
0.00011038,-9.4737
0.0001104,-5.4535
0.00011042,-1.4535
0.00011044,3.3465
0.00011046,6.5465
0.00011048,10.546
0.0001105,12.926
0.00011052,13.726
0.00011054,12.926
0.00011056,11.326
0.00011058,6.5465
0.0001106,3.3465
0.00011062,0.92628
0.00011064,-3.8535
0.00011066,-6.2535
0.00011068,-8.6737
0.0001107,-10.274
0.00011072,-11.854
0.00011074,-8.6737
0.00011076,-7.0737
0.00011078,-5.4535
0.0001108,-2.2737
0.00011082,0.92628
0.00011084,4.1263
0.00011086,4.9465
0.00011088,5.7465
0.0001109,6.5465
0.00011092,6.5465
0.00011094,6.5263
0.00011096,4.1465
0.00011098,4.1263
0.000111,1.7263
0.00011102,0.10607
0.00011104,-3.0535
0.00011106,-6.2535
0.00011108,-7.8535
0.0001111,-8.6737
0.00011112,-8.6737
0.00011114,-9.4535
0.00011116,-8.6737
0.00011118,-5.4737
0.0001112,-5.4535
0.00011122,-2.2737
0.00011124,0.92628
0.00011126,3.3465
0.00011128,4.9465
0.0001113,8.1263
0.00011132,9.7263
0.00011134,11.326
0.00011136,10.546
0.00011138,9.7263
0.0001114,7.3465
0.00011142,4.9263
0.00011144,2.5263
0.00011146,-1.4535
0.00011148,-4.6535
0.0001115,-7.0535
0.00011152,-10.254
0.00011154,-10.274
0.00011156,-10.274
0.00011158,-8.6737
0.0001116,-7.8737
0.00011162,-4.6737
0.00011164,-2.2535
0.00011166,1.7263
0.00011168,3.3465
0.0001117,6.5263
0.00011172,9.7263
0.00011174,8.9465
0.00011176,8.9465
0.00011178,6.5465
0.0001118,5.7263
0.00011182,3.3465
0.00011184,0.14648
0.00011186,-2.2737
0.00011188,-6.2535
0.0001119,-9.4535
0.00011192,-10.254
0.00011194,-11.054
0.00011196,-9.4737
0.00011198,-9.4535
0.000112,-7.0535
0.00011202,-3.8535
0.00011204,-0.67372
0.00011206,1.7465
0.00011208,4.9263
0.0001121,6.5263
0.00011212,7.3465
0.00011214,8.1465
0.00011216,8.1465
0.00011218,7.3465
0.0001122,6.5263
0.00011222,4.1465
0.00011224,4.1263
0.00011226,0.14648
0.00011228,-0.67372
0.0001123,-3.0535
0.00011232,-5.4535
0.00011234,-5.4737
0.00011236,-6.2737
0.00011238,-7.8535
0.0001124,-7.0535
0.00011242,-6.2535
0.00011244,-6.2535
0.00011246,-3.8737
0.00011248,-2.2737
0.0001125,0.12628
0.00011252,1.7263
0.00011254,2.5465
0.00011256,3.3465
0.00011258,4.9263
0.0001126,5.7465
0.00011262,6.5263
0.00011264,4.9465
0.00011266,4.9263
0.00011268,3.3465
0.0001127,4.1263
0.00011272,2.5263
0.00011274,0.94648
0.00011276,0.92628
0.00011278,-3.0535
0.0001128,-3.0535
0.00011282,-3.0737
0.00011284,-4.6535
0.00011286,-5.4535
0.00011288,-5.4535
0.0001129,-6.2535
0.00011292,-5.4535
0.00011294,-3.8737
0.00011296,-3.0737
0.00011298,-2.2737
0.000113,-2.2535
0.00011302,-0.65352
0.00011304,0.94648
0.00011306,3.3263
0.00011308,3.3465
0.0001131,4.1263
0.00011312,4.1263
0.00011314,4.9061
0.00011316,3.3465
0.00011318,1.7465
0.0001132,0.14648
0.00011322,0.92628
0.00011324,-2.2737
0.00011326,-3.0535
0.00011328,-4.6535
0.0001133,-3.8737
0.00011332,-3.8535
0.00011334,-2.2737
0.00011336,0.14648
0.00011338,3.3263
0.0001134,4.1465
0.00011342,5.7465
0.00011344,7.3465
0.00011346,8.1465
0.00011348,8.1465
0.0001135,5.7465
0.00011352,4.9061
0.00011354,0.92628
0.00011356,-3.0737
0.00011358,-5.4737
0.0001136,-9.4737
0.00011362,-12.654
0.00011364,-14.254
0.00011366,-13.474
0.00011368,-11.874
0.0001137,-8.6737
0.00011372,-5.4535
0.00011374,-1.4535
0.00011376,3.3465
0.00011378,8.1263
0.0001138,11.326
0.00011382,12.146
0.00011384,14.526
0.00011386,14.526
0.00011388,11.346
0.0001139,8.1263
0.00011392,4.1465
0.00011394,0.94648
0.00011396,-3.0535
0.00011398,-6.2535
0.000114,-9.4737
0.00011402,-11.054
0.00011404,-11.074
0.00011406,-11.854
0.00011408,-8.6737
0.0001141,-7.0535
0.00011412,-3.8535
0.00011414,-0.65352
0.00011416,2.5465
0.00011418,4.1465
0.0001142,6.5465
0.00011422,7.3465
0.00011424,8.1263
0.00011426,5.7465
0.00011428,4.1465
0.0001143,4.9061
0.00011432,1.7263
0.00011434,-0.67372
0.00011436,-3.0535
0.00011438,-5.4737
0.0001144,-7.8535
0.00011442,-7.0939
0.00011444,-8.6737
0.00011446,-7.8737
0.00011448,-7.8535
0.0001145,-6.2535
0.00011452,-3.0737
0.00011454,-0.67372
0.00011456,1.7465
0.00011458,3.3465
0.0001146,5.7465
0.00011462,8.1465
0.00011464,8.9263
0.00011466,9.7263
0.00011468,9.7061
0.0001147,8.1263
0.00011472,4.9465
0.00011474,3.3465
0.00011476,0.92628
0.00011478,-2.2535
0.0001148,-4.6535
0.00011482,-7.8535
0.00011484,-9.4535
0.00011486,-10.254
0.00011488,-9.4535
0.0001149,-8.6737
0.00011492,-6.2535
0.00011494,-3.0737
0.00011496,-0.67372
0.00011498,2.5263
0.000115,5.7061
0.00011502,7.3263
0.00011504,8.9263
0.00011506,8.9263
0.00011508,8.1465
0.0001151,6.5263
0.00011512,3.3465
0.00011514,2.5263
0.00011516,-0.67372
0.00011518,-4.6535
0.0001152,-7.8535
0.00011522,-9.4535
0.00011524,-11.054
0.00011526,-11.054
0.00011528,-9.4535
0.0001153,-8.6737
0.00011532,-5.4737
0.00011534,-2.2737
0.00011536,0.14648
0.00011538,3.3465
0.0001154,4.9465
0.00011542,8.1263
0.00011544,8.9263
0.00011546,8.9465
0.00011548,9.7263
0.0001155,8.1465
0.00011552,6.5263
0.00011554,5.7263
0.00011556,1.7465
0.00011558,0.14648
0.0001156,-2.2737
0.00011562,-3.8737
0.00011564,-7.0737
0.00011566,-9.4535
0.00011568,-10.254
0.0001157,-9.4535
0.00011572,-8.6737
0.00011574,-8.6535
0.00011576,-5.4737
0.00011578,-4.6535
0.0001158,-2.2535
0.00011582,0.92628
0.00011584,4.9061
0.00011586,4.9263
0.00011588,5.7465
0.0001159,6.5263
0.00011592,7.3465
0.00011594,7.3465
0.00011596,6.5263
0.00011598,5.7465
0.000116,3.3465
0.00011602,2.5465
0.00011604,0.92628
0.00011606,-0.67372
0.00011608,-3.0535
0.0001161,-3.8535
0.00011612,-4.6737
0.00011614,-6.2535
0.00011616,-6.2535
0.00011618,-6.2535
0.0001162,-5.4737
0.00011622,-4.6737
0.00011624,-4.6535
0.00011626,-3.8535
0.00011628,-3.0535
0.0001163,-2.2535
0.00011632,0.92628
0.00011634,0.94648
0.00011636,2.5465
0.00011638,4.1263
0.0001164,4.1465
0.00011642,4.9465
0.00011644,4.1465
0.00011646,4.1465
0.00011648,3.3465
0.0001165,2.5263
0.00011652,0.92628
0.00011654,-1.4737
0.00011656,-3.0535
0.00011658,-4.6535
0.0001166,-6.2535
0.00011662,-5.4737
0.00011664,-5.4737
0.00011666,-3.8535
0.00011668,-0.67372
0.0001167,2.5263
0.00011672,3.3465
0.00011674,6.5263
0.00011676,7.3465
0.00011678,8.1465
0.0001168,9.7061
0.00011682,7.3465
0.00011684,4.1465
0.00011686,1.7465
0.00011688,-2.2535
0.0001169,-6.2535
0.00011692,-8.6737
0.00011694,-11.854
0.00011696,-12.674
0.00011698,-14.254
0.000117,-12.654
0.00011702,-10.254
0.00011704,-7.0535
0.00011706,-2.2535
0.00011708,2.5465
0.0001171,5.7465
0.00011712,10.526
0.00011714,12.146
0.00011716,12.946
0.00011718,14.526
0.0001172,12.126
0.00011722,8.9465
0.00011724,4.9465
0.00011726,2.5263
0.00011728,-0.67372
0.0001173,-5.4737
0.00011732,-9.4535
0.00011734,-11.054
0.00011736,-12.654
0.00011738,-11.074
0.0001174,-8.6737
0.00011742,-7.0737
0.00011744,-3.8737
0.00011746,-0.69393
0.00011748,1.7465
0.0001175,3.3465
0.00011752,6.5263
0.00011754,7.3263
0.00011756,8.1263
0.00011758,5.7465
0.0001176,4.9465
0.00011762,3.3465
0.00011764,1.7465
0.00011766,-1.4535
0.00011768,-3.0535
0.0001177,-3.8939
0.00011772,-7.8535
0.00011774,-7.8737
0.00011776,-7.8737
0.00011778,-7.8737
0.0001178,-7.0535
0.00011782,-5.4535
0.00011784,-2.2737
0.00011786,0.14648
0.00011788,3.3263
0.0001179,4.9263
0.00011792,6.5263
0.00011794,8.1465
0.00011796,8.1465
0.00011798,8.9263
0.000118,8.1263
0.00011802,6.5263
0.00011804,3.3465
0.00011806,2.5263
0.00011808,-1.4535
0.0001181,-1.4939
0.00011812,-6.2535
0.00011814,-7.8535
0.00011816,-7.8737
0.00011818,-9.4535
0.0001182,-7.8737
0.00011822,-6.2737
0.00011824,-3.8737
0.00011826,-2.2535
0.00011828,0.14648
0.0001183,3.3465
0.00011832,5.7263
0.00011834,6.5263
0.00011836,7.3465
0.00011838,7.3465
0.0001184,6.5263
0.00011842,4.1465
0.00011844,4.1263
0.00011846,0.14648
0.00011848,-1.4737
0.0001185,-3.8737
0.00011852,-7.8535
0.00011854,-9.4535
0.00011856,-10.254
0.00011858,-9.4737
0.0001186,-9.4535
0.00011862,-7.8535
0.00011864,-5.4535
0.00011866,-3.0535
0.00011868,0.14648
0.0001187,4.1263
0.00011872,6.5263
0.00011874,8.9465
0.00011876,8.9465
0.00011878,12.106
0.0001188,11.326
0.00011882,8.9465
0.00011884,8.1263
0.00011886,4.9263
0.00011888,2.5263
0.0001189,-1.4737
0.00011892,-3.8737
0.00011894,-7.8535
0.00011896,-9.4737
0.00011898,-11.854
0.000119,-12.654
0.00011902,-11.874
0.00011904,-11.854
0.00011906,-9.4535
0.00011908,-5.4737
0.0001191,-3.0535
0.00011912,0.14648
0.00011914,4.1263
0.00011916,6.5263
0.00011918,8.9263
0.0001192,9.7465
0.00011922,11.326
0.00011924,9.7465
0.00011926,9.7263
0.00011928,7.3263
0.0001193,4.9465
0.00011932,3.3465
0.00011934,0.92628
0.00011936,0.10607
0.00011938,-2.2737
0.0001194,-4.6535
0.00011942,-5.4737
0.00011944,-6.2535
0.00011946,-7.0535
0.00011948,-6.2737
0.0001195,-7.0535
0.00011952,-6.2535
0.00011954,-5.4535
0.00011956,-4.6535
0.00011958,-3.0737
0.0001196,-2.2535
0.00011962,-1.4535
0.00011964,0.94648
0.00011966,2.5465
0.00011968,4.1263
0.0001197,4.9465
0.00011972,5.7465
0.00011974,5.7465
0.00011976,5.7465
0.00011978,5.7465
0.0001198,4.1465
0.00011982,1.7465
0.00011984,-0.65352
0.00011986,-3.0535
0.00011988,-5.4535
0.0001199,-5.4737
0.00011992,-7.8737
0.00011994,-9.4535
0.00011996,-7.8535
0.00011998,-6.2535
0.00012,-3.0535
0.00012002,0.92628
0.00012004,3.3465
0.00012006,6.5263
0.00012008,8.1465
0.0001201,10.526
0.00012012,10.526
0.00012014,8.9465
0.00012016,5.7465
0.00012018,4.1263
0.0001202,-0.65352
0.00012022,-4.6535
0.00012024,-7.8535
0.00012026,-11.054
0.00012028,-13.474
0.0001203,-13.454
0.00012032,-13.474
0.00012034,-11.854
0.00012036,-6.2939
0.00012038,-3.8535
0.0001204,0.92628
0.00012042,4.1465
0.00012044,8.9263
0.00012046,10.546
0.00012048,12.946
0.0001205,13.746
0.00012052,12.146
0.00012054,9.7465
0.00012056,6.5263
0.00012058,4.1263
0.0001206,0.14648
0.00012062,-3.8535
0.00012064,-7.0535
0.00012066,-10.254
0.00012068,-11.874
0.0001207,-11.874
0.00012072,-11.054
0.00012074,-9.4535
0.00012076,-6.2535
0.00012078,-3.8535
0.0001208,-1.4535
0.00012082,3.3263
0.00012084,4.9263
0.00012086,5.7465
0.00012088,6.5465
0.0001209,5.7465
0.00012092,4.9465
0.00012094,3.3465
0.00012096,2.5465
0.00012098,0.14648
0.000121,-2.2535
0.00012102,-3.0737
0.00012104,-5.4737
0.00012106,-7.8535
0.00012108,-7.8535
0.0001211,-7.8535
0.00012112,-5.4737
0.00012114,-2.2939
0.00012116,-2.2535
0.00012118,0.14648
0.0001212,4.1263
0.00012122,3.3465
0.00012124,5.7263
0.00012126,5.7465
0.00012128,5.7465
0.0001213,5.7465
0.00012132,4.1465
0.00012134,3.3465
0.00012136,3.3263
0.00012138,0.14648
0.0001214,-1.4737
0.00012142,-3.8535
0.00012144,-4.6535
0.00012146,-6.2535
0.00012148,-6.2535
0.0001215,-6.2535
0.00012152,-5.4535
0.00012154,-3.0737
0.00012156,-2.2737
0.00012158,0.14648
0.0001216,2.5061
0.00012162,4.1263
0.00012164,3.3465
0.00012166,4.9263
0.00012168,4.1465
0.0001217,4.1465
0.00012172,4.1263
0.00012174,3.3263
0.00012176,1.7061
0.00012178,0.12628
0.0001218,-3.0535
0.00012182,-5.4535
0.00012184,-7.0535
0.00012186,-7.8737
0.00012188,-8.6737
0.0001219,-7.0939
0.00012192,-7.0737
0.00012194,-5.4737
0.00012196,-3.0535
0.00012198,0.12628
0.000122,2.5465
0.00012202,5.7263
0.00012204,8.1263
0.00012206,9.7465
0.00012208,9.7465
0.0001221,10.546
0.00012212,8.9465
0.00012214,8.9061
0.00012216,4.1465
0.00012218,3.3263
0.0001222,-1.4535
0.00012222,-3.8737
0.00012224,-8.6535
0.00012226,-10.254
0.00012228,-12.654
0.0001223,-12.654
0.00012232,-11.874
0.00012234,-10.274
0.00012236,-8.6737
0.00012238,-6.2535
0.0001224,-3.0535
0.00012242,1.7263
0.00012244,3.3465
0.00012246,6.5263
0.00012248,9.7263
0.0001225,10.526
0.00012252,11.326
0.00012254,10.526
0.00012256,8.1465
0.00012258,6.5465
0.0001226,4.1465
0.00012262,3.3263
0.00012264,0.14648
0.00012266,-0.67372
0.00012268,-3.0737
0.0001227,-3.8737
0.00012272,-6.2535
0.00012274,-6.2535
0.00012276,-7.0535
0.00012278,-5.4737
0.0001228,-6.2535
0.00012282,-6.2535
0.00012284,-5.4535
0.00012286,-3.8737
0.00012288,-3.8535
0.0001229,-2.2737
0.00012292,-0.65352
0.00012294,0.94648
0.00012296,3.3263
0.00012298,3.3465
0.000123,5.7263
0.00012302,6.5465
0.00012304,7.3263
0.00012306,5.7465
0.00012308,5.7465
0.0001231,4.1465
0.00012312,3.3465
0.00012314,0.14648
0.00012316,-3.0535
0.00012318,-4.6535
0.0001232,-6.2737
0.00012322,-8.6535
0.00012324,-8.6737
0.00012326,-8.6737
0.00012328,-7.8535
0.0001233,-5.4737
0.00012332,-3.0535
0.00012334,0.92628
0.00012336,3.3465
0.00012338,6.5263
0.0001234,8.9263
0.00012342,8.9465
0.00012344,8.9465
0.00012346,8.9465
0.00012348,6.5465
0.0001235,4.1263
0.00012352,0.92628
0.00012354,-2.2737
0.00012356,-5.4737
0.00012358,-10.254
0.0001236,-12.654
0.00012362,-12.674
0.00012364,-13.454
0.00012366,-12.654
0.00012368,-10.254
0.0001237,-6.2535
0.00012372,-0.67372
0.00012374,3.3465
0.00012376,5.7465
0.00012378,9.7263
0.0001238,12.146
0.00012382,12.946
0.00012384,12.946
0.00012386,12.906
0.00012388,8.9263
0.0001239,4.9465
0.00012392,1.7465
0.00012394,-2.2535
0.00012396,-6.2535
0.00012398,-9.4535
0.000124,-11.854
0.00012402,-11.874
0.00012404,-11.874
0.00012406,-9.4737
0.00012408,-8.6535
0.0001241,-4.6535
0.00012412,-2.2535
0.00012414,0.94648
0.00012416,3.3465
0.00012418,5.7465
0.0001242,8.1465
0.00012422,7.3465
0.00012424,5.7465
0.00012426,4.9465
0.00012428,3.3465
0.0001243,1.7465
0.00012432,-0.65352
0.00012434,-1.4737
0.00012436,-4.6535
0.00012438,-6.2535
0.0001244,-6.2535
0.00012442,-6.2535
0.00012444,-5.4737
0.00012446,-4.6535
0.00012448,-2.2737
0.0001245,-0.65352
0.00012452,2.5263
0.00012454,3.3465
0.00012456,3.3465
0.00012458,4.1465
0.0001246,4.1465
0.00012462,4.1465
0.00012464,3.3465
0.00012466,3.3465
0.00012468,1.7465
0.0001247,0.14648
0.00012472,0.12628
0.00012474,-2.2535
0.00012476,-3.0535
0.00012478,-2.2737
0.0001248,-4.6535
0.00012482,-3.8535
0.00012484,-3.0535
0.00012486,-2.2737
0.00012488,-2.2737
0.0001249,-0.67372
0.00012492,-0.65352
0.00012494,0.92628
0.00012496,0.94648
0.00012498,2.5263
0.000125,2.5465
0.00012502,2.5465
0.00012504,2.5465
0.00012506,1.7263
0.00012508,0.92628
0.0001251,-1.4535
0.00012512,-2.2737
0.00012514,-3.8737
0.00012516,-5.4535
0.00012518,-5.4737
0.0001252,-7.0535
0.00012522,-6.2535
0.00012524,-4.6737
0.00012526,-3.8535
0.00012528,-1.4535
0.0001253,0.94648
0.00012532,3.3465
0.00012534,4.9465
0.00012536,8.1263
0.00012538,8.1465
0.0001254,9.7263
0.00012542,8.1465
0.00012544,8.1263
0.00012546,4.9465
0.00012548,2.5465
0.0001255,-0.65352
0.00012552,-3.8535
0.00012554,-5.4737
0.00012556,-8.6737
0.00012558,-10.274
0.0001256,-11.874
0.00012562,-11.854
0.00012564,-10.254
0.00012566,-8.6535
0.00012568,-5.4535
0.0001257,-3.0535
0.00012572,0.14648
0.00012574,3.3465
0.00012576,6.5263
0.00012578,7.3465
0.0001258,8.9465
0.00012582,9.7465
0.00012584,9.7263
0.00012586,7.3465
0.00012588,5.7465
0.0001259,5.7263
0.00012592,2.5465
0.00012594,0.92628
0.00012596,-0.65352
0.00012598,-3.0535
0.000126,-3.8535
0.00012602,-5.4535
0.00012604,-6.2535
0.00012606,-5.4737
0.00012608,-5.4737
0.0001261,-5.4737
0.00012612,-5.4737
0.00012614,-5.4535
0.00012616,-3.8737
0.00012618,-3.8535
0.0001262,-3.0535
0.00012622,-0.69393
0.00012624,0.14648
0.00012626,1.7263
0.00012628,2.5465
0.0001263,4.1263
0.00012632,4.9465
0.00012634,5.7465
0.00012636,5.7465
0.00012638,5.7465
0.0001264,4.9465
0.00012642,4.1465
0.00012644,2.5465
0.00012646,0.14648
0.00012648,-1.4737
0.0001265,-4.6737
0.00012652,-7.0535
0.00012654,-8.6535
0.00012656,-9.4535
0.00012658,-9.4535
0.0001266,-8.6737
0.00012662,-6.2535
0.00012664,-3.0737
0.00012666,0.14648
0.00012668,4.1263
0.0001267,5.7465
0.00012672,8.1465
0.00012674,8.9465
0.00012676,9.7465
0.00012678,9.7465
0.0001268,8.1465
0.00012682,4.9465
0.00012684,3.3263
0.00012686,-2.2535
0.00012688,-5.4737
0.0001269,-8.6737
0.00012692,-11.854
0.00012694,-13.454
0.00012696,-14.254
0.00012698,-13.454
0.000127,-10.274
0.00012702,-6.2535
0.00012704,-3.0535
0.00012706,1.7465
0.00012708,4.1465
0.0001271,9.7263
0.00012712,12.146
0.00012714,13.746
0.00012716,13.746
0.00012718,12.146
0.0001272,8.9465
0.00012722,6.5263
0.00012724,3.3263
0.00012726,-1.4535
0.00012728,-4.6737
0.0001273,-9.4535
0.00012732,-12.654
0.00012734,-12.654
0.00012736,-11.874
0.00012738,-11.074
0.0001274,-8.6535
0.00012742,-6.2535
0.00012744,-3.0535
0.00012746,0.14648
0.00012748,3.3465
0.0001275,5.7465
0.00012752,8.9263
0.00012754,7.3465
0.00012756,7.3263
0.00012758,4.1465
0.0001276,4.1263
0.00012762,2.5465
0.00012764,-0.65352
0.00012766,-2.2535
0.00012768,-3.8535
0.0001277,-5.4737
0.00012772,-6.2535
0.00012774,-6.2535
0.00012776,-4.6535
0.00012778,-4.6535
0.0001278,-3.0535
0.00012782,-1.4535
0.00012784,0.14648
0.00012786,1.7465
0.00012788,3.3465
0.0001279,3.3465
0.00012792,3.3465
0.00012794,4.1263
0.00012796,3.3465
0.00012798,4.1263
0.000128,1.7465
0.00012802,1.7263
0.00012804,0.94648
0.00012806,-1.4535
0.00012808,-2.2535
0.0001281,-2.2535
0.00012812,-3.0535
0.00012814,-3.8535
0.00012816,-3.8535
0.00012818,-3.0737
0.0001282,-3.0535
0.00012822,-3.0535
0.00012824,-1.4535
0.00012826,-1.4535
0.00012828,0.14648
0.0001283,0.94648
0.00012832,2.5263
0.00012834,2.5465
0.00012836,2.5465
0.00012838,1.7465
0.0001284,0.92628
0.00012842,-0.65352
0.00012844,-1.4737
0.00012846,-3.8535
0.00012848,-4.6535
0.0001285,-5.4535
0.00012852,-6.2535
0.00012854,-4.6737
0.00012856,-3.8535
0.00012858,-2.2535
0.0001286,0.92628
0.00012862,2.5465
0.00012864,4.9263
0.00012866,5.7465
0.00012868,8.9263
0.0001287,8.9465
0.00012872,8.9465
0.00012874,8.1263
0.00012876,6.5263
0.00012878,4.1263
0.0001288,1.7263
0.00012882,-3.0535
0.00012884,-5.4535
0.00012886,-8.6535
0.00012888,-11.054
0.0001289,-11.074
0.00012892,-11.854
0.00012894,-11.054
0.00012896,-9.4535
0.00012898,-6.2535
0.000129,-3.0535
0.00012902,0.92628
0.00012904,3.3465
0.00012906,6.5263
0.00012908,8.1465
0.0001291,8.9465
0.00012912,8.9465
0.00012914,9.7263
0.00012916,8.9061
0.00012918,5.7465
0.0001292,4.9263
0.00012922,4.1263
0.00012924,0.14648
0.00012926,-1.4535
0.00012928,-2.2737
0.0001293,-3.8535
0.00012932,-5.4535
0.00012934,-5.4535
0.00012936,-6.2535
0.00012938,-6.2535
0.0001294,-5.4737
0.00012942,-5.4535
0.00012944,-4.6535
0.00012946,-3.8535
0.00012948,-3.0535
0.0001295,-3.0535
0.00012952,-2.2535
0.00012954,-1.4535
0.00012956,0.14648
0.00012958,2.5263
0.0001296,3.3465
0.00012962,3.3465
0.00012964,5.7263
0.00012966,5.7465
0.00012968,5.7465
0.0001297,4.9465
0.00012972,4.1465
0.00012974,3.3465
0.00012976,1.7465
0.00012978,-0.65352
0.0001298,-2.2535
0.00012982,-5.4737
0.00012984,-8.6535
0.00012986,-8.6737
0.00012988,-9.4535
0.0001299,-7.8939
0.00012992,-7.8535
0.00012994,-6.2535
0.00012996,-3.0535
0.00012998,0.14648
0.00013,4.1263
0.00013002,6.5465
0.00013004,8.9465
0.00013006,10.546
0.00013008,10.546
0.0001301,10.546
0.00013012,8.1465
0.00013014,5.7263
0.00013016,2.5465
0.00013018,-1.4535
0.0001302,-5.4535
0.00013022,-8.6535
0.00013024,-11.074
0.00013026,-13.454
0.00013028,-12.674
0.0001303,-13.454
0.00013032,-11.054
0.00013034,-7.8535
0.00013036,-3.0535
0.00013038,1.7263
0.0001304,5.7263
0.00013042,8.9465
0.00013044,12.926
0.00013046,14.526
0.00013048,14.526
0.0001305,12.146
0.00013052,10.526
0.00013054,5.7465
0.00013056,4.1263
0.00013058,-1.4535
0.0001306,-4.6535
0.00013062,-8.6535
0.00013064,-11.054
0.00013066,-13.454
0.00013068,-12.654
0.0001307,-11.874
0.00013072,-9.4535
0.00013074,-6.2535
0.00013076,-2.2737
0.00013078,0.92628
0.0001308,3.3263
0.00013082,4.9465
0.00013084,7.3263
0.00013086,7.3465
0.00013088,7.3263
0.0001309,5.7465
0.00013092,4.9263
0.00013094,3.3465
0.00013096,0.14648
0.00013098,0.90607
0.000131,-1.4737
0.00013102,-3.8737
0.00013104,-4.6737
0.00013106,-4.6535
0.00013108,-3.8737
0.0001311,-3.8535
0.00013112,-3.0737
0.00013114,-2.2535
0.00013116,-1.4535
0.00013118,0.14648
0.0001312,2.5263
0.00013122,2.5465
0.00013124,2.5465
0.00013126,3.3465
0.00013128,3.3263
0.0001313,4.1263
0.00013132,2.5465
0.00013134,2.5465
0.00013136,2.5263
0.00013138,0.14648
0.0001314,-0.65352
0.00013142,-1.4535
0.00013144,-1.4737
0.00013146,-3.0535
0.00013148,-2.2737
0.0001315,-3.0535
0.00013152,-3.8535
0.00013154,-3.0535
0.00013156,-2.2535
0.00013158,-0.67372
0.0001316,-1.4535
0.00013162,0.92628
0.00013164,0.14648
0.00013166,1.7263
0.00013168,0.94648
0.0001317,1.7465
0.00013172,0.94648
0.00013174,-0.65352
0.00013176,-1.4535
0.00013178,-2.2535
0.0001318,-3.0535
0.00013182,-3.8535
0.00013184,-3.0737
0.00013186,-3.0535
0.00013188,-2.2535
0.0001319,0.14648
0.00013192,1.7465
0.00013194,3.3465
0.00013196,4.9465
0.00013198,7.3263
0.000132,8.1263
0.00013202,7.3263
0.00013204,5.7465
0.00013206,4.9465
0.00013208,3.3465
0.0001321,0.92628
0.00013212,-2.2737
0.00013214,-4.6535
0.00013216,-7.8535
0.00013218,-8.6737
0.0001322,-11.054
0.00013222,-11.054
0.00013224,-9.4535
0.00013226,-7.8737
0.00013228,-6.2535
0.0001323,-3.0535
0.00013232,1.7263
0.00013234,3.3465
0.00013236,5.7465
0.00013238,7.3465
0.0001324,8.1465
0.00013242,10.506
0.00013244,7.3465
0.00013246,5.7465
0.00013248,6.5263
0.0001325,3.3465
0.00013252,1.7465
0.00013254,-0.65352
0.00013256,-0.67372
0.00013258,-3.0737
0.0001326,-4.6535
0.00013262,-5.4535
0.00013264,-5.4535
0.00013266,-3.8737
0.00013268,-4.6535
0.0001327,-3.8737
0.00013272,-3.0737
0.00013274,-3.8535
0.00013276,-3.0535
0.00013278,-2.2535
0.0001328,-2.2535
0.00013282,-2.2535
0.00013284,-0.67372
0.00013286,0.94648
0.00013288,1.7263
0.0001329,1.7465
0.00013292,2.5465
0.00013294,4.1263
0.00013296,4.1263
0.00013298,3.3465
0.000133,3.3465
0.00013302,3.3465
0.00013304,4.1263
0.00013306,2.5263
0.00013308,0.12628
0.0001331,-1.4535
0.00013312,-3.8535
0.00013314,-6.2535
0.00013316,-7.8535
0.00013318,-8.6737
0.0001332,-7.8737
0.00013322,-7.0737
0.00013324,-6.2535
0.00013326,-4.6535
0.00013328,-2.2535
0.0001333,1.7465
0.00013332,4.9263
0.00013334,6.5465
0.00013336,8.9465
0.00013338,9.7465
0.0001334,9.7465
0.00013342,9.7263
0.00013344,8.9263
0.00013346,4.9465
0.00013348,2.5465
0.0001335,-1.4535
0.00013352,-4.6737
0.00013354,-7.8737
0.00013356,-11.054
0.00013358,-12.674
0.0001336,-13.454
0.00013362,-13.454
0.00013364,-11.854
0.00013366,-8.6535
0.00013368,-3.8535
0.0001337,0.14648
0.00013372,4.1465
0.00013374,8.9465
0.00013376,12.126
0.00013378,15.306
0.0001338,14.526
0.00013382,13.746
0.00013384,10.546
0.00013386,8.1263
0.00013388,4.1263
0.0001339,0.14648
0.00013392,-4.6535
0.00013394,-7.0535
0.00013396,-11.854
0.00013398,-13.454
0.000134,-14.254
0.00013402,-12.654
0.00013404,-11.054
0.00013406,-7.8535
0.00013408,-4.6535
0.0001341,-0.67372
0.00013412,2.5263
0.00013414,4.9263
0.00013416,7.3465
0.00013418,8.1465
0.0001342,8.1465
0.00013422,7.3263
0.00013424,5.7465
0.00013426,3.3465
0.00013428,1.7465
0.0001343,0.92628
0.00013432,-3.0535
0.00013434,-4.6535
0.00013436,-4.6737
0.00013438,-5.4737
0.0001344,-5.4737
0.00013442,-6.2535
0.00013444,-4.6535
0.00013446,-3.0535
0.00013448,-3.0535
0.0001345,0.12628
0.00013452,0.92628
0.00013454,3.3263
0.00013456,4.1263
0.00013458,3.3465
0.0001346,3.3465
0.00013462,3.3465
0.00013464,3.3465
0.00013466,3.3465
0.00013468,2.5465
0.0001347,0.94648
0.00013472,0.92628
0.00013474,-1.4535
0.00013476,-3.0535
0.00013478,-3.8737
0.0001348,-3.8737
0.00013482,-4.6535
0.00013484,-5.4535
0.00013486,-4.6535
0.00013488,-3.0535
0.0001349,-1.4737
0.00013492,-1.4535
0.00013494,0.14648
0.00013496,1.7465
0.00013498,3.3465
0.000135,3.3465
0.00013502,4.1263
0.00013504,2.5465
0.00013506,0.94648
0.00013508,0.92628
0.0001351,0.12628
0.00013512,-3.0535
0.00013514,-3.0535
0.00013516,-2.2737
0.00013518,-3.0535
0.0001352,-2.2535
0.00013522,0.14648
0.00013524,3.3061
0.00013526,3.3465
0.00013528,4.9263
0.0001353,5.7263
0.00013532,5.7465
0.00013534,5.7465
0.00013536,4.9465
0.00013538,4.9061
0.0001354,0.94648
0.00013542,-0.67372
0.00013544,-3.0737
0.00013546,-6.2535
0.00013548,-8.6535
0.0001355,-8.6737
0.00013552,-9.4535
0.00013554,-9.4535
0.00013556,-7.8535
0.00013558,-4.6737
0.0001356,-2.2737
0.00013562,0.14648
0.00013564,3.3465
0.00013566,4.1465
0.00013568,6.5263
0.0001357,7.3263
0.00013572,8.1263
0.00013574,7.3263
0.00013576,5.7465
0.00013578,4.1465
0.0001358,4.1263
0.00013582,1.7465
0.00013584,0.14648
0.00013586,-1.4535
0.00013588,-2.2737
0.0001359,-3.8535
0.00013592,-3.8535
0.00013594,-3.0737
0.00013596,-3.8535
0.00013598,-3.0535
0.000136,-3.0535
0.00013602,-3.0535
0.00013604,-2.2535
0.00013606,-3.0535
0.00013608,-3.0535
0.0001361,-2.2535
0.00013612,-2.2737
0.00013614,-1.4737
0.00013616,-2.2535
0.00013618,-0.67372
0.0001362,0.92628
0.00013622,2.5263
0.00013624,1.7465
0.00013626,3.3465
0.00013628,4.1263
0.0001363,3.3465
0.00013632,3.3465
0.00013634,3.3465
0.00013636,3.3465
0.00013638,1.7465
0.0001364,0.14648
0.00013642,-0.65352
0.00013644,-3.8535
0.00013646,-3.8737
0.00013648,-7.0535
0.0001365,-6.2737
0.00013652,-6.2939
0.00013654,-5.4737
0.00013656,-5.4535
0.00013658,-3.8535
0.0001366,-1.4535
0.00013662,2.5263
0.00013664,3.3465
0.00013666,6.5263
0.00013668,8.1465
0.0001367,9.7263
0.00013672,8.9465
0.00013674,8.9465
0.00013676,8.1263
0.00013678,5.7465
0.0001368,3.3263
0.00013682,-0.67372
0.00013684,-4.6535
0.00013686,-7.8535
0.00013688,-11.054
0.0001369,-11.874
0.00013692,-13.454
0.00013694,-12.674
0.00013696,-10.274
0.00013698,-9.4535
0.000137,-4.6535
0.00013702,0.12628
0.00013704,3.3465
0.00013706,7.3465
0.00013708,10.546
0.0001371,12.926
0.00013712,13.746
0.00013714,12.946
0.00013716,10.546
0.00013718,7.3465
0.0001372,3.3465
0.00013722,0.14648
0.00013724,-3.8535
0.00013726,-7.0535
0.00013728,-11.054
0.0001373,-12.674
0.00013732,-14.254
0.00013734,-11.874
0.00013736,-11.854
0.00013738,-9.4535
0.0001374,-4.6535
0.00013742,-1.4535
0.00013744,1.7465
0.00013746,4.1465
0.00013748,6.5465
0.0001375,9.7061
0.00013752,8.1465
0.00013754,6.5465
0.00013756,5.7465
0.00013758,2.5667
0.0001376,1.7465
0.00013762,0.92628
0.00013764,-1.4737
0.00013766,-3.8737
0.00013768,-5.4737
0.0001377,-5.4737
0.00013772,-6.2535
0.00013774,-5.4737
0.00013776,-4.6737
0.00013778,-3.0737
0.0001378,-2.2535
0.00013782,0.14648
0.00013784,1.7465
0.00013786,3.3465
0.00013788,3.3465
0.0001379,5.7263
0.00013792,4.1465
0.00013794,4.9465
0.00013796,4.1465
0.00013798,3.3465
0.000138,1.7465
0.00013802,0.14648
0.00013804,-0.65352
0.00013806,-3.0535
0.00013808,-4.6535
0.0001381,-6.2535
0.00013812,-6.2535
0.00013814,-5.4737
0.00013816,-4.6737
0.00013818,-4.6535
0.0001382,-3.0535
0.00013822,-0.67372
0.00013824,1.7263
0.00013826,1.7465
0.00013828,3.3465
0.0001383,4.1263
0.00013832,4.1465
0.00013834,3.3465
0.00013836,3.3465
0.00013838,1.7465
0.0001384,0.14648
0.00013842,-1.4535
0.00013844,-1.4939
0.00013846,-3.0535
0.00013848,-3.8535
0.0001385,-2.2737
0.00013852,-1.4737
0.00013854,0.12628
0.00013856,0.94648
0.00013858,2.5465
0.0001386,3.3465
0.00013862,4.9263
0.00013864,5.7263
0.00013866,4.9263
0.00013868,4.1263
0.0001387,3.3263
0.00013872,0.14648
0.00013874,-0.67372
0.00013876,-3.8737
0.00013878,-6.2535
0.0001388,-7.8535
0.00013882,-8.6535
0.00013884,-8.6535
0.00013886,-7.0535
0.00013888,-6.2535
0.0001389,-3.0535
0.00013892,0.12628
0.00013894,1.7465
0.00013896,4.1263
0.00013898,5.7263
0.000139,6.5263
0.00013902,5.7465
0.00013904,6.5263
0.00013906,4.9465
0.00013908,3.3465
0.0001391,2.5465
0.00013912,1.7263
0.00013914,0.14648
0.00013916,-0.67372
0.00013918,-3.0535
0.0001392,-2.2737
0.00013922,-3.0535
0.00013924,-3.8535
0.00013926,-3.0535
0.00013928,-3.0535
0.0001393,-2.2535
0.00013932,-2.2535
0.00013934,-2.2535
0.00013936,-2.2535
0.00013938,-1.4737
0.0001394,-2.2535
0.00013942,-2.2535
0.00013944,-1.4737
0.00013946,-1.4535
0.00013948,-1.4535
0.0001395,-0.65352
0.00013952,0.92628
0.00013954,1.7465
0.00013956,2.5465
0.00013958,4.1263
0.0001396,4.1263
0.00013962,4.1263
0.00013964,3.3465
0.00013966,2.5465
0.00013968,1.7465
0.0001397,0.92628
0.00013972,-1.4535
0.00013974,-3.0535
0.00013976,-4.6535
0.00013978,-4.6737
0.0001398,-6.2535
0.00013982,-7.0535
0.00013984,-5.4737
0.00013986,-5.4535
0.00013988,-3.0535
0.0001399,-1.4535
0.00013992,0.14648
0.00013994,2.5263
0.00013996,4.1263
0.00013998,5.7465
0.00014,8.9263
0.00014002,9.7263
0.00014004,8.1465
0.00014006,7.3465
0.00014008,5.7465
0.0001401,4.1465
0.00014012,2.5465
0.00014014,-1.4535
0.00014016,-3.8737
0.00014018,-7.0737
0.0001402,-8.6737
0.00014022,-12.654
0.00014024,-12.654
0.00014026,-12.654
0.00014028,-10.274
0.0001403,-8.6535
0.00014032,-5.4535
0.00014034,-0.65352
0.00014036,4.1263
0.00014038,6.5465
0.0001404,12.106
0.00014042,12.926
0.00014044,14.526
0.00014046,13.726
0.00014048,11.346
0.0001405,7.3465
0.00014052,3.3465
0.00014054,0.92628
0.00014056,-4.6535
0.00014058,-6.2535
0.0001406,-10.274
0.00014062,-12.674
0.00014064,-14.254
0.00014066,-13.454
0.00014068,-11.054
0.0001407,-9.4535
0.00014072,-4.6535
0.00014074,-2.2535
0.00014076,2.5263
0.00014078,4.1465
0.0001408,8.1263
0.00014082,8.9465
0.00014084,8.9465
0.00014086,8.1465
0.00014088,5.7465
0.0001409,4.1465
0.00014092,3.3465
0.00014094,0.14648
0.00014096,-1.4737
0.00014098,-3.0737
0.000141,-6.2535
0.00014102,-6.2535
0.00014104,-7.0535
0.00014106,-6.2535
0.00014108,-5.4737
0.0001411,-3.8737
0.00014112,-3.0535
0.00014114,0.92628
0.00014116,2.5263
0.00014118,4.9061
0.0001412,4.9263
0.00014122,4.9465
0.00014124,5.7465
0.00014126,6.5263
0.00014128,4.1465
0.0001413,4.1263
0.00014132,1.7465
0.00014134,0.14648
0.00014136,-1.4535
0.00014138,-3.8535
0.0001414,-5.4535
0.00014142,-5.4737
0.00014144,-5.4737
0.00014146,-6.2535
0.00014148,-5.4535
0.0001415,-3.0737
0.00014152,-2.2535
0.00014154,0.14648
0.00014156,1.7465
0.00014158,3.3465
0.0001416,4.1263
0.00014162,4.1465
0.00014164,4.9263
0.00014166,3.3465
0.00014168,3.3465
0.0001417,1.7465
0.00014172,0.14648
0.00014174,-1.4535
0.00014176,-3.0535
0.00014178,-3.8535
0.0001418,-3.8535
0.00014182,-2.2737
0.00014184,-3.0535
0.00014186,-1.4535
0.00014188,0.14648
0.0001419,2.5465
0.00014192,3.3465
0.00014194,4.1263
0.00014196,3.3465
0.00014198,4.1263
0.000142,3.3465
0.00014202,1.7263
0.00014204,-0.65352
0.00014206,-2.2737
0.00014208,-4.6535
0.0001421,-6.2535
0.00014212,-7.8535
0.00014214,-7.8535
0.00014216,-5.4737
0.00014218,-5.4535
0.0001422,-3.0737
0.00014222,-2.2535
0.00014224,0.92628
0.00014226,3.3465
0.00014228,4.1263
0.0001423,4.1465
0.00014232,4.9465
0.00014234,5.7465
0.00014236,4.9465
0.00014238,3.3465
0.0001424,4.1263
0.00014242,1.7465
0.00014244,0.92628
0.00014246,-0.65352
0.00014248,-2.2535
0.0001425,-3.0535
0.00014252,-2.2737
0.00014254,-3.0535
0.00014256,-3.0535
0.00014258,-3.0535
0.0001426,-0.67372
0.00014262,-1.4535
0.00014264,-1.4535
0.00014266,-1.4535
0.00014268,-1.4535
0.0001427,-2.2535
0.00014272,-2.2737
0.00014274,-2.2535
0.00014276,-1.4737
0.00014278,-2.2535
0.0001428,-0.67372
0.00014282,-0.65352
0.00014284,0.92628
0.00014286,1.7465
0.00014288,3.3465
0.0001429,3.3465
0.00014292,3.3465
0.00014294,3.3465
0.00014296,3.3465
0.00014298,3.3263
0.000143,1.7263
0.00014302,0.92628
0.00014304,-1.4737
0.00014306,-3.0535
0.00014308,-4.6535
0.0001431,-5.4737
0.00014312,-5.4737
0.00014314,-6.2535
0.00014316,-5.4535
0.00014318,-3.8737
0.0001432,-3.0535
0.00014322,-1.4535
0.00014324,0.14648
0.00014326,2.5465
0.00014328,4.1465
0.0001433,5.7465
0.00014332,7.3465
0.00014334,7.3465
0.00014336,8.1263
0.00014338,6.5465
0.0001434,6.5263
0.00014342,4.1263
0.00014344,1.7465
0.00014346,-0.65352
0.00014348,-3.8535
0.0001435,-5.4737
0.00014352,-9.4535
0.00014354,-10.274
0.00014356,-12.654
0.00014358,-11.854
0.0001436,-11.054
0.00014362,-9.4535
0.00014364,-5.4535
0.00014366,-0.67372
0.00014368,3.3465
0.0001437,6.5263
0.00014372,8.9465
0.00014374,11.346
0.00014376,12.146
0.00014378,12.926
0.0001438,11.326
0.00014382,8.9263
0.00014384,4.1465
0.00014386,2.5263
0.00014388,-3.0535
0.0001439,-6.2737
0.00014392,-10.254
0.00014394,-12.654
0.00014396,-14.254
0.00014398,-13.454
0.000144,-11.054
0.00014402,-9.4535
0.00014404,-4.6737
0.00014406,-3.0535
0.00014408,0.92628
0.0001441,4.1263
0.00014412,6.5263
0.00014414,8.1465
0.00014416,8.9465
0.00014418,8.1465
0.0001442,7.3263
0.00014422,5.7263
0.00014424,4.1263
0.00014426,0.94648
0.00014428,-1.4535
0.0001443,-3.0535
0.00014432,-5.4737
0.00014434,-6.2737
0.00014436,-7.8535
0.00014438,-7.0535
0.0001444,-6.2535
0.00014442,-4.6535
0.00014444,-2.2535
0.00014446,0.92628
0.00014448,4.1263
0.0001445,3.3465
0.00014452,5.7465
0.00014454,6.5263
0.00014456,5.7465
0.00014458,5.7465
0.0001446,4.1465
0.00014462,4.1263
0.00014464,0.94648
0.00014466,-1.4737
0.00014468,-3.0737
0.0001447,-5.4535
0.00014472,-7.0737
0.00014474,-7.8535
0.00014476,-8.6535
0.00014478,-7.0737
0.0001448,-6.2535
0.00014482,-2.2737
0.00014484,-1.4535
0.00014486,1.7465
0.00014488,3.3465
0.0001449,4.1465
0.00014492,6.5263
0.00014494,5.7465
0.00014496,5.7465
0.00014498,4.9263
0.000145,4.1263
0.00014502,1.7263
0.00014504,-0.65352
0.00014506,-1.4535
0.00014508,-4.6535
0.0001451,-4.6737
0.00014512,-6.2535
0.00014514,-4.6737
0.00014516,-3.8535
0.00014518,-1.4737
0.0001452,-0.65352
0.00014522,1.7465
0.00014524,3.3263
0.00014526,4.1263
0.00014528,3.3465
0.0001453,3.3465
0.00014532,3.3263
0.00014534,0.94648
0.00014536,0.12628
0.00014538,-1.4737
0.0001454,-3.8535
0.00014542,-5.4535
0.00014544,-6.2535
0.00014546,-6.2535
0.00014548,-5.4737
0.0001455,-4.6535
0.00014552,-3.0535
0.00014554,-0.65352
0.00014556,1.7263
0.00014558,3.3263
0.0001456,3.3465
0.00014562,3.3465
0.00014564,4.1465
0.00014566,4.1263
0.00014568,4.1263
0.0001457,2.5465
0.00014572,1.7263
0.00014574,0.14648
0.00014576,0.12628
0.00014578,-1.4535
0.0001458,-1.4535
0.00014582,-1.4535
0.00014584,-1.4535
0.00014586,0.12628
0.00014588,0.92628
0.0001459,0.14648
0.00014592,0.92628
0.00014594,-0.65352
0.00014596,0.12628
0.00014598,-1.4535
0.000146,-2.2535
0.00014602,-3.0535
0.00014604,-2.2737
0.00014606,-3.0535
0.00014608,-3.0535
0.0001461,-3.0535
0.00014612,-0.67372
0.00014614,-0.65352
0.00014616,0.94648
0.00014618,2.5263
0.0001462,3.3465
0.00014622,4.1263
0.00014624,3.3465
0.00014626,4.1263
0.00014628,3.3465
0.0001463,1.7465
0.00014632,0.14648
0.00014634,0.14648
0.00014636,-2.2737
0.00014638,-3.0535
0.0001464,-3.8535
0.00014642,-5.4535
0.00014644,-4.6535
0.00014646,-4.6737
0.00014648,-3.8737
0.0001465,-3.0535
0.00014652,-1.4737
0.00014654,0.14648
0.00014656,0.94648
0.00014658,3.3465
0.0001466,3.3465
0.00014662,5.7465
0.00014664,5.7465
0.00014666,7.3263
0.00014668,7.3263
0.0001467,5.7465
0.00014672,4.9465
0.00014674,3.3465
0.00014676,1.7465
0.00014678,0.12628
0.0001468,-3.8535
0.00014682,-5.4737
0.00014684,-9.4535
0.00014686,-10.274
0.00014688,-11.074
0.0001469,-11.854
0.00014692,-11.054
0.00014694,-9.4535
0.00014696,-4.6737
0.00014698,-0.67372
0.000147,2.5465
0.00014702,5.7263
0.00014704,9.7263
0.00014706,12.146
0.00014708,13.726
0.0001471,13.726
0.00014712,11.346
0.00014714,8.9263
0.00014716,4.9465
0.00014718,1.7465
0.0001472,-2.2737
0.00014722,-6.2535
0.00014724,-10.254
0.00014726,-12.654
0.00014728,-15.054
0.0001473,-14.254
0.00014732,-12.654
0.00014734,-10.254
0.00014736,-6.2737
0.00014738,-3.0535
0.0001474,0.92628
0.00014742,4.1263
0.00014744,6.5465
0.00014746,8.9465
0.00014748,9.7465
0.0001475,10.526
0.00014752,9.7263
0.00014754,5.7465
0.00014756,4.1465
0.00014758,1.7465
0.0001476,-1.4535
0.00014762,-3.0737
0.00014764,-6.2535
0.00014766,-7.8535
0.00014768,-8.6535
0.0001477,-7.8535
0.00014772,-5.4737
0.00014774,-4.6535
0.00014776,-3.0535
0.00014778,-0.65352
0.0001478,3.3263
0.00014782,3.3465
0.00014784,6.5263
0.00014786,7.3263
0.00014788,6.5263
0.0001479,4.9465
0.00014792,4.1465
0.00014794,2.5465
0.00014796,0.14648
0.00014798,-2.2535
0.000148,-4.6535
0.00014802,-6.2535
0.00014804,-6.2737
0.00014806,-7.0737
0.00014808,-7.8535
0.0001481,-6.2535
0.00014812,-4.6535
0.00014814,-3.0535
0.00014816,0.92628
0.00014818,4.1263
0.0001482,4.1465
0.00014822,6.5263
0.00014824,6.5263
0.00014826,5.7465
0.00014828,5.7465
0.0001483,3.3465
0.00014832,2.5465
0.00014834,0.14648
0.00014836,-1.4535
0.00014838,-3.8535
0.0001484,-3.8737
0.00014842,-6.2535
0.00014844,-6.2535
0.00014846,-5.4535
0.00014848,-3.0737
0.0001485,-1.4737
0.00014852,0.12628
0.00014854,1.7465
0.00014856,4.1263
0.00014858,3.3465
0.0001486,4.1263
0.00014862,4.1263
0.00014864,2.5465
0.00014866,0.14648
0.00014868,-0.65352
0.0001487,-2.2535
0.00014872,-3.8535
0.00014874,-4.6535
0.00014876,-5.4737
0.00014878,-4.6737
0.0001488,-3.8737
0.00014882,-3.0737
0.00014884,-1.4535
0.00014886,0.14648
0.00014888,1.7465
0.0001489,3.3263
0.00014892,3.3465
0.00014894,3.3465
0.00014896,4.1263
0.00014898,4.1263
0.000149,2.5465
0.00014902,1.7465
0.00014904,2.5263
0.00014906,0.14648
0.00014908,0.12628
0.0001491,0.12628
0.00014912,-0.65352
0.00014914,0.14648
0.00014916,0.92628
0.00014918,0.92628
0.0001492,0.92628
0.00014922,0.14648
0.00014924,0.12628
0.00014926,-1.4535
0.00014928,-0.67372
0.0001493,-2.2535
0.00014932,-3.0535
0.00014934,-3.8535
0.00014936,-3.8535
0.00014938,-3.8535
0.0001494,-3.8535
0.00014942,-2.2535
0.00014944,-0.67372
0.00014946,0.92628
0.00014948,1.7263
0.0001495,3.3263
0.00014952,2.5465
0.00014954,3.3465
0.00014956,4.1263
0.00014958,3.3465
0.0001496,1.7465
0.00014962,0.14648
0.00014964,0.92628
0.00014966,-2.2535
0.00014968,-2.2737
0.0001497,-3.8535
0.00014972,-3.8535
0.00014974,-3.8535
0.00014976,-4.6535
0.00014978,-3.0737
0.0001498,-3.0535
0.00014982,-1.4737
0.00014984,-0.65352
0.00014986,0.14648
0.00014988,1.7465
0.0001499,2.5465
0.00014992,4.1263
0.00014994,4.1465
0.00014996,4.9465
0.00014998,5.7263
0.00015,5.7263
0.00015002,4.9263
0.00015004,3.3465
0.00015006,3.3263
0.00015008,1.7465
0.0001501,0.12628
0.00015012,-2.2737
0.00015014,-5.4737
0.00015016,-8.6535
0.00015018,-9.4535
0.0001502,-11.054
0.00015022,-10.274
0.00015024,-9.4737
0.00015026,-9.4535
0.00015028,-5.4535
0.0001503,-2.2535
0.00015032,2.5263
0.00015034,4.9465
0.00015036,8.9465
0.00015038,11.346
0.0001504,12.146
0.00015042,12.146
0.00015044,10.546
0.00015046,9.7263
0.00015048,4.9263
0.0001505,1.7465
0.00015052,-3.0535
0.00015054,-5.4737
0.00015056,-9.4535
0.00015058,-12.654
0.0001506,-14.254
0.00015062,-13.474
0.00015064,-12.654
0.00015066,-10.254
0.00015068,-5.4737
0.0001507,-3.0535
0.00015072,0.14648
0.00015074,3.3465
0.00015076,6.5465
0.00015078,9.7263
0.0001508,9.7465
0.00015082,9.7465
0.00015084,8.9263
0.00015086,7.3263
0.00015088,4.9263
0.0001509,2.5263
0.00015092,-1.4535
0.00015094,-3.0535
0.00015096,-5.4737
0.00015098,-7.0737
0.000151,-7.0737
0.00015102,-8.6535
0.00015104,-6.2535
0.00015106,-4.6535
0.00015108,-2.2737
0.0001511,0.14648
0.00015112,3.3263
0.00015114,4.1263
0.00015116,6.5263
0.00015118,5.7465
0.0001512,5.7465
0.00015122,4.9465
0.00015124,3.3465
0.00015126,2.5263
0.00015128,0.14648
0.0001513,-3.0535
0.00015132,-3.8737
0.00015134,-5.4737
0.00015136,-7.8535
0.00015138,-8.6535
0.0001514,-7.8535
0.00015142,-6.2535
0.00015144,-3.8737
0.00015146,-1.4535
0.00015148,2.5263
0.0001515,4.1263
0.00015152,6.5263
0.00015154,6.5465
0.00015156,7.3465
0.00015158,6.5465
0.0001516,6.5263
0.00015162,4.1465
0.00015164,1.7465
0.00015166,0.92628
0.00015168,-2.2737
0.0001517,-4.6535
0.00015172,-7.0535
0.00015174,-6.2737
0.00015176,-7.8535
0.00015178,-5.4737
0.0001518,-4.6535
0.00015182,-2.2737
0.00015184,-1.4535
0.00015186,0.94648
0.00015188,2.5465
0.0001519,3.3465
0.00015192,4.1465
0.00015194,3.3465
0.00015196,4.1263
0.00015198,2.5263
0.000152,0.92628
0.00015202,-0.67372
0.00015204,-3.0535
0.00015206,-3.8535
0.00015208,-3.8535
0.0001521,-3.8535
0.00015212,-3.0737
0.00015214,-2.2535
0.00015216,-1.4535
0.00015218,0.14648
0.0001522,2.5263
0.00015222,3.3263
0.00015224,3.3263
0.00015226,3.3263
0.00015228,1.7465
0.0001523,1.7465
0.00015232,0.92628
0.00015234,0.92628
0.00015236,-1.4535
0.00015238,-0.67372
0.0001524,0.12628
0.00015242,0.14648
0.00015244,0.92628
0.00015246,1.7465
0.00015248,1.7465
0.0001525,2.5263
0.00015252,3.3263
0.00015254,1.7465
0.00015256,0.94648
0.00015258,0.12628
0.0001526,-1.4535
0.00015262,-1.4939
0.00015264,-3.8535
0.00015266,-4.6535
0.00015268,-4.6535
0.0001527,-3.8535
0.00015272,-3.0737
0.00015274,-3.0535
0.00015276,-0.67372
0.00015278,0.14648
0.0001528,1.7263
0.00015282,1.7465
0.00015284,2.5465
0.00015286,3.3465
0.00015288,3.3465
0.0001529,2.5465
0.00015292,1.7465
0.00015294,1.7061
0.00015296,-2.2535
0.00015298,-1.4737
0.000153,-2.2737
0.00015302,-3.0535
0.00015304,-2.2737
0.00015306,-3.0535
0.00015308,-2.2737
0.0001531,-1.4737
0.00015312,-1.4535
0.00015314,-0.65352
0.00015316,1.7263
0.00015318,1.7465
0.0001532,2.5263
0.00015322,1.7465
0.00015324,2.5465
0.00015326,3.3465
0.00015328,4.1263
0.0001533,3.3465
0.00015332,3.3465
0.00015334,4.1263
0.00015336,3.3465
0.00015338,3.3465
0.0001534,1.7465
0.00015342,0.14648
0.00015344,0.12628
0.00015346,-3.8535
0.00015348,-5.4737
0.0001535,-7.8737
0.00015352,-8.6737
0.00015354,-10.254
0.00015356,-9.4535
0.00015358,-7.8535
0.0001536,-5.4737
0.00015362,-2.2737
0.00015364,0.94648
0.00015366,4.9263
0.00015368,8.1263
0.0001537,10.546
0.00015372,11.346
0.00015374,11.346
0.00015376,10.546
0.00015378,8.9465
0.0001538,5.7465
0.00015382,1.7465
0.00015384,-1.4737
0.00015386,-4.6737
0.00015388,-8.6737
0.0001539,-10.274
0.00015392,-12.674
0.00015394,-13.454
0.00015396,-12.654
0.00015398,-11.054
0.000154,-7.8535
0.00015402,-3.8535
0.00015404,0.12628
0.00015406,3.3465
0.00015408,5.7263
0.0001541,8.9263
0.00015412,8.9465
0.00015414,9.7465
0.00015416,8.9465
0.00015418,8.1263
0.0001542,5.7263
0.00015422,3.3465
0.00015424,0.14648
0.00015426,-3.0535
0.00015428,-4.6535
0.0001543,-7.0737
0.00015432,-7.0737
0.00015434,-8.6737
0.00015436,-7.8535
0.00015438,-6.2535
0.0001544,-3.8535
0.00015442,-0.67372
0.00015444,0.94648
0.00015446,3.3465
0.00015448,4.1465
0.0001545,6.5263
0.00015452,5.7465
0.00015454,4.9465
0.00015456,3.3465
0.00015458,3.3263
0.0001546,0.92628
0.00015462,-2.2535
0.00015464,-4.6535
0.00015466,-5.4737
0.00015468,-7.0535
0.0001547,-7.8535
0.00015472,-6.2535
0.00015474,-6.2535
0.00015476,-2.2737
0.00015478,0.12628
0.0001548,1.7465
0.00015482,4.9263
0.00015484,6.5263
0.00015486,7.3465
0.00015488,7.3465
0.0001549,5.7465
0.00015492,4.9263
0.00015494,3.3465
0.00015496,0.92628
0.00015498,-1.4535
0.000155,-3.0737
0.00015502,-6.2535
0.00015504,-7.8535
0.00015506,-7.8535
0.00015508,-7.0535
0.0001551,-5.4737
0.00015512,-4.6535
0.00015514,-2.2737
0.00015516,0.14648
0.00015518,3.3263
0.0001552,3.3465
0.00015522,4.1263
0.00015524,3.3465
0.00015526,3.3465
0.00015528,2.5465
0.0001553,1.7465
0.00015532,0.14648
0.00015534,-1.4535
0.00015536,-2.2737
0.00015538,-3.8535
0.0001554,-2.2737
0.00015542,-2.2737
0.00015544,-2.2535
0.00015546,-1.4535
0.00015548,-0.65352
0.0001555,0.14648
0.00015552,1.7263
0.00015554,0.94648
0.00015556,2.5263
0.00015558,1.7263
0.0001556,0.92628
0.00015562,0.14648
0.00015564,-0.65352
0.00015566,0.14648
0.00015568,-0.65352
0.0001557,0.92628
0.00015572,0.14648
0.00015574,2.5263
0.00015576,3.3263
0.00015578,4.1263
0.0001558,3.3465
0.00015582,3.3263
0.00015584,1.7465
0.00015586,0.94648
0.00015588,0.92628
0.0001559,-2.2535
0.00015592,-2.2737
0.00015594,-4.6535
0.00015596,-4.6737
0.00015598,-4.6535
0.000156,-5.4535
0.00015602,-4.6535
0.00015604,-3.0535
0.00015606,-0.69393
0.00015608,-1.4535
0.0001561,0.14648
0.00015612,1.7465
0.00015614,2.5465
0.00015616,2.5465
0.00015618,1.7465
0.0001562,1.7465
0.00015622,1.7465
0.00015624,0.14648
0.00015626,0.14648
0.00015628,-0.65352
0.0001563,-0.67372
0.00015632,-0.67372
0.00015634,-2.2535
0.00015636,-0.67372
0.00015638,-0.67372
0.0001564,0.14648
0.00015642,0.14648
0.00015644,0.14648
0.00015646,1.7061
0.00015648,0.92628
0.0001565,0.14648
0.00015652,0.14648
0.00015654,0.92628
0.00015656,0.92628
0.00015658,1.7465
0.0001566,1.7465
0.00015662,3.3465
0.00015664,4.1263
0.00015666,3.3465
0.00015668,3.3465
0.0001567,3.3465
0.00015672,2.5465
0.00015674,1.7263
0.00015676,0.14648
0.00015678,-3.0535
0.0001568,-4.6737
0.00015682,-7.0737
0.00015684,-8.6737
0.00015686,-10.254
0.00015688,-9.4737
0.0001569,-7.8535
0.00015692,-6.2535
0.00015694,-3.0535
0.00015696,0.92628
0.00015698,3.3465
0.000157,5.7465
0.00015702,9.7263
0.00015704,11.326
0.00015706,12.126
0.00015708,10.546
0.0001571,8.1465
0.00015712,4.9465
0.00015714,3.3263
0.00015716,-1.4535
0.00015718,-5.4535
0.0001572,-7.8737
0.00015722,-11.054
0.00015724,-12.674
0.00015726,-13.454
0.00015728,-13.454
0.0001573,-11.054
0.00015732,-8.6535
0.00015734,-4.6535
0.00015736,-0.65352
0.00015738,4.1263
0.0001574,5.7465
0.00015742,8.9465
0.00015744,10.546
0.00015746,10.546
0.00015748,10.546
0.0001575,9.7263
0.00015752,6.5263
0.00015754,4.1263
0.00015756,1.7263
0.00015758,-1.4939
0.0001576,-3.8737
0.00015762,-7.0737
0.00015764,-9.4535
0.00015766,-8.6737
0.00015768,-9.4535
0.0001577,-7.8535
0.00015772,-5.4535
0.00015774,-2.2737
0.00015776,0.14648
0.00015778,3.3465
0.0001578,4.1465
0.00015782,5.7465
0.00015784,5.7465
0.00015786,6.5263
0.00015788,5.7263
0.0001579,3.3465
0.00015792,0.14648
0.00015794,-0.67372
0.00015796,-3.8535
0.00015798,-6.2535
0.000158,-7.0535
0.00015802,-7.8535
0.00015804,-7.0535
0.00015806,-5.4535
0.00015808,-2.2737
0.0001581,0.12628
0.00015812,2.5263
0.00015814,3.3465
0.00015816,6.5263
0.00015818,6.5465
0.0001582,8.1263
0.00015822,6.5263
0.00015824,4.1465
0.00015826,3.3465
0.00015828,0.92628
0.0001583,-3.0535
0.00015832,-3.8535
0.00015834,-5.4737
0.00015836,-7.8535
0.00015838,-8.6535
0.0001584,-7.0535
0.00015842,-6.2535
0.00015844,-3.0535
0.00015846,-1.4535
0.00015848,0.14648
0.0001585,3.3061
0.00015852,4.1263
0.00015854,4.1263
0.00015856,4.1465
0.00015858,4.1263
0.0001586,2.5465
0.00015862,3.3263
0.00015864,0.92628
0.00015866,-1.4535
0.00015868,-1.4535
0.0001587,-1.4737
0.00015872,-3.0535
0.00015874,-2.2535
0.00015876,-1.4737
0.00015878,-0.67372
0.0001588,-0.65352
0.00015882,0.14648
0.00015884,0.92628
0.00015886,0.14648
0.00015888,0.14648
0.0001589,0.14648
0.00015892,0.12628
0.00015894,-0.65352
0.00015896,-0.65352
0.00015898,0.12628
0.000159,0.92628
0.00015902,1.7465
0.00015904,2.5465
0.00015906,3.3465
0.00015908,3.3465
0.0001591,4.1263
0.00015912,3.3465
0.00015914,3.3263
0.00015916,1.7465
0.00015918,0.92628
0.0001592,-1.4535
0.00015922,-2.2737
0.00015924,-3.0737
0.00015926,-5.4535
0.00015928,-5.4737
0.0001593,-6.2535
0.00015932,-5.4535
0.00015934,-4.6535
0.00015936,-2.2737
0.00015938,-2.2737
0.0001594,-1.4535
0.00015942,0.14648
0.00015944,1.7465
0.00015946,1.7465
0.00015948,2.5263
0.0001595,1.7465
0.00015952,2.5263
0.00015954,0.94648
0.00015956,0.92628
0.00015958,0.14648
0.0001596,0.92628
0.00015962,0.14648
0.00015964,0.14648
0.00015966,0.92628
0.00015968,0.14648
0.0001597,0.92628
0.00015972,0.14648
0.00015974,0.14648
0.00015976,0.12628
0.00015978,-0.65352
0.0001598,-0.67372
0.00015982,-0.67372
0.00015984,-1.4535
0.00015986,-1.4535
0.00015988,-0.67372
0.0001599,0.12628
0.00015992,0.92628
0.00015994,0.94648
0.00015996,3.3263
0.00015998,3.3465
0.00016,4.1263
0.00016002,4.1263
0.00016004,3.3465
0.00016006,2.5263
0.00016008,0.14648
0.0001601,-1.4535
0.00016012,-3.0737
0.00016014,-5.4737
0.00016016,-7.8535
0.00016018,-8.6535
0.0001602,-9.4535
0.00016022,-7.0737
0.00016024,-5.4737
0.00016026,-3.0535
0.00016028,-0.65352
0.0001603,2.5465
0.00016032,5.7263
0.00016034,7.3465
0.00016036,9.7465
0.00016038,11.326
0.0001604,8.9465
0.00016042,8.1263
0.00016044,5.7263
0.00016046,3.3263
0.00016048,-1.4535
0.0001605,-3.8737
0.00016052,-7.8535
0.00016054,-10.274
0.00016056,-11.874
0.00016058,-12.654
0.0001606,-11.874
0.00016062,-10.254
0.00016064,-7.8535
0.00016066,-3.8737
0.00016068,-0.65352
0.0001607,3.3263
0.00016072,5.7465
0.00016074,8.9263
0.00016076,10.546
0.00016078,10.546
0.0001608,11.346
0.00016082,9.7263
0.00016084,6.5465
0.00016086,3.3465
0.00016088,1.7465
0.0001609,-2.2737
0.00016092,-5.4535
0.00016094,-7.0737
0.00016096,-9.4737
0.00016098,-10.274
0.000161,-9.4737
0.00016102,-9.4535
0.00016104,-6.2535
0.00016106,-2.2737
0.00016108,0.14648
0.0001611,3.3465
0.00016112,4.9465
0.00016114,6.5465
0.00016116,8.1263
0.00016118,7.3465
0.0001612,5.7465
0.00016122,3.3465
0.00016124,2.5263
0.00016126,-1.4535
0.00016128,-3.0737
0.0001613,-6.2535
0.00016132,-7.0737
0.00016134,-7.0737
0.00016136,-7.8535
0.00016138,-5.4737
0.0001614,-3.0535
0.00016142,0.12628
0.00016144,1.7465
0.00016146,4.1465
0.00016148,5.7465
0.0001615,7.3465
0.00016152,7.3263
0.00016154,6.5263
0.00016156,4.1465
0.00016158,3.3263
0.0001616,0.14648
0.00016162,-3.0535
0.00016164,-4.6535
0.00016166,-6.2535
0.00016168,-7.0737
0.0001617,-7.8535
0.00016172,-5.4737
0.00016174,-5.4737
0.00016176,-3.8535
0.00016178,-1.4535
0.0001618,0.14648
0.00016182,3.3263
0.00016184,3.3263
0.00016186,3.3465
0.00016188,4.1465
0.0001619,3.3465
0.00016192,3.3263
0.00016194,3.3263
0.00016196,1.7263
0.00016198,0.92628
0.000162,0.14648
0.00016202,-0.65352
0.00016204,-0.67372
0.00016206,-1.4535
0.00016208,-0.67372
0.0001621,-1.4535
0.00016212,-0.67372
0.00016214,-0.67372
0.00016216,-1.4737
0.00016218,-1.4737
0.0001622,-2.2535
0.00016222,-3.0535
0.00016224,-2.2535
0.00016226,-2.2535
0.00016228,0.12628
0.0001623,0.14648
0.00016232,1.7465
0.00016234,3.3465
0.00016236,3.3465
0.00016238,4.1465
0.0001624,4.1465
0.00016242,4.1465
0.00016244,4.1263
0.00016246,3.3263
0.00016248,1.7263
0.0001625,-0.65352
0.00016252,-2.2737
0.00016254,-4.6535
0.00016256,-6.2535
0.00016258,-5.4737
0.0001626,-6.2535
0.00016262,-5.4737
0.00016264,-6.2535
0.00016266,-3.8737
0.00016268,-3.0535
0.0001627,-1.4737
0.00016272,0.12628
0.00016274,0.92628
0.00016276,0.94648
0.00016278,2.5263
0.0001628,1.7465
0.00016282,3.3061
0.00016284,2.5263
0.00016286,1.7263
0.00016288,0.94648
0.0001629,1.7465
0.00016292,1.7465
0.00016294,2.5263
0.00016296,2.5263
0.00016298,1.7465
0.000163,2.5263
0.00016302,0.14648
0.00016304,0.92628
0.00016306,0.12628
0.00016308,-1.4737
0.0001631,-2.2737
0.00016312,-3.8535
0.00016314,-3.8535
0.00016316,-2.2939
0.00016318,-2.2737
0.0001632,-2.2535
0.00016322,0.92628
0.00016324,0.92628
0.00016326,2.5465
0.00016328,3.3465
0.0001633,4.1465
0.00016332,6.5263
0.00016334,5.7263
0.00016336,4.1465
0.00016338,3.3465
0.0001634,2.5263
0.00016342,-0.67372
0.00016344,-2.2737
0.00016346,-5.4737
0.00016348,-7.0737
0.0001635,-9.4535
0.00016352,-9.4535
0.00016354,-7.8737
0.00016356,-6.2535
0.00016358,-4.6535
0.0001636,-1.4535
0.00016362,1.7465
0.00016364,4.1263
0.00016366,6.5263
0.00016368,8.1465
0.0001637,9.7263
0.00016372,8.9465
0.00016374,8.1263
0.00016376,4.9465
0.00016378,4.9061
0.0001638,0.14648
0.00016382,-2.2737
0.00016384,-5.4737
0.00016386,-9.4535
0.00016388,-11.054
0.0001639,-11.874
0.00016392,-11.854
0.00016394,-9.4737
0.00016396,-7.0737
0.00016398,-4.6535
0.000164,-1.4535
0.00016402,2.5263
0.00016404,4.9465
0.00016406,8.9263
0.00016408,11.326
0.0001641,12.926
0.00016412,11.346
0.00016414,10.526
0.00016416,8.1465
0.00016418,4.1465
0.0001642,1.7465
0.00016422,-3.0535
0.00016424,-5.4737
0.00016426,-9.4535
0.00016428,-11.074
0.0001643,-11.874
0.00016432,-11.074
0.00016434,-10.254
0.00016436,-7.8535
0.00016438,-3.8535
0.0001644,0.14648
0.00016442,3.3465
0.00016444,5.7465
0.00016446,8.9465
0.00016448,8.9465
0.0001645,9.7263
0.00016452,8.1263
0.00016454,4.9465
0.00016456,1.7465
0.00016458,-0.67372
0.0001646,-3.8535
0.00016462,-6.2535
0.00016464,-7.8535
0.00016466,-8.6535
0.00016468,-7.8535
0.0001647,-6.2535
0.00016472,-3.0535
0.00016474,-0.67372
0.00016476,1.7465
0.00016478,4.1263
0.0001648,5.7465
0.00016482,6.5465
0.00016484,5.7465
0.00016486,5.7465
0.00016488,4.1465
0.0001649,2.5465
0.00016492,0.92628
0.00016494,-1.4737
0.00016496,-3.8737
0.00016498,-5.4737
0.000165,-6.2737
0.00016502,-7.0737
0.00016504,-6.2535
0.00016506,-6.2535
0.00016508,-3.0737
0.0001651,-2.2535
0.00016512,0.14648
0.00016514,0.94648
0.00016516,3.3263
0.00016518,3.3465
0.0001652,3.3465
0.00016522,4.1465
0.00016524,4.1263
0.00016526,2.5465
0.00016528,3.3263
0.0001653,1.7465
0.00016532,2.5263
0.00016534,0.14648
0.00016536,-0.65352
0.00016538,-1.4535
0.0001654,-3.0535
0.00016542,-2.2737
0.00016544,-3.0535
0.00016546,-3.8535
0.00016548,-4.6535
0.0001655,-4.6535
0.00016552,-3.8535
0.00016554,-2.2737
0.00016556,-1.4737
0.00016558,0.12628
0.0001656,0.94648
0.00016562,4.1263
0.00016564,3.3465
0.00016566,4.9465
0.00016568,6.5263
0.0001657,6.5263
0.00016572,5.7465
0.00016574,4.1465
0.00016576,4.1263
0.00016578,1.7465
0.0001658,-1.4535
0.00016582,-3.0535
0.00016584,-4.6737
0.00016586,-6.2535
0.00016588,-7.8535
0.0001659,-7.8535
0.00016592,-6.2737
0.00016594,-6.2535
0.00016596,-5.4535
0.00016598,-3.0737
0.000166,-3.0535
0.00016602,-1.4535
0.00016604,0.14648
0.00016606,1.7263
0.00016608,0.94648
0.0001661,1.7465
0.00016612,3.3263
0.00016614,3.3263
0.00016616,2.5465
0.00016618,2.5465
0.0001662,4.1263
0.00016622,3.3465
0.00016624,3.3465
0.00016626,3.3465
0.00016628,3.3263
0.0001663,1.7465
0.00016632,2.5465
0.00016634,0.14648
0.00016636,-0.67372
0.00016638,-1.4737
0.0001664,-3.0737
0.00016642,-4.6535
0.00016644,-4.6535
0.00016646,-4.6535
0.00016648,-3.8737
0.0001665,-2.2737
0.00016652,-2.2535
0.00016654,0.92628
0.00016656,2.5263
0.00016658,4.1263
0.0001666,4.1465
0.00016662,6.5263
0.00016664,5.7465
0.00016666,4.9465
0.00016668,4.9263
0.0001667,3.3465
0.00016672,0.94648
0.00016674,-0.67372
0.00016676,-2.2737
0.00016678,-4.6737
0.0001668,-7.0737
0.00016682,-7.8737
0.00016684,-9.4535
0.00016686,-7.8737
0.00016688,-7.0535
0.0001669,-3.8737
0.00016692,-2.2535
0.00016694,0.14648
0.00016696,2.5465
0.00016698,4.9263
0.000167,6.5465
0.00016702,8.1465
0.00016704,8.9263
0.00016706,7.3465
0.00016708,6.5263
0.0001671,4.1263
0.00016712,2.5263
0.00016714,-1.4535
0.00016716,-4.6535
0.00016718,-7.8535
0.0001672,-9.4737
0.00016722,-10.274
0.00016724,-11.854
0.00016726,-10.274
0.00016728,-9.4535
0.0001673,-5.4737
0.00016732,-3.0535
0.00016734,2.5263
0.00016736,4.1465
0.00016738,8.9263
0.0001674,11.346
0.00016742,12.146
0.00016744,12.146
0.00016746,10.546
0.00016748,8.1465
0.0001675,4.9465
0.00016752,1.7465
0.00016754,-3.0535
0.00016756,-6.2535
0.00016758,-9.4737
0.0001676,-11.874
0.00016762,-12.674
0.00016764,-13.454
0.00016766,-10.274
0.00016768,-7.8535
0.0001677,-3.0535
0.00016772,1.7263
0.00016774,4.9263
0.00016776,7.3465
0.00016778,9.7465
0.0001678,10.546
0.00016782,10.526
0.00016784,8.9263
0.00016786,5.7465
0.00016788,3.3263
0.0001679,-1.4535
0.00016792,-3.8535
0.00016794,-6.2535
0.00016796,-8.6737
0.00016798,-9.4535
0.000168,-9.4535
0.00016802,-7.0535
0.00016804,-4.6535
0.00016806,-1.4535
0.00016808,1.7465
0.0001681,3.3465
0.00016812,6.5263
0.00016814,6.5465
0.00016816,6.5263
0.00016818,6.5263
0.0001682,4.1465
0.00016822,3.3465
0.00016824,0.14648
0.00016826,-2.2535
0.00016828,-3.8535
0.0001683,-6.2535
0.00016832,-7.8535
0.00016834,-7.0737
0.00016836,-7.0535
0.00016838,-5.4737
0.0001684,-4.6535
0.00016842,-3.0535
0.00016844,-1.4535
0.00016846,0.92628
0.00016848,2.5465
0.0001685,3.3465
0.00016852,3.3465
0.00016854,3.3465
0.00016856,3.3465
0.00016858,4.1263
0.0001686,4.1263
0.00016862,4.1263
0.00016864,2.5465
0.00016866,0.92628
0.00016868,0.14648
0.0001687,-1.4737
0.00016872,-2.2737
0.00016874,-3.8535
0.00016876,-5.4535
0.00016878,-4.6535
0.0001688,-4.6737
0.00016882,-4.6737
0.00016884,-3.8737
0.00016886,-3.0535
0.00016888,0.12628
0.0001689,2.5263
0.00016892,4.1263
0.00016894,4.1465
0.00016896,5.7465
0.00016898,5.7465
0.000169,7.3263
0.00016902,5.7465
0.00016904,4.1465
0.00016906,3.3465
0.00016908,1.7263
0.0001691,-1.4535
0.00016912,-3.0535
0.00016914,-4.6737
0.00016916,-6.2737
0.00016918,-7.0737
0.0001692,-9.4535
0.00016922,-7.8737
0.00016924,-7.8535
0.00016926,-6.2535
0.00016928,-3.0737
0.0001693,-3.0535
0.00016932,-0.67372
0.00016934,0.14648
0.00016936,0.94648
0.00016938,1.7465
0.0001694,2.5465
0.00016942,4.1263
0.00016944,4.1263
0.00016946,4.1263
0.00016948,3.3465
0.0001695,4.1263
0.00016952,3.3465
0.00016954,4.1263
0.00016956,3.3465
0.00016958,3.3465
0.0001696,2.5465
0.00016962,0.94648
0.00016964,0.92628
0.00016966,-1.4535
0.00016968,-3.0535
0.0001697,-3.8737
0.00016972,-5.4535
0.00016974,-5.4737
0.00016976,-6.2535
0.00016978,-5.4535
0.0001698,-4.6535
0.00016982,-3.0535
0.00016984,-0.67372
0.00016986,0.94648
0.00016988,3.3465
0.0001699,4.9263
0.00016992,6.5263
0.00016994,5.7465
0.00016996,5.7465
0.00016998,5.7465
0.00017,4.9263
0.00017002,4.1263
0.00017004,0.94648
0.00017006,-1.4535
0.00017008,-3.0535
0.0001701,-6.2535
0.00017012,-7.8535
0.00017014,-8.6737
0.00017016,-9.4535
0.00017018,-8.6737
0.0001702,-7.0737
0.00017022,-6.2535
0.00017024,-3.8535
0.00017026,-1.4535
0.00017028,1.7465
0.0001703,4.1465
0.00017032,7.3263
0.00017034,8.1465
0.00017036,8.9465
0.00017038,9.7263
0.0001704,8.1263
0.00017042,4.9465
0.00017044,3.3465
0.00017046,0.92628
0.00017048,-2.2737
0.0001705,-4.6737
0.00017052,-9.4535
0.00017054,-10.274
0.00017056,-11.854
0.00017058,-10.274
0.0001706,-8.6737
0.00017062,-7.0737
0.00017064,-3.0737
0.00017066,0.14648
0.00017068,4.1465
0.0001707,8.1465
0.00017072,11.326
0.00017074,12.926
0.00017076,12.146
0.00017078,12.926
0.0001708,8.9465
0.00017082,4.9465
0.00017084,0.94648
0.00017086,-3.0535
0.00017088,-7.8737
0.0001709,-11.054
0.00017092,-14.254
0.00017094,-14.274
0.00017096,-14.254
0.00017098,-11.854
0.000171,-7.8535
0.00017102,-3.8535
0.00017104,1.7465
0.00017106,4.9465
0.00017108,9.7263
0.0001711,10.546
0.00017112,11.346
0.00017114,10.546
0.00017116,9.7263
0.00017118,5.7263
0.0001712,2.5465
0.00017122,-0.67372
0.00017124,-3.8737
0.00017126,-7.0737
0.00017128,-9.4535
0.0001713,-10.254
0.00017132,-9.4535
0.00017134,-7.0535
0.00017136,-4.6535
0.00017138,-2.2535
0.0001714,1.7465
0.00017142,3.3465
0.00017144,5.7465
0.00017146,8.1263
0.00017148,7.3465
0.0001715,6.5263
0.00017152,4.9465
0.00017154,4.1263
0.00017156,0.94648
0.00017158,-1.4535
0.0001716,-3.0535
0.00017162,-6.2535
0.00017164,-7.8535
0.00017166,-7.8535
0.00017168,-7.8737
0.0001717,-7.0535
0.00017172,-5.4737
0.00017174,-3.8535
0.00017176,-2.2535
0.00017178,0.14648
0.0001718,2.5263
0.00017182,4.1263
0.00017184,4.1465
0.00017186,4.9465
0.00017188,4.9465
0.0001719,4.9465
0.00017192,4.9465
0.00017194,3.3465
0.00017196,4.1263
0.00017198,1.7263
0.000172,0.12628
0.00017202,-2.2535
0.00017204,-3.8737
0.00017206,-6.2535
0.00017208,-6.2535
0.0001721,-6.2737
0.00017212,-6.2535
0.00017214,-4.6737
0.00017216,-3.8535
0.00017218,-2.2535
0.0001722,0.14648
0.00017222,3.3465
0.00017224,4.9465
0.00017226,6.5263
0.00017228,8.1263
0.0001723,7.3465
0.00017232,7.3263
0.00017234,6.5263
0.00017236,3.3465
0.00017238,1.7465
0.0001724,-1.4535
0.00017242,-3.8535
0.00017244,-5.4737
0.00017246,-7.8535
0.00017248,-8.6535
0.0001725,-9.4535
0.00017252,-7.8737
0.00017254,-7.0535
0.00017256,-6.2535
0.00017258,-3.8737
0.0001726,-3.0535
0.00017262,-1.4535
0.00017264,0.14648
0.00017266,2.5263
0.00017268,3.3263
0.0001727,3.3465
0.00017272,3.3263
0.00017274,3.3465
0.00017276,3.3465
0.00017278,3.3465
0.0001728,3.3465
0.00017282,3.3465
0.00017284,4.1263
0.00017286,3.3465
0.00017288,3.3465
0.0001729,2.5465
0.00017292,2.5263
0.00017294,0.14648
0.00017296,-1.4737
0.00017298,-2.2939
0.000173,-4.6737
0.00017302,-6.2535
0.00017304,-5.4737
0.00017306,-7.0535
0.00017308,-5.4737
0.0001731,-4.6737
0.00017312,-3.8535
0.00017314,-1.4535
0.00017316,0.94648
0.00017318,4.1263
0.0001732,4.9263
0.00017322,5.7465
0.00017324,7.3263
0.00017326,8.1263
0.00017328,6.5465
0.0001733,5.7465
0.00017332,3.3465
0.00017334,2.5465
0.00017336,0.92628
0.00017338,-2.2535
0.0001734,-3.8737
0.00017342,-5.4737
0.00017344,-8.6535
0.00017346,-9.4535
0.00017348,-9.4535
0.0001735,-9.4535
0.00017352,-8.6535
0.00017354,-6.2535
0.00017356,-3.0737
0.00017358,-0.67372
0.0001736,2.5263
0.00017362,4.1263
0.00017364,6.5263
0.00017366,8.1465
0.00017368,8.9465
0.0001737,8.9465
0.00017372,8.9263
0.00017374,6.5263
0.00017376,4.9263
0.00017378,2.5263
0.0001738,-1.4737
0.00017382,-5.4535
0.00017384,-8.6535
0.00017386,-11.054
0.00017388,-11.874
0.0001739,-12.654
0.00017392,-11.054
0.00017394,-7.0737
0.00017396,-3.8737
0.00017398,0.92628
0.000174,3.3465
0.00017402,7.3465
0.00017404,10.546
0.00017406,13.726
0.00017408,13.746
0.0001741,12.926
0.00017412,9.7263
0.00017414,6.5263
0.00017416,0.94648
0.00017418,-3.8535
0.0001742,-8.6535
0.00017422,-12.654
0.00017424,-14.274
0.00017426,-14.274
0.00017428,-13.474
0.0001743,-11.854
0.00017432,-7.8535
0.00017434,-3.0535
0.00017436,2.5263
0.00017438,5.7465
0.0001744,10.526
0.00017442,12.126
0.00017444,12.146
0.00017446,11.346
0.00017448,8.9465
0.0001745,5.7465
0.00017452,1.7465
0.00017454,-1.4737
0.00017456,-5.4535
0.00017458,-8.6535
0.0001746,-9.4737
0.00017462,-11.054
0.00017464,-9.4535
0.00017466,-7.8535
0.00017468,-5.4535
0.0001747,-1.4737
0.00017472,2.5263
0.00017474,3.3465
0.00017476,6.5263
0.00017478,7.3263
0.0001748,7.3263
0.00017482,6.5263
0.00017484,4.1465
0.00017486,3.3465
0.00017488,0.14648
0.0001749,-0.67372
0.00017492,-3.8535
0.00017494,-6.2535
0.00017496,-6.2737
0.00017498,-7.8737
0.000175,-8.6535
0.00017502,-7.0535
0.00017504,-4.6939
0.00017506,-4.6535
0.00017508,-1.4737
0.0001751,0.92628
0.00017512,1.7465
0.00017514,3.3465
0.00017516,4.9263
0.00017518,6.5263
0.0001752,6.5263
0.00017522,5.7465
0.00017524,4.9263
0.00017526,3.3465
0.00017528,2.5465
0.0001753,0.14648
0.00017532,-1.4535
0.00017534,-3.0737
0.00017536,-5.4737
0.00017538,-6.2737
0.0001754,-7.8535
0.00017542,-7.0737
0.00017544,-6.2535
0.00017546,-5.4535
0.00017548,-1.4939
0.0001755,0.92628
0.00017552,2.5465
0.00017554,4.9263
0.00017556,6.5263
0.00017558,8.9263
0.0001756,7.3465
0.00017562,7.3465
0.00017564,5.7465
0.00017566,3.3465
0.00017568,2.5263
0.0001757,-0.65352
0.00017572,-3.8535
0.00017574,-5.4737
0.00017576,-7.0737
0.00017578,-9.4535
0.0001758,-9.4535
0.00017582,-8.6535
0.00017584,-6.2535
0.00017586,-3.8737
0.00017588,-2.2737
0.0001759,-0.67372
0.00017592,0.92628
0.00017594,1.7465
0.00017596,2.5465
0.00017598,3.3465
0.000176,3.3465
0.00017602,4.1263
0.00017604,3.3263
0.00017606,2.5465
0.00017608,3.3465
0.0001761,3.3465
0.00017612,3.3465
0.00017614,4.1263
0.00017616,3.3465
0.00017618,2.5465
0.0001762,2.5465
0.00017622,1.7263
0.00017624,0.14648
0.00017626,-1.4535
0.00017628,-2.2737
0.0001763,-4.6535
0.00017632,-5.4535
0.00017634,-6.2535
0.00017636,-6.2535
0.00017638,-6.2535
0.0001764,-5.4535
0.00017642,-3.8737
0.00017644,-1.4535
0.00017646,0.92628
0.00017648,2.5465
0.0001765,3.3465
0.00017652,5.7263
0.00017654,6.5263
0.00017656,6.5263
0.00017658,5.7465
0.0001766,6.5263
0.00017662,4.1465
0.00017664,4.1263
0.00017666,2.5263
0.00017668,-0.65352
0.0001767,-1.4535
0.00017672,-4.6535
0.00017674,-5.4737
0.00017676,-7.8535
0.00017678,-7.0939
0.0001768,-8.6737
0.00017682,-8.6535
0.00017684,-7.0737
0.00017686,-6.2535
0.00017688,-3.8535
0.0001769,-2.2535
0.00017692,0.14648
0.00017694,3.3465
0.00017696,6.5263
0.00017698,8.9263
0.000177,9.7263
0.00017702,9.7465
0.00017704,9.7263
0.00017706,8.9263
0.00017708,4.9465
0.0001771,4.1263
0.00017712,-0.65352
0.00017714,-4.6535
0.00017716,-7.0737
0.00017718,-11.854
0.0001772,-12.674
0.00017722,-13.454
0.00017724,-12.654
0.00017726,-8.6737
0.00017728,-4.6737
0.0001773,-0.67372
0.00017732,4.1263
0.00017734,4.1263
0.00017736,4.1263
0.00017738,4.1263
0.0001774,4.1263
0.00017742,4.1263
0.00017744,4.1263
0.00017746,4.1263
0.00017748,4.1263
0.0001775,4.1263
0.00017752,4.1263
0.00017754,4.1263
0.00017756,4.1263
0.00017758,4.1263
0.0001776,4.1263
0.00017762,4.1263
